# Blender 5.2.2 LTS
# www.blender.org
mtllib Egg_Ember.mtl
o Egg_Ember
v 0.000000 0.000000 0.000000
v 0.200000 0.000000 0.000000
v 0.173205 0.000000 -0.100000
v 0.100000 0.000000 -0.173205
v 0.000000 0.000000 -0.200000
v -0.100000 0.000000 -0.173205
v -0.173205 0.000000 -0.100000
v -0.200000 0.000000 -0.000000
v -0.173205 0.000000 0.100000
v -0.100000 0.000000 0.173205
v -0.000000 0.000000 0.200000
v 0.100000 0.000000 0.173205
v 0.173205 0.000000 0.100000
v 0.250727 0.079642 0.000000
v 0.217136 0.079642 -0.125363
v 0.125363 0.079642 -0.217136
v 0.000000 0.079642 -0.250727
v -0.125363 0.079642 -0.217136
v -0.217136 0.079642 -0.125363
v -0.250727 0.079642 -0.000000
v -0.217136 0.079642 0.125363
v -0.125363 0.079642 0.217136
v -0.000000 0.079642 0.250727
v 0.125363 0.079642 0.217136
v 0.217136 0.079642 0.125363
v 0.398958 0.234909 0.000000
v 0.345508 0.234909 -0.199479
v 0.199479 0.234909 -0.345508
v 0.000000 0.234909 -0.398958
v -0.199479 0.234909 -0.345508
v -0.345508 0.234909 -0.199479
v -0.398958 0.234909 -0.000000
v -0.345508 0.234909 0.199479
v -0.199479 0.234909 0.345508
v -0.000000 0.234909 0.398958
v 0.199479 0.234909 0.345508
v 0.345508 0.234909 0.199479
v 0.491766 0.453542 0.000000
v 0.425882 0.453542 -0.245883
v 0.245883 0.453542 -0.425882
v 0.000000 0.453542 -0.491766
v -0.245883 0.453542 -0.425882
v -0.425882 0.453542 -0.245883
v -0.491766 0.453542 -0.000000
v -0.425882 0.453542 0.245883
v -0.245883 0.453542 0.425882
v -0.000000 0.453542 0.491766
v 0.245883 0.453542 0.425882
v 0.425882 0.453542 0.245883
v 0.521087 0.711025 0.000000
v 0.451275 0.711025 -0.260544
v 0.260544 0.711025 -0.451275
v 0.000000 0.711025 -0.521087
v -0.260544 0.711025 -0.451275
v -0.451275 0.711025 -0.260544
v -0.521087 0.711025 -0.000000
v -0.451275 0.711025 0.260544
v -0.260544 0.711025 0.451275
v -0.000000 0.711025 0.521087
v 0.260544 0.711025 0.451275
v 0.451275 0.711025 0.260544
v 0.489615 0.978485 0.000000
v 0.424019 0.978485 -0.244807
v 0.244807 0.978485 -0.424019
v 0.000000 0.978485 -0.489615
v -0.244807 0.978485 -0.424019
v -0.424019 0.978485 -0.244807
v -0.489615 0.978485 -0.000000
v -0.424019 0.978485 0.244807
v -0.244807 0.978485 0.424019
v -0.000000 0.978485 0.489615
v 0.244807 0.978485 0.424019
v 0.424019 0.978485 0.244807
v 0.407888 1.225931 0.000000
v 0.353241 1.225931 -0.203944
v 0.203944 1.225931 -0.353241
v 0.000000 1.225931 -0.407888
v -0.203944 1.225931 -0.353241
v -0.353241 1.225931 -0.203944
v -0.407888 1.225931 -0.000000
v -0.353241 1.225931 0.203944
v -0.203944 1.225931 0.353241
v -0.000000 1.225931 0.407888
v 0.203944 1.225931 0.353241
v 0.353241 1.225931 0.203944
v 0.290055 1.425615 0.000000
v 0.251195 1.425615 -0.145027
v 0.145027 1.425615 -0.251195
v 0.000000 1.425615 -0.290055
v -0.145027 1.425615 -0.251195
v -0.251195 1.425615 -0.145027
v -0.290055 1.425615 -0.000000
v -0.251195 1.425615 0.145027
v -0.145027 1.425615 0.251195
v -0.000000 1.425615 0.290055
v 0.145027 1.425615 0.251195
v 0.251195 1.425615 0.145027
v 0.150114 1.555146 0.000000
v 0.130002 1.555146 -0.075057
v 0.075057 1.555146 -0.130002
v 0.000000 1.555146 -0.150114
v -0.075057 1.555146 -0.130002
v -0.130002 1.555146 -0.075057
v -0.150114 1.555146 -0.000000
v -0.130002 1.555146 0.075057
v -0.075057 1.555146 0.130002
v -0.000000 1.555146 0.150114
v 0.075057 1.555146 0.130002
v 0.130002 1.555146 0.075057
v 0.000000 1.600000 0.000000
v 0.420978 0.337021 0.148043
v 0.361671 0.173773 0.158724
v 0.345657 0.113579 0.095775
v 0.307503 0.057006 0.011248
v 0.351731 0.113579 -0.070264
v 0.372301 0.173773 -0.131876
v 0.430669 0.337021 -0.116890
v 0.329761 0.200637 0.144720
v 0.307000 0.152655 0.085063
v 0.268050 0.107379 0.009805
v 0.312395 0.152655 -0.062406
v 0.339453 0.200637 -0.120240
v 0.415720 0.337021 -0.162222
v 0.377716 0.173773 -0.115455
v 0.324531 0.113579 -0.152745
v 0.240492 0.057006 -0.191959
v 0.220881 0.113579 -0.282601
v 0.196309 0.173773 -0.342727
v 0.250336 0.337021 -0.369420
v 0.344390 0.200637 -0.105269
v 0.288237 0.152655 -0.135663
v 0.209636 0.107379 -0.167331
v 0.196179 0.152655 -0.250995
v 0.178988 0.200637 -0.312489
v 0.198498 0.337021 -0.399672
v 0.201834 0.173774 -0.339503
v 0.137396 0.113579 -0.331321
v 0.048834 0.057006 -0.303808
v -0.026648 0.113579 -0.357689
v -0.085275 0.173773 -0.385652
v -0.063252 0.337021 -0.441745
v 0.184026 0.200637 -0.309549
v 0.122031 0.152655 -0.294268
v 0.042568 0.107379 -0.264830
v -0.023667 0.152655 -0.317687
v -0.077751 0.200637 -0.351626
v -0.077626 0.337021 -0.439447
v -0.039212 0.173773 -0.393016
v -0.086200 0.113579 -0.348168
v -0.141119 0.057006 -0.273441
v -0.233845 0.113579 -0.271970
v -0.297622 0.173773 -0.259654
v -0.313212 0.337021 -0.317864
v -0.035752 0.200637 -0.358341
v -0.076559 0.152655 -0.309231
v -0.123013 0.107379 -0.238358
v -0.207693 0.152655 -0.241554
v -0.271363 0.200637 -0.236745
v -0.362041 0.337021 -0.260894
v -0.302131 0.173773 -0.254393
v -0.304544 0.113579 -0.189484
v -0.291811 0.057006 -0.097624
v -0.357258 0.113579 -0.031918
v -0.394388 0.173773 0.021379
v -0.446150 0.337021 -0.009480
v -0.275474 0.200637 -0.231948
v -0.270486 0.152655 -0.168292
v -0.254372 0.107379 -0.085098
v -0.317303 0.152655 -0.028348
v -0.359592 0.200637 0.019492
v -0.445169 0.337021 0.031046
v -0.394961 0.173773 -0.002279
v -0.355296 0.113579 0.049158
v -0.286749 0.057006 0.111622
v -0.295024 0.113579 0.203991
v -0.289474 0.173773 0.268708
v -0.349000 0.337021 0.278098
v -0.360114 0.200637 -0.002078
v -0.315561 0.152655 0.043660
v -0.249959 0.107379 0.097301
v -0.262030 0.152655 0.181177
v -0.263934 0.200637 0.245000
v -0.315436 0.337021 0.315657
v -0.299438 0.173773 0.257557
v -0.235750 0.113579 0.270321
v -0.143036 0.057006 0.272443
v -0.088642 0.113579 0.347554
v -0.041971 0.173773 0.392731
v -0.080710 0.337021 0.438891
v -0.273019 0.200637 0.234834
v -0.209384 0.152655 0.240090
v -0.124684 0.107379 0.237488
v -0.078729 0.152655 0.308686
v -0.038268 0.200637 0.358081
v -0.054715 0.337021 0.442883
v -0.077816 0.173773 0.387226
v -0.019739 0.113579 0.358137
v 0.054687 0.057006 0.302810
v 0.143766 0.113579 0.328608
v 0.208349 0.173774 0.335544
v 0.206175 0.337021 0.395767
v -0.070951 0.200637 0.353061
v -0.017532 0.152655 0.318084
v 0.047671 0.107379 0.263959
v 0.127687 0.152655 0.291858
v 0.189966 0.200637 0.305940
v 0.230478 0.337021 0.382125
v 0.177936 0.173774 0.352616
v 0.205649 0.113579 0.293870
v 0.230019 0.057006 0.204391
v 0.316012 0.113579 0.169670
v 0.371092 0.173774 0.135240
v 0.406574 0.337021 0.183949
v 0.162236 0.200637 0.321505
v 0.182651 0.152655 0.261005
v 0.200507 0.107379 0.178168
v 0.280671 0.152655 0.150695
v 0.338351 0.200637 0.123309
v 0.501048 0.527152 -0.005517
v 0.489416 0.343596 0.024825
v 0.469455 0.271100 -0.031279
v 0.422234 0.197587 -0.111316
v 0.423860 0.271099 -0.204229
v 0.413567 0.343596 -0.262880
v 0.438645 0.527152 -0.242218
v 0.448534 0.359732 0.022751
v 0.419724 0.296632 -0.027966
v 0.370772 0.233132 -0.097748
v 0.378960 0.296632 -0.182594
v 0.379021 0.359732 -0.240922
v 0.418211 0.527152 -0.276005
v 0.424866 0.343597 -0.244199
v 0.377700 0.271099 -0.280551
v 0.294658 0.197587 -0.322258
v 0.245703 0.271100 -0.401244
v 0.205283 0.343597 -0.444975
v 0.237557 0.527152 -0.441187
v 0.389376 0.359732 -0.223800
v 0.337690 0.296632 -0.250832
v 0.258744 0.233132 -0.282980
v 0.219675 0.296631 -0.358739
v 0.188136 0.359732 -0.407805
v 0.192170 0.527152 -0.462763
v 0.215482 0.343596 -0.440126
v 0.156051 0.271100 -0.443863
v 0.063889 0.197588 -0.431962
v -0.020881 0.271099 -0.470032
v -0.078851 0.343597 -0.483659
v -0.049984 0.527152 -0.498579
v 0.197483 0.359732 -0.403362
v 0.139520 0.296632 -0.396844
v 0.056102 0.233132 -0.379313
v -0.018670 0.296632 -0.420241
v -0.072264 0.359732 -0.443258
v -0.107099 0.527152 -0.489499
v -0.075028 0.343596 -0.484267
v -0.125914 0.271100 -0.453335
v -0.194698 0.197587 -0.390853
v -0.286008 0.271099 -0.373585
v -0.341350 0.343596 -0.351602
v -0.326207 0.527152 -0.380353
v -0.068761 0.359732 -0.443815
v -0.112575 0.296632 -0.405312
v -0.170968 0.233132 -0.343214
v -0.255710 0.296632 -0.334011
v -0.312836 0.359732 -0.322232
v -0.330942 0.527152 -0.376240
v -0.300354 0.343597 -0.387210
v -0.329868 0.271100 -0.335490
v -0.359748 0.197587 -0.247496
v -0.431244 0.271099 -0.188136
v -0.468996 0.343597 -0.142081
v -0.469686 0.527152 -0.174569
v -0.275265 0.359732 -0.354865
v -0.294925 0.296631 -0.299950
v -0.315901 0.233132 -0.217331
v -0.385561 0.296632 -0.168206
v -0.429819 0.359732 -0.130214
v -0.480912 0.527152 -0.140723
v -0.460943 0.343596 -0.166358
v -0.458197 0.271099 -0.106872
v -0.436347 0.197587 -0.016551
v -0.464977 0.271100 0.071857
v -0.472221 0.343596 0.130964
v -0.490190 0.527152 0.103889
v -0.422440 0.359732 -0.152462
v -0.409659 0.296632 -0.095551
v -0.383164 0.233132 -0.014533
v -0.415720 0.296632 0.064245
v -0.432775 0.359732 0.120024
v -0.471457 0.527152 0.169727
v -0.470432 0.343596 0.137248
v -0.433158 0.271100 0.183688
v -0.362276 0.197587 0.243782
v -0.333304 0.271099 0.332077
v -0.304323 0.343597 0.384098
v -0.334796 0.527152 0.372815
v -0.431136 0.359732 0.125784
v -0.387272 0.296632 0.164229
v -0.318120 0.233132 0.214069
v -0.297996 0.296632 0.296900
v -0.278902 0.359732 0.352014
v -0.300106 0.527152 0.401267
v -0.317133 0.343596 0.373591
v -0.260447 0.271100 0.391834
v -0.168190 0.197588 0.402971
v -0.095389 0.271099 0.460725
v -0.042555 0.343596 0.488194
v -0.074205 0.527152 0.495553
v -0.290643 0.359732 0.342384
v -0.232858 0.296632 0.350325
v -0.147691 0.233132 0.353855
v -0.085285 0.296632 0.411919
v -0.039000 0.359732 0.447414
v -0.047631 0.527152 0.498809
v -0.076568 0.343596 0.484026
v -0.018664 0.271099 0.470126
v 0.065926 0.197587 0.431656
v 0.158143 0.271099 0.443122
v 0.217557 0.343596 0.439105
v 0.194351 0.527152 0.461852
v -0.070172 0.359732 0.443594
v -0.016687 0.296632 0.420324
v 0.057891 0.233132 0.379045
v 0.141391 0.296632 0.396181
v 0.199384 0.359732 0.402425
v 0.225934 0.527152 0.447250
v 0.193573 0.343596 0.450193
v 0.235121 0.271100 0.407535
v 0.286128 0.197587 0.329855
v 0.370232 0.271099 0.290336
v 0.418332 0.343596 0.255229
v 0.410848 0.527152 0.286851
v 0.177403 0.359732 0.412587
v 0.210215 0.296632 0.364363
v 0.251253 0.233132 0.289652
v 0.331012 0.296632 0.259580
v 0.383388 0.359732 0.233910
v 0.425050 0.527152 0.265351
v 0.398902 0.343597 0.284643
v 0.412319 0.271099 0.226625
v 0.415671 0.197588 0.133759
v 0.467108 0.271099 0.056364
v 0.490043 0.343596 0.001410
v 0.500034 0.527152 0.032331
v 0.365580 0.359732 0.260866
v 0.368642 0.296632 0.202618
v 0.365007 0.233132 0.117455
v 0.417626 0.296632 0.050395
v 0.449108 0.359732 0.001293
v 0.497408 0.737524 0.131732
v 0.515605 0.545388 0.168262
v 0.528259 0.465579 0.111490
v 0.524433 0.380709 0.017155
v 0.534416 0.465579 -0.076729
v 0.525499 0.545388 -0.134207
v 0.504954 0.737524 -0.098944
v 0.474196 0.551609 0.154749
v 0.474819 0.477948 0.100212
v 0.463686 0.400755 0.015168
v 0.480353 0.477948 -0.068967
v 0.483295 0.551609 -0.123428
v 0.489262 0.737524 -0.159346
v 0.524372 0.545388 -0.138543
v 0.504186 0.465579 -0.193092
v 0.449768 0.380709 -0.270245
v 0.407194 0.465579 -0.354515
v 0.368508 0.545388 -0.397948
v 0.370392 0.737524 -0.357181
v 0.482259 0.551609 -0.127416
v 0.453181 0.477948 -0.173558
v 0.397670 0.400755 -0.238942
v 0.366002 0.477948 -0.318651
v 0.338912 0.551609 -0.365988
v 0.350346 0.737524 -0.376863
v 0.391141 0.545388 -0.375724
v 0.347007 0.465579 -0.413611
v 0.261974 0.380709 -0.454636
v 0.183838 0.465579 -0.507633
v 0.128928 0.545388 -0.526819
v 0.150371 0.737524 -0.492095
v 0.359728 0.551609 -0.345549
v 0.311904 0.477948 -0.371769
v 0.231628 0.400755 -0.401974
v 0.165240 0.477948 -0.456280
v 0.118574 0.551609 -0.484509
v 0.120746 0.737524 -0.500189
v 0.156866 0.545388 -0.519185
v 0.099830 0.465579 -0.530586
v 0.005600 0.380709 -0.524683
v -0.088480 0.465579 -0.532596
v -0.145747 0.545388 -0.522416
v -0.110041 0.737524 -0.502653
v 0.144268 0.551609 -0.477489
v 0.089731 0.477948 -0.476911
v 0.004952 0.400755 -0.463907
v -0.079529 0.477948 -0.478718
v -0.134042 0.551609 -0.480460
v -0.128177 0.737524 -0.498336
v -0.105201 0.545389 -0.532065
v -0.160915 0.465579 -0.515358
v -0.241346 0.380709 -0.465914
v -0.328131 0.465580 -0.428739
v -0.373919 0.545389 -0.392868
v -0.333114 0.737524 -0.392178
v -0.096752 0.551609 -0.489334
v -0.144636 0.477948 -0.463224
v -0.213390 0.400755 -0.411946
v -0.294938 0.477948 -0.385367
v -0.343889 0.551609 -0.361316
v -0.379819 0.737524 -0.347140
v -0.379026 0.545389 -0.387943
v -0.416537 0.465579 -0.343489
v -0.456840 0.380709 -0.258111
v -0.509173 0.465579 -0.179528
v -0.527893 0.545389 -0.124458
v -0.493352 0.737524 -0.146194
v -0.348586 0.551609 -0.356787
v -0.374399 0.477948 -0.308742
v -0.403922 0.400755 -0.228213
v -0.457664 0.477948 -0.161367
v -0.485497 0.551609 -0.114463
v -0.501475 0.737524 -0.115288
v -0.520864 0.545388 -0.151198
v -0.531642 0.465579 -0.094042
v -0.524713 0.380708 0.000119
v -0.531601 0.465579 0.094279
v -0.520796 0.545388 0.151432
v -0.501423 0.737524 0.115512
v -0.479033 0.551609 -0.139056
v -0.477861 0.477948 -0.084528
v -0.463934 0.400755 0.000104
v -0.477823 0.477948 0.084742
v -0.478971 0.551609 0.139270
v -0.491367 0.737524 0.152733
v -0.526193 0.545389 0.131458
v -0.506743 0.465579 0.186276
v -0.453372 0.380709 0.264155
v -0.411938 0.465579 0.348991
v -0.373841 0.545389 0.392942
v -0.375176 0.737524 0.352153
v -0.483934 0.551609 0.120900
v -0.455481 0.477948 0.167430
v -0.400856 0.400755 0.233557
v -0.370266 0.477948 0.313686
v -0.343817 0.551609 0.361384
v -0.350145 0.737524 0.377050
v -0.390940 0.545389 0.375934
v -0.346786 0.465579 0.413796
v -0.261731 0.380709 0.454775
v -0.183567 0.465579 0.507731
v -0.128647 0.545389 0.526888
v -0.150108 0.737524 0.492175
v -0.359544 0.551609 0.345742
v -0.311705 0.477948 0.371935
v -0.231413 0.400755 0.402098
v -0.164997 0.477948 0.456368
v -0.118315 0.551609 0.484572
v -0.117449 0.737524 0.500973
v -0.153443 0.545388 0.520208
v -0.096332 0.465579 0.531232
v -0.002144 0.380709 0.524709
v 0.091986 0.465579 0.532002
v 0.149185 0.545388 0.521444
v 0.113350 0.737524 0.501917
v -0.141119 0.551609 0.478429
v -0.086587 0.477948 0.477492
v -0.001896 0.400755 0.463930
v 0.082681 0.477948 0.478184
v 0.137204 0.551609 0.479566
v 0.173109 0.737524 0.484564
v 0.153305 0.545388 0.520248
v 0.207263 0.465579 0.498527
v 0.282847 0.380709 0.441952
v 0.365880 0.465579 0.397013
v 0.408203 0.545388 0.357115
v 0.367505 0.737524 0.360151
v 0.140993 0.551609 0.478466
v 0.186296 0.477948 0.448096
v 0.250084 0.400755 0.390759
v 0.328867 0.477948 0.356851
v 0.375420 0.551609 0.328434
v 0.387611 0.737524 0.338417
v 0.387745 0.545389 0.379228
v 0.424235 0.465579 0.333934
v 0.462588 0.380708 0.247661
v 0.513122 0.465579 0.167910
v 0.530585 0.545389 0.112428
v 0.496547 0.737524 0.134944
v 0.356605 0.551609 0.348772
v 0.381319 0.477948 0.300152
v 0.409005 0.400755 0.218974
v 0.461213 0.477948 0.150924
v 0.487973 0.551609 0.103399
v 0.488026 0.952625 -0.031168
v 0.551426 0.764472 -0.006385
v 0.561526 0.682527 -0.062449
v 0.547075 0.592107 -0.152926
v 0.512516 0.682527 -0.237779
v 0.474808 0.764471 -0.280479
v 0.433449 0.952625 -0.226413
v 0.507488 0.762180 -0.005878
v 0.505876 0.683397 -0.056261
v 0.485716 0.598172 -0.135773
v 0.461722 0.683397 -0.214215
v 0.436976 0.762180 -0.258131
v 0.427077 0.952625 -0.238215
v 0.494970 0.764472 -0.243138
v 0.479952 0.682527 -0.298089
v 0.427963 0.592106 -0.373531
v 0.360241 0.682527 -0.435245
v 0.307824 0.764472 -0.457554
v 0.293767 0.952625 -0.390949
v 0.455531 0.762180 -0.223765
v 0.432386 0.683397 -0.268547
v 0.379962 0.598172 -0.331637
v 0.324538 0.683397 -0.392110
v 0.283297 0.762180 -0.421096
v 0.261534 0.952625 -0.413207
v 0.318840 0.764471 -0.449947
v 0.279410 0.682527 -0.491061
v 0.197709 0.592106 -0.532530
v 0.108742 0.682527 -0.554424
v 0.052035 0.764472 -0.549002
v 0.071480 0.952625 -0.483768
v 0.293435 0.762180 -0.414095
v 0.251719 0.683397 -0.442394
v 0.175534 0.598172 -0.472802
v 0.097964 0.683397 -0.499478
v 0.047888 0.762180 -0.505258
v 0.043695 0.952625 -0.487064
v 0.077865 0.764472 -0.545938
v 0.023999 0.682527 -0.564478
v -0.067620 0.592107 -0.564008
v -0.156755 0.682527 -0.542806
v -0.204711 0.764472 -0.512059
v -0.157593 0.952625 -0.462931
v 0.071661 0.762180 -0.502438
v 0.021623 0.683397 -0.508535
v -0.060036 0.598172 -0.500749
v -0.141221 0.683397 -0.489011
v -0.188400 0.762180 -0.471258
v -0.190075 0.952625 -0.450569
v -0.187544 0.764472 -0.518593
v -0.243807 0.682527 -0.509675
v -0.324484 0.592106 -0.466249
v -0.393233 0.682527 -0.405683
v -0.421141 0.764472 -0.356022
v -0.356474 0.952625 -0.334764
v -0.172600 0.762180 -0.477272
v -0.219644 0.683397 -0.459164
v -0.288090 0.598172 -0.413954
v -0.354262 0.683397 -0.365477
v -0.387585 0.762180 -0.327654
v -0.375186 0.952625 -0.313650
v -0.404062 0.764472 -0.375294
v -0.450008 0.682528 -0.341619
v -0.501871 0.592107 -0.266088
v -0.535286 0.682527 -0.180775
v -0.537376 0.764472 -0.123849
v -0.470149 0.952625 -0.134538
v -0.371867 0.762180 -0.345390
v -0.405411 0.683397 -0.307762
v -0.445582 0.598172 -0.236243
v -0.482237 0.683397 -0.162860
v -0.494558 0.762180 -0.113980
v -0.474879 0.952625 -0.116751
v -0.527917 0.764472 -0.159420
v -0.554379 0.682527 -0.108974
v -0.567751 0.592106 -0.018332
v -0.560254 0.682527 0.072982
v -0.537102 0.764471 0.125031
v -0.481421 0.952625 0.085872
v -0.485853 0.762180 -0.146718
v -0.499437 0.683397 -0.098174
v -0.504072 0.598172 -0.016277
v -0.504730 0.683397 0.065750
v -0.494306 0.762180 0.115069
v -0.466543 0.952626 0.146556
v -0.534022 0.764472 0.137594
v -0.530472 0.682527 0.194449
v -0.494880 0.592107 0.278875
v -0.441096 0.682527 0.353052
v -0.394301 0.764471 0.385536
v -0.367015 0.952625 0.323173
v -0.491471 0.762180 0.126631
v -0.477900 0.683397 0.175178
v -0.439374 0.598172 0.247597
v -0.397381 0.683397 0.318062
v -0.362883 0.762180 0.354817
v -0.363302 0.952625 0.327342
v -0.428393 0.764472 0.347262
v -0.401515 0.682527 0.397488
v -0.334030 0.592106 0.459458
v -0.254266 0.682527 0.504539
v -0.198198 0.764471 0.514615
v -0.199326 0.952625 0.446553
v -0.394259 0.762180 0.319592
v -0.361723 0.683397 0.358095
v -0.296565 0.598172 0.407925
v -0.229066 0.683397 0.454537
v -0.182406 0.762180 0.473611
v -0.177431 0.952625 0.455696
v -0.226626 0.764472 0.502744
v -0.180042 0.682527 0.535533
v -0.091906 0.592107 0.560563
v -0.000390 0.682528 0.564988
v 0.054224 0.764472 0.548790
v 0.022628 0.952625 0.488496
v -0.208569 0.762180 0.462686
v -0.162200 0.683397 0.482459
v -0.081598 0.598172 0.497690
v -0.000352 0.683397 0.508994
v 0.049904 0.762180 0.505063
v 0.087191 0.952625 0.481184
v 0.069879 0.764471 0.547018
v 0.126731 0.682529 0.550591
v 0.214940 0.592107 0.525812
v 0.295248 0.682527 0.481705
v 0.333318 0.764471 0.439329
v 0.274847 0.952625 0.404475
v 0.064310 0.762180 0.503431
v 0.114172 0.683396 0.496024
v 0.190832 0.598172 0.466837
v 0.265987 0.683397 0.433966
v 0.306759 0.762180 0.404324
v 0.295753 0.952625 0.389449
v 0.310149 0.764472 0.455981
v 0.362451 0.682527 0.433405
v 0.429857 0.592107 0.371350
v 0.481463 0.682528 0.295642
v 0.496201 0.764472 0.240616
v 0.428283 0.952625 0.236038
v 0.285437 0.762180 0.419649
v 0.326530 0.683397 0.390453
v 0.381645 0.598172 0.329699
v 0.433747 0.683397 0.266343
v 0.456664 0.762180 0.221444
v 0.432739 0.952625 0.227766
v 0.473930 0.764471 0.281960
v 0.511770 0.682527 0.239379
v 0.546595 0.592107 0.154634
v 0.561328 0.682527 0.064202
v 0.551403 0.764471 0.008108
v 0.487926 0.952625 0.032693
v 0.436167 0.762180 0.259494
v 0.461051 0.683397 0.215656
v 0.485289 0.598172 0.137289
v 0.505697 0.683397 0.057841
v 0.507468 0.762180 0.007463
v 0.418592 1.156552 0.098674
v 0.500034 0.985417 0.145794
v 0.538941 0.906699 0.100592
v 0.567592 0.816704 0.012891
v 0.542952 0.906699 -0.076021
v 0.506138 0.985417 -0.122941
v 0.422640 1.156551 -0.079568
v 0.458815 0.975798 0.133775
v 0.484598 0.897759 0.090449
v 0.503879 0.810833 0.011444
v 0.488204 0.897759 -0.068354
v 0.464415 0.975797 -0.112806
v 0.415970 1.156552 -0.109200
v 0.509999 0.985418 -0.105789
v 0.523158 0.906699 -0.163958
v 0.507324 0.816704 -0.254852
v 0.443858 0.906698 -0.321817
v 0.389336 0.985417 -0.345988
v 0.335938 1.156551 -0.268517
v 0.467958 0.975797 -0.097068
v 0.470406 0.897759 -0.147426
v 0.450376 0.810833 -0.226244
v 0.399102 0.897759 -0.289367
v 0.357241 0.975798 -0.317467
v 0.315696 1.156551 -0.292047
v 0.400276 0.985418 -0.333270
v 0.384522 0.906699 -0.390792
v 0.327793 0.816704 -0.463551
v 0.240285 0.906699 -0.492787
v 0.180801 0.985418 -0.488468
v 0.170126 1.156551 -0.394985
v 0.367280 0.975797 -0.305798
v 0.345750 0.897759 -0.351387
v 0.290996 0.810833 -0.411516
v 0.216055 0.897759 -0.443098
v 0.165897 0.975797 -0.448202
v 0.155017 1.156552 -0.401155
v 0.212835 0.985418 -0.475385
v 0.173381 0.906699 -0.520111
v 0.090427 0.816704 -0.560491
v -0.001019 0.906700 -0.548247
v -0.052537 0.985417 -0.518198
v -0.020996 1.156551 -0.429552
v 0.195290 0.975797 -0.436198
v 0.155899 0.897759 -0.467666
v 0.080275 0.810833 -0.497575
v -0.000918 0.897759 -0.492965
v -0.048207 0.975798 -0.475482
v -0.053450 1.156551 -0.426730
v -0.037680 0.985418 -0.519490
v -0.093611 0.906699 -0.540197
v -0.185798 0.816703 -0.536476
v -0.260540 0.906698 -0.482385
v -0.291683 0.985418 -0.431522
v -0.221921 1.156551 -0.368384
v -0.034574 0.975797 -0.476667
v -0.084171 0.897759 -0.485727
v -0.164941 0.810833 -0.476255
v -0.234269 0.897759 -0.433744
v -0.267638 0.975797 -0.395950
v -0.238950 1.156552 -0.357573
v -0.266404 0.985418 -0.447569
v -0.325684 0.906699 -0.441028
v -0.406437 0.816704 -0.396404
v -0.449030 0.906699 -0.314560
v -0.454088 0.985418 -0.255136
v -0.363433 1.156551 -0.229939
v -0.244444 0.975797 -0.410675
v -0.292845 0.897759 -0.396557
v -0.360814 0.810833 -0.351906
v -0.403752 0.897759 -0.282843
v -0.416656 0.975797 -0.234105
v -0.391170 1.156551 -0.178723
v -0.461810 0.985417 -0.240876
v -0.508814 0.906699 -0.204167
v -0.554082 0.816704 -0.123776
v -0.547327 0.906699 -0.031761
v -0.520412 0.985418 0.021462
v -0.430039 1.156551 -0.004723
v -0.423742 0.975797 -0.221020
v -0.457508 0.897759 -0.183581
v -0.491885 0.810833 -0.109880
v -0.492138 0.897759 -0.028556
v -0.477513 0.975797 0.019693
v -0.429512 1.156551 0.021788
v -0.520854 0.985418 -0.000789
v -0.545636 0.906699 0.053457
v -0.548733 0.816703 0.145669
v -0.500309 0.906699 0.224202
v -0.451885 0.985418 0.259016
v -0.383768 1.156552 0.194108
v -0.477919 0.975797 -0.000724
v -0.490617 0.897759 0.048068
v -0.487136 0.810833 0.129317
v -0.449861 0.897759 0.201595
v -0.414636 0.975797 0.237664
v -0.363516 1.156551 0.229808
v -0.454179 0.985417 0.254973
v -0.449142 0.906699 0.314400
v -0.406580 0.816703 0.396258
v -0.325843 0.906699 0.440911
v -0.266566 0.985417 0.447474
v -0.239078 1.156551 0.357488
v -0.416740 0.975798 0.233955
v -0.403854 0.897759 0.282698
v -0.360940 0.810833 0.351777
v -0.292987 0.897759 0.396452
v -0.244591 0.975798 0.410587
v -0.242466 1.156551 0.355198
v -0.315697 0.985417 0.414276
v -0.287490 0.906699 0.466825
v -0.215938 0.816703 0.525070
v -0.124110 0.906698 0.534016
v -0.067096 0.985417 0.516515
v -0.077577 1.156551 0.423010
v -0.289674 0.975797 0.380126
v -0.258502 0.897759 0.419753
v -0.191698 0.810833 0.466129
v -0.111596 0.897759 0.480169
v -0.061565 0.975798 0.473937
v -0.034531 1.156551 0.428676
v -0.068853 0.985417 0.516284
v -0.018307 0.906699 0.547942
v 0.072706 0.816704 0.563064
v 0.156894 0.906699 0.525319
v 0.197739 0.985418 0.481860
v 0.142289 1.156551 0.405844
v -0.063176 0.975798 0.473725
v -0.016463 0.897759 0.492691
v 0.064545 0.810833 0.499859
v 0.141074 0.897759 0.472349
v 0.181438 0.975797 0.442139
v 0.147967 1.156552 0.403808
v 0.153444 0.985418 0.497740
v 0.212596 0.906698 0.505350
v 0.301589 0.816703 0.481011
v 0.362268 0.906699 0.411507
v 0.381184 0.985418 0.354948
v 0.299020 1.156551 0.309099
v 0.140795 0.975797 0.456710
v 0.191159 0.897759 0.454394
v 0.267736 0.810833 0.427016
v 0.325738 0.897759 0.370014
v 0.349763 0.975797 0.325688
v 0.341176 1.156551 0.261829
v 0.396094 0.985418 0.338230
v 0.450128 0.906699 0.312987
v 0.512259 0.816704 0.244782
v 0.526294 0.906699 0.153593
v 0.511989 0.985417 0.095694
v 0.418046 1.156551 0.100963
v 0.363442 0.975797 0.310349
v 0.404740 0.897759 0.281428
v 0.454757 0.810833 0.217304
v 0.473226 0.897759 0.138105
v 0.469784 0.975798 0.087806
v 0.344997 1.334194 -0.006859
v 0.456274 1.192890 0.019088
v 0.493753 1.122751 -0.037299
v 0.509691 1.039165 -0.139216
v 0.444156 1.122751 -0.218881
v 0.383216 1.192890 -0.248387
v 0.300581 1.334194 -0.169474
v 0.415475 1.176504 0.017382
v 0.440776 1.105047 -0.033297
v 0.449976 1.022912 -0.122906
v 0.396500 1.105047 -0.195397
v 0.348950 1.176504 -0.226176
v 0.284472 1.334194 -0.195310
v 0.391701 1.192889 -0.234780
v 0.392028 1.122751 -0.302485
v 0.349338 1.039166 -0.396395
v 0.250809 1.122751 -0.426941
v 0.183680 1.192890 -0.418106
v 0.158003 1.334194 -0.306766
v 0.356675 1.176504 -0.213786
v 0.349965 1.105047 -0.270031
v 0.308411 1.022912 -0.349954
v 0.223898 1.105047 -0.381133
v 0.167256 1.176504 -0.380719
v 0.118868 1.334194 -0.323945
v 0.183447 1.192890 -0.418208
v 0.144514 1.122750 -0.473603
v 0.055338 1.039165 -0.525456
v -0.042684 1.122751 -0.493317
v -0.092301 1.192890 -0.447248
v -0.048777 1.334194 -0.341601
v 0.167043 1.176504 -0.380812
v 0.129009 1.105047 -0.422787
v 0.048855 1.022912 -0.463894
v -0.038104 1.105047 -0.440387
v -0.084048 1.176504 -0.407256
v -0.077948 1.334194 -0.336146
v -0.075538 1.192890 -0.450383
v -0.138449 1.122751 -0.475411
v -0.241460 1.039166 -0.469960
v -0.305877 1.122751 -0.389388
v -0.322163 1.192890 -0.323669
v -0.227888 1.334194 -0.259109
v -0.068783 1.176504 -0.410110
v -0.123594 1.105047 -0.424402
v -0.213172 1.022912 -0.414900
v -0.273058 1.105047 -0.347609
v -0.293356 1.176504 -0.294727
v -0.245026 1.334194 -0.242966
v -0.303836 1.192890 -0.340931
v -0.370411 1.122751 -0.328601
v -0.454689 1.039166 -0.269117
v -0.466287 1.122751 -0.166614
v -0.445063 1.192890 -0.102320
v -0.330887 1.334194 -0.097899
v -0.276667 1.176504 -0.310446
v -0.330668 1.105047 -0.293345
v -0.401418 1.022912 -0.237588
v -0.416257 1.105047 -0.148738
v -0.405266 1.176504 -0.093171
v -0.334688 1.334194 -0.083989
v -0.435244 1.192890 -0.138251
v -0.486217 1.122751 -0.093685
v -0.528361 1.039165 0.000468
v -0.486050 1.122751 0.094548
v -0.434998 1.192890 0.139023
v -0.334538 1.334194 0.084583
v -0.396325 1.176504 -0.125888
v -0.434048 1.105047 -0.083634
v -0.466460 1.022912 0.000414
v -0.433899 1.105047 0.084404
v -0.396101 1.176504 0.126592
v -0.330158 1.334194 0.100330
v -0.444299 1.192889 0.105590
v -0.465049 1.122751 0.170039
v -0.452698 1.039165 0.272453
v -0.367984 1.122751 0.331317
v -0.301321 1.192890 0.343156
v -0.243232 1.334194 0.244762
v -0.404570 1.176504 0.096149
v -0.415152 1.105047 0.151795
v -0.399660 1.022912 0.240534
v -0.328502 1.105047 0.295769
v -0.274377 1.176504 0.312472
v -0.223810 1.334194 0.262639
v -0.317064 1.192890 0.328665
v -0.299754 1.122751 0.394121
v -0.234086 1.039165 0.473677
v -0.131000 1.122751 0.477517
v -0.068488 1.192889 0.451509
v -0.072684 1.334194 0.337323
v -0.288713 1.176504 0.299276
v -0.267591 1.105047 0.351835
v -0.206660 1.022912 0.418182
v -0.116945 1.105047 0.426282
v -0.062364 1.176504 0.411135
v -0.042799 1.334194 0.342401
v -0.084470 1.192890 0.448793
v -0.034056 1.122751 0.493988
v 0.064515 1.039165 0.524408
v 0.152770 1.122751 0.471004
v 0.190728 1.192890 0.414938
v 0.124512 1.334194 0.321818
v -0.076917 1.176504 0.408663
v -0.030401 1.105047 0.440986
v 0.056955 1.022912 0.462970
v 0.136379 1.105047 0.420468
v 0.173674 1.176504 0.377835
v 0.166765 1.334194 0.302092
v 0.195636 1.192889 0.412647
v 0.262990 1.122751 0.419547
v 0.360600 1.039165 0.386178
v 0.400570 1.122750 0.291079
v 0.398294 1.192890 0.223411
v 0.289974 1.334194 0.187044
v 0.178142 1.176504 0.375748
v 0.234773 1.105047 0.374532
v 0.318353 1.022912 0.340934
v 0.357591 1.105047 0.259849
v 0.362679 1.176504 0.203434
v 0.291941 1.334194 0.183958
v 0.370623 1.192889 0.266814
v 0.432931 1.122751 0.240321
v 0.502280 1.039165 0.163954
v 0.491341 1.122751 0.061379
v 0.456662 1.192890 0.003227
v 0.344250 1.334194 0.023707
v 0.337482 1.176504 0.242955
v 0.386480 1.105047 0.214536
v 0.443434 1.022912 0.144745
v 0.438623 1.105047 0.054793
v 0.415828 1.176504 0.002939
v 0.232845 1.472368 0.065276
v 0.344046 1.372646 0.125088
v 0.403988 1.316123 0.084194
v 0.456311 1.244619 -0.012904
v 0.398585 1.316122 -0.106889
v 0.336428 1.372646 -0.144331
v 0.228785 1.472368 -0.078329
v 0.309026 1.349248 0.112356
v 0.355632 1.289739 0.074116
v 0.397883 1.218552 -0.011251
v 0.350876 1.289739 -0.094094
v 0.302183 1.349248 -0.129639
v 0.221394 1.472368 -0.097275
v 0.345296 1.372646 -0.121595
v 0.365683 1.316122 -0.191236
v 0.344522 1.244618 -0.299485
v 0.240273 1.316123 -0.335506
v 0.168473 1.372646 -0.325011
v 0.127144 1.472368 -0.205699
v 0.310149 1.349248 -0.109218
v 0.321912 1.289739 -0.168345
v 0.300408 1.218552 -0.261137
v 0.211513 1.289739 -0.295347
v 0.151324 1.349248 -0.291928
v 0.114179 1.472368 -0.213169
v 0.196666 1.372646 -0.308767
v 0.169731 1.316122 -0.376147
v 0.086280 1.244618 -0.448266
v -0.017982 1.316123 -0.412276
v -0.068003 1.372646 -0.359709
v -0.026894 1.472368 -0.240322
v 0.176648 1.349248 -0.277338
v 0.149415 1.289739 -0.331123
v 0.075231 1.218553 -0.390868
v -0.015828 1.289739 -0.362928
v -0.061080 1.349248 -0.323095
v -0.052880 1.472368 -0.235969
v -0.052916 1.372646 -0.362236
v -0.117337 1.316123 -0.395635
v -0.227634 1.244619 -0.395688
v -0.283032 1.316122 -0.300314
v -0.286542 1.372646 -0.227834
v -0.177407 1.472368 -0.164331
v -0.047531 1.349247 -0.325364
v -0.103292 1.289739 -0.348279
v -0.198486 1.218552 -0.345023
v -0.249154 1.289739 -0.264366
v -0.257375 1.349247 -0.204644
v -0.195667 1.472368 -0.142099
v -0.279164 1.372646 -0.236817
v -0.349580 1.316123 -0.219292
v -0.432375 1.244618 -0.146420
v -0.410894 1.316122 -0.038235
v -0.365614 1.372646 0.018469
v -0.241747 1.472368 -0.006027
v -0.250748 1.349248 -0.212712
v -0.307736 1.289739 -0.193044
v -0.377011 1.218553 -0.127671
v -0.361711 1.289739 -0.033658
v -0.328399 1.349247 0.016589
v -0.240874 1.472368 0.021391
v -0.366048 1.372646 0.004822
v -0.407630 1.316122 0.064291
v -0.422186 1.244618 0.173624
v -0.334925 1.316123 0.241083
v -0.263536 1.372646 0.254093
v -0.186233 1.472368 0.154256
v -0.328789 1.349247 0.004332
v -0.358838 1.289739 0.056595
v -0.368128 1.218552 0.151391
v -0.294835 1.289739 0.212226
v -0.236712 1.349248 0.228229
v -0.176008 1.472368 0.165828
v -0.284602 1.372646 0.230253
v -0.280478 1.316123 0.302701
v -0.224274 1.244618 0.397602
v -0.113980 1.316122 0.396616
v -0.049847 1.372646 0.362671
v -0.050879 1.472368 0.236409
v -0.255632 1.349248 0.206816
v -0.246906 1.289739 0.266467
v -0.195557 1.218552 0.346692
v -0.100338 1.289739 0.349141
v -0.044772 1.349248 0.325755
v -0.034470 1.472368 0.239353
v -0.079328 1.372646 0.357382
v -0.030992 1.316123 0.411503
v 0.072080 1.244618 0.450767
v 0.157768 1.316123 0.381319
v 0.186817 1.372646 0.314824
v 0.107390 1.472368 0.216669
v -0.071254 1.349248 0.321004
v -0.027283 1.289739 0.362247
v 0.062850 1.218552 0.393049
v 0.138883 1.289739 0.335677
v 0.167801 1.349247 0.282779
v 0.132822 1.472368 0.202080
v 0.177456 1.372646 0.320194
v 0.249520 1.316123 0.328687
v 0.352727 1.244618 0.289776
v 0.370866 1.316123 0.180981
v 0.348547 1.372646 0.111935
v 0.224017 1.472368 0.091074
v 0.159393 1.349248 0.287602
v 0.219654 1.289739 0.289344
v 0.307562 1.218552 0.252672
v 0.326474 1.289739 0.159318
v 0.313070 1.349247 0.100541
v 0.127597 1.560912 -0.004435
v 0.254852 1.512449 0.020009
v 0.304615 1.473991 -0.041850
v 0.317280 1.419586 -0.168069
v 0.205747 1.473991 -0.228494
v 0.126616 1.512449 -0.222078
v 0.075350 1.560912 -0.103068
v 0.224140 1.481033 0.017598
v 0.262155 1.437947 -0.036017
v 0.270835 1.383068 -0.143464
v 0.177068 1.437947 -0.196646
v 0.111358 1.481033 -0.195315
v 0.061039 1.560912 -0.112138
v 0.146775 1.512449 -0.209302
v 0.118797 1.473992 -0.283599
v 0.016541 1.419585 -0.358664
v -0.092190 1.473991 -0.293330
v -0.126888 1.512449 -0.221922
v -0.050459 1.560912 -0.117280
v 0.129088 1.481033 -0.184079
v 0.102239 1.437947 -0.244069
v 0.014120 1.383068 -0.306161
v -0.079341 1.437947 -0.252444
v -0.111597 1.481033 -0.195179
v -0.074559 1.560912 -0.103642
v -0.124912 1.512449 -0.223040
v -0.203992 1.473992 -0.230062
v -0.315984 1.419586 -0.170491
v -0.304285 1.473991 -0.044180
v -0.254998 1.512449 0.018058
v -0.127560 1.560912 -0.005412
v -0.109860 1.481033 -0.196162
v -0.175558 1.437947 -0.197995
v -0.269729 1.383068 -0.145533
v -0.261872 1.437947 -0.038022
v -0.224268 1.481033 0.015882
v -0.127238 1.560912 0.010550
v -0.255519 1.512449 -0.007763
v -0.302257 1.473991 0.056412
v -0.308853 1.419587 0.183092
v -0.194550 1.473992 0.238099
v -0.115818 1.512449 0.227895
v -0.070319 1.560912 0.106564
v -0.224726 1.481033 -0.006827
v -0.260126 1.437947 0.048550
v -0.263642 1.383068 0.156290
v -0.167432 1.437947 0.204912
v -0.101861 1.481033 0.200432
v -0.054994 1.560912 0.115223
v -0.135446 1.512449 0.216805
v -0.103560 1.473992 0.289510
v 0.002543 1.419586 0.359036
v 0.107648 1.473991 0.288016
v 0.138502 1.512449 0.214866
v 0.056620 1.560912 0.114433
v -0.119123 1.481033 0.190678
v -0.089125 1.437946 0.249158
v 0.002169 1.383068 0.306479
v 0.092643 1.437947 0.247871
v 0.121810 1.481033 0.188973
v 0.069056 1.560912 0.107387
v 0.113119 1.512449 0.229247
v 0.191724 1.473992 0.240381
v 0.306670 1.419586 0.186727
v 0.301569 1.473992 0.059978
v 0.255592 1.512449 -0.004744
v 0.127104 1.560912 0.012052
v 0.099487 1.481033 0.201621
v 0.165001 1.437947 0.206875
v 0.261778 1.383068 0.159392
v 0.259535 1.437947 0.051618
v 0.224791 1.481033 -0.004173
vn -0.0000 -1.0000 -0.0000
vn 0.8227 -0.5240 -0.2204
vn 0.6023 -0.5240 -0.6023
vn 0.2204 -0.5240 -0.8227
vn -0.2204 -0.5240 -0.8227
vn -0.6023 -0.5240 -0.6023
vn -0.8227 -0.5240 -0.2204
vn -0.8227 -0.5240 0.2204
vn -0.6023 -0.5240 0.6023
vn -0.2204 -0.5240 0.8227
vn 0.2204 -0.5240 0.8227
vn 0.6023 -0.5240 0.6023
vn 0.8227 -0.5240 0.2204
vn 0.7101 -0.6779 -0.1903
vn 0.5198 -0.6779 -0.5198
vn 0.1903 -0.6779 -0.7101
vn -0.1903 -0.6779 -0.7101
vn -0.5198 -0.6779 -0.5198
vn -0.7101 -0.6779 -0.1903
vn -0.7101 -0.6779 0.1903
vn -0.5198 -0.6779 0.5198
vn -0.1903 -0.6779 0.7101
vn 0.1903 -0.6779 0.7101
vn 0.5198 -0.6779 0.5198
vn 0.7101 -0.6779 0.1903
vn 0.8937 -0.3794 -0.2395
vn 0.6542 -0.3794 -0.6542
vn 0.2395 -0.3794 -0.8937
vn -0.2395 -0.3794 -0.8937
vn -0.6542 -0.3794 -0.6542
vn -0.8937 -0.3794 -0.2395
vn -0.8937 -0.3794 0.2395
vn -0.6542 -0.3794 0.6542
vn -0.2395 -0.3794 0.8937
vn 0.2395 -0.3794 0.8937
vn 0.6542 -0.3794 0.6542
vn 0.8937 -0.3794 0.2395
vn 0.9601 -0.1093 -0.2573
vn 0.7029 -0.1093 -0.7029
vn 0.2573 -0.1093 -0.9601
vn -0.2573 -0.1093 -0.9601
vn -0.7029 -0.1093 -0.7029
vn -0.9601 -0.1093 -0.2573
vn -0.9601 -0.1093 0.2573
vn -0.7029 -0.1093 0.7029
vn -0.2573 -0.1093 0.9601
vn 0.2573 -0.1093 0.9601
vn 0.7029 -0.1093 0.7029
vn 0.9601 -0.1093 0.2573
vn 0.9597 0.1129 -0.2572
vn 0.7026 0.1129 -0.7026
vn 0.2572 0.1129 -0.9597
vn -0.2572 0.1129 -0.9597
vn -0.7026 0.1129 -0.7026
vn -0.9597 0.1129 -0.2572
vn -0.9597 0.1129 0.2572
vn -0.7026 0.1129 0.7026
vn -0.2572 0.1129 0.9597
vn 0.2572 0.1129 0.9597
vn 0.7026 0.1129 0.7026
vn 0.9597 0.1129 0.2572
vn 0.9202 0.3039 -0.2466
vn 0.6737 0.3039 -0.6737
vn 0.2466 0.3039 -0.9202
vn -0.2466 0.3039 -0.9202
vn -0.6737 0.3039 -0.6737
vn -0.9202 0.3039 -0.2466
vn -0.9202 0.3039 0.2466
vn -0.6737 0.3039 0.6737
vn -0.2466 0.3039 0.9202
vn 0.2466 0.3039 0.9202
vn 0.6737 0.3039 0.6737
vn 0.9202 0.3039 0.2466
vn 0.8392 0.4952 -0.2249
vn 0.6143 0.4952 -0.6143
vn 0.2249 0.4952 -0.8392
vn -0.2249 0.4952 -0.8392
vn -0.6143 0.4952 -0.6143
vn -0.8392 0.4952 -0.2249
vn -0.8392 0.4952 0.2249
vn -0.6143 0.4952 0.6143
vn -0.2249 0.4952 0.8392
vn 0.2249 0.4952 0.8392
vn 0.6143 0.4952 0.6143
vn 0.8392 0.4952 0.2249
vn 0.6683 0.7220 -0.1791
vn 0.4892 0.7220 -0.4892
vn 0.1791 0.7220 -0.6683
vn -0.1791 0.7220 -0.6683
vn -0.4892 0.7220 -0.4892
vn -0.6683 0.7220 -0.1791
vn -0.6683 0.7220 0.1791
vn -0.4892 0.7220 0.4892
vn -0.1791 0.7220 0.6683
vn 0.1791 0.7220 0.6683
vn 0.4892 0.7220 0.4892
vn 0.6683 0.7220 0.1791
vn 0.2855 0.9553 -0.0765
vn 0.2090 0.9553 -0.2090
vn 0.0765 0.9553 -0.2855
vn -0.0765 0.9553 -0.2855
vn -0.2090 0.9553 -0.2090
vn -0.2855 0.9553 -0.0765
vn -0.2855 0.9553 0.0765
vn -0.2090 0.9553 0.2090
vn -0.0765 0.9553 0.2855
vn 0.0765 0.9553 0.2855
vn 0.2090 0.9553 0.2090
vn 0.2855 0.9553 0.0765
vn 0.9401 -0.3393 0.0344
vn 0.9561 -0.2909 0.0350
vn 0.8077 -0.5889 0.0295
vn -0.2782 0.1630 0.9466
vn -0.2083 0.1630 -0.9644
vn -0.6408 -0.4669 0.6094
vn -0.6340 -0.4792 0.6069
vn -0.5880 -0.4792 -0.6516
vn -0.5946 -0.4669 -0.6546
vn 0.7352 -0.3393 -0.5868
vn 0.7478 -0.2909 -0.5968
vn 0.6317 -0.5889 -0.5042
vn 0.4062 0.1630 0.8991
vn -0.7867 0.1630 -0.5954
vn -0.0885 -0.4669 0.8799
vn -0.0850 -0.4792 0.8736
vn -0.8707 -0.4792 -0.1107
vn -0.8776 -0.4669 -0.1087
vn 0.1493 -0.3393 -0.9288
vn 0.1518 -0.2909 -0.9446
vn 0.1283 -0.5889 -0.7980
vn 0.9054 0.1630 0.3921
vn -0.9826 0.1630 0.0886
vn 0.5264 -0.4669 0.7106
vn 0.5247 -0.4792 0.7036
vn -0.7187 -0.4792 0.5037
vn -0.7225 -0.4669 0.5099
vn -0.4314 -0.3393 -0.8359
vn -0.4388 -0.2909 -0.8502
vn -0.3707 -0.5889 -0.7182
vn 0.9613 0.1630 -0.2222
vn -0.7380 0.1630 0.6548
vn 0.8455 -0.4669 0.2592
vn 0.8400 -0.4792 0.2545
vn -0.2792 -0.4792 0.8321
vn -0.2786 -0.4669 0.8393
vn -0.8921 -0.3393 -0.2984
vn -0.9073 -0.2909 -0.3035
vn -0.7665 -0.5889 -0.2564
vn 0.5342 0.1630 -0.8295
vn -0.0725 0.1630 0.9840
vn 0.7868 -0.4669 -0.4037
vn 0.7796 -0.4792 -0.4032
vn 0.3801 -0.4792 0.7912
vn 0.3855 -0.4669 0.7959
vn -0.8766 -0.3393 0.3412
vn -0.8916 -0.2909 0.3471
vn -0.7532 -0.5889 0.2932
vn -0.1200 0.1630 -0.9793
vn 0.5737 0.1630 0.8027
vn 0.3466 -0.4669 -0.8136
vn 0.3414 -0.4792 -0.8086
vn 0.7982 -0.4792 0.3650
vn 0.8054 -0.4669 0.3652
vn -0.4373 -0.3393 0.8329
vn -0.4447 -0.2909 0.8471
vn -0.3757 -0.5889 0.7156
vn -0.7334 0.1630 -0.6600
vn 0.9597 0.1630 0.2289
vn -0.2727 -0.4669 -0.8412
vn -0.2733 -0.4792 -0.8341
vn 0.8417 -0.4792 -0.2486
vn 0.8473 -0.4669 -0.2533
vn 0.1672 -0.3393 0.9257
vn 0.1700 -0.2909 0.9415
vn 0.1436 -0.5889 0.7954
vn -0.9842 0.1630 -0.0696
vn 0.8976 0.1630 -0.4095
vn -0.7322 -0.4669 -0.4958
vn -0.7283 -0.4792 -0.4898
vn 0.5110 -0.4792 -0.7136
vn 0.5125 -0.4669 -0.7207
vn 0.7032 -0.3393 0.6248
vn 0.7152 -0.2909 0.6355
vn 0.6042 -0.5889 0.5369
vn -0.8170 0.1630 0.5531
vn 0.4531 0.1630 -0.8764
vn -0.8821 -0.4669 0.0622
vn -0.8753 -0.4792 0.0646
vn -0.0388 -0.4792 -0.8768
vn -0.0419 -0.4669 -0.8833
vn 0.9618 -0.1029 -0.2536
vn 0.9647 -0.0688 -0.2543
vn 0.9145 -0.3249 -0.2411
vn 0.0140 0.1622 0.9867
vn -0.4742 0.1622 -0.8653
vn -0.2316 -0.5547 0.7992
vn -0.2471 -0.6366 0.7305
vn -0.5752 -0.6366 -0.5137
vn -0.5955 -0.5547 -0.5812
vn 0.6712 -0.1029 -0.7341
vn 0.6732 -0.0688 -0.7363
vn 0.6382 -0.3249 -0.6980
vn 0.5461 0.1622 0.8219
vn -0.8673 0.1622 -0.4705
vn 0.2382 -0.5547 0.7972
vn 0.1879 -0.6366 0.7479
vn -0.7617 -0.6366 -0.1204
vn -0.8153 -0.5547 -0.1661
vn 0.1455 -0.1029 -0.9840
vn 0.1460 -0.0688 -0.9869
vn 0.1384 -0.3249 -0.9356
vn 0.9125 0.1622 0.3756
vn -0.9821 0.1622 0.0953
vn 0.6435 -0.5547 0.5275
vn 0.5743 -0.6366 0.5147
vn -0.6987 -0.6366 0.3265
vn -0.7686 -0.5547 0.3186
vn -0.4435 -0.1029 -0.8903
vn -0.4448 -0.0688 -0.8930
vn -0.4217 -0.3249 -0.8465
vn 0.9633 0.1622 -0.2139
vn -0.7510 0.1622 0.6400
vn 0.8295 -0.5547 0.0645
vn 0.7655 -0.6366 0.0937
vn -0.3863 -0.6366 0.6674
vn -0.4482 -0.5547 0.7010
vn -0.8195 -0.1029 -0.5638
vn -0.8219 -0.0688 -0.5655
vn -0.7792 -0.3249 -0.5360
vn 0.7389 0.1622 -0.6540
vn -0.3467 0.1622 0.9239
vn 0.7569 -0.5547 -0.3456
vn 0.7149 -0.6366 -0.2891
vn -0.0144 -0.6366 0.7711
vn -0.0522 -0.5547 0.8304
vn -0.9940 -0.1029 -0.0377
vn -0.9969 -0.0688 -0.0378
vn -0.9451 -0.3249 -0.0358
vn 0.2741 0.1622 -0.9479
vn 0.2015 0.1622 0.9660
vn 0.4544 -0.5547 -0.6970
vn 0.4493 -0.6366 -0.6268
vn 0.4005 -0.6366 0.6590
vn 0.4003 -0.5547 0.7294
vn -0.8252 -0.1029 0.5553
vn -0.8277 -0.0688 0.5570
vn -0.7846 -0.3249 0.5280
vn -0.3372 0.1622 -0.9274
vn 0.7321 0.1622 0.6616
vn -0.0437 -0.5547 -0.8309
vn -0.0065 -0.6366 -0.7712
vn 0.7119 -0.6366 0.2964
vn 0.7532 -0.5547 0.3534
vn -0.3831 -0.1029 0.9179
vn -0.3843 -0.0688 0.9207
vn -0.3643 -0.3249 0.8728
vn -0.7921 0.1622 -0.5885
vn 0.9754 0.1622 0.1492
vn -0.4940 -0.5547 -0.6695
vn -0.4300 -0.6366 -0.6402
vn 0.7575 -0.6366 -0.1446
vn 0.8234 -0.5547 -0.1197
vn 0.1502 -0.1029 0.9833
vn 0.1506 -0.0688 0.9862
vn 0.1428 -0.3249 0.9349
vn -0.9826 0.1622 -0.0907
vn 0.9107 0.1622 -0.3799
vn -0.7701 -0.5547 -0.3150
vn -0.7002 -0.6366 -0.3232
vn 0.5718 -0.6366 -0.5174
vn 0.6410 -0.5547 -0.5305
vn 0.6518 -0.1029 0.7514
vn 0.6537 -0.0688 0.7536
vn 0.6197 -0.3249 0.7144
vn -0.8794 0.1622 0.4477
vn 0.5674 0.1622 -0.8073
vn -0.8194 -0.5547 0.1447
vn -0.7646 -0.6366 0.1004
vn 0.2074 -0.6366 -0.7428
vn 0.2590 -0.5547 -0.7907
vn 0.9469 -0.1029 0.3047
vn 0.9497 -0.0688 0.3056
vn 0.9003 -0.3249 0.2897
vn -0.5199 0.1622 0.8387
vn 0.0668 0.1622 -0.9845
vn -0.6257 -0.5547 0.5484
vn -0.6018 -0.6366 0.4822
vn -0.2076 -0.6366 -0.7427
vn -0.1885 -0.5547 -0.8104
vn 0.9944 0.1004 0.0325
vn 0.9905 0.1340 0.0324
vn 0.9962 -0.0811 0.0326
vn -0.2858 0.1528 0.9460
vn -0.2234 0.1528 -0.9627
vn -0.2948 -0.5845 0.7559
vn -0.2567 -0.7133 0.6521
vn -0.2135 -0.7133 -0.6675
vn -0.2448 -0.5845 -0.7736
vn 0.8528 0.1004 -0.5124
vn 0.8494 0.1340 -0.5104
vn 0.8543 -0.0811 -0.5133
vn 0.2735 0.1528 0.9497
vn -0.7101 0.1528 -0.6873
vn 0.1627 -0.5845 0.7949
vn 0.1384 -0.7133 0.6871
vn -0.5417 -0.7133 -0.4447
vn -0.6255 -0.5845 -0.5168
vn 0.4967 0.1004 -0.8621
vn 0.4948 0.1340 -0.8586
vn 0.4976 -0.0811 -0.8636
vn 0.7002 0.1528 0.6974
vn -0.9545 0.1528 -0.2560
vn 0.5282 -0.5845 0.6159
vn 0.4546 -0.7133 0.5334
vn -0.6895 -0.7133 -0.1258
vn -0.7978 -0.5845 -0.1481
vn 0.0106 0.1004 -0.9949
vn 0.0106 0.1340 -0.9909
vn 0.0106 -0.0811 -0.9966
vn 0.9521 0.1528 0.2649
vn -0.9575 0.1528 0.2445
vn 0.7623 -0.5845 0.2781
vn 0.6576 -0.7133 0.2423
vn -0.6627 -0.7133 0.2282
vn -0.7680 -0.5845 0.2618
vn -0.4576 0.1004 -0.8835
vn -0.4558 0.1340 -0.8799
vn -0.4584 -0.0811 -0.8850
vn 0.9650 0.1528 -0.2131
vn -0.7307 0.1528 0.6654
vn 0.8036 -0.5845 -0.1123
vn 0.6944 -0.7133 -0.0948
vn -0.4780 -0.7133 0.5126
vn -0.5553 -0.5845 0.5916
vn -0.8663 0.1004 -0.4894
vn -0.8628 0.1340 -0.4875
vn -0.8678 -0.0811 -0.4903
vn 0.6915 0.1528 -0.7061
vn -0.2479 0.1528 0.9566
vn 0.6114 -0.5845 -0.5334
vn 0.5296 -0.7133 -0.4591
vn -0.1199 -0.7133 0.6905
vn -0.1414 -0.5845 0.7990
vn -0.9950 0.1004 0.0002
vn -0.9910 0.1340 0.0002
vn -0.9967 -0.0811 0.0002
vn 0.2545 0.1528 -0.9549
vn 0.2549 0.1528 0.9548
vn 0.2698 -0.5845 -0.7652
vn 0.2351 -0.7133 -0.6602
vn 0.2354 -0.7133 0.6601
vn 0.2701 -0.5845 0.7651
vn -0.8597 0.1004 0.5009
vn -0.8562 0.1340 0.4989
vn -0.8612 -0.0811 0.5018
vn -0.2607 0.1528 -0.9533
vn 0.7008 0.1528 0.6968
vn -0.1520 -0.5845 -0.7970
vn -0.1291 -0.7133 -0.6889
vn 0.5356 -0.7133 0.4520
vn 0.6185 -0.5845 0.5252
vn -0.4963 0.1004 0.8623
vn -0.4943 0.1340 0.8589
vn -0.4972 -0.0811 0.8639
vn -0.7006 0.1528 -0.6970
vn 0.9546 0.1528 0.2555
vn -0.5285 -0.5845 -0.6156
vn -0.4548 -0.7133 -0.5332
vn 0.6895 -0.7133 0.1254
vn 0.7978 -0.5845 0.1477
vn -0.0041 0.1004 0.9949
vn -0.0040 0.1340 0.9910
vn -0.0041 -0.0811 0.9967
vn -0.9538 0.1528 -0.2586
vn 0.9559 0.1528 -0.2508
vn -0.7641 -0.5845 -0.2731
vn -0.6592 -0.7133 -0.2379
vn 0.6611 -0.7133 -0.2326
vn 0.7663 -0.5845 -0.2668
vn 0.5363 0.1004 0.8380
vn 0.5342 0.1340 0.8347
vn 0.5373 -0.0811 0.8395
vn -0.9416 0.1528 0.3002
vn 0.6670 0.1528 -0.7292
vn -0.7900 -0.5845 0.1851
vn -0.6829 -0.7133 0.1577
vn 0.4292 -0.7133 -0.5540
vn 0.4990 -0.5845 -0.6399
vn 0.8772 0.1004 0.4696
vn 0.8737 0.1340 0.4677
vn 0.8787 -0.0811 0.4704
vn -0.6752 0.1528 0.7216
vn 0.2261 0.1528 -0.9620
vn -0.5992 -0.5845 0.5472
vn -0.5190 -0.7133 0.4710
vn 0.1042 -0.7133 -0.6931
vn 0.1232 -0.5845 -0.8020
vn 0.9252 0.2777 -0.2586
vn 0.9217 0.2899 -0.2577
vn 0.9567 0.1147 -0.2674
vn 0.0045 0.1321 0.9912
vn -0.5101 0.1321 -0.8499
vn 0.0833 -0.5557 0.8272
vn 0.1230 -0.7117 0.6916
vn -0.2535 -0.7117 -0.6552
vn -0.3577 -0.5557 -0.7505
vn 0.7238 0.2777 -0.6317
vn 0.7210 0.2899 -0.6293
vn 0.7484 0.1147 -0.6532
vn 0.4308 0.1321 0.8927
vn -0.8263 0.1321 -0.5476
vn 0.4313 -0.5557 0.7108
vn 0.4087 -0.7117 0.5713
vn -0.5108 -0.7117 -0.4822
vn -0.6459 -0.5557 -0.5234
vn 0.3344 0.2777 -0.9006
vn 0.3331 0.2899 -0.8972
vn 0.3458 0.1147 -0.9313
vn 0.8048 0.1321 0.5787
vn -0.9874 0.1321 -0.0867
vn 0.7183 -0.5557 0.4186
vn 0.6319 -0.7117 0.3069
vn -0.6791 -0.7117 -0.1798
vn -0.8175 -0.5557 -0.1516
vn -0.1144 0.2777 -0.9538
vn -0.1139 0.2899 -0.9503
vn -0.1183 0.1147 -0.9863
vn 0.9803 0.1321 0.1468
vn -0.9178 0.1321 0.3744
vn 0.8302 -0.5557 0.0439
vn 0.7023 -0.7117 -0.0160
vn -0.6862 -0.7117 0.1505
vn -0.7963 -0.5557 0.2389
vn -0.5488 0.2777 -0.7885
vn -0.5467 0.2899 -0.7855
vn -0.5675 0.1147 -0.8154
vn 0.9345 0.1321 -0.3306
vn -0.6347 0.1321 0.7614
vn 0.7537 -0.5557 -0.3510
vn 0.6126 -0.7117 -0.3438
vn -0.5352 -0.7117 0.4550
vn -0.5909 -0.5557 0.5848
vn -0.8488 0.2777 -0.4500
vn -0.8456 0.2899 -0.4483
vn -0.8777 0.1147 -0.4653
vn 0.6796 0.1321 -0.7216
vn -0.2159 0.1321 0.9674
vn 0.5096 -0.5557 -0.6569
vn 0.3874 -0.7117 -0.5860
vn -0.2677 -0.7117 0.6495
vn -0.2578 -0.5557 0.7904
vn -0.9602 0.2777 -0.0310
vn -0.9566 0.2899 -0.0309
vn -0.9929 0.1147 -0.0321
vn 0.2931 0.1321 -0.9469
vn 0.2314 0.1321 0.9638
vn 0.1688 -0.5557 -0.8141
vn 0.0903 -0.7117 -0.6966
vn 0.0452 -0.7117 0.7010
vn 0.1159 -0.5557 0.8233
vn -0.8369 0.2777 0.4716
vn -0.8338 0.2899 0.4699
vn -0.8654 0.1147 0.4877
vn -0.2406 0.1321 -0.9616
vn 0.6979 0.1321 0.7039
vn -0.2780 -0.5557 -0.7835
vn -0.2842 -0.7117 -0.6424
vn 0.4023 -0.7117 0.5759
vn 0.5262 -0.5557 0.6437
vn -0.5649 0.2777 0.7770
vn -0.5628 0.2899 0.7741
vn -0.5842 0.1147 0.8035
vn -0.6188 0.1321 -0.7743
vn 0.9275 0.1321 0.3498
vn -0.5788 -0.5557 -0.5969
vn -0.5257 -0.7117 -0.4660
vn 0.6054 -0.7117 0.3564
vn 0.7463 -0.5557 0.3664
vn -0.1554 0.2777 0.9480
vn -0.1548 0.2899 0.9445
vn -0.1607 0.1147 0.9803
vn -0.9008 0.1321 -0.4136
vn 0.9857 0.1321 -0.1043
vn -0.7853 -0.5557 -0.2731
vn -0.6790 -0.7117 -0.1800
vn 0.7010 -0.7117 0.0463
vn 0.8314 -0.5557 -0.0081
vn 0.3635 0.2777 0.8892
vn 0.3621 0.2899 0.8859
vn 0.3759 0.1147 0.9195
vn -0.9841 0.1321 0.1188
vn 0.7855 0.1321 -0.6046
vn -0.8121 -0.5557 0.1781
vn -0.6729 -0.7117 0.2019
vn 0.6216 -0.7117 -0.3273
vn 0.7043 -0.5557 -0.4418
vn 0.7270 0.2777 0.6280
vn 0.7242 0.2899 0.6257
vn 0.7517 0.1147 0.6494
vn -0.8235 0.1321 0.5518
vn 0.4263 0.1321 -0.8949
vn -0.6433 -0.5557 0.5267
vn -0.5084 -0.7117 0.4848
vn 0.4058 -0.7117 -0.5734
vn 0.4277 -0.5557 -0.7130
vn 0.9244 0.2777 0.2615
vn 0.9209 0.2899 0.2605
vn 0.9559 0.1147 0.2704
vn -0.5127 0.1321 0.8483
vn 0.0077 0.1321 -0.9912
vn -0.3600 -0.5557 0.7494
vn -0.2555 -0.7117 0.6544
vn 0.1252 -0.7117 -0.6912
vn 0.0859 -0.5557 -0.8270
vn 0.9006 0.4342 0.0205
vn 0.9009 0.4335 0.0205
vn 0.9586 0.2840 0.0218
vn -0.3029 0.1163 0.9459
vn -0.2597 0.1163 -0.9587
vn -0.0724 -0.5233 0.8491
vn 0.0471 -0.6894 0.7228
vn 0.0799 -0.6894 -0.7200
vn -0.0338 -0.5233 -0.8515
vn 0.8050 0.4342 -0.4044
vn 0.8052 0.4335 -0.4045
vn 0.8568 0.2840 -0.4304
vn 0.1762 0.1163 0.9775
vn -0.6790 0.1163 -0.7249
vn 0.3343 -0.5233 0.7838
vn 0.3807 -0.6894 0.6163
vn -0.2672 -0.6894 -0.6733
vn -0.4292 -0.5233 -0.7362
vn 0.5201 0.4342 -0.7355
vn 0.5203 0.4335 -0.7358
vn 0.5536 0.2840 -0.7829
vn 0.6153 0.1163 0.7797
vn -0.9402 0.1163 -0.3202
vn 0.6638 -0.5233 0.5344
vn 0.6258 -0.6894 0.3648
vn -0.5525 -0.6894 -0.4685
vn -0.7251 -0.5233 -0.4477
vn 0.1435 0.4342 -0.8893
vn 0.1435 0.4335 -0.8896
vn 0.1527 0.2840 -0.9466
vn 0.8956 0.1163 0.4295
vn -0.9852 0.1163 0.1261
vn 0.8312 -0.5233 0.1879
vn 0.7225 -0.6894 0.0523
vn -0.7023 -0.6894 -0.1776
vn -0.8481 -0.5233 -0.0831
vn -0.2948 0.4342 -0.8512
vn -0.2949 0.4335 -0.8515
vn -0.3138 0.2840 -0.9060
vn 0.9922 0.1163 -0.0458
vn -0.8080 0.1163 0.5776
vn 0.8210 -0.5233 -0.2282
vn 0.6611 -0.6894 -0.2962
vn -0.7026 -0.6894 0.1762
vn -0.7863 -0.5233 0.3285
vn -0.6449 0.4342 -0.6290
vn -0.6451 0.4335 -0.6292
vn -0.6864 0.2840 -0.6695
vn 0.8665 0.1163 -0.4854
vn -0.4636 0.1163 0.8784
vn 0.6318 -0.5233 -0.5718
vn 0.4584 -0.6894 -0.5609
vn -0.5493 -0.6894 0.4722
vn -0.5558 -0.5233 0.6459
vn -0.8791 0.4342 -0.1964
vn -0.8795 0.4335 -0.1965
vn -0.9358 0.2840 -0.2090
vn 0.4823 0.1163 -0.8683
vn 0.0669 0.1163 0.9910
vn 0.2372 -0.5233 -0.8185
vn 0.0954 -0.6894 -0.7181
vn -0.2193 -0.6894 0.6904
vn -0.1336 -0.5233 0.8416
vn -0.8707 0.4342 0.2311
vn -0.8710 0.4335 0.2312
vn -0.9267 0.2840 0.2460
vn 0.0276 0.1163 -0.9928
vn 0.5164 0.1163 0.8484
vn -0.1669 -0.5233 -0.8356
vn -0.2465 -0.6894 -0.6811
vn 0.1238 -0.6894 0.7137
vn 0.2695 -0.5233 0.8084
vn -0.6451 0.4342 0.6287
vn -0.6453 0.4335 0.6290
vn -0.6867 0.2840 0.6692
vn -0.4633 0.1163 -0.8785
vn 0.8663 0.1163 0.4858
vn -0.5556 -0.5233 -0.6461
vn -0.5491 -0.6894 -0.4724
vn 0.4582 -0.6894 0.5611
vn 0.6316 -0.5233 0.5720
vn -0.3426 0.4342 0.8331
vn -0.3427 0.4335 0.8334
vn -0.3647 0.2840 0.8868
vn -0.7739 0.1163 -0.6225
vn 0.9880 0.1163 0.1021
vn -0.7664 -0.5233 -0.3726
vn -0.6915 -0.6894 -0.2157
vn 0.6432 -0.6894 0.3332
vn 0.8068 -0.5233 0.2744
vn 0.1154 0.4342 0.8934
vn 0.1154 0.4335 0.8937
vn 0.1228 0.2840 0.9509
vn -0.9807 0.1163 -0.1571
vn 0.9086 0.1163 -0.4011
vn -0.8503 -0.5233 0.0563
vn -0.7075 -0.6894 0.1554
vn 0.7238 -0.6894 -0.0294
vn 0.8367 -0.5233 -0.1616
vn 0.4785 0.4342 0.7632
vn 0.4787 0.4335 0.7635
vn 0.5093 0.2840 0.8124
vn -0.9565 0.1163 0.2676
vn 0.6576 0.1163 -0.7444
vn -0.7488 -0.5233 0.4068
vn -0.5776 -0.6894 0.4371
vn 0.6451 -0.6894 -0.3295
vn 0.6924 -0.5233 -0.4968
vn 0.8128 0.4342 0.3884
vn 0.8131 0.4335 0.3885
vn 0.8651 0.2840 0.4134
vn -0.6646 0.1163 0.7381
vn 0.1568 0.1163 -0.9808
vn -0.4146 -0.5233 0.7445
vn -0.2538 -0.6894 0.6784
vn 0.3684 -0.6894 -0.6237
vn 0.3188 -0.5233 -0.7903
vn 0.7861 0.5796 -0.2147
vn 0.7801 0.5882 -0.2131
vn 0.8610 0.4509 -0.2352
vn -0.0869 0.1133 0.9898
vn -0.5780 0.1133 -0.8081
vn 0.2381 -0.5281 0.8151
vn 0.3593 -0.6932 0.6247
vn -0.0081 -0.6932 -0.7207
vn -0.2094 -0.5281 -0.8230
vn 0.5388 0.5796 -0.6114
vn 0.5347 0.5882 -0.6067
vn 0.5901 0.4509 -0.6696
vn 0.4713 0.1133 0.8747
vn -0.9270 0.1133 -0.3576
vn 0.6468 -0.5281 0.5502
vn 0.6435 -0.6932 0.3245
vn -0.4028 -0.6932 -0.5976
vn -0.6271 -0.5281 -0.5725
vn 0.0853 0.5796 -0.8104
vn 0.0847 0.5882 -0.8043
vn 0.0935 0.4509 -0.8877
vn 0.8907 0.1133 0.4403
vn -0.9628 0.1133 0.2451
vn 0.8459 -0.5281 0.0741
vn 0.7126 -0.6932 -0.1080
vn -0.6744 -0.6932 -0.2540
vn -0.8428 -0.5281 -0.1037
vn -0.3724 0.5796 -0.7248
vn -0.3696 0.5882 -0.7193
vn -0.4079 0.4509 -0.7939
vn 0.9864 0.1133 -0.1193
vn -0.6714 0.1133 0.7324
vn 0.7484 -0.5281 -0.4012
vn 0.5371 -0.6932 -0.4806
vn -0.7034 -0.6932 0.1568
vn -0.7620 -0.5281 0.3748
vn -0.7013 0.5796 -0.4151
vn -0.6960 0.5882 -0.4119
vn -0.7681 0.4509 -0.4546
vn 0.7712 0.1133 -0.6264
vn -0.1781 0.1133 0.9775
vn 0.4197 -0.5281 -0.7382
vn 0.1985 -0.6932 -0.6928
vn -0.5118 -0.6932 0.5074
vn -0.4452 -0.5281 0.7231
vn -0.8149 0.5796 0.0007
vn -0.8087 0.5882 0.0007
vn -0.8926 0.4509 0.0008
vn 0.3438 0.1133 -0.9322
vn 0.3455 0.1133 0.9316
vn -0.0156 -0.5281 -0.8490
vn -0.1826 -0.6932 -0.6972
vn -0.1814 -0.6932 0.6975
vn -0.0141 -0.5281 0.8491
vn -0.6982 0.5796 0.4202
vn -0.6929 0.5882 0.4170
vn -0.7647 0.4509 0.4603
vn -0.1853 0.1133 -0.9761
vn 0.7758 0.1133 0.6207
vn -0.4506 -0.5281 -0.7198
vn -0.5155 -0.6932 -0.5036
vn 0.2036 -0.6932 0.6913
vn 0.4251 -0.5281 0.7351
vn -0.3610 0.5796 0.7305
vn -0.3583 0.5882 0.7250
vn -0.3954 0.4509 0.8002
vn -0.6827 0.1133 -0.7218
vn 0.9881 0.1133 0.1039
vn -0.7678 -0.5281 -0.3629
vn -0.7058 -0.6932 -0.1458
vn 0.5445 -0.6932 0.4721
vn 0.7546 -0.5281 0.3895
vn 0.0995 0.5796 0.8088
vn 0.0987 0.5882 0.8027
vn 0.1090 0.4509 0.8859
vn -0.9670 0.1133 -0.2283
vn 0.8828 0.1133 -0.4558
vn -0.8409 -0.5281 0.1184
vn -0.6699 -0.6932 0.2658
vn 0.7143 -0.6932 0.0955
vn 0.8445 -0.5281 -0.0889
vn 0.5562 0.5796 0.5956
vn 0.5519 0.5882 0.5911
vn 0.6092 0.4509 0.6524
vn -0.9163 0.1133 0.3841
vn 0.4459 0.1133 -0.8879
vn -0.6104 -0.5281 0.5903
vn -0.3855 -0.6932 0.6090
vn 0.6339 -0.6932 -0.3429
vn 0.6307 -0.5281 -0.5686
vn 0.7747 0.5796 0.2529
vn 0.7688 0.5882 0.2510
vn 0.8485 0.4509 0.2770
vn -0.6168 0.1133 0.7789
vn -0.0385 0.1133 -0.9928
vn -0.2493 -0.5281 0.8118
vn -0.0434 -0.6932 0.7194
vn 0.3894 -0.6932 -0.6064
vn 0.2776 -0.5281 -0.8025
vn 0.6732 0.7392 -0.0190
vn 0.6790 0.7339 -0.0192
vn 0.7921 0.6100 -0.0224
vn -0.3991 0.1015 0.9113
vn -0.4500 0.1015 -0.8872
vn 0.1008 -0.5108 0.8538
vn 0.3191 -0.6729 0.6674
vn 0.2808 -0.6729 -0.6844
vn 0.0524 -0.5108 -0.8581
vn 0.5083 0.7392 -0.4418
vn 0.5126 0.7339 -0.4456
vn 0.5980 0.6100 -0.5199
vn 0.2696 0.1015 0.9576
vn -0.9107 0.1015 -0.4003
vn 0.6196 -0.5108 0.5960
vn 0.6701 -0.6729 0.3135
vn -0.2172 -0.6729 -0.7072
vn -0.5039 -0.5108 -0.6965
vn 0.1273 0.7392 -0.6613
vn 0.1284 0.7339 -0.6670
vn 0.1498 0.6100 -0.7781
vn 0.8031 0.1015 0.5871
vn -0.9637 0.1015 0.2470
vn 0.8553 -0.5108 0.0866
vn 0.7207 -0.6729 -0.1668
vn -0.6073 -0.6729 -0.4224
vn -0.8264 -0.5108 -0.2370
vn -0.3358 0.7392 -0.5837
vn -0.3387 0.7339 -0.5888
vn -0.3951 0.6100 -0.6868
vn 0.9916 0.1015 -0.0804
vn -0.5680 0.1015 0.8168
vn 0.7040 -0.5108 -0.4934
vn 0.4365 -0.6729 -0.5973
vn -0.7357 -0.6729 0.0771
vn -0.7804 -0.5108 0.3606
vn -0.6379 0.7392 -0.2160
vn -0.6433 0.7339 -0.2179
vn -0.7505 0.6100 -0.2542
vn 0.6908 0.1015 -0.7159
vn 0.1137 0.1015 0.9883
vn 0.2021 -0.5108 -0.8356
vn -0.0673 -0.6729 -0.7367
vn -0.5011 -0.6729 0.5442
vn -0.3472 -0.5108 0.7865
vn -0.6228 0.7392 0.2561
vn -0.6282 0.7339 0.2583
vn -0.7328 0.6100 0.3014
vn 0.0507 0.1015 -0.9935
vn 0.7350 0.1015 0.6705
vn -0.3965 -0.5108 -0.7628
vn -0.5347 -0.6729 -0.5112
vn -0.0203 -0.6729 0.7395
vn 0.2548 -0.5108 0.8211
vn -0.3309 0.7392 0.5866
vn -0.3337 0.7339 0.5916
vn -0.3893 0.6100 0.6902
vn -0.5749 0.1015 -0.8119
vn 0.9922 0.1015 0.0721
vn -0.7835 -0.5108 -0.3539
vn -0.7364 -0.6729 -0.0709
vn 0.4415 -0.6729 0.5936
vn 0.7082 -0.5108 0.4874
vn 0.1063 0.7392 0.6650
vn 0.1072 0.7339 0.6707
vn 0.1251 0.6100 0.7825
vn -0.9554 0.1015 -0.2773
vn 0.8213 0.1015 -0.5614
vn -0.8334 -0.5108 0.2109
vn -0.6203 -0.6729 0.4031
vn 0.7151 -0.6729 0.1895
vn 0.8576 -0.5108 -0.0596
vn 0.5204 0.7392 0.4275
vn 0.5248 0.7339 0.4312
vn 0.6123 0.6100 0.5030
vn -0.8992 0.1015 0.4255
vn 0.2429 0.1015 -0.9647
vn -0.4844 -0.5108 0.7103
vn -0.1974 -0.6729 0.7130
vn 0.6611 -0.6729 -0.3320
vn 0.6027 -0.5108 -0.6130
vn 0.3823 0.9016 -0.2025
vn 0.4122 0.8846 -0.2183
vn 0.5410 0.7907 -0.2866
vn -0.1587 0.0796 0.9841
vn -0.9033 0.0796 -0.4215
vn 0.5093 -0.4848 0.7111
vn 0.6862 -0.6404 0.3449
vn 0.1001 -0.6404 -0.7615
vn -0.3022 -0.4848 -0.8208
vn 0.0199 0.9016 -0.4321
vn 0.0215 0.8846 -0.4659
vn 0.0282 0.7907 -0.6115
vn 0.7668 0.0796 0.6369
vn -0.8222 0.0796 0.5636
vn 0.8712 -0.4848 -0.0771
vn 0.6458 -0.6404 -0.4156
vn -0.6048 -0.6404 -0.4733
vn -0.8604 -0.4848 -0.1570
vn -0.3807 0.9016 -0.2054
vn -0.4105 0.8846 -0.2215
vn -0.5388 0.7907 -0.2907
vn 0.9065 0.0796 -0.4146
vn 0.1512 0.0796 0.9853
vn 0.3084 -0.4848 -0.8184
vn -0.0943 -0.6404 -0.7622
vn -0.6889 -0.6404 0.3396
vn -0.5147 -0.4848 0.7072
vn -0.3721 0.9016 0.2206
vn -0.4012 0.8846 0.2379
vn -0.5266 0.7907 0.3122
vn 0.1113 0.0796 -0.9906
vn 0.9225 0.0796 0.3777
vn -0.5428 -0.4848 -0.6858
vn -0.7020 -0.6404 -0.3116
vn -0.0635 -0.6404 0.7654
vn 0.3412 -0.4848 0.8053
vn 0.0031 0.9016 0.4326
vn 0.0033 0.8846 0.4664
vn 0.0043 0.7907 0.6122
vn -0.7996 0.0796 -0.5953
vn 0.7911 0.0796 -0.6065
vn -0.8659 -0.4848 0.1233
vn -0.6228 -0.6404 0.4494
vn 0.6291 -0.6404 0.4405
vn 0.8675 -0.4848 0.1110
vn 0.3695 0.9016 0.2250
vn 0.3984 0.8846 0.2426
vn 0.5229 0.7907 0.3184
vn -0.9269 0.0796 0.3668
vn -0.0996 0.0796 -0.9918
vn -0.3507 -0.4848 0.8012
vn 0.0545 -0.6404 0.7661
vn 0.7056 -0.6404 -0.3033
vn 0.5508 -0.4848 -0.6794
vn -0.6492 -0.4524 0.6115
vn -0.6400 -0.4655 0.6113
vn -0.5936 -0.4655 -0.6564
vn -0.6028 -0.4524 -0.6573
vn 0.7477 -0.2909 -0.5968
vn -0.0935 -0.4524 0.8869
vn -0.0867 -0.4656 0.8808
vn -0.8781 -0.4655 -0.1107
vn -0.8856 -0.4524 -0.1054
vn 0.5274 -0.4524 0.7192
vn 0.5283 -0.4656 0.7100
vn -0.7242 -0.4655 0.5087
vn -0.7262 -0.4523 0.5177
vn 0.8514 -0.4524 0.2655
vn 0.8467 -0.4656 0.2576
vn -0.2806 -0.4656 0.8394
vn -0.2769 -0.4523 0.8478
vn 0.7954 -0.4523 -0.4033
vn 0.7866 -0.4655 -0.4057
vn 0.3841 -0.4656 0.7973
vn 0.3926 -0.4523 0.8008
vn 0.3534 -0.4524 -0.8188
vn 0.3451 -0.4656 -0.8150
vn 0.8053 -0.4655 0.3672
vn 0.8140 -0.4523 0.3644
vn -0.2709 -0.4523 -0.8497
vn -0.2747 -0.4655 -0.8413
vn 0.8485 -0.4655 -0.2516
vn 0.8532 -0.4523 -0.2595
vn -0.7360 -0.4523 -0.5036
vn -0.7339 -0.4656 -0.4946
vn 0.5145 -0.4655 -0.7201
vn 0.5134 -0.4524 -0.7292
vn -0.8899 -0.4524 0.0585
vn -0.8827 -0.4655 0.0642
vn -0.0401 -0.4656 -0.8841
vn -0.0466 -0.4523 -0.8906
vn -0.2517 -0.5339 0.8072
vn -0.2652 -0.6132 0.7441
vn -0.5976 -0.6132 -0.5166
vn -0.6169 -0.5339 -0.5782
vn 0.2256 -0.5339 0.8149
vn 0.1800 -0.6132 0.7692
vn -0.7821 -0.6132 -0.1106
vn -0.8318 -0.5339 -0.1520
vn 0.6430 -0.5339 0.5491
vn 0.5796 -0.6132 0.5367
vn -0.7101 -0.6132 0.3460
vn -0.7744 -0.5339 0.3395
vn 0.8415 -0.5339 0.0826
vn 0.7824 -0.6132 0.1087
vn -0.3845 -0.6132 0.6900
vn -0.4410 -0.5339 0.7215
vn 0.7761 -0.5339 -0.3356
vn 0.7371 -0.6132 -0.2842
vn -0.0019 -0.6132 0.7899
vn -0.0360 -0.5339 0.8448
vn 0.4760 -0.5339 -0.6989
vn 0.4705 -0.6132 -0.6345
vn 0.4211 -0.6132 0.6683
vn 0.4217 -0.5339 0.7329
vn -0.0273 -0.5339 -0.8451
vn 0.0062 -0.6132 -0.7899
vn 0.7341 -0.6132 0.2917
vn 0.7726 -0.5339 0.3436
vn -0.4881 -0.5339 -0.6904
vn -0.4297 -0.6132 -0.6628
vn 0.7734 -0.6132 -0.1607
vn 0.8341 -0.5339 -0.1386
vn -0.7760 -0.5339 -0.3358
vn -0.7118 -0.6132 -0.3426
vn 0.5770 -0.6132 -0.5395
vn 0.6404 -0.5339 -0.5522
vn -0.8355 -0.5339 0.1301
vn -0.7848 -0.6132 0.0901
vn 0.2001 -0.6132 -0.7642
vn 0.2469 -0.5339 -0.8087
vn -0.6470 -0.5339 0.5444
vn -0.6244 -0.6132 0.4839
vn -0.2251 -0.6132 -0.7572
vn -0.2081 -0.5339 -0.8195
vn -0.3316 -0.5632 0.7569
vn -0.2988 -0.6868 0.6625
vn -0.2549 -0.6868 -0.6807
vn -0.2814 -0.5632 -0.7769
vn 0.1323 -0.5632 0.8157
vn 0.1087 -0.6868 0.7186
vn -0.5835 -0.6868 -0.4333
vn -0.6581 -0.5632 -0.4998
vn 0.5117 -0.5632 0.6488
vn 0.4439 -0.6868 0.5755
vn -0.7205 -0.6868 -0.0955
vn -0.8180 -0.5632 -0.1174
vn 0.7640 -0.5632 0.3149
vn 0.6690 -0.6868 0.2841
vn -0.6749 -0.6868 0.2698
vn -0.7705 -0.5632 0.2985
vn 0.8224 -0.5632 -0.0806
vn 0.7241 -0.6868 -0.0631
vn -0.4693 -0.6868 0.5550
vn -0.5403 -0.5632 0.6252
vn 0.6444 -0.5632 -0.5172
vn 0.5717 -0.6868 -0.4488
vn -0.0894 -0.6868 0.7213
vn -0.1104 -0.5632 0.8189
vn 0.3065 -0.5632 -0.7674
vn 0.2768 -0.6868 -0.6720
vn 0.2771 -0.6868 0.6719
vn 0.3069 -0.5632 0.7672
vn -0.1213 -0.5632 -0.8174
vn -0.0990 -0.6868 -0.7200
vn 0.5776 -0.6868 0.4411
vn 0.6513 -0.5632 0.5086
vn -0.5121 -0.5632 -0.6485
vn -0.4442 -0.6868 -0.5752
vn 0.7206 -0.6868 0.0951
vn 0.8180 -0.5632 0.1169
vn -0.0041 0.1340 0.9910
vn -0.7661 -0.5632 -0.3098
vn -0.6708 -0.6868 -0.2797
vn 0.6731 -0.6868 -0.2742
vn 0.7686 -0.5632 -0.3035
vn -0.8116 -0.5632 0.1553
vn -0.7153 -0.6868 0.1289
vn 0.4167 -0.6868 -0.5955
vn 0.4810 -0.5632 -0.6719
vn -0.6325 -0.5632 0.5317
vn -0.5614 -0.6868 0.4617
vn 0.0730 -0.6868 -0.7231
vn 0.0918 -0.5632 -0.8212
vn 0.0378 -0.5389 0.8415
vn 0.0694 -0.6893 0.7212
vn -0.3146 -0.6893 -0.6526
vn -0.4040 -0.5389 -0.7392
vn 0.3964 -0.5389 0.7432
vn 0.3731 -0.6893 0.6210
vn -0.5649 -0.6893 -0.4537
vn -0.6828 -0.5389 -0.4932
vn 0.7032 -0.5389 0.4638
vn 0.6243 -0.6893 0.3676
vn -0.7129 -0.6893 -0.1289
vn -0.8355 -0.5389 -0.1074
vn 0.8374 -0.5389 0.0910
vn 0.7233 -0.6893 0.0414
vn -0.6930 -0.6893 0.2113
vn -0.7922 -0.5389 0.2864
vn 0.7821 -0.5389 -0.3128
vn 0.6581 -0.6893 -0.3030
vn -0.5127 -0.6893 0.5119
vn -0.5650 -0.5389 0.6248
vn 0.5524 -0.5389 -0.6360
vn 0.4466 -0.6893 -0.5705
vn -0.2217 -0.6893 0.6898
vn -0.2165 -0.5389 0.8141
vn 0.2165 -0.5389 -0.8141
vn 0.1502 -0.6893 -0.7088
vn 0.1042 -0.6893 0.7170
vn 0.1635 -0.5389 0.8263
vn -0.2373 -0.5389 -0.8082
vn -0.2393 -0.6893 -0.6839
vn 0.4611 -0.6893 0.5589
vn 0.5685 -0.5389 0.6216
vn -0.5520 -0.5389 -0.6363
vn -0.5021 -0.6893 -0.5224
vn 0.6517 -0.6893 0.3165
vn 0.7755 -0.5389 0.3288
vn -0.7791 -0.5389 -0.3203
vn -0.6833 -0.6893 -0.2410
vn 0.7244 -0.6893 -0.0102
vn 0.8406 -0.5389 -0.0548
vn -0.8315 -0.5389 0.1346
vn -0.7084 -0.6893 0.1521
vn 0.6120 -0.6893 -0.3877
vn 0.6877 -0.5389 -0.4865
vn -0.6803 -0.5389 0.4967
vn -0.5626 -0.6893 0.4565
vn 0.3700 -0.6893 -0.6229
vn 0.3926 -0.5389 -0.7453
vn -0.4063 -0.5389 0.7379
vn -0.3166 -0.6893 0.6517
vn 0.0717 -0.6893 -0.7210
vn 0.0405 -0.5389 -0.8414
vn -0.1276 -0.5133 0.8486
vn -0.0264 -0.6756 0.7368
vn 0.0071 -0.6756 -0.7373
vn -0.0890 -0.5133 -0.8536
vn 0.2854 -0.5133 0.8094
vn 0.3223 -0.6756 0.6631
vn -0.3396 -0.6756 -0.6545
vn -0.4790 -0.5133 -0.7121
vn 0.6326 -0.5133 0.5800
vn 0.5964 -0.6756 0.4335
vn -0.6075 -0.6756 -0.4178
vn -0.7576 -0.5133 -0.4031
vn 0.8232 -0.5133 0.2425
vn 0.7263 -0.6756 0.1269
vn -0.7294 -0.6755 -0.1079
vn -0.8577 -0.5133 -0.0286
vn 0.8399 -0.5133 -0.1762
vn 0.6998 -0.6756 -0.2322
vn -0.6935 -0.6756 0.2504
vn -0.7690 -0.5133 0.3810
vn 0.6720 -0.5133 -0.5338
vn 0.5217 -0.6756 -0.5210
vn -0.5078 -0.6756 0.5345
vn -0.5168 -0.5133 0.6851
vn 0.2913 -0.5133 -0.8072
vn 0.1702 -0.6756 -0.7174
vn -0.1513 -0.6755 0.7216
vn -0.0799 -0.5133 0.8545
vn -0.1137 -0.5133 -0.8506
vn -0.1798 -0.6756 -0.7151
vn 0.1985 -0.6756 0.7101
vn 0.3231 -0.5133 0.7950
vn -0.5166 -0.5133 -0.6853
vn -0.5077 -0.6756 -0.5347
vn 0.5215 -0.6756 0.5212
vn 0.6718 -0.5133 0.5341
vn -0.7461 -0.5133 -0.4240
vn -0.6782 -0.6756 -0.2893
vn 0.6855 -0.6756 0.2715
vn 0.8285 -0.5133 0.2236
vn -0.8582 -0.5133 0.0016
vn -0.7324 -0.6756 0.0849
vn 0.7299 -0.6756 -0.1040
vn 0.8304 -0.5133 -0.2165
vn -0.7788 -0.5133 0.3605
vn -0.6298 -0.6756 0.3834
vn 0.6195 -0.6756 -0.3998
vn 0.6637 -0.5133 -0.5440
vn -0.4648 -0.5133 0.7214
vn -0.3266 -0.6756 0.6610
vn 0.3092 -0.6756 -0.6694
vn 0.2693 -0.5133 -0.8148
vn 0.1769 -0.5269 0.8313
vn 0.2817 -0.6928 0.6639
vn -0.0949 -0.6928 -0.7149
vn -0.2703 -0.5269 -0.8058
vn 0.6046 -0.5270 0.5974
vn 0.6001 -0.6928 0.3999
vn -0.4722 -0.6928 -0.5451
vn -0.6686 -0.5270 -0.5247
vn 0.8388 -0.5269 0.1370
vn 0.7209 -0.6928 -0.0214
vn -0.7006 -0.6928 -0.1711
vn -0.8489 -0.5269 -0.0407
vn 0.7769 -0.5269 -0.3447
vn 0.5914 -0.6928 -0.4127
vn -0.6799 -0.6928 0.2405
vn -0.7326 -0.5269 0.4308
vn 0.4739 -0.5269 -0.7055
vn 0.2807 -0.6928 -0.6643
vn -0.4473 -0.6928 0.5657
vn -0.3905 -0.5270 0.7549
vn 0.0477 -0.5270 -0.8486
vn -0.0974 -0.6928 -0.7146
vn -0.0961 -0.6928 0.7147
vn 0.0492 -0.5269 0.8485
vn -0.3960 -0.5270 -0.7520
vn -0.4514 -0.6928 -0.5624
vn 0.2856 -0.6928 0.6622
vn 0.4790 -0.5269 0.7020
vn -0.7392 -0.5270 -0.4193
vn -0.6835 -0.6928 -0.2299
vn 0.5978 -0.6928 0.4034
vn 0.7822 -0.5270 0.3325
vn -0.8481 -0.5269 0.0555
vn -0.6975 -0.6928 0.1833
vn 0.7211 -0.6928 0.0088
vn 0.8363 -0.5269 -0.1517
vn -0.6532 -0.5270 0.5437
vn -0.4563 -0.6928 0.5585
vn 0.5884 -0.6928 -0.4170
vn 0.5871 -0.5270 -0.6145
vn -0.3093 -0.5269 0.7916
vn -0.1297 -0.6928 0.7094
vn 0.3138 -0.6928 -0.6493
vn 0.2172 -0.5270 -0.8217
vn 0.0369 -0.5196 0.8536
vn 0.2318 -0.6876 0.6881
vn 0.1925 -0.6876 -0.7001
vn -0.0115 -0.5197 -0.8543
vn 0.5700 -0.5196 0.6364
vn 0.6157 -0.6876 0.3848
vn -0.2954 -0.6876 -0.6633
vn -0.5509 -0.5196 -0.6531
vn 0.8413 -0.5196 0.1490
vn 0.7220 -0.6876 -0.0772
vn -0.6417 -0.6876 -0.3396
vn -0.8365 -0.5197 -0.1739
vn 0.7342 -0.5196 -0.4370
vn 0.4961 -0.6876 -0.5302
vn -0.7077 -0.6876 0.1623
vn -0.7468 -0.5197 0.4150
vn 0.2620 -0.5196 -0.8132
vn 0.0217 -0.6876 -0.7258
vn -0.4237 -0.6876 0.5896
vn -0.2860 -0.5196 0.8051
vn -0.3367 -0.5196 -0.7853
vn -0.4604 -0.6876 -0.5615
vn 0.0678 -0.6876 0.7229
vn 0.3132 -0.5197 0.7949
vn -0.7503 -0.5196 -0.4086
vn -0.7091 -0.6876 -0.1563
vn 0.5005 -0.6876 0.5260
vn 0.7378 -0.5196 0.4308
vn 0.1073 0.7339 0.6707
vn -0.8416 -0.5196 0.1475
vn -0.6522 -0.6876 0.3192
vn 0.7192 -0.6876 0.0999
vn 0.8456 -0.5196 -0.1223
vn -0.5325 -0.5197 0.6682
vn -0.2768 -0.6876 0.6712
vn 0.6048 -0.6876 -0.4018
vn 0.5521 -0.5196 -0.6520
vn 0.4122 0.8845 -0.2183
vn 0.4590 -0.5048 0.7311
vn 0.6256 -0.6731 0.3943
vn 0.0252 -0.6731 -0.7391
vn -0.3470 -0.5048 -0.7904
vn 0.8629 -0.5048 -0.0236
vn 0.6576 -0.6731 -0.3383
vn -0.6237 -0.6731 -0.3974
vn -0.8571 -0.5048 -0.1030
vn 0.3530 -0.5048 -0.7877
vn -0.0196 -0.6731 -0.7393
vn -0.6286 -0.6731 0.3895
vn -0.4646 -0.5048 0.7276
vn -0.4935 -0.5048 -0.7083
vn -0.6438 -0.6731 -0.3639
vn 0.0102 -0.6731 0.7395
vn 0.3845 -0.5048 0.7729
vn -0.8604 -0.5048 0.0695
vn -0.6387 -0.6731 0.3728
vn 0.6439 -0.6731 0.3637
vn 0.8613 -0.5048 0.0573
vn -0.3936 -0.5048 0.7683
vn -0.0190 -0.6731 0.7393
vn 0.6481 -0.6731 -0.3562
vn 0.5018 -0.5048 -0.7024
vt 0.600000 0.100000
vt 0.525000 0.072548
vt 0.545096 0.025000
vt 0.600000 0.062500
vt 0.525000 0.100000
vt 0.525000 0.025000
vt 0.600000 0.025000
vt 0.545096 0.100000
vt 0.525000 0.052452
vt 0.572548 0.100000
vt 0.525000 0.079904
vt 0.562500 0.025000
vt 0.600000 0.079904
vt 0.552452 0.100000
vt 0.600000 0.052452
vt 0.579904 0.100000
vt 0.525000 0.062500
vt 0.579904 0.025000
vt 0.600000 0.072548
vt 0.552452 0.025000
vt 0.600000 0.045096
vt 0.562500 0.100000
vt 0.525000 0.045096
vt 0.572548 0.025000
vt 0.556981 0.025000
vt 0.559908 0.100000
vt 0.525000 0.066750
vt 0.525000 0.056933
vt 0.600000 0.078991
vt 0.555561 0.100000
vt 0.525000 0.058250
vt 0.600000 0.077339
vt 0.556981 0.100000
vt 0.525000 0.063416
vt 0.600000 0.070863
vt 0.562305 0.100000
vt 0.525000 0.072099
vt 0.600000 0.059978
vt 0.570472 0.100000
vt 0.600000 0.066750
vt 0.525000 0.047661
vt 0.568019 0.025000
vt 0.600000 0.061584
vt 0.525000 0.054137
vt 0.562695 0.025000
vt 0.554528 0.100000
vt 0.582006 0.025000
vt 0.600000 0.072099
vt 0.562695 0.100000
vt 0.571767 0.025000
vt 0.600000 0.063416
vt 0.568019 0.100000
vt 0.565092 0.025000
vt 0.600000 0.058250
vt 0.569439 0.100000
vt 0.563313 0.025000
vt 0.600000 0.056933
vt 0.562305 0.025000
vt 0.553233 0.100000
vt 0.525000 0.061584
vt 0.543274 0.025000
vt 0.570922 0.100000
vt 0.525000 0.058504
vt 0.600000 0.086067
vt 0.600000 0.038933
vt 0.525000 0.066496
vt 0.600000 0.078312
vt 0.543274 0.100000
vt 0.525000 0.073496
vt 0.600000 0.067174
vt 0.549819 0.100000
vt 0.586067 0.025000
vt 0.538933 0.025000
vt 0.600000 0.058504
vt 0.525000 0.046688
vt 0.581726 0.025000
vt 0.600000 0.051504
vt 0.525000 0.057826
vt 0.575181 0.025000
vt 0.525000 0.038933
vt 0.525000 0.086067
vt 0.575181 0.100000
vt 0.564493 0.025000
vt 0.600000 0.073496
vt 0.581726 0.100000
vt 0.554078 0.025000
vt 0.600000 0.066496
vt 0.538933 0.100000
vt 0.586067 0.100000
vt 0.549819 0.025000
vt 0.560507 0.100000
vt 0.525000 0.051504
vt 0.525000 0.060782
vt 0.600000 0.055894
vt 0.562307 0.100000
vt 0.525000 0.065587
vt 0.600000 0.067418
vt 0.556945 0.100000
vt 0.555579 0.100000
vt 0.562307 0.025000
vt 0.600000 0.069106
vt 0.559149 0.100000
vt 0.557907 0.025000
vt 0.600000 0.064700
vt 0.525000 0.075390
vt 0.600000 0.055334
vt 0.566801 0.100000
vt 0.569421 0.025000
vt 0.562693 0.100000
vt 0.525000 0.055894
vt 0.565851 0.025000
vt 0.567093 0.100000
vt 0.525000 0.060300
vt 0.558199 0.100000
vt 0.576525 0.025000
vt 0.600000 0.075390
vt 0.600000 0.067792
vt 0.525000 0.064700
vt 0.567093 0.025000
vt 0.600000 0.064218
vt 0.525000 0.069106
vt 0.562693 0.025000
vt 0.568055 0.100000
vt 0.564376 0.025000
vt 0.600000 0.065587
vt 0.525000 0.057208
vt 0.600000 0.060300
vt 0.557907 0.100000
vt 0.561628 0.025000
vt 0.561189 0.100000
vt 0.525000 0.061636
vt 0.525000 0.068072
vt 0.600000 0.058832
vt 0.566328 0.100000
vt 0.525000 0.063364
vt 0.600000 0.063820
vt 0.561628 0.100000
vt 0.525000 0.064401
vt 0.600000 0.062722
vt 0.562664 0.100000
vt 0.525000 0.070835
vt 0.600000 0.055904
vt 0.569080 0.100000
vt 0.600000 0.061636
vt 0.525000 0.061180
vt 0.563372 0.025000
vt 0.600000 0.060599
vt 0.525000 0.062278
vt 0.562336 0.025000
vt 0.555920 0.100000
vt 0.571708 0.025000
vt 0.600000 0.070835
vt 0.562336 0.100000
vt 0.564910 0.025000
vt 0.600000 0.064401
vt 0.563372 0.100000
vt 0.563811 0.025000
vt 0.600000 0.063364
vt 0.558672 0.100000
vt 0.568792 0.025000
vt 0.600000 0.068072
vt 0.562664 0.025000
vt 0.560090 0.100000
vt 0.525000 0.060599
vt 0.564221 0.025000
vt 0.563148 0.100000
vt 0.525000 0.062009
vt 0.525000 0.069816
vt 0.600000 0.053361
vt 0.571092 0.100000
vt 0.525000 0.062991
vt 0.600000 0.059774
vt 0.564221 0.100000
vt 0.525000 0.061854
vt 0.600000 0.060842
vt 0.563083 0.100000
vt 0.525000 0.066805
vt 0.600000 0.056190
vt 0.568052 0.100000
vt 0.600000 0.062009
vt 0.525000 0.065226
vt 0.560779 0.025000
vt 0.600000 0.063146
vt 0.525000 0.064158
vt 0.561917 0.025000
vt 0.556948 0.100000
vt 0.565452 0.025000
vt 0.600000 0.066805
vt 0.561917 0.100000
vt 0.560783 0.025000
vt 0.600000 0.061854
vt 0.560779 0.100000
vt 0.561852 0.025000
vt 0.600000 0.062991
vt 0.553908 0.100000
vt 0.568308 0.025000
vt 0.600000 0.069816
vt 0.563083 0.025000
vt 0.564217 0.100000
vt 0.525000 0.063146
vt 0.564971 0.025000
vt 0.566701 0.100000
vt 0.525000 0.062299
vt 0.525000 0.071251
vt 0.600000 0.048950
vt 0.573791 0.100000
vt 0.525000 0.062701
vt 0.600000 0.056073
vt 0.564971 0.100000
vt 0.525000 0.059324
vt 0.600000 0.058886
vt 0.561601 0.100000
vt 0.525000 0.062232
vt 0.600000 0.056464
vt 0.564500 0.100000
vt 0.600000 0.062299
vt 0.525000 0.068927
vt 0.560029 0.025000
vt 0.600000 0.065676
vt 0.525000 0.066114
vt 0.563399 0.025000
vt 0.560500 0.100000
vt 0.557906 0.025000
vt 0.600000 0.062232
vt 0.563399 0.100000
vt 0.555492 0.025000
vt 0.600000 0.059324
vt 0.560029 0.100000
vt 0.558299 0.025000
vt 0.600000 0.062701
vt 0.551209 0.100000
vt 0.565647 0.025000
vt 0.600000 0.071251
vt 0.561601 0.025000
vt 0.569508 0.100000
vt 0.525000 0.065676
vt 0.564261 0.025000
vt 0.572081 0.100000
vt 0.525000 0.062896
vt 0.575435 0.100000
vt 0.564135 0.025000
vt 0.600000 0.044521
vt 0.564261 0.100000
vt 0.572081 0.025000
vt 0.600000 0.051948
vt 0.525000 0.055627
vt 0.600000 0.056554
vt 0.557962 0.100000
vt 0.557054 0.100000
vt 0.577206 0.025000
vt 0.600000 0.057246
vt 0.560739 0.025000
vt 0.552919 0.100000
vt 0.525000 0.073052
vt 0.600000 0.069373
vt 0.525000 0.068446
vt 0.567038 0.025000
vt 0.600000 0.054655
vt 0.525000 0.057246
vt 0.547794 0.025000
vt 0.600000 0.055627
vt 0.525000 0.056554
vt 0.548440 0.025000
vt 0.560739 0.100000
vt 0.552919 0.025000
vt 0.600000 0.062104
vt 0.600000 0.072549
vt 0.525000 0.044521
vt 0.560865 0.025000
vt 0.525000 0.069373
vt 0.600000 0.068446
vt 0.576560 0.100000
vt 0.600000 0.083660
vt 0.525000 0.069641
vt 0.580000 0.025000
vt 0.525000 0.043092
vt 0.600000 0.041340
vt 0.525000 0.055359
vt 0.535351 0.025000
vt 0.557286 0.100000
vt 0.547106 0.025000
vt 0.600000 0.067646
vt 0.581908 0.025000
vt 0.567714 0.100000
vt 0.577894 0.025000
vt 0.600000 0.041744
vt 0.525000 0.041340
vt 0.600000 0.055359
vt 0.545000 0.100000
vt 0.600000 0.081908
vt 0.525000 0.083660
vt 0.600000 0.069641
vt 0.589649 0.100000
vt 0.567714 0.025000
vt 0.577894 0.100000
vt 0.525000 0.057354
vt 0.543092 0.100000
vt 0.557286 0.025000
vt 0.547106 0.100000
vt 0.525000 0.083256
vt 0.581442 0.025000
vt 0.600000 0.052452
vt 0.581442 0.100000
vt 0.555369 0.100000
vt 0.569631 0.100000
vt 0.543558 0.100000
vt 0.525000 0.052452
vt 0.543558 0.025000
vt 0.569631 0.025000
vt 0.555369 0.025000
vt 0.650000 0.074180
vt 0.725000 0.055164
vt 0.681767 0.100000
vt 0.650683 0.100000
vt 0.692462 0.025366
vt 0.725000 0.025000
vt 0.775549 0.100000
vt 0.775000 0.036265
vt 0.850000 0.025000
vt 0.600000 0.057591
vt 0.597779 0.100000
vt 0.527154 0.100000
vt 0.525000 0.057300
vt 0.600000 0.092878
vt 0.525000 0.040611
vt 0.584639 0.025000
vt 0.600000 0.087423
vt 0.525000 0.046631
vt 0.567118 0.025000
vt 0.529263 0.025809
vt 0.600000 0.089837
vt 0.525000 0.040835
vt 0.600000 0.070121
vt 0.530026 0.100000
vt 0.650000 0.074586
vt 0.725000 0.054793
vt 0.682148 0.100000
vt 0.650000 0.067840
vt 0.725000 0.025022
vt 0.650284 0.100000
vt 0.789848 0.100000
vt 0.775000 0.044677
vt 0.600000 0.063957
vt 0.596028 0.100000
vt 0.594256 0.025000
vt 0.600000 0.056362
vt 0.525000 0.092903
vt 0.592618 0.025000
vt 0.530720 0.100000
vt 0.585267 0.025000
vt 0.600000 0.081155
vt 0.583297 0.100000
vt 0.532678 0.025000
vt 0.600000 0.048265
vt 0.590254 0.100000
vt 0.527004 0.025291
vt 0.696290 0.100000
vt 0.682799 0.025000
vt 0.725000 0.070832
vt 0.692001 0.098891
vt 0.651491 0.025000
vt 0.725000 0.100000
vt 0.350000 0.100000
vt 0.275000 0.085375
vt 0.280679 0.025000
vt 0.525000 0.066340
vt 0.527475 0.025000
vt 0.597828 0.025000
vt 0.600000 0.067618
vt 0.528581 0.100000
vt 0.588445 0.025000
vt 0.600000 0.095037
vt 0.534335 0.100000
vt 0.581631 0.025000
vt 0.600000 0.073269
vt 0.592990 0.100000
vt 0.525000 0.027249
vt 0.600000 0.088675
vt 0.525000 0.050944
vt 0.597846 0.025000
vt 0.702098 0.100000
vt 0.677503 0.025000
vt 0.725000 0.065410
vt 0.695699 0.100000
vt 0.650000 0.025000
vt 0.725000 0.096353
vt 0.850000 0.099169
vt 0.786461 0.100000
vt 0.775000 0.025000
vt 0.525000 0.064510
vt 0.527945 0.025000
vt 0.595861 0.025000
vt 0.600000 0.060539
vt 0.600000 0.039810
vt 0.529319 0.100000
vt 0.596605 0.025000
vt 0.537395 0.100000
vt 0.525000 0.038078
vt 0.525000 0.085046
vt 0.600000 0.030939
vt 0.580641 0.100000
vt 0.525000 0.092179
vt 0.594114 0.025324
vt 0.804134 0.025000
vt 0.816815 0.100000
vt 0.775000 0.053802
vt 0.850000 0.069135
vt 0.848311 0.100000
vt 0.850000 0.041796
vt 0.840620 0.100000
vt 0.580468 0.099930
vt 0.600000 0.097331
vt 0.559435 0.100000
vt 0.596382 0.025000
vt 0.536596 0.100000
vt 0.525000 0.030078
vt 0.590688 0.025000
vt 0.543346 0.100000
vt 0.525000 0.051685
vt 0.525000 0.091862
vt 0.598916 0.100000
vt 0.533414 0.100000
vt 0.576596 0.025000
vt 0.600000 0.099566
vt 0.674278 0.025000
vt 0.696242 0.100000
vt 0.650000 0.058233
vt 0.680309 0.025000
vt 0.650000 0.027348
vt 0.841315 0.027853
vt 0.850000 0.100000
vt 0.565427 0.100000
vt 0.525000 0.097296
vt 0.541515 0.099554
vt 0.548155 0.025000
vt 0.591871 0.100000
vt 0.525000 0.099729
vt 0.600000 0.091683
vt 0.526599 0.100000
vt 0.600000 0.041386
vt 0.525000 0.092637
vt 0.547580 0.025000
vt 0.600000 0.034544
vt 0.525896 0.098173
vt 0.822586 0.025000
vt 0.797804 0.100000
vt 0.775000 0.065311
vt 0.847083 0.059286
vt 0.775000 0.096257
vt 0.350000 0.025000
vt 0.338356 0.100000
vt 0.275000 0.098905
vt 0.531849 0.026403
vt 0.525000 0.027689
vt 0.565486 0.025000
vt 0.531199 0.025227
vt 0.600000 0.092291
vt 0.525000 0.030847
vt 0.600000 0.085138
vt 0.544145 0.100000
vt 0.600000 0.033927
vt 0.528309 0.025000
vt 0.592944 0.025333
vt 0.547219 0.100000
vt 0.725000 0.049656
vt 0.650000 0.070898
vt 0.692132 0.025000
vt 0.725000 0.055997
vt 0.650000 0.100000
vt 0.723462 0.025000
vt 0.843854 0.025000
vt 0.850000 0.085089
vt 0.775000 0.100000
vt 0.558436 0.025000
vt 0.600000 0.027420
vt 0.525000 0.025909
vt 0.573983 0.025000
vt 0.576465 0.100000
vt 0.533564 0.025000
vt 0.600000 0.025520
vt 0.525000 0.032955
vt 0.599449 0.025000
vt 0.543399 0.025000
vt 0.590637 0.100000
vt 0.525000 0.073211
vt 0.536596 0.025000
vt 0.596382 0.100000
vt 0.525000 0.094920
vt 0.650000 0.064751
vt 0.725000 0.063760
vt 0.673913 0.100000
vt 0.698378 0.025000
vt 0.725000 0.032948
vt 0.275000 0.100000
vt 0.292807 0.025000
vt 0.350000 0.036221
vt 0.554810 0.025000
vt 0.600000 0.026617
vt 0.529328 0.100000
vt 0.525000 0.065011
vt 0.584410 0.100000
vt 0.525000 0.029003
vt 0.600000 0.097022
vt 0.525000 0.036976
vt 0.588020 0.025000
vt 0.540262 0.025000
vt 0.593755 0.100000
vt 0.525000 0.079933
vt 0.533029 0.025000
vt 0.599495 0.094703
vt 0.684687 0.100000
vt 0.699000 0.025000
vt 0.725000 0.059737
vt 0.650000 0.068015
vt 0.725000 0.028444
vt 0.652991 0.100000
vt 0.775975 0.033413
vt 0.600000 0.075127
vt 0.591874 0.100000
vt 0.533679 0.100000
vt 0.525000 0.076014
vt 0.525000 0.063896
vt 0.600000 0.048338
vt 0.590665 0.100000
vt 0.525000 0.080347
vt 0.599889 0.035506
vt 0.600000 0.049190
vt 0.525000 0.084147
vt 0.566678 0.025000
vt 0.599212 0.094179
vt 0.525000 0.046063
vt 0.703341 0.100000
vt 0.681115 0.025000
vt 0.725000 0.061534
vt 0.725000 0.092242
vt 0.650746 0.059578
vt 0.779388 0.094585
vt 0.600000 0.079644
vt 0.588517 0.100000
vt 0.589378 0.025000
vt 0.600000 0.046340
vt 0.525000 0.074812
vt 0.600000 0.035624
vt 0.598400 0.100000
vt 0.526168 0.100000
vt 0.590797 0.025000
vt 0.600000 0.091821
vt 0.591883 0.100000
vt 0.525104 0.025000
vt 0.600000 0.029515
vt 0.600000 0.087600
vt 0.525000 0.051713
vt 0.597449 0.025000
vt 0.725000 0.065447
vt 0.650000 0.050838
vt 0.684871 0.025000
vt 0.725000 0.096812
vt 0.650000 0.056832
vt 0.653244 0.025000
vt 0.276602 0.092094
vt 0.275000 0.025000
vt 0.525000 0.049656
vt 0.533258 0.025000
vt 0.592035 0.025000
vt 0.600000 0.050144
vt 0.600000 0.069279
vt 0.525000 0.067141
vt 0.541957 0.025000
vt 0.525000 0.046290
vt 0.600000 0.070262
vt 0.574289 0.100000
vt 0.600000 0.084886
vt 0.525000 0.049168
vt 0.597926 0.025000
vt 0.600000 0.074045
vt 0.525000 0.063352
vt 0.588758 0.025000
vt 0.725000 0.062800
vt 0.650000 0.054054
vt 0.682294 0.025000
vt 0.694499 0.100000
vt 0.650975 0.025000
vt 0.725000 0.094371
vt 0.850000 0.097849
vt 0.785750 0.100000
vt 0.525000 0.048800
vt 0.533801 0.025000
vt 0.589946 0.025000
vt 0.600000 0.047047
vt 0.600000 0.056999
vt 0.525000 0.081443
vt 0.531153 0.025000
vt 0.600000 0.035182
vt 0.528818 0.099159
vt 0.525000 0.094536
vt 0.595404 0.025000
vt 0.537596 0.100000
vt 0.573119 0.025000
vt 0.600000 0.097342
vt 0.673526 0.025000
vt 0.692349 0.100000
vt 0.650000 0.061824
vt 0.650000 0.030860
vt 0.725000 0.066562
vt 0.724223 0.100000
vt 0.847761 0.032371
vt 0.525000 0.043692
vt 0.538162 0.025000
vt 0.600000 0.091663
vt 0.575473 0.100000
vt 0.600000 0.048133
vt 0.525000 0.091769
vt 0.525377 0.025000
vt 0.597380 0.025000
vt 0.535687 0.100000
vt 0.525000 0.037807
vt 0.543429 0.100000
vt 0.572584 0.025000
vt 0.600000 0.096199
vt 0.551163 0.100000
vt 0.561469 0.025000
vt 0.600000 0.088600
vt 0.676200 0.025000
vt 0.690149 0.100000
vt 0.650000 0.059573
vt 0.650000 0.028145
vt 0.725000 0.068195
vt 0.721712 0.100000
vt 0.847394 0.032053
vt 0.551101 0.100000
vt 0.525000 0.092574
vt 0.600000 0.092224
vt 0.574528 0.100000
vt 0.569371 0.025000
vt 0.567034 0.100000
vt 0.525000 0.082946
vt 0.563681 0.025000
vt 0.570076 0.100000
vt 0.525000 0.088914
vt 0.554103 0.100000
vt 0.562124 0.025000
vt 0.600000 0.089515
vt 0.557620 0.100000
vt 0.555926 0.025000
vt 0.600000 0.083259
vt 0.650000 0.063658
vt 0.725000 0.069173
vt 0.694061 0.100000
vt 0.679626 0.025000
vt 0.650000 0.032161
vt 0.775000 0.031220
vt 0.836492 0.025000
vt 0.549487 0.100000
vt 0.525000 0.091639
vt 0.525000 0.031355
vt 0.553251 0.025000
vt 0.563685 0.025000
vt 0.573656 0.100000
vt 0.525000 0.088462
vt 0.552696 0.025000
vt 0.581286 0.100000
vt 0.525000 0.096044
vt 0.596283 0.027831
vt 0.538000 0.100000
vt 0.582793 0.025000
vt 0.555840 0.100000
vt 0.525000 0.030319
vt 0.725000 0.053314
vt 0.650000 0.063409
vt 0.692127 0.025000
vt 0.725000 0.057928
vt 0.650000 0.094988
vt 0.723483 0.025000
vt 0.840588 0.100000
vt 0.775000 0.099679
vt 0.568412 0.025000
vt 0.600000 0.029995
vt 0.525000 0.033574
vt 0.549149 0.025000
vt 0.549453 0.025000
vt 0.590232 0.100000
vt 0.525000 0.098845
vt 0.600000 0.093123
vt 0.525360 0.100000
vt 0.576596 0.025000
vt 0.557291 0.100000
vt 0.525000 0.031680
vt 0.570681 0.025000
vt 0.566239 0.100000
vt 0.525000 0.038893
vt 0.725000 0.050842
vt 0.650000 0.065443
vt 0.690132 0.025000
vt 0.721762 0.025000
vt 0.681862 0.100000
vt 0.650000 0.096806
vt 0.848434 0.092066
vt 0.575224 0.025000
vt 0.600000 0.033184
vt 0.525000 0.031792
vt 0.552330 0.025000
vt 0.556581 0.100000
vt 0.556857 0.025000
vt 0.600000 0.041059
vt 0.563573 0.100000
vt 0.552624 0.025000
vt 0.600000 0.034439
vt 0.571831 0.100000
vt 0.544752 0.025000
vt 0.600000 0.072302
vt 0.566803 0.025000
vt 0.569570 0.100000
vt 0.525000 0.042265
vt 0.725000 0.055162
vt 0.650000 0.061889
vt 0.693558 0.025000
vt 0.679484 0.100000
vt 0.650000 0.092656
vt 0.346098 0.094121
vt 0.574861 0.025000
vt 0.600000 0.032968
vt 0.536765 0.100000
vt 0.525000 0.079946
vt 0.563321 0.100000
vt 0.549007 0.025000
vt 0.600000 0.034811
vt 0.575933 0.100000
vt 0.540010 0.025000
vt 0.600000 0.027021
vt 0.534501 0.025000
vt 0.598540 0.100000
vt 0.525000 0.090856
vt 0.525000 0.035133
vt 0.600000 0.075233
vt 0.526344 0.100000
vt 0.683495 0.100000
vt 0.700448 0.025000
vt 0.725000 0.060946
vt 0.650000 0.067455
vt 0.725000 0.029374
vt 0.652099 0.100000
vt 0.782816 0.026711
vt 0.600000 0.076435
vt 0.591042 0.100000
vt 0.533254 0.100000
vt 0.525000 0.075339
vt 0.579100 0.100000
vt 0.530630 0.025876
vt 0.583314 0.025000
vt 0.550040 0.100000
vt 0.525000 0.067957
vt 0.526132 0.033131
vt 0.600000 0.082674
vt 0.525000 0.047077
vt 0.600000 0.064979
vt 0.533460 0.100000
vt 0.650000 0.074523
vt 0.725000 0.062232
vt 0.687479 0.100000
vt 0.650000 0.068462
vt 0.725000 0.030157
vt 0.655602 0.100000
vt 0.778584 0.028592
vt 0.600000 0.083016
vt 0.586490 0.100000
vt 0.538403 0.100000
vt 0.525000 0.082924
vt 0.525000 0.050365
vt 0.600000 0.064635
vt 0.578337 0.100000
vt 0.583219 0.025000
vt 0.549457 0.100000
vt 0.525000 0.070514
vt 0.600000 0.060425
vt 0.525000 0.072617
vt 0.582986 0.025000
vt 0.525000 0.063509
vt 0.600000 0.051318
vt 0.545525 0.100000
vt 0.650000 0.070168
vt 0.725000 0.065553
vt 0.684258 0.100000
vt 0.650000 0.065931
vt 0.725000 0.034224
vt 0.651925 0.100000
vt 0.782060 0.025000
vt 0.850000 0.025278
vt 0.600000 0.084048
vt 0.585204 0.100000
vt 0.578743 0.025000
vt 0.600000 0.037295
vt 0.525000 0.058103
vt 0.600000 0.055497
vt 0.586500 0.100000
vt 0.565040 0.025000
vt 0.568265 0.100000
vt 0.525000 0.089209
vt 0.600000 0.036025
vt 0.525000 0.096201
vt 0.542836 0.025000
vt 0.600000 0.074550
vt 0.525000 0.062623
vt 0.590142 0.025000
vt 0.703178 0.100000
vt 0.684444 0.025000
vt 0.725000 0.059645
vt 0.725000 0.091018
vt 0.650000 0.058919
vt 0.652121 0.025000
vt 0.781771 0.099925
vt 0.525000 0.039292
vt 0.542287 0.025000
vt 0.585326 0.025000
vt 0.600000 0.041044
vt 0.525000 0.062442
vt 0.600000 0.050373
vt 0.590194 0.100000
vt 0.525000 0.029579
vt 0.600000 0.088169
vt 0.545178 0.100000
vt 0.600000 0.082916
vt 0.525000 0.050878
vt 0.597438 0.025000
vt 0.600000 0.069245
vt 0.525000 0.067116
vt 0.586300 0.025000
vt 0.699279 0.100000
vt 0.687418 0.025000
vt 0.725000 0.062707
vt 0.693243 0.100000
vt 0.655509 0.025000
vt 0.725000 0.094751
vt 0.278448 0.096273
vt 0.525000 0.042021
vt 0.538466 0.025000
vt 0.586569 0.025000
vt 0.600000 0.042052
vt 0.600000 0.074312
vt 0.525000 0.060746
vt 0.546273 0.025000
vt 0.525000 0.050495
vt 0.600000 0.066528
vt 0.581147 0.100000
vt 0.550465 0.025000
vt 0.582244 0.100000
vt 0.525000 0.053082
vt 0.600000 0.061114
vt 0.525000 0.074001
vt 0.579099 0.025000
vt 0.700727 0.100000
vt 0.686313 0.025000
vt 0.725000 0.061592
vt 0.725000 0.093828
vt 0.650000 0.057170
vt 0.654604 0.025000
vt 0.850000 0.098060
vt 0.783379 0.100000
vt 0.525000 0.041255
vt 0.539401 0.025000
vt 0.583368 0.025000
vt 0.600000 0.039691
vt 0.600000 0.067662
vt 0.525000 0.068600
vt 0.539208 0.025000
vt 0.600000 0.052390
vt 0.525000 0.081352
vt 0.528288 0.025000
vt 0.540012 0.025000
vt 0.592348 0.100000
vt 0.525000 0.071668
vt 0.551616 0.100000
vt 0.561389 0.025000
vt 0.600000 0.089346
vt 0.671933 0.025000
vt 0.690471 0.100000
vt 0.650000 0.065265
vt 0.679704 0.025000
vt 0.722790 0.100000
vt 0.650000 0.033873
vt 0.343358 0.025233
vt 0.548085 0.100000
vt 0.525000 0.091635
vt 0.600000 0.085998
vt 0.583427 0.100000
vt 0.600000 0.062531
vt 0.525000 0.074659
vt 0.534785 0.025000
vt 0.531911 0.100000
vt 0.585755 0.025000
vt 0.600000 0.073491
vt 0.561211 0.100000
vt 0.555634 0.025000
vt 0.600000 0.085863
vt 0.564076 0.100000
vt 0.550837 0.025000
vt 0.600000 0.078907
vt 0.675745 0.025000
vt 0.687564 0.100000
vt 0.650000 0.062275
vt 0.650000 0.030223
vt 0.725000 0.068421
vt 0.719465 0.100000
vt 0.846524 0.028700
vt 0.542600 0.100000
vt 0.525000 0.087182
vt 0.600000 0.087184
vt 0.582398 0.100000
vt 0.579065 0.025000
vt 0.555134 0.100000
vt 0.525000 0.072429
vt 0.542518 0.100000
vt 0.574780 0.025000
vt 0.600000 0.053418
vt 0.525000 0.066063
vt 0.600000 0.050945
vt 0.543403 0.100000
vt 0.569869 0.100000
vt 0.545932 0.025000
vt 0.600000 0.072425
vt 0.673810 0.025000
vt 0.689040 0.100000
vt 0.650000 0.063771
vt 0.680976 0.025000
vt 0.720747 0.100000
vt 0.650000 0.031543
vt 0.775000 0.028089
vt 0.840741 0.025000
vt 0.541591 0.100000
vt 0.525000 0.086020
vt 0.525000 0.035756
vt 0.544757 0.025000
vt 0.573993 0.025000
vt 0.561124 0.100000
vt 0.525000 0.079110
vt 0.569096 0.025000
vt 0.564068 0.100000
vt 0.525000 0.086086
vt 0.525000 0.088380
vt 0.600000 0.029374
vt 0.580424 0.100000
vt 0.571910 0.025000
vt 0.564859 0.100000
vt 0.525000 0.036698
vt 0.725000 0.052441
vt 0.650000 0.061271
vt 0.689000 0.025000
vt 0.720707 0.025000
vt 0.681001 0.100000
vt 0.650000 0.093500
vt 0.840839 0.100000
vt 0.775000 0.097040
vt 0.576768 0.025000
vt 0.600000 0.033277
vt 0.525000 0.038989
vt 0.541583 0.025000
vt 0.564729 0.025000
vt 0.572064 0.100000
vt 0.525000 0.088413
vt 0.600000 0.095399
vt 0.525000 0.036854
vt 0.579756 0.025000
vt 0.563955 0.025000
vt 0.569205 0.100000
vt 0.525000 0.039003
vt 0.561043 0.025000
vt 0.574062 0.100000
vt 0.525000 0.045972
vt 0.725000 0.050526
vt 0.650000 0.062731
vt 0.687558 0.025000
vt 0.719456 0.025000
vt 0.681779 0.100000
vt 0.650000 0.094786
vt 0.846512 0.096312
vt 0.582377 0.025000
vt 0.600000 0.037793
vt 0.525000 0.037841
vt 0.542579 0.025000
vt 0.545907 0.100000
vt 0.569899 0.025000
vt 0.600000 0.052612
vt 0.600000 0.074222
vt 0.525000 0.058765
vt 0.543568 0.025000
vt 0.574690 0.100000
vt 0.542607 0.025000
vt 0.600000 0.071706
vt 0.555165 0.025000
vt 0.579039 0.100000
vt 0.525000 0.052533
vt 0.816042 0.025000
vt 0.796185 0.100000
vt 0.775000 0.059126
vt 0.850000 0.059313
vt 0.775000 0.090384
vt 0.848389 0.025000
vt 0.842473 0.100000
vt 0.775000 0.099141
vt 0.583336 0.025000
vt 0.600000 0.038890
vt 0.545642 0.100000
vt 0.525000 0.087436
vt 0.551557 0.100000
vt 0.563227 0.025000
vt 0.600000 0.045246
vt 0.600000 0.040143
vt 0.526806 0.094022
vt 0.586934 0.100000
vt 0.530771 0.025000
vt 0.600000 0.048534
vt 0.525000 0.050592
vt 0.600000 0.062256
vt 0.534954 0.100000
vt 0.686221 0.100000
vt 0.700847 0.025000
vt 0.725000 0.063502
vt 0.654513 0.100000
vt 0.693863 0.025000
vt 0.725000 0.031267
vt 0.783614 0.025000
vt 0.850000 0.027244
vt 0.600000 0.085427
vt 0.583179 0.100000
vt 0.539480 0.100000
vt 0.525000 0.083807
vt 0.561038 0.100000
vt 0.552031 0.025000
vt 0.600000 0.035944
vt 0.592624 0.025000
vt 0.539726 0.100000
vt 0.525000 0.052662
vt 0.525000 0.043179
vt 0.600000 0.073063
vt 0.528067 0.100000
vt 0.525000 0.056202
vt 0.600000 0.057505
vt 0.539051 0.100000
vt 0.689295 0.100000
vt 0.700125 0.025000
vt 0.725000 0.066527
vt 0.656803 0.100000
vt 0.693624 0.025000
vt 0.725000 0.034393
vt 0.777243 0.025000
vt 0.850000 0.027308
vt 0.600000 0.087584
vt 0.580097 0.100000
vt 0.546727 0.100000
vt 0.525000 0.088386
vt 0.525000 0.047976
vt 0.600000 0.067905
vt 0.575336 0.100000
vt 0.525000 0.056197
vt 0.600000 0.061034
vt 0.586327 0.100000
vt 0.600000 0.046768
vt 0.525000 0.085233
vt 0.567488 0.025000
vt 0.525000 0.074940
vt 0.600000 0.042083
vt 0.558658 0.100000
vt 0.775000 0.064464
vt 0.850000 0.071889
vt 0.809207 0.100000
vt 0.776277 0.100000
vt 0.822158 0.025000
vt 0.850000 0.041321
vt 0.786068 0.025000
vt 0.850000 0.037981
vt 0.600000 0.089119
vt 0.576353 0.100000
vt 0.573836 0.025000
vt 0.600000 0.035058
vt 0.525000 0.050986
vt 0.600000 0.064312
vt 0.579107 0.100000
vt 0.554204 0.025000
vt 0.579247 0.100000
vt 0.525000 0.095596
vt 0.597658 0.027549
vt 0.536614 0.100000
vt 0.600000 0.061138
vt 0.525000 0.073636
vt 0.579549 0.025000
vt 0.725000 0.057729
vt 0.650000 0.054053
vt 0.688566 0.025000
vt 0.725000 0.089692
vt 0.650000 0.058619
vt 0.655966 0.025000
vt 0.850000 0.096354
vt 0.778480 0.100000
vt 0.525000 0.036192
vt 0.547799 0.025000
vt 0.579782 0.025000
vt 0.600000 0.037269
vt 0.600000 0.083989
vt 0.525000 0.048781
vt 0.560580 0.025000
vt 0.525000 0.036795
vt 0.600000 0.081342
vt 0.562220 0.100000
vt 0.557025 0.025000
vt 0.575434 0.100000
vt 0.525000 0.044734
vt 0.600000 0.057943
vt 0.525000 0.076313
vt 0.576270 0.025000
vt 0.697088 0.100000
vt 0.691458 0.025000
vt 0.725000 0.060638
vt 0.725000 0.093221
vt 0.650000 0.056361
vt 0.659419 0.025000
vt 0.775000 0.099503
vt 0.775498 0.025000
vt 0.525000 0.037511
vt 0.544704 0.025000
vt 0.579569 0.025000
vt 0.600000 0.037172
vt 0.600000 0.078477
vt 0.525000 0.055360
vt 0.551664 0.025000
vt 0.600000 0.071589
vt 0.525000 0.061048
vt 0.541033 0.025000
vt 0.543125 0.025000
vt 0.588714 0.100000
vt 0.525000 0.063773
vt 0.600000 0.052277
vt 0.525000 0.081060
vt 0.569444 0.025000
vt 0.698064 0.100000
vt 0.690763 0.025000
vt 0.725000 0.059950
vt 0.725000 0.092571
vt 0.650000 0.056776
vt 0.658735 0.025000
vt 0.850000 0.095408
vt 0.779329 0.100000
vt 0.525000 0.036426
vt 0.547193 0.025000
vt 0.600000 0.083126
vt 0.585951 0.100000
vt 0.600000 0.074543
vt 0.525000 0.060055
vt 0.546523 0.025000
vt 0.525000 0.075402
vt 0.600000 0.040933
vt 0.597762 0.100000
vt 0.532057 0.025000
vt 0.599288 0.100000
vt 0.525000 0.093725
vt 0.562687 0.100000
vt 0.552348 0.025000
vt 0.600000 0.080668
vt 0.775000 0.068680
vt 0.850000 0.068968
vt 0.812794 0.100000
vt 0.804870 0.025000
vt 0.845551 0.100000
vt 0.775000 0.037079
vt 0.775000 0.031355
vt 0.844138 0.025000
vt 0.541642 0.100000
vt 0.525000 0.086651
vt 0.600000 0.079624
vt 0.587803 0.100000
vt 0.586251 0.025000
vt 0.546081 0.100000
vt 0.525000 0.060004
vt 0.528359 0.100000
vt 0.590173 0.025000
vt 0.600000 0.084032
vt 0.525000 0.047872
vt 0.600000 0.068772
vt 0.530450 0.100000
vt 0.571170 0.100000
vt 0.545241 0.025000
vt 0.600000 0.071460
vt 0.677093 0.025000
vt 0.684126 0.100000
vt 0.650000 0.064940
vt 0.650000 0.032477
vt 0.725000 0.068193
vt 0.716314 0.100000
vt 0.850000 0.025091
vt 0.849912 0.100000
vt 0.538100 0.100000
vt 0.525000 0.081464
vt 0.600000 0.080955
vt 0.587163 0.100000
vt 0.584455 0.025000
vt 0.548225 0.100000
vt 0.525000 0.063552
vt 0.584468 0.025000
vt 0.547569 0.100000
vt 0.525000 0.068715
vt 0.576571 0.100000
vt 0.541353 0.025000
vt 0.600000 0.069980
vt 0.576246 0.100000
vt 0.540988 0.025000
vt 0.600000 0.064378
vt 0.677635 0.025000
vt 0.683739 0.100000
vt 0.650000 0.064557
vt 0.682972 0.025000
vt 0.715701 0.100000
vt 0.650000 0.031892
vt 0.775000 0.027731
vt 0.847361 0.025000
vt 0.537223 0.100000
vt 0.525000 0.079680
vt 0.600000 0.087007
vt 0.583040 0.100000
vt 0.579457 0.025000
vt 0.554191 0.100000
vt 0.525000 0.071913
vt 0.556485 0.100000
vt 0.560733 0.025000
vt 0.600000 0.038444
vt 0.525000 0.087669
vt 0.600000 0.030751
vt 0.576772 0.100000
vt 0.578930 0.100000
vt 0.538740 0.025000
vt 0.600000 0.059983
vt 0.725000 0.051127
vt 0.650000 0.059814
vt 0.684374 0.025000
vt 0.716419 0.025000
vt 0.682513 0.100000
vt 0.650000 0.092421
vt 0.845256 0.100000
vt 0.775000 0.094938
vt 0.538894 0.100000
vt 0.525000 0.082871
vt 0.525000 0.044874
vt 0.537430 0.025000
vt 0.573040 0.025000
vt 0.561849 0.100000
vt 0.525000 0.080231
vt 0.600000 0.099203
vt 0.525000 0.032146
vt 0.593379 0.025000
vt 0.553422 0.100000
vt 0.563470 0.025000
vt 0.600000 0.091489
vt 0.555935 0.025000
vt 0.577995 0.100000
vt 0.525000 0.050988
vt 0.850000 0.049825
vt 0.775000 0.060741
vt 0.808437 0.025000
vt 0.840444 0.025000
vt 0.808137 0.100000
vt 0.775000 0.093349
vt 0.349543 0.025000
vt 0.350000 0.099543
vt 0.586215 0.025000
vt 0.600000 0.042313
vt 0.525000 0.044850
vt 0.537442 0.025000
vt 0.539776 0.100000
vt 0.577693 0.025000
vt 0.600000 0.062926
vt 0.600000 0.081404
vt 0.525000 0.050776
vt 0.551816 0.025000
vt 0.550251 0.025000
vt 0.581906 0.100000
vt 0.525000 0.052502
vt 0.549962 0.025000
vt 0.582999 0.100000
vt 0.525000 0.058802
vt 0.725000 0.054504
vt 0.650000 0.057408
vt 0.686746 0.025000
vt 0.725000 0.058873
vt 0.650000 0.089293
vt 0.719387 0.025000
vt 0.345978 0.100000
vt 0.275000 0.095754
vt 0.587840 0.025000
vt 0.600000 0.045457
vt 0.525000 0.039676
vt 0.540554 0.025000
vt 0.544136 0.100000
vt 0.572490 0.025000
vt 0.600000 0.055246
vt 0.600000 0.060924
vt 0.525000 0.072214
vt 0.533135 0.025000
vt 0.587951 0.100000
vt 0.530481 0.025000
vt 0.600000 0.047470
vt 0.546264 0.025000
vt 0.586098 0.100000
vt 0.525000 0.064681
vt 0.689957 0.100000
vt 0.699195 0.025000
vt 0.725000 0.065857
vt 0.650000 0.067645
vt 0.725000 0.033333
vt 0.657822 0.100000
vt 0.281603 0.025000
vt 0.350000 0.032237
vt 0.586652 0.025000
vt 0.600000 0.043077
vt 0.548569 0.100000
vt 0.525000 0.089091
vt 0.550468 0.100000
vt 0.564931 0.025000
vt 0.600000 0.046509
vt 0.600000 0.029382
vt 0.529416 0.100000
vt 0.599423 0.091385
vt 0.525000 0.042608
vt 0.525000 0.064337
vt 0.600000 0.050966
vt 0.545918 0.100000
vt 0.650000 0.075364
vt 0.725000 0.064124
vt 0.691700 0.100000
vt 0.650000 0.068838
vt 0.725000 0.031469
vt 0.659754 0.100000
vt 0.275001 0.100000
vt 0.275000 0.025006
vt 0.600000 0.088400
vt 0.578239 0.100000
vt 0.544912 0.100000
vt 0.525000 0.087588
vt 0.525000 0.042044
vt 0.600000 0.074987
vt 0.566272 0.100000
vt 0.592131 0.025000
vt 0.539548 0.100000
vt 0.525000 0.053740
vt 0.525000 0.060973
vt 0.600000 0.056255
vt 0.538627 0.100000
vt 0.525000 0.067872
vt 0.600000 0.048004
vt 0.549628 0.100000
vt 0.694382 0.100000
vt 0.696163 0.025000
vt 0.725000 0.065963
vt 0.650000 0.069075
vt 0.725000 0.032935
vt 0.662139 0.100000
vt 0.779093 0.100000
vt 0.850000 0.025457
vt 0.600000 0.090617
vt 0.570130 0.100000
vt 0.554583 0.100000
vt 0.525000 0.090545
vt 0.525000 0.040616
vt 0.600000 0.076915
vt 0.563006 0.100000
vt 0.525000 0.045101
vt 0.600000 0.072899
vt 0.575000 0.100000
vt 0.525000 0.072258
vt 0.600000 0.045710
vt 0.549241 0.100000
vt 0.525000 0.076436
vt 0.600000 0.041015
vt 0.561247 0.100000
vt 0.650000 0.069163
vt 0.725000 0.070708
vt 0.689670 0.100000
vt 0.656421 0.100000
vt 0.695070 0.025000
vt 0.725000 0.038880
vt 0.279722 0.025000
vt 0.350000 0.034548
vt 0.600000 0.090830
vt 0.569257 0.100000
vt 0.564433 0.100000
vt 0.525000 0.092493
vt 0.525000 0.043934
vt 0.600000 0.072936
vt 0.568803 0.100000
vt 0.572351 0.025000
vt 0.560045 0.100000
vt 0.525000 0.083129
vt 0.600000 0.038848
vt 0.525000 0.092490
vt 0.552587 0.025000
vt 0.525000 0.082707
vt 0.600000 0.035784
vt 0.572407 0.100000
vt 0.706274 0.100000
vt 0.687675 0.025000
vt 0.725000 0.052207
vt 0.696542 0.100000
vt 0.654181 0.025000
vt 0.725000 0.083280
vt 0.850000 0.085944
vt 0.783523 0.100000
vt 0.600000 0.093144
vt 0.555883 0.100000
vt 0.567101 0.025000
vt 0.600000 0.033686
vt 0.600000 0.091290
vt 0.525000 0.039807
vt 0.577812 0.025000
vt 0.525000 0.026561
vt 0.600000 0.092413
vt 0.534120 0.100000
vt 0.569508 0.025000
vt 0.563360 0.100000
vt 0.525000 0.034856
vt 0.600000 0.052665
vt 0.525000 0.080565
vt 0.569603 0.025000
vt 0.698357 0.100000
vt 0.692926 0.025000
vt 0.725000 0.057598
vt 0.725000 0.090333
vt 0.650000 0.057063
vt 0.660304 0.025000
vt 0.850000 0.097090
vt 0.776643 0.025000
vt 0.525000 0.034038
vt 0.556307 0.025000
vt 0.570804 0.025000
vt 0.600000 0.034555
vt 0.600000 0.085696
vt 0.525000 0.046513
vt 0.564562 0.025000
vt 0.600000 0.081765
vt 0.525000 0.050136
vt 0.552467 0.025000
vt 0.600000 0.054657
vt 0.525000 0.077470
vt 0.577908 0.025000
vt 0.600000 0.049882
vt 0.525000 0.082885
vt 0.565739 0.025000
vt 0.693812 0.100000
vt 0.695941 0.025000
vt 0.725000 0.060555
vt 0.689974 0.100000
vt 0.664175 0.025000
vt 0.725000 0.093825
vt 0.775000 0.099015
vt 0.780543 0.025000
vt 0.525000 0.034436
vt 0.554658 0.025000
vt 0.565227 0.025000
vt 0.600000 0.033308
vt 0.600000 0.081737
vt 0.525000 0.051259
vt 0.557295 0.025000
vt 0.525000 0.056873
vt 0.600000 0.060510
vt 0.586710 0.100000
vt 0.600000 0.047577
vt 0.525000 0.084197
vt 0.568970 0.025000
vt 0.600000 0.044246
vt 0.525000 0.087588
vt 0.556412 0.025000
vt 0.790089 0.025000
vt 0.814737 0.100000
vt 0.775000 0.075377
vt 0.775000 0.045458
vt 0.850000 0.060846
vt 0.848396 0.100000
vt 0.275000 0.044802
vt 0.337153 0.025000
vt 0.525000 0.032833
vt 0.562407 0.025000
vt 0.600000 0.072329
vt 0.590029 0.100000
vt 0.600000 0.080445
vt 0.525000 0.052808
vt 0.555209 0.025000
vt 0.525000 0.076037
vt 0.600000 0.040340
vt 0.597845 0.100000
vt 0.525000 0.041815
vt 0.600000 0.074635
vt 0.527771 0.100000
vt 0.571629 0.100000
vt 0.545025 0.025000
vt 0.600000 0.070519
vt 0.650000 0.067959
vt 0.725000 0.073308
vt 0.682630 0.100000
vt 0.650000 0.035352
vt 0.725000 0.067486
vt 0.715380 0.100000
vt 0.775000 0.028957
vt 0.849406 0.100000
vt 0.536103 0.100000
vt 0.525000 0.075863
vt 0.600000 0.070446
vt 0.590537 0.100000
vt 0.589593 0.025000
vt 0.541841 0.100000
vt 0.525000 0.051661
vt 0.591130 0.025000
vt 0.540279 0.100000
vt 0.525000 0.055851
vt 0.578861 0.100000
vt 0.539437 0.025000
vt 0.600000 0.066765
vt 0.579412 0.100000
vt 0.538532 0.025000
vt 0.600000 0.058844
vt 0.680803 0.025000
vt 0.679314 0.100000
vt 0.650000 0.064691
vt 0.650000 0.031457
vt 0.725000 0.070047
vt 0.711163 0.100000
vt 0.850000 0.025973
vt 0.844470 0.100000
vt 0.534405 0.100000
vt 0.525000 0.070217
vt 0.600000 0.076547
vt 0.588645 0.100000
vt 0.586100 0.025000
vt 0.546028 0.100000
vt 0.525000 0.059610
vt 0.585005 0.025000
vt 0.546728 0.100000
vt 0.525000 0.067687
vt 0.585202 0.100000
vt 0.533412 0.025000
vt 0.600000 0.054784
vt 0.583386 0.100000
vt 0.535218 0.025000
vt 0.600000 0.051184
vt 0.650000 0.065006
vt 0.725000 0.077759
vt 0.679639 0.100000
vt 0.684513 0.025000
vt 0.711606 0.100000
vt 0.650000 0.031832
vt 0.775000 0.029533
vt 0.849983 0.100000
vt 0.534970 0.100000
vt 0.525000 0.072325
vt 0.525000 0.052323
vt 0.535071 0.025000
vt 0.579980 0.025000
vt 0.553365 0.100000
vt 0.525000 0.070511
vt 0.576493 0.100000
vt 0.539860 0.025000
vt 0.600000 0.026960
vt 0.536299 0.100000
vt 0.579876 0.025000
vt 0.600000 0.099420
vt 0.553827 0.025000
vt 0.579595 0.100000
vt 0.525000 0.053903
vt 0.725000 0.046191
vt 0.650000 0.060690
vt 0.678919 0.025000
vt 0.725000 0.054668
vt 0.650000 0.093978
vt 0.710640 0.025000
vt 0.844603 0.025000
vt 0.850000 0.099158
vt 0.587662 0.025000
vt 0.600000 0.046067
vt 0.525000 0.055154
vt 0.534313 0.025000
vt 0.534729 0.100000
vt 0.583972 0.025000
vt 0.600000 0.075074
vt 0.531947 0.100000
vt 0.586744 0.025000
vt 0.600000 0.073849
vt 0.568633 0.100000
vt 0.549155 0.025000
vt 0.600000 0.079687
vt 0.547598 0.025000
vt 0.584791 0.100000
vt 0.525000 0.062773
vt 0.681796 0.025000
vt 0.677061 0.100000
vt 0.650000 0.057874
vt 0.725000 0.056842
vt 0.650000 0.090670
vt 0.714351 0.025000
vt 0.847852 0.025000
vt 0.775000 0.097594
vt 0.590350 0.025000
vt 0.600000 0.053837
vt 0.525000 0.050617
vt 0.535597 0.025000
vt 0.537739 0.100000
vt 0.580363 0.025000
vt 0.600000 0.067864
vt 0.538191 0.100000
vt 0.580173 0.025000
vt 0.600000 0.060390
vt 0.541414 0.025000
vt 0.590053 0.100000
vt 0.525000 0.066751
vt 0.542440 0.025000
vt 0.589094 0.100000
vt 0.525000 0.072105
vt 0.686554 0.025000
vt 0.669887 0.100000
vt 0.650000 0.053018
vt 0.725000 0.060961
vt 0.650000 0.084402
vt 0.719966 0.025000
vt 0.842924 0.100000
vt 0.775000 0.087715
vt 0.590577 0.025000
vt 0.600000 0.054712
vt 0.572528 0.100000
vt 0.525000 0.093545
vt 0.542151 0.100000
vt 0.575074 0.025000
vt 0.600000 0.059196
vt 0.600000 0.060170
vt 0.525000 0.072864
vt 0.532848 0.025000
vt 0.596671 0.100000
vt 0.525000 0.032963
vt 0.540711 0.025000
vt 0.590535 0.100000
vt 0.525000 0.075768
vt 0.650000 0.078934
vt 0.725000 0.064227
vt 0.696167 0.100000
vt 0.664474 0.100000
vt 0.689778 0.025000
vt 0.725000 0.030929
vt 0.780112 0.100000
vt 0.775000 0.025562
vt 0.600000 0.092359
vt 0.561424 0.100000
vt 0.555537 0.100000
vt 0.525000 0.090780
vt 0.525000 0.036038
vt 0.600000 0.082403
vt 0.553213 0.100000
vt 0.599621 0.025000
vt 0.531344 0.100000
vt 0.525000 0.029352
vt 0.600000 0.068421
vt 0.525000 0.064393
vt 0.589447 0.025000
vt 0.525000 0.073042
vt 0.600000 0.043847
vt 0.556339 0.100000
vt 0.650000 0.077400
vt 0.725000 0.068142
vt 0.693057 0.100000
vt 0.659926 0.100000
vt 0.694177 0.025000
vt 0.725000 0.034891
vt 0.776910 0.025000
vt 0.850000 0.026585
vt 0.600000 0.092751
vt 0.551224 0.100000
vt 0.587005 0.100000
vt 0.525000 0.094012
vt 0.525000 0.038278
vt 0.600000 0.079373
vt 0.557995 0.100000
vt 0.582126 0.025000
vt 0.550084 0.100000
vt 0.525000 0.073517
vt 0.525000 0.081158
vt 0.600000 0.036906
vt 0.561067 0.100000
vt 0.525000 0.084713
vt 0.600000 0.033796
vt 0.577764 0.100000
vt 0.712731 0.100000
vt 0.686862 0.025000
vt 0.725000 0.050294
vt 0.725000 0.081023
vt 0.650000 0.061968
vt 0.652562 0.025000
vt 0.350000 0.083158
vt 0.288990 0.100000
vt 0.600000 0.094375
vt 0.532893 0.100000
vt 0.541058 0.025000
vt 0.600000 0.031234
vt 0.600000 0.097542
vt 0.525000 0.032734
vt 0.598888 0.025000
vt 0.539296 0.025000
vt 0.594883 0.098216
vt 0.578386 0.025000
vt 0.555068 0.100000
vt 0.525000 0.029399
vt 0.600000 0.047222
vt 0.525000 0.085384
vt 0.560743 0.025000
vt 0.850000 0.058661
vt 0.775000 0.044633
vt 0.819889 0.025000
vt 0.817541 0.100000
vt 0.787336 0.025000
vt 0.850000 0.092375
vt 0.775000 0.097760
vt 0.776934 0.025000
vt 0.525000 0.031689
vt 0.578952 0.025000
vt 0.550541 0.025000
vt 0.600000 0.032169
vt 0.600000 0.089554
vt 0.525000 0.042253
vt 0.573491 0.025000
vt 0.600000 0.086067
vt 0.525000 0.045962
vt 0.557458 0.025000
vt 0.544175 0.025000
vt 0.587776 0.100000
vt 0.525000 0.060472
vt 0.600000 0.044352
vt 0.525000 0.087792
vt 0.555659 0.025000
vt 0.725000 0.063295
vt 0.650000 0.037011
vt 0.699883 0.025000
vt 0.687584 0.100000
vt 0.669638 0.025000
vt 0.725000 0.097865
vt 0.275000 0.091298
vt 0.284475 0.025000
vt 0.525000 0.032011
vt 0.575867 0.025000
vt 0.600000 0.063247
vt 0.590920 0.100000
vt 0.600000 0.085753
vt 0.525000 0.046782
vt 0.564997 0.025000
vt 0.525000 0.055347
vt 0.600000 0.061870
vt 0.586520 0.100000
vt 0.526776 0.030147
vt 0.600000 0.085675
vt 0.600000 0.037258
vt 0.525000 0.093746
vt 0.539778 0.025000
vt 0.666806 0.025000
vt 0.685380 0.100000
vt 0.650000 0.071691
vt 0.677956 0.025000
vt 0.719296 0.100000
vt 0.650000 0.039627
vt 0.775000 0.034713
vt 0.841112 0.025000
vt 0.586559 0.100000
vt 0.525000 0.029420
vt 0.600000 0.049422
vt 0.592957 0.100000
vt 0.596278 0.025000
vt 0.534241 0.100000
vt 0.525000 0.031058
vt 0.525000 0.080578
vt 0.599919 0.035479
vt 0.525000 0.060009
vt 0.600000 0.057126
vt 0.537111 0.100000
vt 0.580173 0.100000
vt 0.537607 0.025000
vt 0.600000 0.056546
vt 0.650000 0.065280
vt 0.725000 0.082109
vt 0.679007 0.100000
vt 0.683486 0.025000
vt 0.711152 0.100000
vt 0.650000 0.031333
vt 0.850000 0.029211
vt 0.845913 0.100000
vt 0.532988 0.100000
vt 0.525000 0.056817
vt 0.600000 0.056868
vt 0.592004 0.100000
vt 0.593101 0.025000
vt 0.538027 0.100000
vt 0.525000 0.041783
vt 0.593506 0.025000
vt 0.538181 0.100000
vt 0.525000 0.051800
vt 0.586845 0.100000
vt 0.531469 0.025000
vt 0.600000 0.051735
vt 0.586991 0.100000
vt 0.531884 0.025000
vt 0.600000 0.041736
vt 0.650000 0.061379
vt 0.725000 0.088526
vt 0.674749 0.100000
vt 0.687826 0.025000
vt 0.704757 0.100000
vt 0.650000 0.026754
vt 0.850000 0.033755
vt 0.840456 0.100000
vt 0.532047 0.100000
vt 0.525000 0.049463
vt 0.525000 0.064234
vt 0.533621 0.025000
vt 0.587299 0.025000
vt 0.544939 0.100000
vt 0.525000 0.056752
vt 0.555981 0.100000
vt 0.561206 0.025000
vt 0.600000 0.037981
vt 0.525000 0.090365
vt 0.600000 0.028103
vt 0.583442 0.100000
vt 0.590781 0.100000
vt 0.528704 0.025000
vt 0.600000 0.030992
vt 0.850000 0.037149
vt 0.775000 0.063211
vt 0.800212 0.025000
vt 0.830514 0.025000
vt 0.812313 0.100000
vt 0.775000 0.097768
vt 0.840571 0.025000
vt 0.850000 0.091334
vt 0.534197 0.100000
vt 0.525000 0.063839
vt 0.525000 0.075751
vt 0.532024 0.025000
vt 0.528954 0.100000
vt 0.590483 0.025000
vt 0.600000 0.093079
vt 0.525362 0.100000
vt 0.593232 0.025000
vt 0.600000 0.093964
vt 0.566050 0.100000
vt 0.551350 0.025000
vt 0.600000 0.083081
vt 0.543706 0.025000
vt 0.588335 0.100000
vt 0.525000 0.070576
vt 0.725000 0.044935
vt 0.650000 0.058477
vt 0.680301 0.025000
vt 0.712919 0.025000
vt 0.682285 0.100000
vt 0.650000 0.092148
vt 0.848452 0.025000
vt 0.850000 0.098125
vt 0.592451 0.025000
vt 0.600000 0.071361
vt 0.525000 0.064456
vt 0.533583 0.025000
vt 0.533006 0.100000
vt 0.585654 0.025000
vt 0.600000 0.079960
vt 0.600000 0.078797
vt 0.525000 0.053567
vt 0.547281 0.025000
vt 0.536417 0.025000
vt 0.595192 0.100000
vt 0.525000 0.077972
vt 0.536837 0.025000
vt 0.594099 0.100000
vt 0.525000 0.086354
vt 0.688589 0.025000
vt 0.661527 0.100000
vt 0.650000 0.049785
vt 0.725000 0.062488
vt 0.650000 0.080256
vt 0.722932 0.025000
vt 0.335220 0.100000
vt 0.275000 0.081947
vt 0.592602 0.025000
vt 0.600000 0.072556
vt 0.589875 0.100000
vt 0.525000 0.094222
vt 0.540585 0.100000
vt 0.576624 0.025000
vt 0.600000 0.062381
vt 0.600000 0.060265
vt 0.525000 0.072950
vt 0.532144 0.025000
vt 0.600000 0.076059
vt 0.525000 0.057293
vt 0.594480 0.025000
vt 0.534188 0.025000
vt 0.596322 0.100000
vt 0.525000 0.094108
vt 0.650000 0.086388
vt 0.725000 0.062679
vt 0.698798 0.100000
vt 0.667934 0.100000
vt 0.688740 0.025000
vt 0.725000 0.028262
vt 0.783534 0.100000
vt 0.775000 0.032959
vt 0.600000 0.094287
vt 0.534189 0.100000
vt 0.573965 0.100000
vt 0.525000 0.092773
vt 0.525000 0.033244
vt 0.600000 0.085372
vt 0.545711 0.100000
vt 0.525000 0.036271
vt 0.600000 0.081822
vt 0.562714 0.100000
vt 0.600000 0.058598
vt 0.525000 0.073986
vt 0.582766 0.025000
vt 0.525000 0.079049
vt 0.600000 0.038549
vt 0.566431 0.100000
vt 0.676705 0.025000
vt 0.675742 0.100000
vt 0.650000 0.065247
vt 0.684075 0.025000
vt 0.707702 0.100000
vt 0.650000 0.029825
vt 0.905736 0.100000
vt 0.900000 0.033824
vt 0.975000 0.025000
vt 0.562172 0.025000
vt 0.600000 0.095867
vt 0.525000 0.096077
vt 0.559970 0.025000
vt 0.525000 0.031319
vt 0.600000 0.086649
vt 0.538596 0.100000
vt 0.591979 0.025000
vt 0.540727 0.100000
vt 0.525000 0.056334
vt 0.525000 0.082753
vt 0.600000 0.034498
vt 0.565392 0.100000
vt 0.525000 0.087210
vt 0.600000 0.030839
vt 0.587838 0.100000
vt 0.718417 0.025000
vt 0.653509 0.084618
vt 0.650000 0.044642
vt 0.717258 0.034715
vt 0.660917 0.100000
vt 0.900000 0.025000
vt 0.975000 0.060990
vt 0.906484 0.100000
vt 0.564791 0.025000
vt 0.600000 0.096060
vt 0.600000 0.028316
vt 0.573189 0.100000
vt 0.525000 0.033610
vt 0.600000 0.083962
vt 0.544968 0.100000
vt 0.556075 0.025000
vt 0.577704 0.100000
vt 0.525000 0.095452
vt 0.525000 0.091960
vt 0.600000 0.025559
vt 0.591294 0.100000
vt 0.528620 0.098619
vt 0.580815 0.025000
vt 0.725000 0.027991
vt 0.650000 0.063382
vt 0.671447 0.025000
vt 0.725000 0.047233
vt 0.650000 0.099400
vt 0.700818 0.025000
vt 0.975000 0.100000
vt 0.900000 0.095227
vt 0.900793 0.025000
vt 0.548732 0.100000
vt 0.525000 0.028084
vt 0.600000 0.029524
vt 0.556783 0.100000
vt 0.600000 0.095757
vt 0.525000 0.035919
vt 0.592893 0.025000
vt 0.600000 0.092299
vt 0.525000 0.040397
vt 0.569417 0.025000
vt 0.546911 0.025000
vt 0.585975 0.100000
vt 0.525000 0.056947
vt 0.600000 0.039709
vt 0.525000 0.092523
vt 0.541912 0.025000
vt 0.725000 0.067002
vt 0.652484 0.042588
vt 0.692460 0.025000
vt 0.722603 0.068619
vt 0.650000 0.069245
vt 0.900000 0.082441
vt 0.918951 0.025000
vt 0.567492 0.100000
vt 0.525000 0.029471
vt 0.594183 0.100000
vt 0.525000 0.038432
vt 0.600000 0.091235
vt 0.525000 0.041220
vt 0.579626 0.025000
vt 0.525000 0.051701
vt 0.600000 0.065035
vt 0.583632 0.100000
vt 0.600000 0.036045
vt 0.525000 0.096523
vt 0.544027 0.025000
vt 0.600000 0.030660
vt 0.533703 0.100000
vt 0.841156 0.100000
vt 0.814738 0.025000
vt 0.850000 0.050165
vt 0.825066 0.100000
vt 0.779409 0.025000
vt 0.850000 0.082109
vt 0.346440 0.025566
vt 0.533253 0.100000
vt 0.525000 0.042885
vt 0.595339 0.100000
vt 0.525000 0.054877
vt 0.600000 0.039340
vt 0.528573 0.100000
vt 0.600000 0.034105
vt 0.528731 0.100000
vt 0.525000 0.069795
vt 0.600000 0.047080
vt 0.546050 0.100000
vt 0.588049 0.100000
vt 0.530123 0.025000
vt 0.600000 0.034950
vt 0.679436 0.100000
vt 0.709310 0.029804
vt 0.725000 0.069781
vt 0.678552 0.096186
vt 0.684742 0.025000
vt 0.975000 0.041048
vt 0.958636 0.100000
vt 0.600000 0.056471
vt 0.529546 0.100000
vt 0.531717 0.025000
vt 0.600000 0.099824
vt 0.594015 0.025000
vt 0.537962 0.100000
vt 0.525000 0.037604
vt 0.547708 0.100000
vt 0.569147 0.025000
vt 0.600000 0.045359
vt 0.597292 0.096517
vt 0.525000 0.037809
vt 0.596963 0.100000
vt 0.525000 0.040773
vt 0.713355 0.090978
vt 0.671847 0.025000
vt 0.725000 0.051002
vt 0.650000 0.084359
vt 0.693274 0.100000
vt 0.956200 0.025000
vt 0.975000 0.082527
vt 0.900000 0.100000
vt 0.600000 0.037706
vt 0.530868 0.100000
vt 0.529436 0.025000
vt 0.600000 0.066997
vt 0.525000 0.082475
vt 0.597772 0.026675
vt 0.525000 0.081285
vt 0.599210 0.034566
vt 0.562369 0.100000
vt 0.554289 0.025000
vt 0.600000 0.085899
vt 0.540009 0.025000
vt 0.592267 0.100000
vt 0.525000 0.082384
vt 0.650000 0.081507
vt 0.725000 0.069881
vt 0.694362 0.100000
vt 0.650000 0.070562
vt 0.725000 0.035759
vt 0.660307 0.100000
vt 0.973206 0.025000
vt 0.975000 0.094364
vt 0.525000 0.077029
vt 0.594848 0.025000
vt 0.525000 0.097940
vt 0.531869 0.025000
vt 0.527976 0.100000
vt 0.590567 0.025000
vt 0.600000 0.097243
vt 0.600000 0.081555
vt 0.525000 0.051462
vt 0.550454 0.025000
vt 0.531554 0.025000
vt 0.525000 0.097068
vt 0.530324 0.025000
vt 0.600000 0.090386
vt 0.662051 0.091861
vt 0.725000 0.040269
vt 0.702027 0.100000
vt 0.663995 0.025000
vt 0.650000 0.076321
vt 0.921438 0.100000
vt 0.900000 0.043935
vt 0.525000 0.075363
vt 0.594965 0.025000
vt 0.525000 0.095960
vt 0.561565 0.025000
vt 0.542902 0.025000
vt 0.597883 0.097961
vt 0.525000 0.026004
vt 0.600000 0.091500
vt 0.535440 0.100000
vt 0.600000 0.064694
vt 0.525000 0.068708
vt 0.587506 0.025000
vt 0.525000 0.083870
vt 0.600000 0.033689
vt 0.579826 0.100000
vt 0.650000 0.055723
vt 0.664023 0.086280
vt 0.725000 0.085273
vt 0.687647 0.100000
vt 0.350000 0.054829
vt 0.308618 0.100000
vt 0.582880 0.100000
vt 0.525000 0.099701
vt 0.525000 0.027028
vt 0.575493 0.025000
vt 0.535408 0.025000
vt 0.600000 0.093600
vt 0.565548 0.100000
vt 0.549875 0.025000
vt 0.600000 0.029384
vt 0.525000 0.094820
vt 0.592715 0.025000
vt 0.539883 0.100000
vt 0.570727 0.025000
vt 0.600000 0.095707
vt 0.850000 0.027879
vt 0.775000 0.054384
vt 0.800440 0.025000
vt 0.850000 0.048749
vt 0.775000 0.091476
vt 0.834589 0.025000
vt 0.969213 0.025000
vt 0.975000 0.085254
vt 0.553049 0.025000
vt 0.600000 0.028059
vt 0.525000 0.027221
vt 0.574788 0.025000
vt 0.581346 0.100000
vt 0.527873 0.027753
vt 0.525000 0.033832
vt 0.600000 0.081477
vt 0.562581 0.100000
vt 0.541411 0.025000
vt 0.593288 0.100000
vt 0.525000 0.067111
vt 0.599358 0.028809
vt 0.541682 0.100000
vt 0.712953 0.040779
vt 0.650000 0.061271
vt 0.682396 0.025000
vt 0.708780 0.100000
vt 0.725000 0.067239
vt 0.975000 0.071512
vt 0.925564 0.100000
vt 0.549307 0.025000
vt 0.600000 0.026974
vt 0.599927 0.025000
vt 0.600000 0.084018
vt 0.600000 0.059107
vt 0.525000 0.079651
vt 0.533186 0.025000
vt 0.600000 0.059551
vt 0.525000 0.075026
vt 0.529438 0.025000
vt 0.575386 0.025000
vt 0.559190 0.100000
vt 0.525000 0.029248
vt 0.593579 0.100000
vt 0.525000 0.035353
vt 0.725000 0.070709
vt 0.712669 0.040152
vt 0.650000 0.038692
vt 0.691161 0.025000
vt 0.900000 0.068879
vt 0.945948 0.025000
vt 0.525000 0.083454
vt 0.525184 0.025000
vt 0.525227 0.039398
vt 0.600000 0.032975
vt 0.532365 0.100000
vt 0.525000 0.054802
vt 0.600000 0.060582
vt 0.588837 0.100000
vt 0.600000 0.073943
vt 0.525000 0.060638
vt 0.594980 0.025000
vt 0.600000 0.079384
vt 0.525000 0.059342
vt 0.591612 0.025000
vt 0.650000 0.094594
vt 0.725000 0.071646
vt 0.698450 0.100000
vt 0.650000 0.075042
vt 0.725000 0.035093
vt 0.663572 0.100000
vt 0.276804 0.100000
vt 0.275000 0.037190
vt 0.525000 0.030767
vt 0.597079 0.025000
vt 0.528054 0.025000
vt 0.600000 0.031988
vt 0.525000 0.072414
vt 0.600000 0.037975
vt 0.596961 0.100000
vt 0.600000 0.090174
vt 0.525000 0.044515
vt 0.560422 0.025000
vt 0.585759 0.100000
vt 0.529535 0.025000
vt 0.600000 0.052327
vt 0.525000 0.038299
vt 0.600000 0.072127
vt 0.528248 0.100000
vt 0.663951 0.086238
vt 0.725000 0.058777
vt 0.694509 0.100000
vt 0.664791 0.025000
vt 0.650000 0.062132
vt 0.900000 0.059864
vt 0.947202 0.025000
vt 0.599823 0.039668
vt 0.600000 0.099740
vt 0.541924 0.100000
vt 0.555757 0.025000
vt 0.583439 0.100000
vt 0.525000 0.094560
vt 0.535976 0.025000
vt 0.598516 0.095647
vt 0.525000 0.060420
vt 0.600000 0.054965
vt 0.536039 0.100000
vt 0.525000 0.093648
vt 0.589474 0.025000
vt 0.600000 0.047661
vt 0.561687 0.025000
vt 0.559908 0.025000
vt 0.553233 0.025000
vt 0.542994 0.025000
vt 0.565092 0.100000
vt 0.571767 0.100000
vt 0.525000 0.059978
vt 0.525000 0.070863
vt 0.525000 0.077339
vt 0.525000 0.078991
vt 0.600000 0.054137
vt 0.600000 0.046688
vt 0.570922 0.025000
vt 0.560507 0.025000
vt 0.554078 0.100000
vt 0.564493 0.100000
vt 0.525000 0.067174
vt 0.525000 0.078312
vt 0.600000 0.057826
vt 0.555579 0.025000
vt 0.560624 0.025000
vt 0.525000 0.064218
vt 0.525000 0.067792
vt 0.548475 0.025000
vt 0.600000 0.060782
vt 0.600000 0.057208
vt 0.525000 0.055334
vt 0.565851 0.100000
vt 0.569421 0.100000
vt 0.525000 0.067418
vt 0.559149 0.025000
vt 0.600000 0.061180
vt 0.556208 0.025000
vt 0.561189 0.025000
vt 0.560090 0.025000
vt 0.553292 0.025000
vt 0.563811 0.100000
vt 0.564910 0.100000
vt 0.525000 0.055904
vt 0.525000 0.062722
vt 0.525000 0.063820
vt 0.525000 0.058832
vt 0.600000 0.062278
vt 0.600000 0.065226
vt 0.556692 0.025000
vt 0.563148 0.025000
vt 0.564217 0.025000
vt 0.559548 0.025000
vt 0.561852 0.100000
vt 0.560783 0.100000
vt 0.525000 0.056190
vt 0.525000 0.060842
vt 0.525000 0.059774
vt 0.525000 0.053361
vt 0.600000 0.064158
vt 0.600000 0.068927
vt 0.559353 0.025000
vt 0.566701 0.025000
vt 0.569508 0.025000
vt 0.567094 0.025000
vt 0.558299 0.100000
vt 0.555492 0.100000
vt 0.525000 0.056464
vt 0.525000 0.058886
vt 0.525000 0.056073
vt 0.525000 0.048950
vt 0.600000 0.066114
vt 0.600000 0.073052
vt 0.525000 0.072549
vt 0.525000 0.062104
vt 0.576560 0.025000
vt 0.525000 0.054655
vt 0.600000 0.062896
vt 0.548440 0.100000
vt 0.567946 0.100000
vt 0.567038 0.100000
vt 0.525000 0.051948
vt 0.549565 0.100000
vt 0.557962 0.025000
vt 0.535351 0.100000
vt 0.525000 0.081908
vt 0.580000 0.100000
vt 0.525000 0.041744
vt 0.543092 0.025000
vt 0.525000 0.067646
vt 0.589649 0.025000
vt 0.600000 0.043092
vt 0.545000 0.025000
vt 0.600000 0.083256
vt 0.581908 0.100000
vt 0.600000 0.057354
vt 0.697421 0.025000
vt 0.650000 0.068218
vt 0.550891 0.100000
vt 0.559080 0.100000
vt 0.595809 0.025000
vt 0.590384 0.025000
vt 0.697004 0.025000
vt 0.692690 0.025000
vt 0.525055 0.033251
vt 0.525000 0.048102
vt 0.525000 0.073441
vt 0.525000 0.085485
vt 0.650000 0.049728
vt 0.650000 0.056039
vt 0.525000 0.043370
vt 0.525000 0.054269
vt 0.526752 0.093647
vt 0.532538 0.100000
vt 0.650000 0.055676
vt 0.652847 0.059232
vt 0.597486 0.098847
vt 0.600000 0.081408
vt 0.548503 0.025000
vt 0.534365 0.025000
vt 0.850000 0.075673
vt 0.808113 0.026282
vt 0.600000 0.081546
vt 0.600000 0.070767
vt 0.534210 0.025749
vt 0.525000 0.031295
vt 0.725000 0.070814
vt 0.723161 0.066511
vt 0.600000 0.031177
vt 0.590387 0.025590
vt 0.573977 0.100000
vt 0.586042 0.100000
vt 0.850000 0.055783
vt 0.804231 0.100000
vt 0.590923 0.025000
vt 0.576664 0.025000
vt 0.589049 0.099953
vt 0.600000 0.094286
vt 0.678786 0.100000
vt 0.683026 0.098850
vt 0.525000 0.093643
vt 0.533794 0.099089
vt 0.600000 0.054315
vt 0.600000 0.043456
vt 0.706036 0.025000
vt 0.655526 0.063311
vt 0.525435 0.097233
vt 0.542733 0.100000
vt 0.600000 0.049058
vt 0.600000 0.034907
vt 0.650000 0.073938
vt 0.693287 0.025000
vt 0.536929 0.025000
vt 0.532009 0.025000
vt 0.558508 0.100000
vt 0.529461 0.100000
vt 0.650000 0.055594
vt 0.695830 0.100000
vt 0.531264 0.025000
vt 0.525000 0.039951
vt 0.525000 0.087951
vt 0.531960 0.100000
vt 0.698776 0.100000
vt 0.693135 0.100000
vt 0.582489 0.100000
vt 0.552477 0.025000
vt 0.533749 0.100000
vt 0.538327 0.100000
vt 0.701908 0.100000
vt 0.650000 0.058299
vt 0.590401 0.100000
vt 0.596280 0.100000
vt 0.529311 0.027261
vt 0.525000 0.032038
vt 0.725000 0.071403
vt 0.680382 0.025000
vt 0.594632 0.100000
vt 0.600000 0.081382
vt 0.525000 0.035118
vt 0.525000 0.038442
vt 0.725000 0.074138
vt 0.681892 0.025000
vt 0.600000 0.042583
vt 0.600000 0.040890
vt 0.525000 0.040414
vt 0.525000 0.042353
vt 0.671445 0.025000
vt 0.724711 0.065780
vt 0.600000 0.038542
vt 0.600000 0.035241
vt 0.600000 0.095405
vt 0.600000 0.091012
vt 0.673796 0.100000
vt 0.680827 0.100000
vt 0.600000 0.030938
vt 0.591244 0.026006
vt 0.600000 0.087601
vt 0.600000 0.084732
vt 0.676220 0.100000
vt 0.725000 0.056835
vt 0.525000 0.083146
vt 0.525000 0.085415
vt 0.525000 0.054051
vt 0.600000 0.082262
vt 0.672056 0.100000
vt 0.724569 0.059330
vt 0.525000 0.087723
vt 0.525000 0.091291
vt 0.600000 0.040716
vt 0.593923 0.025000
vt 0.650000 0.072470
vt 0.693823 0.025000
vt 0.525000 0.095609
vt 0.600000 0.057494
vt 0.593897 0.025000
vt 0.588713 0.025000
vt 0.699198 0.025000
vt 0.693185 0.025000
vt 0.545359 0.025000
vt 0.600000 0.054925
vt 0.544925 0.100000
vt 0.580483 0.025000
vt 0.703422 0.025000
vt 0.695473 0.025000
vt 0.539315 0.025000
vt 0.600000 0.039936
vt 0.577118 0.100000
vt 0.536618 0.100000
vt 0.650000 0.054572
vt 0.695351 0.100000
vt 0.536580 0.025000
vt 0.575240 0.025000
vt 0.533337 0.100000
vt 0.539464 0.100000
vt 0.650000 0.050558
vt 0.650000 0.056595
vt 0.579929 0.100000
vt 0.546400 0.025000
vt 0.600000 0.071200
vt 0.544796 0.100000
vt 0.650000 0.052020
vt 0.693806 0.100000
vt 0.585160 0.100000
vt 0.591081 0.100000
vt 0.600000 0.056298
vt 0.525000 0.037209
vt 0.725000 0.070545
vt 0.725000 0.066149
vt 0.588435 0.100000
vt 0.525000 0.054836
vt 0.525000 0.042618
vt 0.525000 0.044938
vt 0.725000 0.074466
vt 0.681773 0.025000
vt 0.600000 0.049734
vt 0.525000 0.070931
vt 0.578962 0.025000
vt 0.525000 0.049738
vt 0.725000 0.072504
vt 0.725000 0.067599
vt 0.600000 0.044789
vt 0.600000 0.042439
vt 0.549277 0.025000
vt 0.600000 0.087018
vt 0.673863 0.100000
vt 0.725000 0.057374
vt 0.600000 0.037900
vt 0.549812 0.100000
vt 0.600000 0.082489
vt 0.600000 0.080151
vt 0.675753 0.100000
vt 0.725000 0.056574
vt 0.525000 0.075235
vt 0.578829 0.100000
vt 0.525000 0.053969
vt 0.600000 0.075293
vt 0.850000 0.055253
vt 0.804332 0.100000
vt 0.525000 0.080689
vt 0.595317 0.100000
vt 0.525000 0.072550
vt 0.588310 0.025000
vt 0.650000 0.072857
vt 0.650000 0.067771
vt 0.525000 0.087577
vt 0.600000 0.069240
vt 0.591258 0.025000
vt 0.585275 0.025000
vt 0.650000 0.071992
vt 0.650000 0.066966
vt 0.547136 0.025000
vt 0.541655 0.025000
vt 0.556911 0.100000
vt 0.571149 0.025000
vt 0.832267 0.025000
vt 0.775000 0.062536
vt 0.544319 0.025000
vt 0.600000 0.034148
vt 0.600000 0.096672
vt 0.543990 0.100000
vt 0.701147 0.100000
vt 0.694159 0.100000
vt 0.569714 0.100000
vt 0.561178 0.025000
vt 0.600000 0.078437
vt 0.546439 0.100000
vt 0.650000 0.049970
vt 0.691950 0.100000
vt 0.576371 0.100000
vt 0.581435 0.100000
vt 0.600000 0.063018
vt 0.551535 0.100000
vt 0.650000 0.050937
vt 0.692388 0.100000
vt 0.580210 0.100000
vt 0.532393 0.025000
vt 0.600000 0.038761
vt 0.525000 0.043154
vt 0.796944 0.025000
vt 0.850000 0.065249
vt 0.600000 0.058583
vt 0.525000 0.046611
vt 0.590005 0.025000
vt 0.525000 0.050029
vt 0.725000 0.074219
vt 0.682580 0.025000
vt 0.600000 0.055934
vt 0.600000 0.055918
vt 0.525000 0.054893
vt 0.525000 0.055317
vt 0.725000 0.074757
vt 0.725000 0.068567
vt 0.600000 0.049691
vt 0.525000 0.083531
vt 0.552490 0.025000
vt 0.525000 0.058599
vt 0.676745 0.100000
vt 0.725000 0.056872
vt 0.600000 0.043480
vt 0.539041 0.100000
vt 0.525000 0.037475
vt 0.600000 0.076877
vt 0.803059 0.100000
vt 0.850000 0.056279
vt 0.525000 0.067962
vt 0.572702 0.100000
vt 0.600000 0.072146
vt 0.600000 0.071042
vt 0.673414 0.100000
vt 0.680615 0.100000
vt 0.525000 0.073698
vt 0.587829 0.100000
vt 0.525000 0.073123
vt 0.600000 0.066652
vt 0.650000 0.072932
vt 0.692972 0.025000
vt 0.525000 0.080220
vt 0.598324 0.095377
vt 0.530072 0.100000
vt 0.580663 0.025000
vt 0.696748 0.025000
vt 0.691737 0.025000
vt 0.553902 0.025000
vt 0.600000 0.068045
vt 0.583383 0.025000
vt 0.577892 0.025000
vt 0.650000 0.076318
vt 0.691312 0.025000
vt 0.556188 0.025000
vt 0.550592 0.025000
vt 0.575025 0.025000
vt 0.569372 0.025000
vt 0.703267 0.025000
vt 0.650000 0.065168
vt 0.551844 0.025000
vt 0.600000 0.043978
vt 0.568826 0.100000
vt 0.561010 0.025000
vt 0.650000 0.058980
vt 0.650000 0.061699
vt 0.556961 0.100000
vt 0.583850 0.025000
vt 0.600000 0.086729
vt 0.551246 0.100000
vt 0.650000 0.050853
vt 0.692517 0.100000
vt 0.566888 0.100000
vt 0.572402 0.100000
vt 0.548227 0.100000
vt 0.554140 0.100000
vt 0.650000 0.046394
vt 0.650000 0.054769
vt 0.572332 0.100000
vt 0.541065 0.025000
vt 0.555498 0.100000
vt 0.561129 0.100000
vt 0.850000 0.062124
vt 0.801764 0.025000
vt 0.573895 0.100000
vt 0.532007 0.025000
vt 0.592492 0.025000
vt 0.525000 0.050559
vt 0.675804 0.025000
vt 0.682033 0.025000
vt 0.600000 0.064688
vt 0.600000 0.066170
vt 0.525000 0.057292
vt 0.525000 0.059307
vt 0.725000 0.078234
vt 0.684803 0.025000
vt 0.600000 0.058732
vt 0.600000 0.056542
vt 0.525000 0.067039
vt 0.525000 0.065046
vt 0.680314 0.025000
vt 0.725000 0.069800
vt 0.600000 0.050565
vt 0.525000 0.093153
vt 0.525000 0.030725
vt 0.600000 0.074874
vt 0.681399 0.100000
vt 0.685148 0.100000
vt 0.525000 0.059012
vt 0.525000 0.055005
vt 0.525000 0.046779
vt 0.600000 0.068229
vt 0.725000 0.050436
vt 0.682710 0.100000
vt 0.525000 0.064414
vt 0.525000 0.065956
vt 0.600000 0.060780
vt 0.600000 0.061236
vt 0.725000 0.057758
vt 0.679018 0.100000
vt 0.525000 0.070908
vt 0.588363 0.100000
vt 0.527312 0.098675
vt 0.600000 0.058493
vt 0.693472 0.025000
vt 0.650000 0.070393
vt 0.563525 0.025000
vt 0.600000 0.087729
vt 0.538838 0.100000
vt 0.573049 0.025000
vt 0.702541 0.025000
vt 0.650000 0.069201
vt 0.560137 0.025000
vt 0.600000 0.052066
vt 0.565183 0.025000
vt 0.556842 0.025000
vt 0.650000 0.058396
vt 0.699176 0.100000
vt 0.541097 0.100000
vt 0.600000 0.029071
vt 0.600000 0.090796
vt 0.558090 0.100000
vt 0.824528 0.100000
vt 0.775000 0.054261
vt 0.560027 0.100000
vt 0.568102 0.100000
vt 0.600000 0.065664
vt 0.561879 0.100000
vt 0.691314 0.100000
vt 0.650000 0.050534
vt 0.566359 0.100000
vt 0.541549 0.025000
vt 0.595921 0.025000
vt 0.573717 0.100000
vt 0.725000 0.071563
vt 0.725000 0.065986
vt 0.600000 0.080217
vt 0.530576 0.025000
vt 0.584557 0.025000
vt 0.525000 0.061218
vt 0.677288 0.025000
vt 0.725000 0.071616
vt 0.600000 0.072223
vt 0.600000 0.069630
vt 0.525000 0.069683
vt 0.525000 0.072258
vt 0.684293 0.025000
vt 0.725000 0.074725
vt 0.600000 0.061064
vt 0.525000 0.083854
vt 0.547087 0.025000
vt 0.525000 0.080266
vt 0.808531 0.100000
vt 0.850000 0.050600
vt 0.525000 0.045427
vt 0.525000 0.038578
vt 0.525000 0.044332
vt 0.600000 0.062200
vt 0.675160 0.100000
vt 0.725000 0.054415
vt 0.525000 0.055205
vt 0.576332 0.100000
vt 0.600000 0.051511
vt 0.600000 0.050439
vt 0.725000 0.059233
vt 0.675488 0.100000
vt 0.525000 0.068309
vt 0.588574 0.100000
vt 0.535112 0.100000
vt 0.600000 0.044660
vt 0.693099 0.025000
vt 0.650000 0.073701
vt 0.569295 0.025000
vt 0.560803 0.025000
vt 0.544587 0.100000
vt 0.565289 0.025000
vt 0.725000 0.090200
vt 0.725000 0.074771
vt 0.574921 0.025000
vt 0.600000 0.066422
vt 0.561188 0.025000
vt 0.549024 0.025000
vt 0.725000 0.087908
vt 0.570233 0.025000
vt 0.600000 0.035236
vt 0.540537 0.025000
vt 0.525000 0.028645
vt 0.684763 0.100000
vt 0.688957 0.100000
vt 0.545305 0.100000
vt 0.557979 0.100000
vt 0.600000 0.067920
vt 0.572481 0.100000
vt 0.669411 0.100000
vt 0.555065 0.100000
vt 0.544659 0.025000
vt 0.576234 0.100000
vt 0.593074 0.099771
vt 0.775000 0.052788
vt 0.775000 0.059496
vt 0.598106 0.098355
vt 0.596694 0.099706
vt 0.576608 0.025000
vt 0.525000 0.077603
vt 0.650000 0.042994
vt 0.600000 0.075651
vt 0.525000 0.077159
vt 0.529211 0.100000
vt 0.527323 0.099697
vt 0.672502 0.031166
vt 0.527970 0.025000
vt 0.530910 0.025000
vt 0.525000 0.042852
vt 0.600000 0.053037
vt 0.707481 0.025000
vt 0.695883 0.025000
vt 0.525000 0.042106
vt 0.573097 0.100000
vt 0.599193 0.035934
vt 0.599505 0.031072
vt 0.717188 0.041794
vt 0.600000 0.028120
vt 0.583080 0.025000
vt 0.541571 0.100000
vt 0.554918 0.025000
vt 0.690582 0.025000
vt 0.695975 0.027450
vt 0.594808 0.026611
vt 0.525000 0.087975
vt 0.526948 0.029034
vt 0.525000 0.034826
vt 0.787561 0.100000
vt 0.804058 0.100000
vt 0.525000 0.095456
vt 0.562557 0.025000
vt 0.600000 0.058816
vt 0.600000 0.096305
vt 0.650956 0.067434
vt 0.587393 0.100000
vt 0.587935 0.100000
vt 0.600000 0.088081
vt 0.526593 0.094759
vt 0.680266 0.100000
vt 0.676089 0.096516
vt 0.599166 0.092595
vt 0.542263 0.025000
vt 0.537514 0.100000
vt 0.537751 0.100000
vt 0.715165 0.025000
vt 0.697360 0.025000
vt 0.533930 0.025000
vt 0.563985 0.100000
vt 0.525000 0.070483
vt 0.590920 0.025000
vt 0.722615 0.054195
vt 0.600000 0.035645
vt 0.600000 0.029769
vt 0.582832 0.025000
vt 0.530084 0.026649
s 0
usemtl HoardAtlas
f 1/1/1 3/2/1 2/3/1
f 1/4/1 4/5/1 3/6/1
f 1/7/1 5/8/1 4/9/1
f 1/7/1 6/10/1 5/11/1
f 1/12/1 7/1/1 6/5/1
f 1/6/1 8/13/1 7/14/1
f 1/6/1 9/15/1 8/16/1
f 1/17/1 10/7/1 9/1/1
f 1/5/1 11/18/1 10/19/1
f 1/5/1 12/20/1 11/21/1
f 1/22/1 13/6/1 12/7/1
f 1/1/1 2/23/1 13/24/1
f 3/25/2 14/26/2 2/27/2
f 4/28/3 15/29/3 3/30/3
f 5/31/4 16/32/4 4/33/4
f 6/34/5 17/35/5 5/36/5
f 7/37/6 18/38/6 6/39/6
f 8/40/7 19/41/7 7/42/7
f 9/43/8 20/44/8 8/45/8
f 10/46/9 21/47/9 9/48/9
f 11/49/10 22/50/10 10/51/10
f 12/52/11 23/53/11 11/54/11
f 13/55/12 24/56/12 12/57/12
f 2/58/13 25/59/13 13/60/13
f 15/61/14 26/62/14 14/63/14
f 16/64/15 27/6/15 15/65/15
f 17/66/16 28/67/16 16/68/16
f 18/69/17 29/70/17 17/71/17
f 19/72/18 30/5/18 18/73/18
f 20/74/19 31/75/19 19/76/19
f 21/77/20 32/78/20 20/79/20
f 22/80/21 33/1/21 21/81/21
f 23/82/22 34/83/22 22/84/22
f 24/85/23 35/86/23 23/87/23
f 25/88/24 36/7/24 24/89/24
f 14/90/25 37/91/25 25/92/25
f 26/93/26 39/94/26 38/95/26
f 28/96/27 39/97/27 27/98/27
f 28/99/28 41/100/28 40/101/28
f 29/102/29 42/103/29 41/104/29
f 31/105/30 42/106/30 30/107/30
f 31/108/31 44/109/31 43/110/31
f 32/111/32 45/112/32 44/113/32
f 34/114/33 45/115/33 33/116/33
f 34/117/34 47/118/34 46/119/34
f 35/120/35 48/121/35 47/122/35
f 37/123/36 48/124/36 36/125/36
f 37/126/37 38/127/37 49/128/37
f 39/129/38 50/130/38 38/131/38
f 40/132/39 51/133/39 39/134/39
f 41/135/40 52/136/40 40/137/40
f 42/138/41 53/139/41 41/140/41
f 43/141/42 54/142/42 42/143/42
f 44/144/43 55/145/43 43/146/43
f 45/147/44 56/148/44 44/149/44
f 46/150/45 57/151/45 45/152/45
f 47/153/46 58/154/46 46/155/46
f 48/156/47 59/157/47 47/158/47
f 49/159/48 60/160/48 48/161/48
f 38/162/49 61/163/49 49/164/49
f 51/165/50 62/166/50 50/167/50
f 52/168/51 63/169/51 51/170/51
f 53/171/52 64/172/52 52/173/52
f 54/174/53 65/175/53 53/176/53
f 55/177/54 66/178/54 54/179/54
f 56/180/55 67/181/55 55/182/55
f 57/183/56 68/184/56 56/185/56
f 58/186/57 69/187/57 57/188/57
f 59/189/58 70/190/58 58/191/58
f 60/192/59 71/193/59 59/194/59
f 61/195/60 72/196/60 60/197/60
f 50/198/61 73/199/61 61/200/61
f 63/201/62 74/202/62 62/203/62
f 64/204/63 75/205/63 63/206/63
f 65/207/64 76/208/64 64/209/64
f 66/210/65 77/211/65 65/212/65
f 67/213/66 78/214/66 66/215/66
f 68/216/67 79/217/67 67/218/67
f 69/219/68 80/220/68 68/221/68
f 70/222/69 81/223/69 69/224/69
f 71/225/70 82/226/70 70/227/70
f 72/228/71 83/229/71 71/230/71
f 73/231/72 84/232/72 72/233/72
f 62/234/73 85/235/73 73/236/73
f 75/237/74 86/238/74 74/239/74
f 75/240/75 88/241/75 87/242/75
f 76/243/76 89/244/76 88/245/76
f 78/246/77 89/247/77 77/248/77
f 78/249/78 91/250/78 90/251/78
f 79/252/79 92/253/79 91/254/79
f 81/255/80 92/256/80 80/257/80
f 81/258/81 94/259/81 93/260/81
f 82/261/82 95/262/82 94/263/82
f 84/264/83 95/265/83 83/266/83
f 84/267/84 97/268/84 96/269/84
f 85/270/85 86/271/85 97/272/85
f 87/273/86 98/274/86 86/275/86
f 88/1/87 99/276/87 87/7/87
f 88/277/88 101/278/88 100/279/88
f 90/280/89 101/281/89 89/282/89
f 91/5/90 102/283/90 90/1/90
f 91/284/91 104/285/91 103/286/91
f 93/287/92 104/288/92 92/289/92
f 94/6/93 105/290/93 93/5/93
f 94/291/94 107/292/94 106/293/94
f 96/294/95 107/295/95 95/296/95
f 97/7/96 108/297/96 96/6/96
f 97/298/97 98/299/97 109/300/97
f 98/301/98 99/19/98 110/5/98
f 99/7/99 100/1/99 110/17/99
f 100/302/100 101/303/100 110/6/100
f 101/13/101 102/304/101 110/6/101
f 102/1/102 103/5/102 110/12/102
f 103/305/103 104/11/103 110/7/103
f 104/306/104 105/307/104 110/7/104
f 105/5/105 106/6/105 110/4/105
f 106/2/106 107/308/106 110/1/106
f 107/23/107 108/309/107 110/1/107
f 108/6/108 109/7/108 110/22/108
f 109/310/109 98/21/109 110/5/109
f 112/311/110 117/312/110 111/313/110
f 112/314/111 115/315/111 116/316/111
f 113/317/112 114/318/112 115/319/112
f 111/6/113 118/320/113 112/321/113
f 116/322/114 122/323/114 117/7/114
f 112/324/115 119/325/115 113/326/115
f 113/327/116 120/328/116 114/329/116
f 120/330/117 115/331/117 114/5/117
f 121/332/118 116/333/118 115/334/118
f 124/335/119 129/336/119 123/337/119
f 125/338/120 128/339/120 124/340/120
f 125/341/121 126/342/121 127/319/121
f 123/6/122 130/343/122 124/344/122
f 128/345/123 134/346/123 129/5/123
f 124/347/124 131/348/124 125/1/124
f 125/349/125 132/350/125 126/351/125
f 132/352/126 127/353/126 126/354/126
f 133/355/127 128/356/127 127/7/127
f 136/357/128 141/358/128 135/359/128
f 137/360/129 140/361/129 136/362/129
f 137/363/130 138/364/130 139/365/130
f 135/1/131 142/366/131 136/367/131
f 140/368/132 146/369/132 141/5/132
f 136/370/133 143/371/133 137/372/133
f 137/373/134 144/374/134 138/375/134
f 144/376/135 139/377/135 138/7/135
f 145/378/136 140/379/136 139/380/136
f 148/381/137 153/382/137 147/383/137
f 149/384/138 152/385/138 148/386/138
f 149/387/139 150/388/139 151/389/139
f 147/1/140 154/390/140 148/391/140
f 152/392/141 158/393/141 153/5/141
f 148/394/142 155/395/142 149/6/142
f 149/396/143 156/397/143 150/398/143
f 156/399/144 151/400/144 150/401/144
f 157/402/145 152/403/145 151/1/145
f 160/404/146 165/405/146 159/406/146
f 160/389/147 163/407/147 164/408/147
f 161/389/148 162/409/148 163/410/148
f 159/7/149 166/411/149 160/5/149
f 164/412/150 170/413/150 165/6/150
f 160/414/151 167/415/151 161/416/151
f 161/417/152 168/418/152 162/419/152
f 168/420/153 163/7/153 162/421/153
f 169/422/154 164/423/154 163/424/154
f 172/425/155 177/426/155 171/427/155
f 173/428/156 176/362/156 172/429/156
f 173/389/157 174/430/157 175/431/157
f 171/7/158 178/432/158 172/433/158
f 176/1/159 182/434/159 177/6/159
f 172/435/160 179/436/160 173/437/160
f 173/6/161 180/438/161 174/439/161
f 180/440/162 175/441/162 174/442/162
f 181/443/163 176/444/163 175/6/163
f 183/445/164 188/446/164 189/447/164
f 185/448/165 188/449/165 184/319/165
f 185/450/166 186/451/166 187/452/166
f 183/5/167 190/453/167 184/7/167
f 188/454/168 194/455/168 189/1/168
f 184/456/169 191/457/169 185/5/169
f 185/458/170 192/459/170 186/460/170
f 192/461/171 187/5/171 186/462/171
f 193/463/172 188/464/172 187/6/172
f 196/465/173 201/466/173 195/467/173
f 197/468/174 200/469/174 196/470/174
f 197/471/175 198/472/175 199/473/175
f 195/5/176 202/474/176 196/475/176
f 200/476/177 206/477/177 201/1/177
f 196/478/178 203/479/178 197/480/178
f 197/1/179 204/481/179 198/482/179
f 204/483/180 199/484/180 198/485/180
f 205/486/181 200/487/181 199/488/181
f 208/489/182 213/490/182 207/491/182
f 208/469/183 211/492/183 212/493/183
f 209/494/184 210/495/184 211/496/184
f 207/5/185 214/497/185 208/498/185
f 212/499/186 218/500/186 213/7/186
f 208/501/187 215/502/187 209/7/187
f 209/503/188 216/504/188 210/505/188
f 216/506/189 211/507/189 210/508/189
f 217/509/190 212/510/190 211/5/190
f 219/511/191 224/512/191 225/513/191
f 221/514/192 224/515/192 220/516/192
f 221/473/193 222/517/193 223/319/193
f 219/6/194 226/518/194 220/519/194
f 224/520/195 230/521/195 225/7/195
f 220/522/196 227/523/196 221/524/196
f 221/525/197 228/526/197 222/1/197
f 228/527/198 223/528/198 222/529/198
f 229/530/199 224/531/199 223/7/199
f 232/532/200 237/533/200 231/534/200
f 232/535/201 235/536/201 236/385/201
f 233/431/202 234/537/202 235/389/202
f 231/6/203 238/538/203 232/539/203
f 236/540/204 242/541/204 237/5/204
f 232/542/205 239/543/205 233/544/205
f 233/545/206 240/546/206 234/547/206
f 240/548/207 235/549/207 234/550/207
f 241/551/208 236/552/208 235/553/208
f 243/554/209 248/555/209 249/556/209
f 244/557/210 247/558/210 248/559/210
f 245/363/211 246/560/211 247/561/211
f 243/1/212 250/562/212 244/563/212
f 248/564/213 254/565/213 249/5/213
f 244/566/214 251/567/214 245/568/214
f 245/569/215 252/570/215 246/571/215
f 252/572/216 247/573/216 246/574/216
f 253/575/217 248/576/217 247/577/217
f 255/578/218 260/579/218 261/580/218
f 257/581/219 260/582/219 256/583/219
f 257/584/220 258/585/220 259/389/220
f 255/1/221 262/586/221 256/587/221
f 260/588/222 266/589/222 261/5/222
f 256/590/223 263/591/223 257/592/223
f 257/593/224 264/594/224 258/6/224
f 264/595/225 259/596/225 258/1/225
f 265/597/226 260/598/226 259/599/226
f 268/600/227 273/601/227 267/602/227
f 268/603/228 271/604/228 272/605/228
f 269/389/229 270/606/229 271/431/229
f 267/1/230 274/607/230 268/608/230
f 272/609/231 278/610/231 273/6/231
f 268/611/232 275/612/232 269/613/232
f 269/614/233 276/615/233 270/616/233
f 276/617/234 271/618/234 270/619/234
f 277/620/235 272/621/235 271/622/235
f 280/623/236 285/624/236 279/625/236
f 280/626/237 283/627/237 284/628/237
f 281/389/238 282/629/238 283/431/238
f 279/7/239 286/630/239 280/631/239
f 284/632/240 290/633/240 285/6/240
f 280/634/241 287/635/241 281/636/241
f 281/637/242 288/638/242 282/639/242
f 288/640/243 283/641/243 282/642/243
f 289/643/244 284/644/244 283/645/244
f 291/646/245 296/647/245 297/648/245
f 293/649/246 296/362/246 292/650/246
f 293/651/247 294/652/247 295/431/247
f 291/7/248 298/653/248 292/654/248
f 296/655/249 302/656/249 297/1/249
f 292/657/250 299/658/250 293/659/250
f 293/660/251 300/661/251 294/662/251
f 300/663/252 295/664/252 294/6/252
f 301/665/253 296/666/253 295/667/253
f 304/668/254 309/669/254 303/670/254
f 305/671/255 308/672/255 304/673/255
f 305/319/256 306/674/256 307/675/256
f 303/5/257 310/676/257 304/677/257
f 308/678/258 314/679/258 309/1/258
f 304/680/259 311/681/259 305/682/259
f 305/6/260 312/683/260 306/684/260
f 312/685/261 307/686/261 306/687/261
f 313/688/262 308/689/262 307/690/262
f 316/691/263 321/692/263 315/693/263
f 316/694/264 319/695/264 320/696/264
f 317/319/265 318/697/265 319/473/265
f 315/5/266 322/698/266 316/699/266
f 320/700/267 326/701/267 321/1/267
f 316/702/268 323/703/268 317/704/268
f 317/705/269 324/706/269 318/707/269
f 324/708/270 319/709/270 318/710/270
f 325/711/271 320/712/271 319/713/271
f 328/714/272 333/715/272 327/716/272
f 328/316/273 331/717/273 332/718/273
f 329/450/274 330/719/274 331/494/274
f 327/5/275 334/720/275 328/721/275
f 332/722/276 338/723/276 333/7/276
f 328/724/277 335/725/277 329/726/277
f 329/727/278 336/728/278 330/729/278
f 336/730/279 331/731/279 330/732/279
f 337/733/280 332/734/280 331/735/280
f 339/736/281 344/737/281 345/738/281
f 341/739/282 344/740/282 340/741/282
f 341/473/283 342/742/283 343/319/283
f 339/6/284 346/743/284 340/744/284
f 344/745/285 350/746/285 345/7/285
f 340/747/286 347/748/286 341/7/286
f 341/749/287 348/750/287 342/751/287
f 348/752/288 343/753/288 342/5/288
f 349/754/289 344/755/289 343/756/289
f 352/757/290 357/758/290 351/759/290
f 353/760/291 356/761/291 352/762/291
f 353/473/292 354/763/292 355/319/292
f 351/6/293 358/764/293 352/765/293
f 356/766/294 362/767/294 357/7/294
f 352/768/295 359/769/295 353/770/295
f 353/771/296 360/772/296 354/773/296
f 360/774/297 355/775/297 354/776/297
f 361/777/298 356/778/298 355/779/298
f 364/780/299 369/781/299 363/782/299
f 365/783/300 368/784/300 364/785/300
f 365/473/301 366/786/301 367/787/301
f 363/6/302 370/788/302 364/789/302
f 368/790/303 374/791/303 369/5/303
f 364/792/304 371/793/304 365/794/304
f 365/795/305 372/796/305 366/797/305
f 372/798/306 367/799/306 366/800/306
f 373/801/307 368/802/307 367/803/307
f 376/804/308 381/805/308 375/806/308
f 376/807/309 379/808/309 380/809/309
f 377/431/310 378/810/310 379/389/310
f 375/1/311 382/811/311 376/812/311
f 380/813/312 386/814/312 381/5/312
f 376/815/313 383/816/313 377/817/313
f 377/818/314 384/819/314 378/820/314
f 384/821/315 379/822/315 378/823/315
f 385/824/316 380/825/316 379/826/316
f 388/827/317 393/828/317 387/829/317
f 389/830/318 392/831/318 388/832/318
f 389/363/319 390/833/319 391/561/319
f 387/1/320 394/834/320 388/835/320
f 392/836/321 398/837/321 393/5/321
f 388/838/322 395/839/322 389/840/322
f 389/841/323 396/842/323 390/843/323
f 396/844/324 391/845/324 390/846/324
f 397/847/325 392/848/325 391/849/325
f 400/850/326 405/851/326 399/852/326
f 400/853/327 403/854/327 404/855/327
f 401/856/328 402/857/328 403/389/328
f 399/1/329 406/858/329 400/859/329
f 404/860/330 410/861/330 405/5/330
f 400/862/331 407/863/331 401/864/331
f 401/865/332 408/866/332 402/867/332
f 408/868/333 403/869/333 402/870/333
f 409/871/334 404/872/334 403/873/334
f 412/874/335 417/875/335 411/876/335
f 413/877/336 416/878/336 412/879/336
f 413/561/337 414/880/337 415/363/337
f 411/7/338 418/881/338 412/882/338
f 416/883/339 422/884/339 417/6/339
f 412/885/340 419/886/340 413/887/340
f 413/888/341 420/889/341 414/890/341
f 420/891/342 415/892/342 414/893/342
f 421/894/343 416/895/343 415/896/343
f 424/897/344 429/898/344 423/899/344
f 424/900/345 427/901/345 428/902/345
f 425/389/346 426/903/346 427/431/346
f 423/7/347 430/904/347 424/905/347
f 428/906/348 434/907/348 429/6/348
f 424/908/349 431/909/349 425/910/349
f 425/911/350 432/912/350 426/913/350
f 432/914/351 427/915/351 426/916/351
f 433/917/352 428/918/352 427/919/352
f 436/920/353 441/921/353 435/922/353
f 437/923/354 440/924/354 436/925/354
f 437/926/355 438/927/355 439/431/355
f 435/7/356 442/928/356 436/929/356
f 440/930/357 446/931/357 441/1/357
f 436/932/358 443/933/358 437/934/358
f 437/935/359 444/936/359 438/937/359
f 444/938/360 439/939/360 438/940/360
f 445/941/361 440/942/361 439/943/361
f 448/944/362 453/945/362 447/946/362
f 448/947/363 451/948/363 452/949/363
f 449/319/364 450/950/364 451/951/364
f 447/5/365 454/952/365 448/953/365
f 452/954/366 458/955/366 453/1/366
f 448/956/367 455/957/367 449/958/367
f 449/959/368 456/960/368 450/961/368
f 456/962/369 451/963/369 450/964/369
f 457/965/370 452/966/370 451/967/370
f 460/968/371 465/969/371 459/970/371
f 460/971/372 463/972/372 464/973/372
f 461/319/373 462/974/373 463/473/373
f 459/5/374 466/975/374 460/976/374
f 464/977/375 470/978/375 465/1/375
f 460/979/376 467/980/376 461/981/376
f 461/982/377 468/983/377 462/984/377
f 468/985/378 463/986/378 462/987/378
f 469/988/379 464/989/379 463/990/379
f 471/991/380 476/992/380 477/993/380
f 473/994/381 476/995/381 472/996/381
f 473/319/382 474/997/382 475/998/382
f 471/5/383 478/999/383 472/1000/383
f 476/1001/384 482/1002/384 477/7/384
f 472/1003/385 479/1004/385 473/1005/385
f 473/1006/386 480/1007/386 474/6/386
f 480/1008/387 475/1009/387 474/1010/387
f 481/1011/388 476/1012/388 475/1013/388
f 483/1014/389 488/1015/389 489/1016/389
f 484/1017/390 487/1018/390 488/1019/390
f 485/473/391 486/1020/391 487/1021/391
f 483/6/392 490/1022/392 484/1023/392
f 488/1024/393 494/1025/393 489/7/393
f 484/1026/394 491/1027/394 485/1028/394
f 485/1029/395 492/1030/395 486/1031/395
f 492/1032/396 487/1033/396 486/1034/396
f 493/1035/397 488/1036/397 487/1037/397
f 495/1038/398 500/1039/398 501/1040/398
f 496/1041/399 499/1042/399 500/1043/399
f 497/473/400 498/1044/400 499/1045/400
f 495/6/401 502/1046/401 496/1047/401
f 500/1048/402 506/1049/402 501/7/402
f 496/1050/403 503/1051/403 497/1052/403
f 497/1053/404 504/1054/404 498/1055/404
f 504/1056/405 499/1057/405 498/1058/405
f 505/1059/406 500/1060/406 499/1061/406
f 508/1062/407 513/1063/407 507/1064/407
f 508/1065/408 511/1066/408 512/1067/408
f 509/473/409 510/1068/409 511/1069/409
f 507/6/410 514/1070/410 508/1071/410
f 512/1072/411 518/1073/411 513/5/411
f 508/1074/412 515/1075/412 509/1076/412
f 509/1077/413 516/1078/413 510/1079/413
f 516/1080/414 511/1081/414 510/6/414
f 517/1082/415 512/1083/415 511/1084/415
f 519/1085/416 524/1086/416 525/1087/416
f 520/1088/417 523/1089/417 524/1090/417
f 521/1091/418 522/1092/418 523/389/418
f 519/1/419 526/1093/419 520/1094/419
f 524/1095/420 530/1096/420 525/5/420
f 520/1097/421 527/1098/421 521/1099/421
f 521/1100/422 528/1101/422 522/1102/422
f 528/1103/423 523/1104/423 522/1105/423
f 529/1106/424 524/1107/424 523/1108/424
f 532/1109/425 537/1110/425 531/1111/425
f 532/1112/426 535/1113/426 536/1114/426
f 533/431/427 534/1115/427 535/1116/427
f 531/1/428 538/1117/428 532/1118/428
f 536/1119/429 542/1120/429 537/5/429
f 532/1121/430 539/1122/430 533/1123/430
f 533/1124/431 540/1125/431 534/1126/431
f 540/1127/432 535/1128/432 534/1129/432
f 541/1130/433 536/1131/433 535/1132/433
f 544/1133/434 549/1134/434 543/1135/434
f 544/1136/435 547/1137/435 548/1138/435
f 545/1139/436 546/1140/436 547/389/436
f 543/1/437 550/1141/437 544/1142/437
f 548/1143/438 554/1144/438 549/6/438
f 544/1145/439 551/1146/439 545/1147/439
f 545/1148/440 552/1149/440 546/1150/440
f 552/1151/441 547/1152/441 546/1153/441
f 553/1154/442 548/1155/442 547/1156/442
f 555/1157/443 560/1158/443 561/1159/443
f 557/1160/444 560/1161/444 556/1162/444
f 557/1163/445 558/1164/445 559/431/445
f 555/7/446 562/1165/446 556/1166/446
f 560/1167/447 566/1168/447 561/6/447
f 556/1169/448 563/1170/448 557/1171/448
f 557/1172/449 564/1173/449 558/1174/449
f 564/1175/450 559/1176/450 558/1177/450
f 565/1178/451 560/1179/451 559/1180/451
f 568/1181/452 573/1182/452 567/1183/452
f 568/1184/453 571/1185/453 572/1186/453
f 569/389/454 570/1187/454 571/1188/454
f 567/7/455 574/1189/455 568/1190/455
f 572/1191/456 578/1192/456 573/6/456
f 568/1193/457 575/1194/457 569/1195/457
f 569/1196/458 576/1197/458 570/1198/458
f 576/1199/459 571/1200/459 570/1201/459
f 577/1202/460 572/1203/460 571/1204/460
f 580/1205/461 585/1206/461 579/1207/461
f 581/1208/462 584/1209/462 580/1210/462
f 581/1211/463 582/1212/463 583/431/463
f 579/7/464 586/1213/464 580/1214/464
f 584/1215/465 590/1216/465 585/6/465
f 580/1217/466 587/1218/466 581/1219/466
f 581/1220/467 588/1221/467 582/1222/467
f 588/1223/468 583/1224/468 582/1225/468
f 589/1226/469 584/1227/469 583/1228/469
f 592/1229/470 597/1230/470 591/1231/470
f 592/1232/471 595/1233/471 596/1234/471
f 593/319/472 594/1235/472 595/1236/472
f 591/7/473 598/1237/473 592/1238/473
f 596/1239/474 602/1240/474 597/1/474
f 592/1241/475 599/1242/475 593/1243/475
f 593/1244/476 600/1245/476 594/1246/476
f 600/1247/477 595/1248/477 594/1249/477
f 601/1250/478 596/1251/478 595/1252/478
f 604/1253/479 609/1254/479 603/1255/479
f 604/1256/480 607/1257/480 608/1258/480
f 605/1259/481 606/1260/481 607/494/481
f 603/5/482 610/1261/482 604/1262/482
f 608/1263/483 614/1264/483 609/1/483
f 604/1265/484 611/1266/484 605/1267/484
f 605/1268/485 612/1269/485 606/1270/485
f 612/1271/486 607/1272/486 606/1273/486
f 613/1274/487 608/1275/487 607/1276/487
f 616/1277/488 621/1278/488 615/1279/488
f 617/1280/489 620/1281/489 616/1282/489
f 617/450/490 618/1283/490 619/1284/490
f 615/5/491 622/1285/491 616/1286/491
f 620/1287/492 626/1288/492 621/1/492
f 616/1289/493 623/1290/493 617/1291/493
f 617/1292/494 624/1293/494 618/1294/494
f 624/1295/495 619/1296/495 618/1297/495
f 625/1298/496 620/1299/496 619/1300/496
f 627/1301/497 632/1302/497 633/1303/497
f 629/1304/498 632/1305/498 628/1306/498
f 629/494/499 630/1307/499 631/1308/499
f 627/5/500 634/1309/500 628/1310/500
f 632/1311/501 638/1312/501 633/7/501
f 628/1313/502 635/1314/502 629/1315/502
f 629/1316/503 636/1317/503 630/6/503
f 636/1318/504 631/1319/504 630/7/504
f 637/1320/505 632/1321/505 631/1322/505
f 640/1323/506 645/1324/506 639/1325/506
f 641/1326/507 644/1327/507 640/1328/507
f 641/1329/508 642/1330/508 643/450/508
f 639/6/509 646/1331/509 640/1332/509
f 644/1333/510 650/1334/510 645/7/510
f 640/1335/511 647/1336/511 641/1337/511
f 641/1338/512 648/1339/512 642/1340/512
f 648/1341/513 643/1342/513 642/1343/513
f 649/1344/514 644/1345/514 643/1346/514
f 651/1347/515 656/1348/515 657/1349/515
f 653/1350/516 656/1351/516 652/1352/516
f 653/1353/517 654/389/517 655/1354/517
f 651/6/518 658/1355/518 652/1356/518
f 656/1357/519 662/1358/519 657/7/519
f 652/1359/520 659/1360/520 653/1361/520
f 653/1362/521 660/1363/521 654/1364/521
f 660/1365/522 655/1366/522 654/1367/522
f 661/1368/523 656/1369/523 655/1370/523
f 664/1371/524 669/1372/524 663/1373/524
f 664/1374/525 667/1375/525 668/1376/525
f 665/494/526 666/1377/526 667/1378/526
f 663/6/527 670/1379/527 664/1380/527
f 668/1381/528 674/1382/528 669/7/528
f 664/1383/529 671/1384/529 665/1385/529
f 665/1386/530 672/1387/530 666/1388/530
f 672/1389/531 667/1390/531 666/1391/531
f 673/1392/532 668/1393/532 667/1394/532
f 676/1395/533 681/1396/533 675/1397/533
f 677/1398/534 680/1399/534 676/1400/534
f 677/1401/535 678/1402/535 679/389/535
f 675/6/536 682/1403/536 676/1404/536
f 680/1405/537 686/1406/537 681/5/537
f 676/1407/538 683/1408/538 677/1409/538
f 677/1410/539 684/1411/539 678/1412/539
f 684/1413/540 679/1414/540 678/1415/540
f 685/1416/541 680/1417/541 679/1418/541
f 688/1419/542 693/1420/542 687/1421/542
f 688/1422/543 691/1423/543 692/1424/543
f 689/1425/544 690/473/544 691/1426/544
f 687/1/545 694/1427/545 688/1428/545
f 692/1429/546 698/1430/546 693/5/546
f 688/1431/547 695/1432/547 689/1433/547
f 689/1434/548 696/1435/548 690/1436/548
f 696/1437/549 691/1438/549 690/1439/549
f 697/1440/550 692/1441/550 691/1442/550
f 700/1443/551 705/1444/551 699/1445/551
f 701/1446/552 704/1447/552 700/1448/552
f 701/431/553 702/1449/553 703/1450/553
f 699/1/554 706/1451/554 700/1452/554
f 704/1453/555 710/1454/555 705/5/555
f 700/1455/556 707/1456/556 701/1457/556
f 701/1458/557 708/1459/557 702/1460/557
f 708/1461/558 703/1462/558 702/1463/558
f 709/1464/559 704/1465/559 703/1466/559
f 712/1467/560 717/1468/560 711/1469/560
f 712/1470/561 715/1471/561 716/1472/561
f 713/1473/562 714/1474/562 715/363/562
f 711/1/563 718/1475/563 712/1476/563
f 716/1477/564 722/1478/564 717/6/564
f 712/1479/565 719/1480/565 713/1481/565
f 713/1482/566 720/1483/566 714/1484/566
f 720/1485/567 715/1486/567 714/1487/567
f 721/1488/568 716/1489/568 715/1490/568
f 723/1491/569 728/1492/569 729/1493/569
f 724/1494/570 727/1495/570 728/1496/570
f 725/1497/571 726/319/571 727/1498/571
f 723/7/572 730/1499/572 724/1500/572
f 728/1501/573 734/1502/573 729/6/573
f 724/1503/574 731/1504/574 725/1505/574
f 725/1506/575 732/1507/575 726/1508/575
f 732/1509/576 727/1510/576 726/1511/576
f 733/1512/577 728/1513/577 727/1514/577
f 736/1515/578 741/1516/578 735/1517/578
f 736/1518/579 739/1519/579 740/1520/579
f 737/389/580 738/1521/580 739/1522/580
f 735/7/581 742/1523/581 736/1524/581
f 740/1525/582 746/1526/582 741/6/582
f 736/1527/583 743/1528/583 737/1529/583
f 737/1530/584 744/1531/584 738/1532/584
f 744/1533/585 739/1534/585 738/1535/585
f 745/1536/586 740/1537/586 739/1538/586
f 747/1539/587 752/1540/587 753/1541/587
f 749/1542/588 752/1543/588 748/1544/588
f 749/1545/589 750/319/589 751/1546/589
f 747/7/590 754/1547/590 748/1548/590
f 752/1549/591 758/1550/591 753/1/591
f 748/1551/592 755/1552/592 749/1553/592
f 749/1554/593 756/1555/593 750/1556/593
f 756/1557/594 751/1558/594 750/1559/594
f 757/1560/595 752/1561/595 751/1562/595
f 760/1563/596 765/1564/596 759/1565/596
f 761/1566/597 764/1567/597 760/1568/597
f 761/1569/598 762/1570/598 763/473/598
f 759/5/599 766/1571/599 760/1572/599
f 764/1573/600 770/1574/600 765/1/600
f 760/1575/601 767/1576/601 761/1577/601
f 761/1578/602 768/1579/602 762/1580/602
f 768/1581/603 763/1582/603 762/1583/603
f 769/1584/604 764/1585/604 763/1586/604
f 771/1587/605 776/1588/605 777/1589/605
f 773/1590/606 776/1591/606 772/1592/606
f 773/1593/607 774/431/607 775/1594/607
f 771/5/608 778/1595/608 772/1596/608
f 776/1597/609 782/1598/609 777/1/609
f 772/1599/610 779/1600/610 773/1601/610
f 773/1602/611 780/1603/611 774/1604/611
f 780/1605/612 775/1606/612 774/1607/612
f 781/1608/613 776/1609/613 775/1610/613
f 783/1611/614 788/1612/614 789/1613/614
f 785/1614/615 788/1615/615 784/1616/615
f 785/319/616 786/1617/616 787/1618/616
f 783/5/617 790/1619/617 784/1620/617
f 788/1621/618 794/1622/618 789/7/618
f 784/1623/619 791/1624/619 785/1625/619
f 785/1626/620 792/1627/620 786/1628/620
f 792/1629/621 787/1630/621 786/7/621
f 793/1631/622 788/1632/622 787/1633/622
f 796/1634/623 801/1635/623 795/1636/623
f 796/1637/624 799/1638/624 800/1639/624
f 797/1640/625 798/1641/625 799/319/625
f 795/6/626 802/1642/626 796/1643/626
f 800/1644/627 806/1645/627 801/7/627
f 796/1646/628 803/1647/628 797/1648/628
f 797/1649/629 804/1650/629 798/1651/629
f 804/1652/630 799/1653/630 798/1654/630
f 805/1655/631 800/1656/631 799/1657/631
f 808/1658/632 813/1659/632 807/1660/632
f 808/1661/633 811/1662/633 812/1663/633
f 809/473/634 810/1664/634 811/1665/634
f 807/6/635 814/1666/635 808/1667/635
f 812/1668/636 818/1669/636 813/7/636
f 808/1670/637 815/1671/637 809/1672/637
f 809/1673/638 816/1674/638 810/1675/638
f 816/1676/639 811/1677/639 810/1678/639
f 817/1679/640 812/1680/640 811/1681/640
f 820/1682/641 825/1683/641 819/1684/641
f 820/1685/642 823/1686/642 824/1687/642
f 821/1688/643 822/1689/643 823/561/643
f 819/6/644 826/1690/644 820/1691/644
f 824/1692/645 830/1693/645 825/5/645
f 820/1694/646 827/1695/646 821/1696/646
f 821/1697/647 828/1698/647 822/5/647
f 828/1699/648 823/1700/648 822/1701/648
f 829/1702/649 824/1703/649 823/1704/649
f 831/1705/650 836/1706/650 837/1707/650
f 833/1708/651 836/1709/651 832/1710/651
f 833/431/652 834/1711/652 835/1712/652
f 831/1/653 838/1713/653 832/1714/653
f 836/1715/654 842/1716/654 837/5/654
f 832/1717/655 839/1718/655 833/1719/655
f 833/1720/656 840/1721/656 834/1722/656
f 840/1723/657 835/1724/657 834/1725/657
f 841/1726/658 836/1727/658 835/1728/658
f 843/1729/659 848/1730/659 849/1731/659
f 845/1732/660 848/1733/660 844/1734/660
f 845/363/661 846/1735/661 847/1736/661
f 843/1/662 850/1737/662 844/1738/662
f 848/1739/663 854/1740/663 849/6/663
f 844/1741/664 851/1742/664 845/1743/664
f 845/1744/665 852/1745/665 846/1746/665
f 852/1747/666 847/1748/666 846/5/666
f 853/1749/667 848/1750/667 847/1751/667
f 856/1752/668 861/1753/668 855/1754/668
f 857/1755/669 860/1756/669 856/1757/669
f 857/1758/670 858/1759/670 859/431/670
f 855/1760/671 862/1761/671 856/7/671
f 860/1762/672 866/1763/672 861/6/672
f 856/1764/673 863/1765/673 857/1766/673
f 857/1767/674 864/1768/674 858/1/674
f 864/1769/675 859/1770/675 858/1771/675
f 865/1772/676 860/1773/676 859/1774/676
f 867/1775/677 872/1776/677 873/1777/677
f 869/1778/678 872/1779/678 868/1780/678
f 869/389/679 870/1781/679 871/1782/679
f 867/7/680 874/1783/680 868/1784/680
f 872/1785/681 878/1786/681 873/6/681
f 868/1787/682 875/1788/682 869/1789/682
f 869/1790/683 876/1791/683 870/1792/683
f 876/1793/684 871/1794/684 870/1795/684
f 877/1796/685 872/1797/685 871/1798/685
f 879/1799/686 884/1800/686 885/1801/686
f 881/1802/687 884/1803/687 880/1804/687
f 881/389/688 882/1805/688 883/1806/688
f 879/7/689 886/1807/689 880/1808/689
f 884/1809/690 890/1810/690 885/1/690
f 880/1811/691 887/1812/691 881/1813/691
f 881/1814/692 888/1815/692 882/1816/692
f 888/1817/693 883/1818/693 882/1819/693
f 889/1820/694 884/1821/694 883/1822/694
f 892/1823/695 897/1824/695 891/1825/695
f 892/1826/696 895/1827/696 896/1828/696
f 893/1829/697 894/1830/697 895/473/697
f 891/7/698 898/1831/698 892/1832/698
f 896/1833/699 902/1834/699 897/1/699
f 892/1835/700 899/1836/700 893/1837/700
f 893/1838/701 900/1839/701 894/1840/701
f 900/1841/702 895/1842/702 894/1843/702
f 901/1844/703 896/1845/703 895/1846/703
f 904/1847/704 909/1848/704 903/1849/704
f 904/1850/705 907/1851/705 908/1852/705
f 905/1853/706 906/1854/706 907/473/706
f 903/5/707 910/1855/707 904/1856/707
f 908/1857/708 914/1858/708 909/1/708
f 904/1859/709 911/1860/709 905/1861/709
f 905/1862/710 912/1863/710 906/1864/710
f 912/1865/711 907/1866/711 906/1867/711
f 913/1868/712 908/1869/712 907/1870/712
f 915/1871/713 920/1872/713 921/1873/713
f 917/1874/714 920/1875/714 916/1876/714
f 917/450/715 918/1877/715 919/1878/715
f 915/5/716 922/1879/716 916/1880/716
f 920/1881/717 926/1882/717 921/7/717
f 916/1883/718 923/1884/718 917/1885/718
f 917/1886/719 924/1887/719 918/1888/719
f 924/1889/720 919/1890/720 918/1891/720
f 925/1892/721 920/1893/721 919/1894/721
f 928/1895/722 933/1896/722 927/1897/722
f 928/1898/723 931/1899/723 932/1900/723
f 929/1901/724 930/1902/724 931/319/724
f 927/6/725 934/1903/725 928/1904/725
f 932/1905/726 938/1906/726 933/7/726
f 928/1907/727 935/1908/727 929/1909/727
f 929/1910/728 936/1911/728 930/1912/728
f 936/1913/729 931/1914/729 930/1915/729
f 937/1916/730 932/1917/730 931/1918/730
f 940/1919/731 945/1920/731 939/1921/731
f 941/1922/732 944/1923/732 940/1924/732
f 941/1925/733 942/1926/733 943/1927/733
f 939/1928/734 946/1929/734 940/5/734
f 944/1/735 950/1930/735 945/1931/735
f 940/1932/736 947/1933/736 941/1934/736
f 941/1935/737 948/1936/737 942/1937/737
f 948/1938/738 943/1939/738 942/1940/738
f 949/1941/739 944/1942/739 943/1943/739
f 952/1944/740 957/1945/740 951/1946/740
f 953/1947/741 956/1948/741 952/385/741
f 953/1949/742 954/1950/742 955/1951/742
f 951/1952/743 958/1953/743 952/5/743
f 956/6/744 962/1954/744 957/1955/744
f 952/1956/745 959/1957/745 953/1958/745
f 953/1959/746 960/1960/746 954/1961/746
f 960/1962/747 955/1963/747 954/1964/747
f 961/1965/748 956/1966/748 955/1/748
f 964/1967/749 969/1968/749 963/1969/749
f 965/1970/750 968/1971/750 964/1972/750
f 965/1973/751 966/1974/751 967/1975/751
f 963/1976/752 970/1977/752 964/7/752
f 968/6/753 974/1978/753 969/1979/753
f 964/1980/754 971/1981/754 965/1982/754
f 965/1983/755 972/1984/755 966/1985/755
f 972/1986/756 967/1987/756 966/1988/756
f 973/1989/757 968/1990/757 967/1991/757
f 976/1992/758 981/1993/758 975/1994/758
f 977/1995/759 980/1996/759 976/316/759
f 977/1973/760 978/1997/760 979/1998/760
f 975/1999/761 982/2000/761 976/7/761
f 980/7/762 986/2001/762 981/2002/762
f 976/2003/763 983/2004/763 977/2005/763
f 977/2006/764 984/2007/764 978/2008/764
f 984/2009/765 979/2010/765 978/2011/765
f 985/2012/766 980/2013/766 979/6/766
f 988/2014/767 993/2015/767 987/2016/767
f 989/2017/768 992/2018/768 988/2019/768
f 989/561/769 990/2020/769 991/363/769
f 987/7/770 994/2021/770 988/2022/770
f 992/7/771 998/2023/771 993/2024/771
f 988/2025/772 995/2026/772 989/6/772
f 989/2027/773 996/2028/773 990/6/773
f 996/2029/774 991/2030/774 990/2031/774
f 997/2032/775 992/2033/775 991/2034/775
f 1000/2035/776 1005/2036/776 999/2037/776
f 1001/2038/777 1004/2039/777 1000/362/777
f 1001/1949/778 1002/2040/778 1003/2041/778
f 999/2042/779 1006/2043/779 1000/6/779
f 1004/5/780 1010/2044/780 1005/2045/780
f 1000/2046/781 1007/2047/781 1001/2048/781
f 1001/2049/782 1008/2050/782 1002/2051/782
f 1008/2052/783 1003/2053/783 1002/7/783
f 1009/2054/784 1004/2055/784 1003/7/784
f 1011/2056/785 1016/2057/785 1017/2058/785
f 1013/2059/786 1016/316/786 1012/2060/786
f 1013/2061/787 1014/2062/787 1015/2063/787
f 1011/2064/788 1018/2065/788 1012/6/788
f 1016/5/789 1022/2066/789 1017/2067/789
f 1012/2068/790 1019/2069/790 1013/1/790
f 1013/2070/791 1020/2071/791 1014/1/791
f 1020/2072/792 1015/2073/792 1014/2074/792
f 1021/2075/793 1016/2076/793 1015/2077/793
f 1024/2078/794 1029/2079/794 1023/2080/794
f 1025/2081/795 1028/2082/795 1024/2083/795
f 1025/2084/796 1026/2085/796 1027/2063/796
f 1023/2086/797 1030/2087/797 1024/1/797
f 1028/2088/798 1034/2089/798 1029/1/798
f 1024/2090/799 1031/2091/799 1025/2092/799
f 1025/2093/800 1032/2094/800 1026/2095/800
f 1032/2096/801 1027/1/801 1026/2097/801
f 1033/2098/802 1028/2099/802 1027/5/802
f 1035/2100/803 1040/2101/803 1041/2102/803
f 1037/2103/804 1040/362/804 1036/2104/804
f 1037/2105/805 1038/2106/805 1039/1927/805
f 1035/2107/806 1042/2108/806 1036/1/806
f 1040/1/807 1046/2109/807 1041/2110/807
f 1036/2111/808 1043/2112/808 1037/5/808
f 1037/2113/809 1044/2114/809 1038/2115/809
f 1044/2116/810 1039/2117/810 1038/2118/810
f 1045/2119/811 1040/2120/811 1039/2121/811
f 1047/2122/812 1052/362/812 1053/2123/812
f 1048/385/813 1051/2124/813 1052/2125/813
f 1049/561/814 1050/2126/814 1051/2127/814
f 1047/7/815 1054/2128/815 1048/2129/815
f 1052/2130/816 1058/2131/816 1053/1/816
f 1048/2132/817 1055/2133/817 1049/5/817
f 1049/2134/818 1056/2135/818 1050/2136/818
f 1056/2137/819 1051/2138/819 1050/1/819
f 1057/2139/820 1052/2140/820 1051/2141/820
f 1060/2142/821 1065/2143/821 1059/2144/821
f 1061/2145/822 1064/2146/822 1060/2147/822
f 1061/2148/823 1062/2149/823 1063/2063/823
f 1059/5/824 1066/2150/824 1060/2151/824
f 1064/2152/825 1070/2153/825 1065/1/825
f 1060/2154/826 1067/2155/826 1061/7/826
f 1061/2156/827 1068/2157/827 1062/2158/827
f 1068/2159/828 1063/2160/828 1062/2161/828
f 1069/2162/829 1064/2163/829 1063/6/829
f 1071/2164/830 1076/2165/830 1077/2166/830
f 1073/2167/831 1076/385/831 1072/2168/831
f 1073/2169/832 1074/2170/832 1075/1949/832
f 1071/5/833 1078/2171/833 1072/2172/833
f 1076/2173/834 1082/2174/834 1077/5/834
f 1072/2175/835 1079/2176/835 1073/2177/835
f 1073/2178/836 1080/2179/836 1074/2180/836
f 1080/2181/837 1075/2182/837 1074/2183/837
f 1081/2184/838 1076/2185/838 1075/7/838
f 1083/2186/839 1088/385/839 1089/2187/839
f 1084/362/840 1087/2188/840 1088/2189/840
f 1085/1973/841 1086/2190/841 1087/2191/841
f 1083/1/842 1090/2192/842 1084/2193/842
f 1088/5/843 1094/2194/843 1089/7/843
f 1084/2195/844 1091/2196/844 1085/6/844
f 1085/2197/845 1092/2198/845 1086/2199/845
f 1092/2200/846 1087/2201/846 1086/2202/846
f 1093/2203/847 1088/2204/847 1087/2205/847
f 1096/2206/848 1101/2207/848 1095/2208/848
f 1097/2209/849 1100/2210/849 1096/2211/849
f 1097/2212/850 1098/2213/850 1099/450/850
f 1095/2214/851 1102/2215/851 1096/1/851
f 1100/5/852 1106/2216/852 1101/2217/852
f 1096/2218/853 1103/2219/853 1097/2220/853
f 1097/2221/854 1104/2222/854 1098/2223/854
f 1104/2224/855 1099/2225/855 1098/2226/855
f 1105/2227/856 1100/2228/856 1099/2229/856
f 1107/2230/857 1112/2231/857 1113/2232/857
f 1109/2233/858 1112/362/858 1108/2234/858
f 1109/2235/859 1110/2236/859 1111/1973/859
f 1107/6/860 1114/2237/860 1108/1/860
f 1112/2238/861 1118/2239/861 1113/6/861
f 1108/2240/862 1115/2241/862 1109/2242/862
f 1109/2243/863 1116/2244/863 1110/5/863
f 1116/2245/864 1111/2246/864 1110/2247/864
f 1117/2248/865 1112/2249/865 1111/1/865
f 3/25/2 15/2250/2 14/26/2
f 4/28/3 16/2251/3 15/29/3
f 5/31/4 17/2252/4 16/32/4
f 6/34/5 18/2253/5 17/35/5
f 7/37/6 19/2254/6 18/38/6
f 8/40/7 20/2255/7 19/41/7
f 9/43/8 21/2256/8 20/44/8
f 10/46/9 22/2257/9 21/47/9
f 11/49/10 23/2258/10 22/50/10
f 12/52/11 24/2259/11 23/53/11
f 13/55/12 25/2260/12 24/56/12
f 2/58/13 14/2261/13 25/59/13
f 15/61/14 27/2262/14 26/62/14
f 16/64/15 28/5/15 27/6/15
f 17/66/16 29/2263/16 28/67/16
f 18/69/17 30/2264/17 29/70/17
f 19/72/18 31/1/18 30/5/18
f 20/74/19 32/2265/19 31/75/19
f 21/77/20 33/2266/20 32/78/20
f 22/80/21 34/7/21 33/1/21
f 23/82/22 35/2267/22 34/83/22
f 24/85/23 36/2268/23 35/86/23
f 25/88/24 37/6/24 36/7/24
f 14/90/25 26/2269/25 37/91/25
f 26/93/26 27/2270/26 39/94/26
f 28/96/27 40/2271/27 39/97/27
f 28/99/28 29/2272/28 41/100/28
f 29/102/29 30/2273/29 42/103/29
f 31/105/30 43/2274/30 42/106/30
f 31/108/31 32/2275/31 44/109/31
f 32/111/32 33/2276/32 45/112/32
f 34/114/33 46/2277/33 45/115/33
f 34/117/34 35/2278/34 47/118/34
f 35/120/35 36/2279/35 48/121/35
f 37/123/36 49/2280/36 48/124/36
f 37/126/37 26/2281/37 38/127/37
f 39/129/38 51/2282/38 50/130/38
f 40/132/39 52/2283/39 51/133/39
f 41/135/40 53/2284/40 52/136/40
f 42/138/41 54/2285/41 53/139/41
f 43/141/42 55/2286/42 54/142/42
f 44/144/43 56/2287/43 55/145/43
f 45/147/44 57/2288/44 56/148/44
f 46/150/45 58/2289/45 57/151/45
f 47/153/46 59/2290/46 58/154/46
f 48/156/47 60/2291/47 59/157/47
f 49/159/48 61/2292/48 60/160/48
f 38/162/49 50/2293/49 61/163/49
f 51/165/50 63/2294/50 62/166/50
f 52/168/51 64/2295/51 63/169/51
f 53/171/52 65/2296/52 64/172/52
f 54/174/53 66/2297/53 65/175/53
f 55/177/54 67/2298/54 66/178/54
f 56/180/55 68/2299/55 67/181/55
f 57/183/56 69/2300/56 68/184/56
f 58/186/57 70/2301/57 69/187/57
f 59/189/58 71/2302/58 70/190/58
f 60/192/59 72/2303/59 71/193/59
f 61/195/60 73/2304/60 72/196/60
f 50/198/61 62/2305/61 73/199/61
f 63/201/62 75/2306/62 74/202/62
f 64/204/63 76/2307/63 75/205/63
f 65/207/64 77/2308/64 76/208/64
f 66/210/65 78/2309/65 77/211/65
f 67/213/66 79/2310/66 78/214/66
f 68/216/67 80/2311/67 79/217/67
f 69/219/68 81/2312/68 80/220/68
f 70/222/69 82/2313/69 81/223/69
f 71/225/70 83/2314/70 82/226/70
f 72/228/71 84/2315/71 83/229/71
f 73/231/72 85/2316/72 84/232/72
f 62/234/73 74/2317/73 85/235/73
f 75/237/74 87/2318/74 86/238/74
f 75/240/75 76/2319/75 88/241/75
f 76/243/76 77/2320/76 89/244/76
f 78/246/77 90/2321/77 89/247/77
f 78/249/78 79/2322/78 91/250/78
f 79/252/79 80/2323/79 92/253/79
f 81/255/80 93/2324/80 92/256/80
f 81/258/81 82/2325/81 94/259/81
f 82/261/82 83/2326/82 95/262/82
f 84/264/83 96/2327/83 95/265/83
f 84/267/84 85/2328/84 97/268/84
f 85/270/85 74/2329/85 86/271/85
f 87/273/86 99/2330/86 98/274/86
f 88/1/87 100/2331/87 99/276/87
f 88/277/88 89/2332/88 101/278/88
f 90/280/89 102/2333/89 101/281/89
f 91/5/90 103/2334/90 102/283/90
f 91/284/91 92/2335/91 104/285/91
f 93/287/92 105/2336/92 104/288/92
f 94/6/93 106/2337/93 105/290/93
f 94/291/94 95/2338/94 107/292/94
f 96/294/95 108/2339/95 107/295/95
f 97/7/96 109/2340/96 108/297/96
f 97/298/97 86/2341/97 98/299/97
f 112/311/110 116/2342/110 117/312/110
f 112/314/111 113/2343/111 115/315/111
f 112/324/866 118/2344/866 119/325/866
f 113/327/867 119/2345/867 120/328/867
f 120/330/868 121/2346/868 115/331/868
f 121/332/869 122/2347/869 116/333/869
f 124/335/119 128/2348/119 129/336/119
f 125/338/870 127/2349/870 128/339/870
f 124/347/871 130/2350/871 131/348/871
f 125/349/872 131/2351/872 132/350/872
f 132/352/873 133/2352/873 127/353/873
f 133/355/874 134/2353/874 128/356/874
f 136/357/128 140/2354/128 141/358/128
f 137/360/129 139/2355/129 140/361/129
f 136/370/875 142/2356/875 143/371/875
f 137/373/876 143/2357/876 144/374/876
f 144/376/877 145/2358/877 139/377/877
f 145/378/878 146/2359/878 140/379/878
f 148/381/137 152/2360/137 153/382/137
f 149/384/138 151/2361/138 152/385/138
f 148/394/879 154/2362/879 155/395/879
f 149/396/880 155/2363/880 156/397/880
f 156/399/881 157/2364/881 151/400/881
f 157/402/882 158/2365/882 152/403/882
f 160/404/146 164/2366/146 165/405/146
f 160/389/147 161/2367/147 163/407/147
f 160/414/883 166/2368/883 167/415/883
f 161/417/884 167/2369/884 168/418/884
f 168/420/885 169/2370/885 163/7/885
f 169/422/886 170/2371/886 164/423/886
f 172/425/155 176/2372/155 177/426/155
f 173/428/156 175/2373/156 176/362/156
f 172/435/887 178/2374/887 179/436/887
f 173/6/888 179/2375/888 180/438/888
f 180/440/889 181/2376/889 175/441/889
f 181/443/890 182/2377/890 176/444/890
f 183/445/164 184/2378/164 188/446/164
f 185/448/165 187/2379/165 188/449/165
f 184/456/891 190/2380/891 191/457/891
f 185/458/892 191/2381/892 192/459/892
f 192/461/893 193/2382/893 187/5/893
f 193/463/894 194/2383/894 188/464/894
f 196/465/173 200/2384/173 201/466/173
f 197/468/174 199/2385/174 200/469/174
f 196/478/895 202/2386/895 203/479/895
f 197/1/896 203/2387/896 204/481/896
f 204/483/897 205/2388/897 199/484/897
f 205/486/898 206/2389/898 200/487/898
f 208/489/182 212/2390/182 213/490/182
f 208/469/183 209/2391/183 211/492/183
f 208/501/899 214/2392/899 215/502/899
f 209/503/900 215/2393/900 216/504/900
f 216/506/901 217/2394/901 211/507/901
f 217/509/902 218/2395/902 212/510/902
f 219/511/191 220/2396/191 224/512/191
f 221/514/192 223/2397/192 224/515/192
f 220/522/903 226/2398/903 227/523/903
f 221/525/904 227/2399/904 228/526/904
f 228/527/905 229/2400/905 223/528/905
f 229/530/906 230/2401/906 224/531/906
f 232/532/200 236/2402/200 237/533/200
f 232/535/201 233/2403/201 235/536/201
f 232/542/907 238/2404/907 239/543/907
f 233/545/908 239/2405/908 240/546/908
f 240/548/909 241/2406/909 235/549/909
f 241/551/910 242/2407/910 236/552/910
f 243/554/209 244/2408/209 248/555/209
f 244/557/210 245/2409/210 247/558/210
f 244/566/911 250/2410/911 251/567/911
f 245/569/912 251/2411/912 252/570/912
f 252/572/913 253/2412/913 247/573/913
f 253/575/914 254/2413/914 248/576/914
f 255/578/218 256/2414/218 260/579/218
f 257/581/219 259/2415/219 260/582/219
f 256/590/915 262/2416/915 263/591/915
f 257/593/916 263/2417/916 264/594/916
f 264/595/917 265/2418/917 259/596/917
f 265/597/918 266/2419/918 260/598/918
f 268/600/227 272/2420/227 273/601/227
f 268/603/228 269/2421/228 271/604/228
f 268/611/919 274/2422/919 275/612/919
f 269/614/920 275/2423/920 276/615/920
f 276/617/921 277/2424/921 271/618/921
f 277/620/922 278/2425/922 272/621/922
f 280/623/236 284/2426/236 285/624/236
f 280/626/237 281/2427/237 283/627/237
f 280/634/923 286/2428/923 287/635/923
f 281/637/924 287/2429/924 288/638/924
f 288/640/925 289/2430/925 283/641/925
f 289/643/926 290/2431/926 284/644/926
f 291/646/245 292/2432/245 296/647/245
f 293/649/246 295/2433/246 296/362/246
f 292/657/927 298/2434/927 299/658/927
f 293/660/928 299/2435/928 300/661/928
f 300/663/929 301/2436/929 295/664/929
f 301/665/930 302/2437/930 296/666/930
f 304/668/254 308/2438/254 309/669/254
f 305/671/255 307/2439/255 308/672/255
f 304/680/931 310/2440/931 311/681/931
f 305/6/932 311/2441/932 312/683/932
f 312/685/933 313/2442/933 307/686/933
f 313/688/934 314/2443/934 308/689/934
f 316/691/263 320/2444/263 321/692/263
f 316/694/264 317/2445/264 319/695/264
f 316/702/935 322/2446/935 323/703/935
f 317/705/936 323/2447/936 324/706/936
f 324/708/937 325/2448/937 319/709/937
f 325/711/938 326/2449/938 320/712/938
f 328/714/272 332/2450/272 333/715/272
f 328/316/273 329/2451/273 331/717/273
f 328/724/939 334/2452/939 335/725/939
f 329/727/940 335/2453/940 336/728/940
f 336/730/941 337/2454/941 331/731/941
f 337/733/942 338/2455/942 332/734/942
f 339/736/281 340/2456/281 344/737/281
f 341/739/282 343/2457/282 344/740/282
f 340/747/943 346/2458/943 347/748/943
f 341/749/944 347/2459/944 348/750/944
f 348/752/945 349/2460/945 343/753/945
f 349/754/946 350/2461/946 344/755/946
f 352/757/290 356/2462/290 357/758/290
f 353/760/291 355/2463/291 356/761/291
f 352/768/947 358/2464/947 359/769/947
f 353/771/948 359/2465/948 360/772/948
f 360/774/949 361/2466/949 355/775/949
f 361/777/950 362/2467/950 356/778/950
f 364/780/299 368/2468/299 369/781/299
f 365/783/300 367/2469/300 368/784/300
f 364/792/951 370/2470/951 371/793/951
f 365/795/952 371/2471/952 372/796/952
f 372/798/953 373/2472/953 367/799/953
f 373/801/954 374/2473/954 368/802/954
f 376/804/308 380/2474/308 381/805/308
f 376/807/309 377/2475/309 379/808/309
f 376/815/955 382/2476/955 383/816/955
f 377/818/956 383/2477/956 384/819/956
f 384/821/957 385/2478/957 379/822/957
f 385/824/958 386/2479/958 380/825/958
f 388/827/317 392/2480/317 393/828/317
f 389/830/318 391/2481/318 392/831/318
f 388/838/959 394/2482/959 395/839/959
f 389/841/960 395/2483/960 396/842/960
f 396/844/961 397/2484/961 391/845/961
f 397/847/962 398/2485/962 392/848/962
f 400/850/326 404/2486/326 405/851/326
f 400/853/327 401/2487/327 403/854/327
f 400/862/963 406/2488/963 407/863/963
f 401/865/964 407/2489/964 408/866/964
f 408/868/965 409/2490/965 403/869/965
f 409/871/966 410/2491/966 404/872/966
f 412/874/335 416/2492/335 417/875/335
f 413/877/336 415/2493/336 416/878/336
f 412/885/967 418/2494/967 419/886/967
f 413/888/968 419/2495/968 420/889/968
f 420/891/969 421/2496/969 415/892/969
f 421/894/970 422/2497/970 416/895/970
f 424/897/344 428/2498/344 429/898/344
f 424/900/345 425/2499/345 427/901/345
f 424/908/971 430/2500/971 431/909/971
f 425/911/972 431/2501/972 432/912/972
f 432/914/973 433/2502/973 427/915/973
f 433/917/974 434/2503/974 428/918/974
f 436/920/353 440/2504/353 441/921/353
f 437/923/354 439/2505/354 440/924/354
f 436/932/975 442/2506/975 443/933/975
f 437/935/976 443/2507/976 444/936/976
f 444/938/977 445/2508/977 439/939/977
f 445/941/978 446/2509/978 440/942/978
f 448/944/362 452/2510/362 453/945/362
f 448/947/363 449/2511/363 451/948/363
f 448/956/979 454/2512/979 455/957/979
f 449/959/980 455/2513/980 456/960/980
f 456/962/981 457/2514/981 451/963/981
f 457/965/982 458/2515/982 452/966/982
f 460/968/371 464/2516/371 465/969/371
f 460/971/983 461/2517/983 463/972/983
f 460/979/984 466/2518/984 467/980/984
f 461/982/985 467/2519/985 468/983/985
f 468/985/986 469/2520/986 463/986/986
f 469/988/987 470/2521/987 464/989/987
f 471/991/380 472/2522/380 476/992/380
f 473/994/381 475/2523/381 476/995/381
f 472/1003/988 478/2524/988 479/1004/988
f 473/1006/989 479/2525/989 480/1007/989
f 480/1008/990 481/2526/990 475/1009/990
f 481/1011/991 482/2527/991 476/1012/991
f 483/1014/389 484/2528/389 488/1015/389
f 484/1017/390 485/2529/390 487/1018/390
f 484/1026/992 490/2530/992 491/1027/992
f 485/1029/993 491/2531/993 492/1030/993
f 492/1032/994 493/2532/994 487/1033/994
f 493/1035/995 494/2533/995 488/1036/995
f 495/1038/398 496/2534/398 500/1039/398
f 496/1041/399 497/2535/399 499/1042/399
f 496/1050/996 502/2536/996 503/1051/996
f 497/1053/997 503/2537/997 504/1054/997
f 504/1056/998 505/2538/998 499/1057/998
f 505/1059/999 506/2539/999 500/1060/999
f 508/1062/407 512/2540/407 513/1063/407
f 508/1065/408 509/2541/408 511/1066/408
f 508/1074/1000 514/2542/1000 515/1075/1000
f 509/1077/1001 515/2543/1001 516/1078/1001
f 516/1080/1002 517/2544/1002 511/1081/1002
f 517/1082/1003 518/2545/1003 512/1083/1003
f 519/1085/416 520/2546/416 524/1086/416
f 520/1088/417 521/2547/417 523/1089/417
f 520/1097/1004 526/2548/1004 527/1098/1004
f 521/1100/1005 527/2549/1005 528/1101/1005
f 528/1103/1006 529/2550/1006 523/1104/1006
f 529/1106/1007 530/2551/1007 524/1107/1007
f 532/1109/425 536/2552/425 537/1110/425
f 532/1112/426 533/2553/426 535/1113/426
f 532/1121/1008 538/2554/1008 539/1122/1008
f 533/1124/1009 539/2555/1009 540/1125/1009
f 540/1127/1010 541/2556/1010 535/1128/1010
f 541/1130/1011 542/2557/1011 536/1131/1011
f 544/1133/434 548/2558/434 549/1134/434
f 544/1136/435 545/2559/435 547/1137/435
f 544/1145/1012 550/2560/1012 551/1146/1012
f 545/1148/1013 551/2561/1013 552/1149/1013
f 552/1151/1014 553/2562/1014 547/1152/1014
f 553/1154/1015 554/2563/1015 548/1155/1015
f 555/1157/443 556/2564/443 560/1158/443
f 557/1160/444 559/2565/444 560/1161/444
f 556/1169/1016 562/2566/1016 563/1170/1016
f 557/1172/1017 563/2567/1017 564/1173/1017
f 564/1175/1018 565/2568/1018 559/1176/1018
f 565/1178/1019 566/2569/1019 560/1179/1019
f 568/1181/452 572/2570/452 573/1182/452
f 568/1184/453 569/2571/453 571/1185/453
f 568/1193/1020 574/2572/1020 575/1194/1020
f 569/1196/1021 575/2573/1021 576/1197/1021
f 576/1199/1022 577/2574/1022 571/1200/1022
f 577/1202/1023 578/2575/1023 572/1203/1023
f 580/1205/461 584/2576/461 585/1206/461
f 581/1208/462 583/2577/462 584/1209/462
f 580/1217/1024 586/2578/1024 587/1218/1024
f 581/1220/1025 587/2579/1025 588/1221/1025
f 588/1223/1026 589/2580/1026 583/1224/1026
f 589/1226/1027 590/2581/1027 584/1227/1027
f 592/1229/470 596/2582/470 597/1230/470
f 592/1232/471 593/2583/471 595/1233/471
f 592/1241/1028 598/2584/1028 599/1242/1028
f 593/1244/1029 599/2585/1029 600/1245/1029
f 600/1247/1030 601/2586/1030 595/1248/1030
f 601/1250/1031 602/2587/1031 596/1251/1031
f 604/1253/479 608/2588/479 609/1254/479
f 604/1256/480 605/2589/480 607/1257/480
f 604/1265/1032 610/2590/1032 611/1266/1032
f 605/1268/1033 611/2591/1033 612/1269/1033
f 612/1271/1034 613/2592/1034 607/1272/1034
f 613/1274/1035 614/2593/1035 608/1275/1035
f 616/1277/488 620/2594/488 621/1278/488
f 617/1280/489 619/2595/489 620/1281/489
f 616/1289/1036 622/2596/1036 623/1290/1036
f 617/1292/1037 623/2597/1037 624/1293/1037
f 624/1295/1038 625/2598/1038 619/1296/1038
f 625/1298/1039 626/2599/1039 620/1299/1039
f 627/1301/497 628/2600/497 632/1302/497
f 629/1304/498 631/2601/498 632/1305/498
f 628/1313/1040 634/2602/1040 635/1314/1040
f 629/1316/1041 635/2603/1041 636/1317/1041
f 636/1318/1042 637/2604/1042 631/1319/1042
f 637/1320/1043 638/2605/1043 632/1321/1043
f 640/1323/506 644/2606/506 645/1324/506
f 641/1326/507 643/2607/507 644/1327/507
f 640/1335/1044 646/2608/1044 647/1336/1044
f 641/1338/1045 647/2609/1045 648/1339/1045
f 648/1341/1046 649/2610/1046 643/1342/1046
f 649/1344/1047 650/2611/1047 644/1345/1047
f 651/1347/515 652/2612/515 656/1348/515
f 653/1350/516 655/2613/516 656/1351/516
f 652/1359/1048 658/2614/1048 659/1360/1048
f 653/1362/1049 659/2615/1049 660/1363/1049
f 660/1365/1050 661/2616/1050 655/1366/1050
f 661/1368/1051 662/2617/1051 656/1369/1051
f 664/1371/524 668/2618/524 669/1372/524
f 664/1374/525 665/2619/525 667/1375/525
f 664/1383/1052 670/2620/1052 671/1384/1052
f 665/1386/1053 671/2621/1053 672/1387/1053
f 672/1389/1054 673/2622/1054 667/1390/1054
f 673/1392/1055 674/2623/1055 668/1393/1055
f 676/1395/533 680/2624/533 681/1396/533
f 677/1398/534 679/2625/534 680/1399/534
f 676/1407/1056 682/2626/1056 683/1408/1056
f 677/1410/1057 683/2627/1057 684/1411/1057
f 684/1413/1058 685/2628/1058 679/1414/1058
f 685/1416/1059 686/2629/1059 680/1417/1059
f 688/1419/542 692/2630/542 693/1420/542
f 688/1422/543 689/2631/543 691/1423/543
f 688/1431/1060 694/2632/1060 695/1432/1060
f 689/1434/1061 695/2633/1061 696/1435/1061
f 696/1437/1062 697/2634/1062 691/1438/1062
f 697/1440/1063 698/2635/1063 692/1441/1063
f 700/1443/551 704/2636/551 705/1444/551
f 701/1446/552 703/2637/552 704/1447/552
f 700/1455/1064 706/2638/1064 707/1456/1064
f 701/1458/1065 707/2639/1065 708/1459/1065
f 708/1461/1066 709/2640/1066 703/1462/1066
f 709/1464/1067 710/2641/1067 704/1465/1067
f 712/1467/560 716/2642/560 717/1468/560
f 712/1470/561 713/2643/561 715/1471/561
f 712/1479/1068 718/2644/1068 719/1480/1068
f 713/1482/1069 719/2645/1069 720/1483/1069
f 720/1485/1070 721/2646/1070 715/1486/1070
f 721/1488/1071 722/2647/1071 716/1489/1071
f 723/1491/569 724/2648/569 728/1492/569
f 724/1494/570 725/2649/570 727/1495/570
f 724/1503/1072 730/2650/1072 731/1504/1072
f 725/1506/1073 731/2651/1073 732/1507/1073
f 732/1509/1074 733/2652/1074 727/1510/1074
f 733/1512/1075 734/2653/1075 728/1513/1075
f 736/1515/578 740/2654/578 741/1516/578
f 736/1518/579 737/2655/579 739/1519/579
f 736/1527/1076 742/2656/1076 743/1528/1076
f 737/1530/1077 743/2657/1077 744/1531/1077
f 744/1533/1078 745/2658/1078 739/1534/1078
f 745/1536/1079 746/2659/1079 740/1537/1079
f 747/1539/587 748/2660/587 752/1540/587
f 749/1542/588 751/2661/588 752/1543/588
f 748/1551/1080 754/2662/1080 755/1552/1080
f 749/1554/1081 755/2663/1081 756/1555/1081
f 756/1557/1082 757/2664/1082 751/1558/1082
f 757/1560/1083 758/2665/1083 752/1561/1083
f 760/1563/596 764/2666/596 765/1564/596
f 761/1566/597 763/2667/597 764/1567/597
f 760/1575/1084 766/2668/1084 767/1576/1084
f 761/1578/1085 767/2669/1085 768/1579/1085
f 768/1581/1086 769/2670/1086 763/1582/1086
f 769/1584/1087 770/2671/1087 764/1585/1087
f 771/1587/605 772/2672/605 776/1588/605
f 773/1590/606 775/2673/606 776/1591/606
f 772/1599/1088 778/2674/1088 779/1600/1088
f 773/1602/1089 779/2675/1089 780/1603/1089
f 780/1605/1090 781/2676/1090 775/1606/1090
f 781/1608/1091 782/2677/1091 776/1609/1091
f 783/1611/614 784/2678/614 788/1612/614
f 785/1614/615 787/2679/615 788/1615/615
f 784/1623/1092 790/2680/1092 791/1624/1092
f 785/1626/1093 791/2681/1093 792/1627/1093
f 792/1629/1094 793/2682/1094 787/1630/1094
f 793/1631/1095 794/2683/1095 788/1632/1095
f 796/1634/623 800/2684/623 801/1635/623
f 796/1637/624 797/2685/624 799/1638/624
f 796/1646/1096 802/2686/1096 803/1647/1096
f 797/1649/1097 803/2687/1097 804/1650/1097
f 804/1652/1098 805/2688/1098 799/1653/1098
f 805/1655/1099 806/2689/1099 800/1656/1099
f 808/1658/632 812/2690/632 813/1659/632
f 808/1661/633 809/2691/633 811/1662/633
f 808/1670/1100 814/2692/1100 815/1671/1100
f 809/1673/1101 815/2693/1101 816/1674/1101
f 816/1676/1102 817/2694/1102 811/1677/1102
f 817/1679/1103 818/2695/1103 812/1680/1103
f 820/1682/641 824/2696/641 825/1683/641
f 820/1685/642 821/2697/642 823/1686/642
f 820/1694/1104 826/2698/1104 827/1695/1104
f 821/1697/1105 827/2699/1105 828/1698/1105
f 828/1699/1106 829/2700/1106 823/1700/1106
f 829/1702/1107 830/2701/1107 824/1703/1107
f 831/1705/650 832/2702/650 836/1706/650
f 833/1708/651 835/2703/651 836/1709/651
f 832/1717/1108 838/2704/1108 839/1718/1108
f 833/1720/1109 839/2705/1109 840/1721/1109
f 840/1723/1110 841/2706/1110 835/1724/1110
f 841/1726/1111 842/2707/1111 836/1727/1111
f 843/1729/659 844/2708/659 848/1730/659
f 845/1732/660 847/2709/660 848/1733/660
f 844/1741/1112 850/2710/1112 851/1742/1112
f 845/1744/1113 851/2711/1113 852/1745/1113
f 852/1747/1114 853/2712/1114 847/1748/1114
f 853/1749/1115 854/2713/1115 848/1750/1115
f 856/1752/668 860/2714/668 861/1753/668
f 857/1755/669 859/2715/669 860/1756/669
f 856/1764/1116 862/2716/1116 863/1765/1116
f 857/1767/1117 863/2717/1117 864/1768/1117
f 864/1769/1118 865/2718/1118 859/1770/1118
f 865/1772/1119 866/2719/1119 860/1773/1119
f 867/1775/677 868/2720/677 872/1776/677
f 869/1778/678 871/2721/678 872/1779/678
f 868/1787/1120 874/2722/1120 875/1788/1120
f 869/1790/1121 875/2723/1121 876/1791/1121
f 876/1793/1122 877/2724/1122 871/1794/1122
f 877/1796/1123 878/2725/1123 872/1797/1123
f 879/1799/686 880/2726/686 884/1800/686
f 881/1802/687 883/2727/687 884/1803/687
f 880/1811/1124 886/2728/1124 887/1812/1124
f 881/1814/1125 887/2729/1125 888/1815/1125
f 888/1817/1126 889/2730/1126 883/1818/1126
f 889/1820/1127 890/2731/1127 884/1821/1127
f 892/1823/695 896/2732/695 897/1824/695
f 892/1826/696 893/2733/696 895/1827/696
f 892/1835/1128 898/2734/1128 899/1836/1128
f 893/1838/1129 899/2735/1129 900/1839/1129
f 900/1841/1130 901/2736/1130 895/1842/1130
f 901/1844/1131 902/2737/1131 896/1845/1131
f 904/1847/704 908/2738/704 909/1848/704
f 904/1850/705 905/2739/705 907/1851/705
f 904/1859/1132 910/2740/1132 911/1860/1132
f 905/1862/1133 911/2741/1133 912/1863/1133
f 912/1865/1134 913/2742/1134 907/1866/1134
f 913/1868/1135 914/2743/1135 908/1869/1135
f 915/1871/713 916/2744/713 920/1872/713
f 917/1874/714 919/2745/714 920/1875/714
f 916/1883/1136 922/2746/1136 923/1884/1136
f 917/1886/1137 923/2747/1137 924/1887/1137
f 924/1889/1138 925/2748/1138 919/1890/1138
f 925/1892/1139 926/2749/1139 920/1893/1139
f 928/1895/722 932/2750/722 933/1896/722
f 928/1898/723 929/2751/723 931/1899/723
f 928/1907/1140 934/2752/1140 935/1908/1140
f 929/1910/1141 935/2753/1141 936/1911/1141
f 936/1913/1142 937/2754/1142 931/1914/1142
f 937/1916/1143 938/2755/1143 932/1917/1143
f 940/1919/731 944/2756/731 945/1920/731
f 941/1922/732 943/2757/732 944/1923/732
f 940/1932/1144 946/2758/1144 947/1933/1144
f 941/1935/1145 947/2759/1145 948/1936/1145
f 948/1938/1146 949/2760/1146 943/1939/1146
f 949/1941/1147 950/2761/1147 944/1942/1147
f 952/1944/740 956/362/740 957/1945/740
f 953/1947/741 955/2762/741 956/1948/741
f 952/1956/1148 958/2763/1148 959/1957/1148
f 953/1959/1149 959/2764/1149 960/1960/1149
f 960/1962/1150 961/2765/1150 955/1963/1150
f 961/1965/1151 962/2766/1151 956/1966/1151
f 964/1967/749 968/2767/749 969/1968/749
f 965/1970/750 967/2768/750 968/1971/750
f 964/1980/1152 970/2769/1152 971/1981/1152
f 965/1983/1153 971/2770/1153 972/1984/1153
f 972/1986/1154 973/2771/1154 967/1987/1154
f 973/1989/1155 974/2772/1155 968/1990/1155
f 976/1992/758 980/469/758 981/1993/758
f 977/1995/759 979/2773/759 980/1996/759
f 976/2003/1156 982/2774/1156 983/2004/1156
f 977/2006/1157 983/2775/1157 984/2007/1157
f 984/2009/1158 985/2776/1158 979/2010/1158
f 985/2012/1159 986/2777/1159 980/2013/1159
f 988/2014/767 992/2778/767 993/2015/767
f 989/2017/768 991/2779/768 992/2018/768
f 988/2025/1160 994/2780/1160 995/2026/1160
f 989/2027/1161 995/2781/1161 996/2028/1161
f 996/2029/1162 997/2782/1162 991/2030/1162
f 997/2032/1163 998/2783/1163 992/2033/1163
f 1000/2035/776 1004/385/776 1005/2036/776
f 1001/2038/777 1003/2784/777 1004/2039/777
f 1000/2046/1164 1006/2785/1164 1007/2047/1164
f 1001/2049/1165 1007/2786/1165 1008/2050/1165
f 1008/2052/1166 1009/2787/1166 1003/2053/1166
f 1009/2054/1167 1010/2788/1167 1004/2055/1167
f 1011/2056/785 1012/469/785 1016/2057/785
f 1013/2059/786 1015/2789/786 1016/316/786
f 1012/2068/1168 1018/2790/1168 1019/2069/1168
f 1013/2070/1169 1019/2791/1169 1020/2071/1169
f 1020/2072/1170 1021/2792/1170 1015/2073/1170
f 1021/2075/1171 1022/2793/1171 1016/2076/1171
f 1024/2078/794 1028/2794/794 1029/2079/794
f 1025/2081/1172 1027/2795/1172 1028/2082/1172
f 1024/2090/1173 1030/2796/1173 1031/2091/1173
f 1025/2093/1174 1031/2797/1174 1032/2094/1174
f 1032/2096/1175 1033/2798/1175 1027/1/1175
f 1033/2098/1176 1034/2799/1176 1028/2099/1176
f 1035/2100/803 1036/385/803 1040/2101/803
f 1037/2103/804 1039/2800/804 1040/362/804
f 1036/2111/1177 1042/2801/1177 1043/2112/1177
f 1037/2113/1178 1043/2802/1178 1044/2114/1178
f 1044/2116/1179 1045/2803/1179 1039/2117/1179
f 1045/2119/1180 1046/2804/1180 1040/2120/1180
f 1047/2122/812 1048/2805/812 1052/362/812
f 1048/385/1181 1049/2806/1181 1051/2124/1181
f 1048/2132/1182 1054/2807/1182 1055/2133/1182
f 1049/2134/1183 1055/2808/1183 1056/2135/1183
f 1056/2137/1184 1057/2809/1184 1051/2138/1184
f 1057/2139/1185 1058/2810/1185 1052/2140/1185
f 1060/2142/821 1064/2811/821 1065/2143/821
f 1061/2145/822 1063/2812/822 1064/2146/822
f 1060/2154/1186 1066/2813/1186 1067/2155/1186
f 1061/2156/1187 1067/2814/1187 1068/2157/1187
f 1068/2159/1188 1069/2815/1188 1063/2160/1188
f 1069/2162/1189 1070/2816/1189 1064/2163/1189
f 1071/2164/830 1072/362/830 1076/2165/830
f 1073/2167/831 1075/2817/831 1076/385/831
f 1072/2175/1190 1078/2818/1190 1079/2176/1190
f 1073/2178/1191 1079/2819/1191 1080/2179/1191
f 1080/2181/1192 1081/2820/1192 1075/2182/1192
f 1081/2184/1193 1082/2821/1193 1076/2185/1193
f 1083/2186/839 1084/2822/839 1088/385/839
f 1084/362/840 1085/2823/840 1087/2188/840
f 1084/2195/1194 1090/2824/1194 1091/2196/1194
f 1085/2197/1195 1091/2825/1195 1092/2198/1195
f 1092/2200/1196 1093/2826/1196 1087/2201/1196
f 1093/2203/1197 1094/2827/1197 1088/2204/1197
f 1096/2206/848 1100/2828/848 1101/2207/848
f 1097/2209/849 1099/2829/849 1100/2210/849
f 1096/2218/1198 1102/2830/1198 1103/2219/1198
f 1097/2221/1199 1103/2831/1199 1104/2222/1199
f 1104/2224/1200 1105/2832/1200 1099/2225/1200
f 1105/2227/1201 1106/2833/1201 1100/2228/1201
f 1107/2230/857 1108/385/857 1112/2231/857
f 1109/2233/858 1111/2834/858 1112/362/858
f 1108/2240/1202 1114/2835/1202 1115/2241/1202
f 1109/2243/1203 1115/2836/1203 1116/2244/1203
f 1116/2245/1204 1117/2837/1204 1111/2246/1204
f 1117/2248/1205 1118/2838/1205 1112/2249/1205
