# Blender 5.2.2 LTS
# www.blender.org
mtllib MossbackGolem.mtl
o MossbackGolem_Body
v -4.095413 1.528259 -1.158929
v -4.164980 1.221998 -1.262999
v -4.110087 1.110196 -1.003443
v -3.998363 1.580047 -1.445799
v -4.039971 1.309378 -1.572445
v -4.046450 1.310145 -0.839103
v -3.890517 1.636776 -0.870328
v -3.976107 0.918070 -1.499182
v -3.919295 0.998326 -0.782220
v -4.056714 0.916940 -1.263874
v -3.804195 1.366923 -0.649745
v -3.922978 2.277647 -0.946264
v -3.932758 1.714577 -1.101700
v -3.900556 2.330030 -1.142141
v -3.762893 0.973817 -1.712789
v -3.783459 4.111387 -0.569963
v -3.779222 0.765933 -0.897476
v -3.857346 2.061955 -0.954120
v -3.761453 4.214899 -0.723934
v -3.984779 0.840775 -1.062524
v -3.752775 0.685123 -1.351298
v -3.853976 1.726937 -1.449495
v -3.776219 2.399260 -1.309858
v -3.832773 1.428829 -1.713632
v -3.792101 4.647966 -0.374531
v -3.796195 4.721123 -0.601664
v -3.741706 4.120300 -0.408992
v -3.823736 2.220872 -0.734265
v -3.602201 2.163140 -0.601170
v -3.558673 1.576208 -0.669889
v -3.656368 4.283092 -0.888115
v -3.618406 1.842557 -0.955477
v -3.847112 2.135988 -1.204923
v -3.685451 4.606335 -0.151109
v -3.653746 4.102697 -0.285567
v -3.709711 2.012761 -0.753912
v -3.659866 1.889117 -1.166587
v -3.670044 2.160021 -1.372470
v -3.636798 2.361001 -1.398751
v -3.593187 5.103322 -0.292555
v -3.575197 5.152905 -0.556558
v -3.647191 1.311889 -0.594002
v -3.611018 0.984443 -0.648284
v -3.690571 4.736039 -0.809248
v -3.507849 0.648255 -1.314877
v -3.614620 1.725940 -1.592373
v -3.555391 3.045417 -0.413715
v -3.438863 4.497732 -0.013394
v -3.424021 5.043045 -0.043928
v -3.493631 0.686817 -0.945145
v -3.415468 5.125666 -0.787917
v -3.445661 0.775117 -1.568594
v -3.534132 4.085922 -0.200098
v -3.314211 1.271392 -0.630832
v -3.415440 2.005653 -0.695390
v -3.459886 4.249513 -1.014344
v -3.441505 2.270783 -1.425057
v -3.564676 1.354032 -1.813386
v -3.275295 5.853785 -0.009557
v -3.292006 6.027658 -0.317976
v -3.299778 2.133822 -0.653662
v -3.435827 1.835033 -0.956582
v -3.396571 0.976673 -1.725003
v -3.307188 4.083895 -0.156397
v -3.369352 3.117683 -0.381622
v -3.291377 0.900903 -0.767973
v -3.256778 1.595450 -0.783297
v -3.272649 4.660230 -1.009812
v -3.496170 4.708770 -0.956456
v -3.463165 1.890980 -1.227730
v -3.348182 1.700136 -1.575618
v -3.273728 4.935431 0.028870
v -3.367964 1.860930 -1.104473
v -3.387921 3.319707 -1.226601
v -3.357873 2.086565 -1.351949
v -3.268080 1.220454 -1.746597
v -2.962816 6.852589 -0.307004
v -3.141387 2.078197 -0.858277
v -3.260716 4.274698 -1.025396
v -3.257361 0.720625 -1.281581
v -3.105030 1.618603 -0.992431
v -3.208484 5.124576 -0.867348
v -3.274657 2.371226 -1.352870
v -3.172019 0.933144 -1.566694
v -3.138849 4.486482 -0.030220
v -3.128897 4.075534 -0.209861
v -3.094434 2.131129 -1.088158
v -3.134190 1.693421 -1.249239
v -3.263840 1.474791 -1.691613
v -3.036187 1.322976 -0.881179
v -3.083237 1.066316 -0.837471
v -3.212440 0.781646 -1.006217
v -3.157039 2.214442 -1.249056
v -3.036838 0.916679 -1.164186
v -3.058420 4.883300 0.019892
v -3.024376 6.825021 -0.029925
v -2.840496 6.850863 -0.465471
v -2.932360 6.755259 0.235855
v -3.045443 5.009042 -0.882681
v -3.051222 4.228650 -0.929923
v -3.070367 1.547164 -1.447867
v -2.907638 4.815831 -0.066873
v -2.954134 4.462564 -0.153399
v -2.991730 4.609304 -0.906759
v -3.034232 0.970118 -1.375682
v -2.962184 4.075291 -0.369330
v -2.894893 4.121203 -0.571922
v -2.937612 1.309202 -1.144925
v -3.002112 1.256546 -1.476020
v -2.610652 6.859793 -0.570195
v -2.943217 4.148296 -0.802536
v -2.727262 6.677313 0.401544
v -2.807401 7.004597 0.143948
v -2.742894 7.039196 -0.328680
v -2.979172 5.628944 0.200745
v -2.876215 7.018002 -0.093654
v -2.799840 4.792813 -0.193755
v -2.835093 4.916217 -0.753457
v -2.461024 6.782419 -0.595716
v -2.508933 6.971642 0.293098
v -2.418699 6.580329 0.425491
v -2.572619 7.138130 -0.092414
v -2.247694 6.517428 0.336124
v -2.731096 4.838350 -0.571392
v -2.734997 4.796406 -0.352851
v -2.344978 5.778643 -0.364118
v -2.652203 5.811919 -0.717199
v -2.090183 6.451307 0.115033
v -2.117280 6.544805 -0.397594
v -2.239374 6.668721 -0.529005
v -2.169377 6.820921 0.211852
v -2.034991 6.480535 -0.077280
v -2.382699 7.102221 -0.139043
v -2.316450 7.000171 -0.374683
v -2.207141 6.997020 0.014734
v -2.102561 6.839266 -0.253796
v -2.013032 6.632355 -0.111028
v -1.765617 1.821026 -0.094300
v -1.676873 2.187753 0.008369
v -1.729989 1.450331 -0.051292
v -1.727984 0.821507 -0.064245
v -1.749316 0.805096 -0.258133
v -1.635852 2.156576 -0.298197
v -1.686302 1.806880 -0.376191
v -1.673112 1.476681 -0.364909
v -1.684247 0.818408 -0.435875
v -1.689311 1.804933 0.163923
v -1.571260 2.137477 0.221946
v -1.477897 3.130568 0.297325
v -1.553878 3.222974 -0.016645
v -1.573690 0.587933 -0.353907
v -1.560519 0.892304 -0.548283
v -1.456007 1.755245 0.343410
v -1.612923 1.441808 0.155677
v -1.625354 0.743465 0.066684
v -1.533175 0.529958 -0.134052
v -1.487765 3.172214 -0.257574
v -1.457657 1.512961 -0.528406
v -1.446090 2.190191 -0.460229
v -1.451464 1.415255 0.253707
v -1.416158 0.731960 0.180603
v -1.382989 2.116609 0.347426
v -1.311658 3.394051 0.233078
v -1.397895 0.622059 -0.510193
v -1.283051 0.852363 -0.611567
v -1.453083 5.231444 0.192722
v -1.417503 5.872825 0.073056
v -1.418448 5.648495 -0.114626
v -1.390270 5.750747 0.333159
v -1.148790 3.630847 0.077319
v -1.187191 3.540810 -0.190721
v -1.217995 2.965731 0.481052
v -1.184131 1.390957 0.254858
v -1.231594 0.555988 0.004275
v -1.220750 6.433539 -0.051449
v -1.292965 5.436478 -0.344188
v -1.117648 3.451558 -0.402825
v -1.362335 1.823816 -0.559628
v -1.196132 5.854674 0.604472
v -1.289462 5.241145 0.542789
v -1.285640 6.196905 0.354663
v -1.339284 4.834507 0.359238
v -1.150834 1.736130 0.337381
v -1.355436 4.682577 0.187692
v -1.159604 6.523514 0.296314
v -1.127118 0.760247 0.117658
v -1.156708 3.552148 0.246926
v -1.126874 6.646654 0.121764
v -1.354003 4.886903 -0.155781
v -1.189084 6.144153 -0.327912
v -1.166793 4.961927 -0.434436
v -1.289546 3.074389 -0.442765
v -0.995731 5.586607 0.793902
v -1.057350 3.248598 0.516006
v -1.085688 2.044806 0.337899
v -1.296194 4.518378 -0.010323
v -1.144449 0.526736 -0.222157
v -1.101832 4.412574 -0.307358
v -1.177595 1.474464 -0.536035
v -1.170691 4.545489 0.501650
v -0.962564 1.677731 0.204504
v -1.006237 3.826697 -0.235362
v -1.078522 2.933270 -0.489618
v -1.212429 2.186135 -0.512006
v -0.946159 6.577145 0.558232
v -1.046799 3.972438 0.090089
v -0.966687 6.620038 -0.299140
v -0.987075 0.728648 -0.342303
v -1.090645 0.772556 -0.502006
v -1.109266 1.823795 -0.528392
v -1.076704 5.596310 -0.540108
v -0.994028 4.945153 0.770361
v -0.759969 6.240878 0.812933
v -0.924758 2.961069 0.527519
v -0.929488 2.679962 0.394694
v -0.973241 3.851687 0.341618
v -0.963577 4.077892 0.438775
v -0.961651 1.417724 0.076302
v -1.030716 4.039003 -0.112543
v -0.876197 3.999985 -0.347640
v -0.863931 4.379454 0.690581
v -0.849764 3.372324 0.668798
v -0.908071 6.894625 -0.071208
v -0.965934 0.772303 -0.104400
v -0.961447 2.117941 -0.412110
v -0.849597 2.831161 -0.484729
v -0.731155 5.030534 0.911136
v -0.826540 3.833291 0.520405
v -0.876807 2.012155 0.144012
v -0.849605 6.971009 0.232562
v -0.879322 1.532504 -0.066430
v -0.960703 1.460537 -0.351020
v -0.876347 2.676586 -0.414993
v -0.730043 3.457615 -0.732503
v -0.855910 6.225530 -0.566075
v -0.649630 7.061921 0.386826
v -0.891392 1.725627 -0.327457
v -0.792767 2.520408 0.237460
v -0.810260 2.041003 -0.137689
v -0.629713 7.164879 0.054808
v -1.010998 3.181148 -0.553601
v -0.819930 5.174264 -0.685311
v -0.636695 5.855717 -0.735948
v -0.559768 5.675048 0.977528
v -0.641350 3.056956 0.740446
v -0.526343 3.892384 0.701321
v -0.716344 2.473284 0.014347
v -0.754293 2.532127 -0.246814
v -0.878413 4.595195 -0.555100
v -0.598921 6.500541 -0.593697
v -0.440130 6.867858 0.674931
v -0.651836 2.572922 0.193497
v -0.600203 7.073319 -0.233389
v -0.650043 6.785054 -0.456277
v -0.454271 3.311798 0.858561
v -0.793381 2.729410 0.413358
v -0.726803 4.143790 -0.480926
v -0.560660 4.339119 0.814820
v -0.586010 2.991336 -0.742760
v -0.523566 7.021192 -0.521020
v -0.348710 2.727694 -0.638496
v -0.313143 7.298148 0.239089
v -0.298194 7.294376 -0.255773
v -0.456395 7.181179 -0.405605
v -0.386972 6.601002 -0.757765
v -0.497185 6.832874 -0.695760
v -0.224139 3.544107 -0.861867
v -0.243195 6.086112 0.982612
v -0.315014 4.931690 1.008927
v -0.639230 2.611451 -0.299886
v -0.635669 3.928891 -0.542111
v -0.411353 7.562452 -0.951630
v -0.137425 6.391485 0.927911
v -0.582476 2.532805 -0.038540
v -0.520201 4.793216 -0.751040
v -0.136590 7.173038 0.500546
v -0.125946 4.633692 -0.779879
v -0.230172 3.866750 -0.704240
v -0.427345 7.345928 -1.143076
v -0.262892 7.691523 -1.135992
v -0.283318 2.511290 0.308748
v -0.038884 2.482567 -0.297756
v -0.161731 2.577085 -0.475628
v -0.308567 7.664922 -0.824963
v -0.338234 6.226856 -0.741434
v -0.244132 7.225885 -1.334388
v -0.035893 4.431950 0.931378
v -0.170275 3.989365 0.784992
v -0.261734 2.836932 0.748528
v 0.013022 2.600690 0.538082
v -0.172975 7.550479 -1.334308
v 0.001873 5.696157 1.047311
v 0.017614 7.353619 0.194945
v -0.119362 6.337650 -0.800269
v -0.310291 5.426178 -0.837625
v -0.318732 3.254958 -0.878683
v -0.186601 2.978993 0.833137
v -0.051788 7.382255 -0.223704
v -0.158212 6.543708 -0.874352
v 0.046730 4.954663 1.033563
v -0.009497 3.346435 0.912601
v 0.108703 6.871325 0.729203
v 0.131591 7.173069 0.503901
v 0.017723 2.943362 -0.830753
v -0.131690 7.756476 -0.769312
v 0.140950 2.441813 -0.060713
v 0.058245 7.718499 -1.227453
v 0.021109 7.414872 -1.412818
v -0.190206 4.141589 -0.645867
v 0.238597 3.882165 -0.700146
v 0.291092 6.314823 -0.743639
v 0.268687 5.296410 -0.844439
v 0.015573 5.761952 -0.846091
v 0.217934 2.823574 0.741134
v 0.116335 3.968221 0.787594
v 0.224959 2.475552 0.193280
v 0.095155 7.739415 -0.732439
v 0.402973 3.132823 0.846225
v 0.231593 2.678368 -0.604085
v 0.241896 4.139453 -0.638545
v 0.184916 6.507678 -0.857879
v 0.423261 3.483144 -0.843958
v 0.070401 7.814859 -0.944548
v 0.094843 7.104676 -1.322759
v 0.363998 3.479812 0.845190
v 0.379397 7.203993 0.378112
v 0.288427 7.532707 -1.257713
v 0.554567 5.958694 0.949541
v 0.365092 6.562285 0.836041
v 0.518028 4.509427 0.888222
v 0.326571 7.644470 -0.806278
v 0.078682 3.184170 -0.899998
v 0.494456 5.334750 1.007136
v 0.254933 7.240434 -1.328556
v 0.516871 4.006912 0.711453
v 0.632226 6.671205 0.707175
v 0.281198 7.306333 -0.246788
v 0.635574 2.638636 -0.370291
v 0.312363 7.672923 -1.056204
v 0.576139 2.876796 0.670366
v 0.509268 7.235705 0.191311
v 0.444492 2.628867 0.470942
v 0.528621 7.069452 -0.389022
v 0.458325 7.217359 -0.472819
v 0.603926 3.947913 -0.543889
v 0.392016 7.303190 -1.183676
v 0.762402 3.403524 0.717697
v 0.617004 2.551648 -0.131482
v 0.534408 2.879133 -0.691444
v 0.497251 6.788984 -0.688880
v 0.432294 7.482387 -1.023572
v 0.628147 2.559890 0.141564
v 0.742546 3.838892 0.592308
v 0.634942 6.955829 0.508031
v 0.579464 6.521365 -0.607053
v 0.437433 4.653988 -0.741236
v 0.938556 5.217378 0.835241
v 0.721777 3.135396 0.726601
v 0.729494 2.699632 0.398951
v 0.861489 6.994173 0.073479
v 0.860677 3.547830 -0.610129
v 0.569367 3.083776 -0.783808
v 0.880965 4.512547 0.727777
v 0.767705 2.721070 -0.421380
v 0.660245 4.155455 -0.514866
v 0.599371 5.887553 -0.741687
v 0.974878 5.930338 0.765409
v 0.739592 2.454523 0.118114
v 0.756651 2.513403 -0.253893
v 0.670011 6.890251 -0.362398
v 1.015372 4.790651 -0.522551
v 0.802035 3.343424 -0.700432
v 0.895662 2.632536 0.367381
v 0.832083 2.057133 -0.223850
v 0.869762 6.892783 -0.142273
v 1.016192 6.373888 0.594085
v 0.898838 2.993222 0.559801
v 0.904117 6.842700 0.365983
v 0.840100 1.937557 0.050601
v 0.847988 1.775860 -0.223005
v 0.924615 2.662138 -0.437121
v 0.752221 5.181382 -0.717924
v 0.931360 3.816359 0.413519
v 0.984571 2.027189 0.270828
v 0.906892 1.468942 -0.225581
v 1.002558 2.109716 -0.439101
v 0.983254 6.523457 -0.346663
v 0.982507 3.059725 -0.544925
v 0.796628 6.251605 -0.584474
v 1.114072 5.274601 -0.515315
v 1.083894 4.455355 0.545581
v 1.114578 3.330957 0.451686
v 1.078243 3.008039 0.501394
v 1.031058 1.709752 0.274775
v 0.958363 0.842074 -0.093672
v 1.011545 5.777174 -0.566519
v 1.107410 4.918878 0.673049
v 0.968850 4.063497 0.426458
v 1.028947 3.849080 0.213418
v 1.080155 3.745318 -0.090613
v 0.943775 4.079174 -0.270896
v 0.885649 3.875525 -0.365114
v 0.980092 0.779345 -0.343105
v 1.051097 1.434622 -0.461249
v 1.186473 6.181439 -0.308661
v 0.952732 1.424513 0.071653
v 1.144880 0.781991 0.140323
v 1.063275 4.036819 -0.005098
v 1.034497 0.634617 -0.137055
v 1.014732 4.422803 -0.396026
v 1.170398 2.944536 -0.486726
v 1.125387 3.360346 -0.433959
v 1.205098 5.749510 0.614945
v 1.164127 3.514569 0.278347
v 1.211722 2.066952 0.363281
v 1.243144 4.381794 0.149888
v 1.152167 1.382779 0.234398
v 1.174057 3.564473 -0.189574
v 1.052856 1.743223 -0.504636
v 1.367364 5.242253 0.437722
v 1.151995 6.503849 0.343092
v 1.330109 4.750069 0.353563
v 1.247147 0.564342 0.019143
v 1.277131 4.631843 -0.191800
v 1.237212 0.558037 -0.404583
v 1.130436 0.806248 -0.546607
v 1.320105 3.025978 0.430031
v 1.270913 1.726417 0.358746
v 1.140180 6.560319 -0.094031
v 1.393467 0.479680 -0.239885
v 1.336253 0.811458 -0.608708
v 1.357771 5.959874 0.338216
v 1.406609 2.146515 0.338164
v 1.354953 1.431578 0.278273
v 1.281886 6.340597 0.094152
v 1.269330 5.760011 -0.338895
v 1.454520 3.115648 0.323796
v 1.528816 3.194493 0.169331
v 1.417392 0.722098 0.172185
v 1.398756 4.846882 0.023650
v 1.334189 1.502667 -0.553276
v 1.507767 1.765036 0.318869
v 1.424867 5.280846 -0.101837
v 1.369157 5.935574 -0.094114
v 1.325884 5.259809 -0.294199
v 1.400582 1.853021 -0.556883
v 1.244087 2.207042 -0.514497
v 1.454940 5.590799 0.091000
v 1.404255 3.173553 -0.347029
v 1.531883 0.838967 -0.566097
v 1.574865 2.131116 0.218588
v 1.581930 1.438148 0.190941
v 1.625274 0.810538 0.094860
v 1.550305 3.227452 -0.041887
v 1.588917 0.594753 -0.047033
v 1.524674 3.123201 -0.202093
v 1.691330 1.811408 0.160708
v 1.670204 2.166400 0.041014
v 1.562947 0.612161 -0.417921
v 1.536152 2.216506 -0.397818
v 1.665524 0.828253 -0.457053
v 1.591713 1.507265 -0.452015
v 1.761940 0.811668 -0.204363
v 1.671098 2.176735 -0.174537
v 1.765547 1.780937 -0.087638
v 1.729390 1.497372 -0.221676
v 1.673720 1.860947 -0.383400
v 2.124572 6.890000 -0.219917
v 2.144933 6.733398 -0.415340
v 2.165179 6.911798 0.109025
v 2.006163 6.569702 -0.112350
v 2.197783 6.717031 0.295499
v 2.181045 6.494077 0.279434
v 2.354051 7.078417 -0.238283
v 2.380990 6.928907 -0.493394
v 2.291221 7.057829 -0.006668
v 2.082176 6.398282 0.020998
v 2.106188 6.506876 -0.364833
v 2.800361 4.812856 -0.175665
v 2.279257 6.553322 -0.548886
v 2.529606 7.024460 0.228847
v 2.570095 7.123684 -0.023707
v 2.451035 6.690393 -0.608215
v 2.421192 6.492555 0.401971
v 2.722776 4.812912 -0.377092
v 2.645373 7.064241 -0.346220
v 2.640943 6.825243 -0.573641
v 2.600045 6.698095 0.431454
v 2.806638 6.886938 0.279343
v 2.491168 5.402169 -0.409774
v 2.823358 4.947223 -0.746888
v 2.851288 7.054403 -0.076662
v 2.855452 6.610682 0.328565
v 2.755728 4.848007 -0.625734
v 2.927115 5.917956 -0.736507
v 3.038859 4.820541 0.005212
v 3.064497 5.814994 0.189836
v 2.893800 5.690046 0.219827
v 2.926544 4.484036 -0.161439
v 2.866818 6.857186 -0.436649
v 2.890340 4.122777 -0.609637
v 2.994279 4.637561 -0.911759
v 2.975598 5.022472 -0.853930
v 2.915581 4.127067 -0.442398
v 2.970773 4.204963 -0.851704
v 2.943702 1.165569 -1.086204
v 2.969831 1.395949 -1.345879
v 2.992019 3.136417 -0.771925
v 3.198544 5.073517 -0.880065
v 3.026360 1.480490 -0.972586
v 3.086446 2.294083 -1.102407
v 3.012055 1.127103 -1.465502
v 3.002295 6.881760 -0.033593
v 3.191636 4.454954 -0.022572
v 3.032539 4.086989 -0.273765
v 3.491785 5.166660 -0.692089
v 3.111744 1.670354 -1.134030
v 3.161731 1.675929 -1.422058
v 3.116692 2.148495 -0.873399
v 3.064383 1.165064 -0.830692
v 3.096385 0.887874 -1.013340
v 3.201706 2.179297 -1.306005
v 3.092955 3.269025 -1.086682
v 3.110661 0.861961 -1.386126
v 3.185807 1.301322 -1.696464
v 3.285777 4.104662 -0.149888
v 3.296073 1.598120 -0.764658
v 3.293770 4.666540 -1.008109
v 3.255795 0.708351 -1.188521
v 3.324542 1.735766 -1.493818
v 3.202107 0.883657 -1.566897
v 2.982690 6.654588 0.190111
v 3.292362 4.947969 0.022179
v 3.275664 3.269062 -0.363677
v 3.242193 1.349610 -0.682010
v 3.228472 2.070424 -0.733842
v 3.180659 2.017238 -1.065439
v 3.235889 4.242852 -1.027269
v 3.337989 2.341608 -1.391486
v 3.348517 1.585730 -1.679432
v 2.977957 6.873824 -0.251610
v 3.335473 2.112076 -0.649841
v 3.310094 0.793561 -0.878575
v 3.385138 1.869926 -1.167762
v 3.328052 1.012256 -0.674316
v 3.426689 1.850991 -0.920946
v 3.466390 1.015798 -1.761194
v 3.466604 4.533731 -0.017193
v 3.317872 5.964101 -0.182202
v 3.344831 5.160139 -0.809577
v 3.373713 1.805985 -0.968262
v 3.476739 0.638174 -1.157900
v 3.431881 3.284788 -1.233726
v 3.530324 4.112582 -0.188248
v 3.542069 1.381625 -0.599869
v 3.571744 0.782369 -0.802612
v 3.582524 0.852577 -1.664855
v 3.503739 5.063675 -0.111471
v 3.585208 1.636960 -0.731130
v 3.524307 2.109370 -0.611329
v 3.546517 4.289823 -0.975732
v 3.488259 1.893138 -1.232177
v 3.658464 4.585866 -0.129462
v 3.745759 1.224907 -0.617363
v 3.632950 1.845145 -0.963940
v 3.494234 4.753454 -0.945454
v 3.447120 2.130698 -1.393180
v 3.590089 5.163830 -0.457844
v 3.624437 2.790730 -0.490535
v 3.749859 0.940634 -0.706531
v 3.689828 1.856071 -1.233433
v 3.675675 2.112673 -1.343577
v 3.530277 0.687702 -1.434595
v 3.647108 2.312559 -1.405545
v 3.817498 2.062731 -0.793046
v 3.706866 4.740839 -0.786568
v 3.662601 1.726820 -1.577962
v 3.514095 1.297631 -1.815457
v 3.750841 4.788303 -0.648426
v 3.715026 4.251761 -0.816545
v 3.678139 1.907699 -1.150090
v 3.796885 0.801682 -1.529138
v 3.772692 4.747139 -0.365145
v 3.818097 4.573412 -0.444182
v 3.809191 2.178933 -0.723972
v 3.820136 0.709406 -1.284968
v 3.783487 4.218926 -0.574237
v 3.728396 0.687210 -1.026238
v 3.857435 2.090944 -1.137725
v 3.769799 1.507153 -1.722459
v 3.856859 1.594634 -0.782582
v 3.725772 4.150240 -0.376556
v 3.946226 1.699901 -1.088624
v 3.866274 1.072550 -1.697819
v 3.908145 2.460007 -0.896303
v 3.914948 2.313047 -1.097596
v 3.817863 2.327644 -1.285868
v 3.938413 1.170200 -0.720988
v 4.028994 0.866750 -1.266043
v 3.970281 1.289356 -1.644306
v 4.031535 1.550457 -0.955031
v 4.008709 0.908775 -0.984288
v 3.992477 1.639403 -1.375272
v 4.085901 1.097951 -1.453669
v 4.111017 1.423717 -1.367725
v 4.159638 1.209804 -1.081926
v -1.551011 3.523369 -0.387141
v -1.656406 3.432038 -0.352128
v -1.717473 3.439198 -0.250389
v -1.660872 3.546004 -0.280768
v 0.727462 3.345474 -1.024161
v 0.486997 3.061614 -0.940875
v 0.541047 3.331428 -1.046890
v 0.566802 3.426161 -1.057064
v 0.692241 3.498430 -1.013373
v 0.810471 3.449759 -0.949528
v 0.293408 2.589042 0.701817
v 0.168931 2.562077 0.674592
v 0.286064 2.556665 0.610755
v 1.154109 3.926404 -0.496790
v 1.045335 3.988192 -0.548176
v 0.977540 4.091044 -0.454769
v 1.144577 4.020953 -0.408979
v 0.416368 4.426381 -0.092361
v 0.422161 4.430467 0.004839
v 0.601369 4.360659 -0.054298
v 0.499284 4.390142 -0.142594
v -0.919964 3.580398 0.911378
v -0.784641 3.538584 0.960892
v 1.439018 3.531170 -0.064853
v 1.480247 3.404826 0.021147
v 1.465007 3.371747 -0.102082
v 1.427951 3.470863 -0.176628
v 0.421203 2.899398 -0.856800
v 0.544499 2.893649 -0.789605
v 0.488189 2.846951 -0.771625
v -1.720355 3.341935 -0.215224
v -1.663978 3.190700 -0.264698
v -1.636171 3.181285 -0.194842
v -1.660141 3.288665 -0.090788
v -1.572100 3.566838 0.192235
v -1.452627 3.629616 0.350803
v -1.558961 3.672829 0.145757
v -1.671455 3.496440 -0.058026
v -0.771869 3.303038 1.033217
v -0.899389 3.356381 0.969373
v -1.072675 3.319650 0.750725
v -0.806420 3.218865 0.999928
v 0.276256 4.434693 0.062779
v 0.235785 4.430441 -0.019282
v 0.081010 4.395657 0.060263
v -0.344534 3.028473 1.061723
v -0.444745 2.993845 1.036666
v -0.134248 2.440543 -0.552350
v -0.259516 2.443588 -0.510906
v -0.284090 2.449053 -0.580433
v 0.200975 2.755585 -0.779147
v -0.976218 4.041748 -0.388050
v -0.695321 4.120617 -0.415793
v -0.877696 4.024449 -0.489889
v 0.971461 3.995918 0.281794
v 1.257883 3.686816 0.167998
v 1.063883 4.006877 0.182974
v 0.239040 4.233224 -0.546580
v 0.339012 4.217003 -0.549285
v 0.352200 4.124923 -0.650775
v 0.174342 4.150304 -0.638063
v 1.438802 3.152930 0.108606
v 1.465945 3.287133 0.134192
v 1.415351 3.146098 0.224837
v 1.394578 3.108653 0.139150
v -0.956276 3.819712 0.759559
v -0.825526 3.910952 0.734415
v -0.919954 3.917066 0.672591
v -0.866994 5.220218 -0.739983
v -1.502072 4.947383 -0.492740
v -1.511383 4.902315 -0.480088
v -1.454955 4.824138 -0.177354
v -1.510228 4.940022 -0.430822
v 0.247997 3.659801 -0.477084
v 0.205432 3.650644 -0.434709
v 0.162705 3.672197 -0.483140
v 0.215289 3.686999 -0.521198
v -0.189495 5.202414 -1.251723
v -0.286616 5.184143 -1.249103
v -0.227974 5.243538 -1.226455
v -0.150068 5.243386 -1.229933
v -1.321635 4.771380 0.313062
v -1.313755 4.697875 0.379594
v -1.265322 4.683552 0.416338
v -1.276581 4.740309 0.402854
v 0.889812 4.528977 -1.152277
v 0.949472 4.518064 -1.123498
v 0.938811 4.451307 -1.125977
v 0.874422 4.479172 -1.160861
v 0.746373 4.556886 -1.179861
v 0.679370 3.718577 0.050992
v 0.628582 3.681293 0.050445
v 0.599382 3.664387 0.007038
v 0.648607 3.673776 -0.027868
v 0.692737 3.707474 -0.005991
v 1.236389 4.969651 -0.792182
v 1.258644 4.911663 -0.802238
v 0.826087 5.428779 -0.514604
v 0.792200 5.426234 -0.569356
v 0.340327 5.634530 -0.488095
v 0.269929 5.639782 -0.470875
v 0.333338 5.638480 -0.435081
v 0.826087 5.428779 -0.514604
v 1.075736 4.431129 -1.018817
v 1.121673 4.492918 -0.988690
v 1.126658 4.476261 -0.977812
v -0.492739 4.798360 -1.276097
v -0.571753 4.817312 -1.264194
v -0.560608 4.863627 -1.278267
v -0.494148 4.846032 -1.284150
v -0.150975 3.749210 0.119628
v -0.197222 3.774373 0.174094
v -0.242882 3.784293 0.147928
v 0.637950 4.393335 0.700592
v 0.609858 4.431050 0.719098
v 0.585645 4.381783 0.724332
v -1.294524 4.596051 0.338575
v -1.259256 4.542586 0.332237
v -1.240020 4.551353 0.363164
v 1.463194 5.021574 -0.587306
v 1.473273 5.096888 -0.543332
v 0.826087 5.428780 -0.514604
v 1.491144 5.094188 -0.489750
v 1.505817 5.062430 -0.533002
v 1.421645 4.934352 -0.145795
v 1.391635 4.860307 -0.102074
v 1.431332 4.891420 -0.164611
v -0.899591 4.991540 -1.177103
v -0.971530 4.968319 -1.145062
v -0.975332 5.009026 -1.137937
v 0.997956 4.185168 -0.976380
v 1.002592 4.104260 -0.914063
v 0.935904 4.041485 -0.871445
v 0.958867 4.099658 -0.947542
v -1.267812 5.182365 -0.225059
v -1.215150 5.209760 -0.211831
v -1.227246 5.220728 -0.259287
v 0.168991 5.686414 -0.111827
v -0.077305 7.078291 -0.319316
v -0.241256 7.047121 -0.272417
v -0.116247 7.142999 -0.247199
v 1.026489 5.567117 1.607780
v 0.930696 5.567277 1.678449
v 0.944337 5.502294 1.572705
v 1.145833 5.531413 0.066085
v 1.158005 5.598107 -0.009311
v 1.230216 5.596175 0.094999
v 1.492655 6.724276 0.090020
v 1.496405 6.610673 0.107685
v 1.417686 6.585359 0.003799
v -0.732180 6.275526 -0.334224
v -0.536354 6.354971 -0.387714
v -0.668566 6.201847 -0.356897
v -0.492145 5.010500 1.013677
v -0.349177 5.001690 1.042298
v -0.428050 5.042351 1.121535
v 0.987128 7.774590 0.306960
v 1.074839 7.705712 0.223675
v 0.975499 7.698307 0.139930
v 0.910659 7.748061 0.212504
v 0.670987 7.624552 1.779185
v 0.559324 7.582756 1.836506
v 0.644966 7.554912 1.888869
v 1.619939 7.235461 0.827964
v 1.612568 7.418086 1.013145
v 1.604092 7.444698 1.211985
v 1.622088 7.367548 1.305341
v 1.678016 7.339955 1.158196
v 1.422927 6.417976 1.902223
v 1.410067 6.601209 1.923315
v 1.311922 6.536485 1.983683
v 1.318914 6.399524 1.966289
v -1.949917 6.328635 1.374878
v -1.960528 6.286535 1.246448
v -1.943774 6.135422 1.151296
v -1.857037 6.085365 1.261806
v -1.953745 6.244392 1.398854
v -1.767735 5.902399 0.500644
v -1.731839 5.984736 0.402658
v -1.691899 5.896098 0.385426
v 0.958603 7.490988 1.869556
v 0.871048 7.581001 1.835872
v 0.683062 7.546610 1.899726
v 0.834638 7.477152 1.926850
v -0.825682 6.728110 2.098805
v -0.851924 6.627053 2.103039
v -0.633852 6.731832 2.114807
v 0.393505 7.399647 1.936787
v 1.447292 7.021267 0.085256
v 1.344086 7.071584 -0.000554
v 1.400202 7.154615 0.099571
v 0.844348 5.488623 0.040818
v 0.749646 5.560788 -0.041287
v 0.009972 6.307972 -0.370939
v -0.056147 6.433893 -0.389519
v 0.012006 6.393876 -0.378853
v 0.017706 6.374483 -0.377805
v 0.007920 6.328201 -0.377747
v -1.382315 5.460679 0.462237
v -1.209492 5.343178 0.337374
v -1.178102 5.269722 0.429278
v -0.825192 5.124060 0.349815
v -0.721095 5.072656 0.431708
v -0.841935 5.077747 0.441171
v 0.645108 5.091027 0.079921
v 0.555721 4.753548 -0.029515
v 0.543469 4.702561 -0.030158
v -1.571885 4.684785 0.813575
v -1.591009 4.644570 0.846921
v -0.023281 5.124044 0.020779
v -0.075227 5.149544 0.046784
v -0.009701 5.161425 0.045036
v 0.023086 5.149020 0.022858
v -0.693539 5.400125 1.755318
v -0.639714 5.411747 1.769455
v -0.680839 5.431506 1.737464
v 1.282204 4.225113 1.235505
v 1.231340 4.204758 1.241110
v -0.157705 4.935883 1.908279
v -0.197413 4.909979 1.898484
v -0.118893 4.890258 1.904604
v 0.240259 4.902331 1.872223
v -0.543806 5.595197 1.580199
v -0.570159 5.579031 1.624220
v -0.504404 5.592456 1.630784
v -0.458715 5.593773 1.600714
v -0.475461 5.604349 1.569362
v 0.288378 4.334570 0.125945
v 0.307118 4.373539 0.097219
v 1.421750 4.154655 1.088338
v 1.334657 4.197989 1.189154
v 1.400850 4.115508 1.089136
v 1.237637 4.100156 0.870628
v 1.415400 4.132103 1.026076
v 1.427034 4.207520 0.992684
v -1.571885 4.684786 0.813576
v -1.615512 4.890892 1.158821
v -1.587964 4.956228 1.210727
v -1.388141 5.081027 1.306803
v -1.589599 4.958490 1.174365
v 0.709503 4.976982 1.796625
v 0.644747 4.986147 1.823232
v 0.687545 4.930236 1.824860
v 0.733618 4.907382 1.803102
v 0.754791 4.943155 1.775296
v 1.327574 4.778960 0.213590
v 1.364492 4.707425 0.234680
v 1.349430 4.659409 0.226524
v 1.299731 4.672226 0.189512
v 1.309581 4.726125 0.188903
v 1.026875 5.142046 0.181350
v 0.953764 5.154938 0.153162
v 0.961241 5.168651 0.181146
v 0.796740 4.108767 0.231371
v 0.761354 4.082190 0.258814
v 0.712040 4.091438 0.224612
v 0.643730 4.128568 0.204623
v 0.744523 4.119384 0.194291
v -1.498157 4.568064 0.562345
v -1.410219 4.557292 0.522977
v -1.108264 4.483867 0.472441
v -1.494699 4.538760 0.562545
v -1.535241 4.547432 0.620923
v -1.571884 4.684784 0.813573
v 1.269574 5.142009 0.381098
v 1.241029 5.175210 0.347093
v 1.222513 5.209079 0.383230
v 1.207891 5.206004 0.437252
v 1.250507 5.170949 0.423216
v -1.585670 4.376390 1.178700
v -1.623985 4.409987 1.192547
v -1.647709 4.404313 1.142331
v -1.618241 4.382051 1.135201
v 0.665812 4.828916 1.798561
v 0.717486 4.850759 1.793356
v 0.670101 4.868920 1.814292
v 0.656719 4.059696 0.429037
v 0.637678 4.065138 0.378702
v 0.697236 4.059628 0.391272
v 1.096143 7.813656 -0.233756
v 0.993762 7.791054 -0.328829
v 1.001860 7.953100 -0.264163
v 1.039518 7.971426 -0.172262
v 1.148550 7.871928 -0.075638
v 1.115391 7.330395 0.725367
v 0.998373 7.270446 0.767349
v 1.133522 7.254201 0.617530
v 0.136089 7.781868 1.289176
v -0.171080 7.848270 1.279886
v -0.203416 7.774855 1.346653
v -0.518455 7.391425 1.337641
v -0.513765 7.508391 1.374240
v -0.641143 7.542933 1.318871
v -0.619624 7.374123 1.313766
v 1.016279 7.246649 -0.251966
v 0.932054 7.131186 -0.248500
v 0.781876 7.202122 -0.367898
v 0.918902 7.259565 -0.345898
v -0.779068 7.186513 -0.368008
v -0.867876 7.222985 -0.238861
v -0.815860 7.295111 -0.345443
v -0.680502 7.313787 -0.417553
v -0.438166 7.248626 -0.452717
v -0.727158 7.119149 0.954292
v -0.630933 7.051334 0.960446
v -0.599871 7.123641 1.095639
v -0.605769 7.054179 0.987353
v -0.495498 7.113933 1.097409
v -0.000653 8.235948 0.066314
v 0.147317 8.293978 0.120527
v 0.144089 8.265260 -0.001520
v 1.382631 7.590498 0.437171
v 1.368002 7.515522 0.515140
v 1.389890 7.442616 0.404124
v 1.384627 7.510438 0.276298
v 1.332964 7.678095 0.250415
v 0.609011 7.796669 1.138303
v 0.899771 7.798245 0.983239
v 0.981287 7.831878 0.838283
v 0.820690 7.893072 0.966662
v -1.053173 7.682290 0.881871
v -0.767304 7.632519 1.193123
v -1.026233 7.797562 0.915168
v -1.037320 7.788773 0.760293
v -1.060371 7.652081 0.722256
v 0.805096 8.159472 0.018917
v 0.905812 8.097907 -0.058068
v 0.817977 8.125340 -0.108740
v 0.452176 7.466380 -0.568639
v 0.446667 7.589755 -0.564105
v 0.587009 7.525580 -0.547974
v 0.388007 7.670878 1.274948
v 0.148452 7.620424 1.326765
v 0.393937 7.544520 1.271692
v 0.537759 7.592738 1.207184
v 0.322604 7.049614 0.934570
v 0.308162 6.998179 0.819843
v 1.175620 7.882644 0.290366
v 1.188880 7.881433 0.148236
v 1.082241 7.981496 0.064892
v 1.087985 7.972682 0.216590
v -0.853789 7.051690 0.413946
v -0.759956 6.975749 0.460108
v -0.836532 7.052824 0.558794
v -0.491378 7.652886 1.347976
v -0.593874 7.687342 1.285192
v -0.632535 7.597817 1.308903
v 0.205686 6.717333 -0.962190
v 0.177310 6.714149 -0.953315
v 0.182326 6.713184 -0.972570
v 0.221024 6.731965 -0.983043
v 0.094330 8.083638 -1.131605
v 0.157046 8.056418 -1.087325
v 0.112775 8.082035 -1.138716
v 0.083025 8.085038 -1.153660
v 0.625883 7.738610 -0.474633
v 0.607118 7.736155 -0.461659
v 0.597658 7.707768 -0.445690
v 0.630286 7.719947 -0.459984
v 0.706881 7.082443 -0.987769
v 0.698602 7.075799 -1.013515
v -0.188688 7.155737 -0.329444
v -0.193711 7.140209 -0.350102
v 0.093180 7.992555 -1.591180
v 0.062416 7.993394 -1.597770
v 0.071287 8.008331 -1.584850
v 0.101029 8.004032 -1.576990
v -0.188687 7.155736 -0.329444
v 0.216400 7.011672 -0.322109
v 0.244996 7.015559 -0.330204
v 0.254086 7.038170 -0.325001
v 0.223751 7.029982 -0.311691
v -0.706692 7.059520 -0.946490
v -0.719144 7.079014 -0.955286
v -0.710527 7.064025 -0.970615
v -0.413058 6.872499 -1.245800
v -0.396595 6.831446 -1.212352
v -0.409822 6.834031 -1.196555
v -0.427671 6.849322 -1.208886
v -0.596679 7.541780 -1.637129
v -0.596666 7.561177 -1.638967
v -0.580435 7.569411 -1.660637
v -0.577065 7.544709 -1.661615
v -0.545852 7.291740 -0.344725
v -0.188688 7.155737 -0.329444
v -0.516089 7.301810 -0.333598
v -0.541297 7.317504 -0.346013
v -0.560177 7.308537 -0.360914
v 0.924392 7.449111 -0.976739
v 0.931865 7.442300 -0.960028
v 0.920875 7.411940 -0.962347
v 0.894307 7.380654 -0.991171
v 0.920929 7.434690 -0.987904
v 0.541326 6.949451 -1.053093
v 0.549765 6.959251 -1.072450
v 0.754426 7.744522 -0.701831
v 0.774943 7.725927 -0.711491
v 0.761860 7.743206 -0.719540
v -0.219937 7.457594 -1.828202
v -0.196927 7.442039 -1.827853
v -0.203400 7.419747 -1.815338
v -0.227809 7.436320 -1.823689
v 0.415358 6.940803 -1.260462
v 0.392197 6.939033 -1.273155
v 0.405339 6.956140 -1.279655
v -0.615077 7.949982 -1.129091
v -0.629172 7.934453 -1.116622
v -0.611717 7.948368 -1.107555
v -0.658737 7.462381 -1.429110
v -0.649281 7.457658 -1.458805
v 0.739231 7.260722 -0.759538
v 0.741286 7.242886 -0.775233
v -0.246438 7.907100 -1.534329
v -0.250666 7.893466 -1.548225
v -0.704731 7.872107 -1.791315
v -0.575576 7.914006 -1.825536
v -0.400278 7.876266 -1.875402
v -0.579530 7.852757 -1.835668
v -0.846911 7.882998 -1.656631
v -0.847140 7.851686 -1.710270
v -0.812647 7.836663 -1.685717
v -0.035941 7.991307 -1.869658
v -0.008689 7.934404 -1.905661
v -0.173401 7.799923 -1.859725
v -0.579530 7.852757 -1.835668
v -0.228840 7.834919 -1.892484
v 0.275638 7.794409 -1.221502
v 0.175651 7.849814 -1.171945
v -0.054949 7.813845 -1.171974
v -0.591270 7.864213 -1.495583
v -0.030910 7.780584 -1.193684
v 0.839525 7.807293 -1.448975
v 0.803249 7.777398 -1.407856
v 0.745928 7.739472 -1.456338
v 0.670994 7.736581 -1.588816
v 0.801094 7.786247 -1.519394
v 0.214679 7.972965 -1.220270
v 0.299919 7.947371 -1.211096
v 0.289047 8.007505 -1.259290
v 0.106231 7.819573 -1.905867
v 0.181064 7.785075 -1.872974
v 0.211307 7.854163 -1.175888
v 0.323214 7.800096 -1.226931
v -0.241796 8.138528 -1.455389
v -0.239412 8.112679 -1.395000
v -0.140527 8.140337 -1.414844
v 0.597722 8.106845 -1.616082
v 0.263562 8.175309 -1.611562
v 0.301509 8.175636 -1.555157
v 0.213583 7.869099 -1.175607
v 0.299525 7.946881 -1.210783
v 0.181867 7.932487 -1.194511
v 0.444686 7.779111 -1.836551
v 0.412428 7.810122 -1.864518
v 0.562146 7.813925 -1.794112
v 0.617163 7.742816 -1.650704
v 0.678153 8.079656 -1.634885
v 0.789592 8.022439 -1.638374
v 0.829945 7.923123 -1.558866
v 0.785906 7.969885 -1.693617
v 0.646954 7.972799 -1.759457
v 0.675511 8.040074 -1.708110
v 0.655831 8.091893 -1.613947
v 0.638153 8.089271 -1.543231
v 0.721144 8.059967 -1.574172
v 0.782678 7.920404 -1.357569
v 0.303653 7.946698 -1.211846
v 0.309282 7.864983 -1.200236
v 0.813551 7.854038 -1.348971
v 0.847297 7.865777 -1.404009
v 0.809538 7.956521 -1.460372
v -0.836818 7.908862 -1.699028
v -0.840247 7.919067 -1.649633
v -0.741276 7.965569 -1.596841
v -0.791219 7.972242 -1.674067
v 0.636998 7.730339 -1.610268
v 0.571843 7.708033 -1.570950
v -0.579530 7.852757 -1.835668
v -0.747891 7.826365 -1.723062
v -0.780419 7.841987 -1.751041
v 0.135119 7.212753 -1.144701
v -0.475004 7.199664 -1.302962
v -0.562801 7.189120 -1.356443
v -0.599606 7.151061 -1.366682
v -0.582068 7.152656 -1.320666
v -0.209879 7.107360 -1.855428
v -0.183773 7.150119 -1.834190
v -0.125311 7.147962 -1.860413
v -0.142590 7.107862 -1.879546
v -0.103748 6.725471 -1.135945
v -0.139842 6.773098 -1.114830
v -0.228304 6.733371 -1.136837
v -0.204641 6.700827 -1.157257
v -0.412080 7.086457 -1.733867
v -0.456690 7.091942 -1.689158
v -0.412010 7.126511 -1.697009
v -0.676035 6.808431 -1.378159
v -0.685089 6.838335 -1.419102
v -0.667347 6.799629 -1.410108
v 0.688207 6.908331 -1.203437
v 0.677978 6.867651 -1.191864
v 0.580937 6.754065 -1.293621
v 0.697536 6.889532 -1.235921
v 0.512492 7.185023 -1.540585
v 0.560871 7.139092 -1.493055
v 0.550653 7.154925 -1.569714
v 0.504310 7.181397 -1.598809
v 0.350886 7.101126 -1.816974
v 0.388166 7.072110 -1.800927
v 0.544246 6.761199 -1.255706
v 0.514799 6.732794 -1.289670
v 0.580937 6.754065 -1.293621
v 0.481394 7.007920 -1.069376
v 0.511999 7.033943 -1.093717
v 0.452908 7.058074 -1.057708
v 0.410342 7.038481 -1.052356
v 0.278273 7.248985 -1.496398
v 0.301399 7.236780 -1.560404
v 0.269927 7.246970 -1.549113
v 0.263379 7.253056 -1.533952
v 0.265143 7.253341 -1.521105
v 0.472334 6.698928 -1.425369
v 0.515969 6.713444 -1.418631
v 0.580937 6.754065 -1.293621
v 0.489010 6.687754 -1.377446
v -0.228293 6.628650 -1.564979
v -0.262399 6.637774 -1.575111
v -0.207346 6.642688 -1.603925
v -0.137615 7.259459 -1.569140
v -0.193977 7.245127 -1.585598
v -0.192168 7.255385 -1.557897
v -0.177875 7.260795 -1.544645
v -0.080148 7.205393 -1.132665
v 0.020860 7.161403 -1.060630
v 0.082776 7.155809 -1.046762
v 0.076829 7.193612 -1.053169
v -0.278712 7.250286 -1.295290
v -0.270418 7.264919 -1.342102
v -0.426127 6.769659 -1.760720
v -0.442614 6.808393 -1.771680
v -0.400417 6.850376 -1.802494
v -0.340872 6.840433 -1.824460
v -0.380989 6.782370 -1.800340
v 0.221526 7.001266 -1.904326
v 0.154087 7.019979 -1.909577
v 0.239626 7.046118 -1.899812
v 0.270514 7.010778 -1.888543
v -0.495152 6.712567 -1.285981
v -0.462228 6.689937 -1.305571
v -0.433370 6.682269 -1.286901
v 1.482534 7.168873 -0.901913
v 1.593495 6.502460 -1.404355
v 1.511707 6.658824 -1.371736
v 1.641308 6.571868 -1.363757
v 0.155154 5.241741 -0.670723
v 0.146179 5.240165 -0.573893
v 0.124027 5.329476 -0.622921
v 1.443084 6.039443 0.512574
v 1.479603 6.051298 0.473354
v 1.489152 6.131326 0.497305
v 0.760111 4.842240 -0.286652
v 0.990690 4.785972 -0.552147
v 1.104154 4.818346 -0.580654
v 0.491945 4.921685 -0.239639
v 0.609371 4.840668 -0.239368
v 0.760111 4.842240 -0.286651
v 0.605782 4.899707 -0.164029
v 0.555966 4.952795 -0.162767
v 1.172881 5.469665 -1.348230
v 1.227821 5.394903 -1.314330
v 1.129606 5.334055 -1.299184
v 2.081087 6.716578 -0.430579
v 2.100157 6.663842 -0.497578
v 2.085995 6.734710 -0.534784
v 0.760111 4.842241 -0.286651
v 0.847581 4.894736 -0.256605
v 0.808765 4.912917 -0.206104
v 0.301759 4.993843 -0.579477
v 0.364054 4.932914 -0.536594
v 0.289188 4.998163 -0.485293
v 0.457910 5.102069 -1.070095
v 0.514398 5.147716 -1.135518
v 0.612103 5.082988 -1.130019
v 0.531853 5.049757 -1.064569
v 0.116868 5.689926 -0.232215
v 0.098502 5.592093 -0.301978
v 0.117584 5.534279 -0.214482
v 0.152093 5.613699 -0.135609
v 0.162236 5.721640 -0.142109
v 1.176731 4.756791 -0.882222
v 1.190262 4.820289 -0.966603
v 1.286895 4.894533 -0.990421
v 1.264971 4.787342 -0.874709
v 1.162942 6.675221 -1.361711
v 1.139666 6.762703 -1.325775
v 1.223481 6.774662 -1.343191
v 1.710932 7.121290 -0.337871
v 1.769852 7.092622 -0.318051
v 1.752931 7.144859 -0.416316
v 1.655720 7.170517 -0.453974
v 1.201584 6.398228 0.495378
v 1.124665 6.284755 0.570034
v 1.062207 6.146204 0.537824
v 1.164899 6.214022 0.607573
v 1.215115 6.302692 0.590991
v 1.791613 5.825426 -1.294522
v 1.862132 6.000382 -1.330018
v 1.910055 6.070083 -1.289294
v 1.916941 5.982750 -1.264611
v 1.275085 7.252554 -1.009572
v 1.307354 7.238541 -1.072944
v 1.293423 7.094913 -1.181192
v 1.235384 7.198985 -1.105562
v 0.203991 5.741716 -1.001914
v 0.298930 5.857459 -1.073403
v 0.241273 5.681971 -1.084752
v 0.207604 5.592874 -1.023872
v 0.169526 5.634314 -0.929451
v 1.044646 7.307788 -0.634192
v 0.968095 7.263419 -0.669804
v 0.862157 7.124238 -0.605261
v 0.939564 7.217611 -0.531192
v 1.027655 7.274780 -0.539383
v -0.238730 6.237955 -1.109639
v -0.217234 6.339197 -1.056301
v -0.128729 6.255944 -0.954960
v -0.164156 6.156409 -1.038873
v -0.221329 6.361652 0.117958
v -0.144910 6.280690 0.046906
v -0.093604 5.533733 -0.078991
v -0.218459 5.461653 0.019743
v -0.184354 5.416469 -0.123911
v -0.115475 5.471648 -0.237605
v -2.062987 6.465802 -1.000094
v -2.052622 6.541843 -0.919197
v -1.945382 6.596491 -1.002388
v -1.974781 6.519046 -1.098783
v -0.688834 6.222879 0.550664
v -0.595142 6.274780 0.504539
v -0.626778 6.351810 0.519966
v -0.738888 6.359709 0.540894
v -0.001803 5.882590 -0.790612
v 0.026101 5.994814 -0.718204
v 0.065364 5.907280 -0.620911
v 0.025717 5.805048 -0.723237
v -0.985549 5.900192 0.524771
v -1.065144 6.005152 0.512594
v -1.088231 5.880542 0.471212
v -1.788981 6.023198 -1.194817
v -1.631415 5.963929 -1.342836
v -1.550875 5.867519 -1.364075
v -1.642087 5.857138 -1.295213
v -0.160171 6.467353 -0.062551
v -0.083404 6.385694 -0.129370
v -0.621544 5.530944 -1.380193
v -0.704169 5.659534 -1.445320
v -0.355442 5.736329 -1.201468
v -0.423164 5.618264 -1.243386
v -0.600985 5.534543 -1.367811
v -0.484512 5.697533 -1.318617
v -1.124162 6.939973 0.113866
v -1.050222 6.980652 0.053028
v -1.111500 7.001010 -0.029124
v -1.381650 6.867479 -0.135395
v -0.600639 6.875702 -0.922305
v -0.572764 6.832366 -1.036825
v -0.666575 6.892364 -1.003856
v -1.173732 6.111613 -1.561278
v -1.201429 6.241694 -1.567713
v -1.083042 6.147866 -1.586799
v -0.889996 6.762189 -1.389116
v -0.773858 6.715796 -1.382279
v -0.839809 6.643841 -1.462227
v -0.987683 6.673636 -1.460991
v -0.082771 6.512877 -0.501665
v -0.087956 6.461302 -0.627062
v -0.165765 6.596513 -0.644798
v -0.160130 6.620756 -0.497603
v -2.141518 6.331696 -0.580716
v -2.145307 6.271202 -0.686654
v -2.131610 6.198006 -0.598436
v -1.956540 6.130992 -0.359386
v -2.048604 6.288689 -0.428106
v -0.907450 5.374849 0.254804
v -0.888744 5.302231 0.129760
v -0.754331 5.271752 0.150562
v -0.660457 5.349430 0.232588
v -0.799277 5.380165 0.302179
v -0.639112 5.487220 -1.374266
v -0.729591 5.237957 -1.295283
v -0.760419 5.197244 -1.116020
v -0.896209 5.216650 -1.330781
v -0.952625 5.353681 -1.391590
v -0.840106 5.320319 -1.401332
v -0.355002 5.740585 0.326451
v -0.454588 5.703258 0.377166
v -0.393032 5.599777 0.290644
v 1.701838 5.267944 -0.771852
v 2.031245 4.291255 -0.436232
v 2.098295 4.294322 -0.360084
v 2.101345 4.268464 -0.252421
v 2.006910 4.232364 -0.398971
v 1.915108 4.242154 -0.467615
v 1.871267 4.308517 -0.553795
v 1.034237 4.473360 -0.349874
v 1.074971 4.394390 -0.355492
v 1.107340 4.434014 -0.177550
v 1.088519 4.576733 -0.056004
v 1.873933 4.283360 0.428433
v 1.989448 4.311188 0.440423
v 1.988049 4.377646 0.525208
v 1.886943 4.395793 0.585697
v 1.832443 4.333294 0.534223
v 2.427607 4.585580 0.210263
v 2.416996 4.513441 0.134084
v 2.458594 4.573405 0.081295
v 2.455618 4.701543 0.173780
v 1.940894 5.710517 -0.297638
v 1.988849 5.686543 -0.251544
v 2.006498 5.654084 -0.363456
v 1.907888 5.673080 -0.424679
v 1.328780 5.209166 0.840386
v 1.392478 5.254219 0.840614
v 1.372602 5.344790 0.815071
v 2.317577 5.484224 0.034671
v 2.354866 5.396265 0.051781
v 2.328898 5.451300 -0.071915
v 1.563265 4.913037 -0.934933
v 1.546574 5.007171 -0.928513
v 1.680614 5.226450 -0.803160
v 1.642356 5.003784 -0.914199
v 1.531417 4.247302 -0.502702
v 1.521730 4.295125 -0.588309
v 2.015550 4.763582 -0.639666
v 1.976492 4.650103 -0.654195
v 1.682483 5.531296 0.717616
v 1.470368 5.423388 0.795066
v 1.647792 5.460934 0.788413
v 1.742742 5.517280 0.706966
v 1.122244 4.459749 -0.608403
v 1.081763 4.414840 -0.522620
v 1.037739 4.483778 -0.435141
v 1.071741 4.519163 -0.575236
v 2.155129 5.282267 0.585199
v 2.099438 5.204463 0.654816
v 2.178879 5.103286 0.587179
v 2.209336 5.214160 0.546990
v 1.970025 5.391525 -0.586464
v 1.886803 5.461608 -0.604502
v 1.324314 4.880175 0.834103
v 1.356947 4.754871 0.764668
v 1.385178 4.840881 0.828911
v 1.809285 5.667334 -0.465337
v 1.735176 5.650148 -0.447930
v 1.765993 5.700874 -0.368760
v 1.125777 4.817378 0.015398
v 1.295867 5.355290 0.771320
v 1.359903 5.400217 0.788433
v 1.340755 5.459571 0.697404
v 1.306067 5.407427 0.624749
v -0.960129 4.436101 0.295015
v -0.927101 4.469848 0.329292
v -0.937612 4.477573 0.376994
v -0.966826 4.435773 0.346192
v -1.441848 4.121586 -0.143600
v -1.453552 4.133870 -0.182585
v -1.377575 4.204906 -0.254690
v -1.408337 4.139560 -0.167363
v -1.912156 4.795730 0.828704
v -2.114791 4.497807 0.696811
v -2.121442 4.459780 0.662750
v -2.094241 4.453568 0.691308
v -2.069791 4.481512 0.715181
v -1.787219 5.023712 0.903303
v -1.802964 5.067115 0.882882
v -1.035006 4.588775 -0.499362
v -1.017790 4.572096 -0.424220
v -1.050617 4.538061 -0.456661
v -1.063303 4.555006 -0.508851
v -0.997376 5.370360 0.480846
v -0.985454 5.345133 0.516020
v -0.946595 5.291886 0.470658
v -0.982523 5.349230 0.458123
v -1.264384 4.838278 -0.810517
v -1.155234 4.756661 -0.801392
v -1.125682 4.727200 -0.747878
v -1.155850 4.696288 -0.762496
v -1.182849 4.734142 -0.802832
v -1.241255 4.631952 0.781997
v -1.223839 4.611426 0.761510
v -1.151260 4.623629 0.722308
v -1.191851 4.651755 0.767889
v -2.119163 5.325397 -0.706386
v -2.082677 5.324788 -0.728633
v -2.098168 5.278101 -0.711164
v -2.132143 5.288164 -0.683214
v -1.292421 4.947881 -0.781568
v -1.361698 5.069070 -0.734425
v -1.354505 5.058284 -0.738081
v -2.033044 4.145966 0.244186
v -2.051338 4.268606 0.131590
v -2.007145 4.131621 0.204962
v -2.000324 4.120643 0.246184
v -1.667333 5.426708 -0.715825
v -1.292422 4.947881 -0.781568
v -1.720608 5.433450 -0.737326
v -1.688707 5.448661 -0.704459
v -1.743293 5.035098 0.930069
v -1.679462 5.035147 0.949612
v -1.662738 5.084928 0.948115
v -1.690646 5.174965 0.896552
v -1.715261 5.089870 0.936311
v -1.357352 4.797206 0.863335
v -1.394972 4.767181 0.870620
v -0.806584 4.834237 0.025492
v -0.853608 4.813975 -0.113262
v -0.819718 4.863108 -0.019611
v -0.805502 4.870619 0.056676
v -1.903492 5.571606 -0.642680
v -1.907977 5.540562 -0.683475
v -1.934704 5.553337 -0.658799
v -0.795565 4.759809 0.410981
v -0.795055 4.800794 0.419330
v -0.811972 4.785921 0.458830
v -0.818034 4.741184 0.451221
v -2.318342 5.278599 -0.321908
v -2.314544 5.295612 -0.383954
v -2.316036 5.260352 -0.379348
v -2.313019 5.194951 -0.296241
v -1.534775 5.669141 0.567993
v -1.553495 5.697379 0.531196
v -1.578919 5.685414 0.564459
v -1.853420 5.730948 0.507096
v -1.878510 5.752312 0.462435
v -1.911619 5.724002 0.383777
v -1.894850 5.728096 0.485094
v 3.705748 6.195725 0.159266
v 3.562898 6.148318 0.201888
v 3.480803 6.084812 0.092227
v 3.632245 6.131512 0.062157
v 3.805322 6.305642 -0.014866
v 3.759125 6.224067 0.089809
v 3.699149 6.167037 -0.024903
v 3.728310 6.250151 -0.109235
v 2.255305 6.589000 0.978359
v 1.924398 6.616582 1.019072
v 1.807311 6.565285 0.951542
v 1.822913 6.446585 0.869285
v 1.965834 6.513741 1.009311
v 2.858014 8.032635 -0.602381
v 2.767248 8.063661 -0.486418
v 2.817190 8.066991 -0.478966
v 2.875100 8.058895 -0.516304
v 2.872420 8.038494 -0.576351
v 2.126601 8.001261 0.391638
v 2.262799 8.078426 0.291689
v 2.115229 8.019783 0.314957
v 3.800533 7.153976 0.726414
v 3.712164 7.221383 0.780775
v 3.708709 7.079412 0.782576
v 3.201072 7.763929 -0.911566
v 3.052633 7.698802 -0.879764
v 3.043610 7.812901 -0.879990
v 3.106643 7.864470 -0.902844
v 3.846343 7.766289 0.351016
v 3.894344 7.671556 0.452224
v 3.928545 7.470176 0.495624
v 3.969202 7.618343 0.382554
v 3.820101 7.776514 0.131977
v 1.508533 7.288385 0.484166
v 1.572875 7.466173 0.472331
v 1.568105 7.492243 0.394813
v 1.346326 6.918593 0.269697
v 2.789237 8.026540 -0.615577
v 2.659166 8.001765 -0.535308
v 2.753215 8.062417 -0.489111
v 2.889313 8.051414 0.528781
v 3.032188 8.078579 0.422480
v 2.866080 8.120336 0.411329
v 3.404243 7.819317 -0.827795
v 3.526652 7.829694 -0.590513
v 3.514898 7.701231 -0.735974
v 3.459831 7.540230 -0.775855
v 3.383291 7.736625 -0.864660
v 3.079948 5.918082 -0.546726
v 3.366348 5.996587 -0.249464
v 2.984057 5.832746 -0.489943
v 2.927472 5.849355 -0.547895
v 3.124840 6.633001 -0.708772
v 3.547184 7.958286 -0.209463
v 3.438795 8.022977 -0.222875
v 3.495458 7.999992 -0.087968
v 1.324398 6.673186 0.164216
v 1.318007 6.822596 0.223802
v 1.360852 6.789449 0.058727
v 1.362854 6.672366 0.063459
v 3.871820 6.746600 0.576919
v 3.801881 6.546974 0.587188
v 3.789607 6.463108 0.546681
v 3.789084 6.311689 0.286321
v 3.884232 6.536407 0.502750
v 1.564784 6.487190 0.569678
v 1.532704 6.470004 0.496333
v 1.639343 6.387025 0.580082
v 1.321972 6.830579 0.251753
v 1.346170 6.716980 0.317620
v 1.361562 6.755957 0.376056
v 1.941322 5.858670 0.138193
v 1.807413 6.023418 0.306490
v 1.737401 6.027460 0.163942
v 1.887095 5.853550 0.062826
v 2.087127 5.835448 0.036917
v -4.082240 7.138967 0.073958
v -4.071742 7.259925 0.044667
v -4.102889 7.182883 -0.013250
v -1.519943 7.558002 0.397312
v -1.623875 7.637869 0.376535
v -1.630354 7.552124 0.503088
v -1.526516 7.470125 0.485252
v -3.729887 7.798297 -0.398647
v -3.863040 7.740388 -0.308476
v -3.850353 7.772932 -0.227705
v -3.758658 7.868809 -0.246983
v -3.635455 7.911781 -0.337610
v -3.520129 6.045155 0.413734
v -3.478671 6.008664 0.325683
v -3.402111 5.992214 0.457462
v -3.381359 6.029680 0.524930
v -3.371975 6.130851 0.630990
v -3.482636 6.112773 0.535563
v -2.424472 6.886416 1.157265
v -2.005125 7.135970 0.851083
v -2.497458 6.946505 1.166043
v -2.549026 6.828963 1.176631
v -1.341958 7.082761 0.132530
v -1.388518 6.997322 0.220161
v -1.390534 6.966521 0.111095
v -1.427248 7.172330 -0.275480
v -1.529419 7.112375 -0.553305
v -1.611619 7.127543 -0.666922
v -1.687360 7.228501 -0.719167
v -1.604276 7.299717 -0.632201
v -1.511636 7.270636 -0.517707
v -2.980219 7.981559 -0.717669
v -3.059486 8.052582 -0.582713
v -2.927258 8.093269 -0.549011
v -2.800051 8.062917 -0.593472
v -2.672396 7.967355 -0.655183
v -2.853899 7.957656 -0.744268
v -3.642979 7.869802 0.154549
v -3.743079 7.778920 0.157067
v -3.301247 8.117097 -0.141824
v -3.154952 8.151304 -0.201481
v -3.274799 8.107460 -0.254080
v -1.780753 7.781880 -0.203229
v -1.907493 7.877251 -0.141054
v -1.776505 7.821619 -0.043949
v -1.692816 7.766105 -0.076246
v -3.069081 6.884596 -1.144210
v -3.194260 6.847649 -1.118164
v -3.287210 6.950247 -1.096554
v -3.196748 7.065990 -1.128440
v -3.081292 6.996144 -1.175651
v -3.429955 7.371270 0.904317
v -3.543209 7.308688 0.855396
v -3.504101 7.193547 0.960685
v -3.391637 7.149863 1.032277
v -3.358073 7.273886 1.018629
v -4.077760 6.494740 -0.203916
v -4.121458 6.543154 -0.133482
v -4.142605 6.609013 -0.211149
v -2.363652 5.915950 0.486327
v -2.489319 5.877775 0.518643
v -3.042105 5.932495 0.481808
v -2.526335 5.850532 0.390339
v -2.411469 5.903062 0.340694
v -2.240905 6.023168 0.342994
v -2.642886 8.172928 0.250562
v -2.415776 8.123630 0.178856
v -2.609521 8.208910 0.103624
v -2.766436 8.216500 0.039392
v -2.764657 8.207670 0.189435
v -1.337306 7.234362 0.218306
v -1.363314 7.372838 0.296375
v -1.427945 7.353596 0.421780
v -1.379655 7.278725 0.379160
v 3.601022 4.553715 -0.700431
v 3.582342 6.583374 -0.096577
v 3.684063 6.464435 -0.195000
v 3.596044 6.560519 -0.229615
v 2.940140 6.186102 -1.005881
v 3.551400 6.595767 -0.121666
v 3.996183 5.618572 -0.825992
v 3.958337 5.700179 -0.844543
v 4.014989 5.679317 -0.755945
v 2.597760 4.592826 -0.326349
v 2.626776 4.580269 -0.245087
v 2.580662 4.653816 -0.215485
v 2.467334 4.802530 -0.670195
v 2.499592 4.706860 -0.584117
v 2.437922 4.819751 -0.590177
v 3.556783 4.384268 -0.561778
v 3.760513 4.441067 -0.471526
v 3.736791 4.437966 -0.395726
v 3.628472 4.403831 -0.421180
v 2.310089 5.448038 -0.777339
v 2.339597 5.535157 -0.849726
v 2.336567 5.452214 -0.865479
v 2.797680 4.399183 -0.648822
v 2.882869 4.372071 -0.759392
v 2.993751 4.327502 -0.746129
v 2.885203 4.329076 -0.664131
v 2.459421 5.891399 0.140731
v 2.420853 5.845778 -0.000952
v 2.396059 5.773167 0.109341
v 2.459712 5.773989 0.194168
v 2.512745 5.867124 0.215561
v 4.083059 5.206240 -0.124537
v 4.108657 5.077455 -0.150453
v 4.140705 5.086026 -0.227055
v 4.139917 5.209798 -0.220222
v 2.541256 5.587393 -1.092419
v 2.547479 5.675361 -1.079621
v 2.619376 5.685791 -1.123488
v 2.960615 5.738764 0.527419
v 2.951064 5.633168 0.536302
v 3.048613 5.598629 0.534776
v 3.039653 5.719920 0.549966
v 2.720197 4.756028 0.152422
v 2.767125 4.683546 0.126191
v 2.819551 4.735415 0.187177
v 2.749760 4.875682 0.231396
v 2.850224 6.133217 -0.998216
v 2.896226 6.187264 -0.883153
v 2.940140 6.186101 -1.005882
v 2.971678 5.691008 -1.317299
v 3.076859 5.671985 -1.328969
v 3.088979 5.589174 -1.327402
v 3.008246 5.592861 -1.349106
v 2.787163 5.195539 -1.168290
v 2.776453 5.029220 -1.087555
v 2.733795 5.114769 -1.104942
v 2.719359 5.171481 -1.118862
v 2.734315 5.191694 -1.138757
v 2.940140 6.186101 -1.005882
v 2.976204 6.115479 -1.112024
v 2.894328 6.031630 -1.150700
v 2.884129 6.099823 -1.111467
v 3.112259 4.627793 -1.046152
v 3.208875 4.478212 -0.977063
v 3.169245 4.410448 -0.918315
v 3.095544 4.471961 -0.967673
v 3.013298 6.219270 0.291273
v 2.963994 6.134179 0.338830
v 3.044564 6.205616 0.317983
v -2.784494 6.345694 -0.683742
v -2.722378 4.446471 -0.575449
v -2.675093 4.511708 -0.499446
v -2.772083 4.439438 -0.457945
v -4.145888 5.134033 -0.092717
v -4.152237 5.216337 -0.216768
v -4.123628 5.065523 -0.237175
v -4.089859 4.979714 -0.197500
v -4.041640 4.936526 -0.107689
v -4.100253 5.031329 -0.060070
v -2.745408 5.127922 -1.107868
v -2.683145 5.064077 -1.050155
v -2.764904 5.069879 -1.117081
v -3.266528 4.325972 -0.455043
v -3.171280 4.312922 -0.499322
v -2.847844 4.394279 -0.551798
v -3.145789 4.283981 -0.387497
v -3.243629 4.302888 -0.357312
v -2.462682 5.739026 -0.716711
v -2.455658 5.620093 -0.768931
v -2.501058 5.475272 -0.849065
v -2.502611 5.685987 -0.837354
v -3.621092 5.381199 -1.288965
v -3.551517 5.350223 -1.294933
v -3.562574 5.287931 -1.301646
v -3.655326 5.325023 -1.263628
v -2.700147 4.462634 -0.630171
v -2.647563 4.555708 -0.777606
v -2.599827 4.695886 -0.807136
v -2.588036 4.575365 -0.713370
v -2.675603 6.441484 -0.492222
v -2.721669 6.462222 -0.434054
v -2.672287 6.427386 -0.358073
v -2.611241 6.371267 -0.413850
v -3.231707 6.304055 -1.086610
v -3.324297 6.244500 -1.110485
v -3.312218 6.314599 -1.029729
v -3.238850 6.339644 -0.990563
v -3.618544 6.091068 -0.978738
v -3.603756 6.161542 -0.903918
v -3.938312 5.530116 0.311659
v -3.987173 5.611260 0.248215
v -4.029944 5.509945 0.226878
v -3.963700 5.473414 0.315949
v -3.612526 5.130949 -1.178828
v -3.640155 5.218103 -1.230768
v -3.542559 5.170709 -1.262863
v -4.061886 5.960178 -0.302544
v -4.088916 5.893853 -0.376392
v -4.132945 5.807695 -0.313349
v -4.124133 5.800903 -0.201630
v -4.085645 5.915451 -0.199783
v -3.371419 6.371851 0.129850
v -3.428601 6.406068 0.059312
v -3.514364 6.386261 0.093976
v -3.602766 6.291309 0.150396
v -3.485643 6.331641 0.190983
v -3.813748 5.334436 0.351930
v -3.616867 5.236607 0.390544
v -3.311331 4.718360 0.405649
v -3.228191 4.613745 0.372462
v -3.132152 4.558579 0.257152
v -3.122121 4.659543 0.388292
v -3.196275 4.712702 0.440689
v -2.537292 5.798101 0.118042
v -2.461485 5.751610 0.063458
v -2.466782 5.851779 -0.001361
v -2.524209 5.894885 0.064750
v -4.066147 5.666174 -0.631616
v -4.073055 5.595077 -0.647101
v -4.114080 5.617026 -0.526736
v 3.740320 4.351052 -1.073467
v 2.708901 4.384821 -0.253072
v 2.679307 4.551344 -0.319354
v 2.657795 4.421673 -0.431407
v 2.709269 4.304346 -0.603048
v 2.713218 4.297202 -0.340358
v 3.251513 4.603872 -1.232052
v 3.254682 4.501222 -1.251976
v 3.123562 4.610436 -1.191391
v 3.097961 5.139449 -0.614105
v 3.164438 5.133520 -0.730123
v 2.844425 4.238733 -0.846101
v 2.882992 4.194534 -0.740780
v 2.788443 4.229644 -0.549125
v 2.759112 4.259583 -0.741373
v 4.047218 4.406708 -0.456621
v 4.000878 4.306835 -0.529664
v 3.889663 4.333704 -0.838263
v 4.041540 4.392344 -0.586699
v 2.767782 4.814045 -0.828928
v 2.824032 4.917003 -0.823080
v 2.837996 4.822972 -0.916608
v 3.583273 4.368006 -1.256532
v 3.660575 4.513208 -1.172777
v 3.802134 4.489491 -1.004795
v 3.725855 4.400616 -1.124596
v 3.403571 4.622394 0.075578
v 3.534341 4.562194 0.068243
v 3.679427 4.626224 -0.011776
v 3.527120 4.677436 0.052069
v 3.235440 4.349129 0.030331
v 3.030664 4.357186 0.028099
v 2.931240 4.357039 -0.045379
v 2.910920 4.272499 -0.155679
v 3.118371 4.276836 0.014673
v 3.439302 4.417633 -1.286127
v 3.352935 4.558693 -1.251108
v 3.499928 4.481322 -1.271792
v 3.583274 4.368006 -1.256532
v 2.698830 4.779366 -0.381185
v 2.737188 4.909191 -0.418874
v 2.760857 4.948895 -0.581127
v 2.694682 4.851677 -0.548434
v 2.728460 4.714153 -0.265638
v 2.777699 4.612703 -0.177886
v 2.821268 4.708635 -0.153418
v 2.782936 4.810404 -0.242801
v 2.886178 4.901214 -0.229971
v 2.951160 4.822606 -0.137092
v 3.026735 4.898499 -0.182801
v 3.793277 4.413481 -0.180481
v 3.903929 4.366695 -0.284192
v 4.013088 4.430763 -0.370509
v 3.942552 4.475105 -0.264523
v 2.746676 4.338103 -0.820825
v 2.743351 4.499282 -0.929399
v 2.814041 4.515316 -1.014271
v 3.004269 4.424863 -1.108919
v 2.824301 4.365798 -0.974676
v 3.070454 5.142233 -0.713367
v 2.952100 5.107227 -0.672882
v 2.916489 5.057869 -0.505504
v 3.074371 5.142111 -0.611127
v 3.089326 4.980580 -1.020705
v 3.046099 5.056189 -0.915058
v 3.147526 5.099818 -0.914698
v 3.204027 5.010530 -1.032985
v 3.236331 4.768280 -1.156255
v 4.043234 4.609429 -0.407912
v 4.034034 4.774231 -0.494940
v 3.946745 4.864530 -0.543662
v 3.634874 5.003648 -0.594461
v 3.949218 4.895874 -0.373484
v 3.995640 4.789745 -0.330391
v 3.660686 4.291809 -1.153957
v 3.541931 4.223302 -1.164841
v 3.244529 4.256189 -1.103761
v 3.471590 4.302866 -1.252421
v 3.583274 4.368006 -1.256532
v -3.082243 4.054559 -0.861480
v -3.862779 4.910553 -0.413335
v -3.864754 4.839012 -0.215920
v -3.788919 4.831738 -0.134405
v -3.697585 4.923016 -0.178633
v -3.752853 4.954795 -0.322160
v -3.382176 4.997754 -0.165364
v -3.118465 5.011932 -0.118550
v -2.966104 4.983820 -0.169773
v -2.905663 4.980636 -0.291783
v -2.963829 5.080977 -0.376859
v -3.050031 5.121390 -0.293011
v -3.839293 4.319604 -0.129344
v -3.699827 4.235115 -0.114110
v -3.715166 4.308910 0.001205
v -3.709562 4.458861 0.060120
v -3.867079 4.397439 -0.041160
v -3.094106 4.487243 0.075353
v -3.117047 4.619435 0.146072
v -3.255965 4.682985 0.166937
v -3.571885 4.527271 0.102572
v -3.236122 4.546941 0.148917
v -2.971056 4.796788 -1.111374
v -3.031413 4.915994 -1.057505
v -2.914875 4.907690 -0.995023
v -2.868536 4.779505 -1.045555
v -3.352449 4.887585 -1.104334
v -3.288491 4.768095 -1.157944
v -3.397203 4.756974 -1.130869
v -3.532172 4.882872 -1.058856
v -2.742965 4.552140 -0.329411
v -2.771549 4.471746 -0.214886
v -2.742140 4.426574 -0.351520
v -3.143308 4.013667 -0.927182
v -3.211012 4.028570 -0.763192
v -3.291168 4.087997 -0.857182
v -3.198698 4.079484 -0.958523
v -2.729350 4.714378 -0.650531
v -2.723272 4.657964 -0.812898
v -2.785458 4.709824 -0.923488
v -2.766615 4.783261 -0.777585
v -2.864595 4.637950 -1.073974
v -2.870911 4.522450 -1.092922
v -2.964496 4.566431 -1.157602
v -3.098827 4.011739 -0.266404
v -3.051584 4.130723 -0.142052
v -3.183156 4.102867 -0.121879
v -3.171029 4.030316 -0.236451
v -3.064768 5.043749 -0.836510
v -3.169057 5.041032 -0.912185
v -3.164255 5.079896 -0.808460
v -3.988628 4.802588 -0.754122
v -3.834304 4.838998 -0.898775
v -3.938478 4.677841 -0.843890
v -3.995870 4.659125 -0.748509
v -4.012457 4.712811 -0.616096
v -3.703888 5.005291 -0.829208
v -3.546869 5.077487 -0.860355
v -3.483990 5.039434 -0.954056
v -3.624107 4.988635 -0.954204
v -2.815274 4.375997 -0.162154
v -2.871748 4.306306 -0.151663
v -2.800019 4.304810 -0.282182
v -3.766729 4.594038 0.017970
v -3.681523 4.513824 0.076628
v -3.708446 4.629556 0.058830
v -3.612622 4.902719 -0.102276
v -3.620598 4.790741 0.004178
v -2.959884 4.201735 -1.088967
v -3.038021 4.243849 -1.118603
v -3.004140 4.362126 -1.147949
v 4.458454 2.773790 -0.887179
v 4.436386 3.517217 -1.635790
v 4.468178 2.871167 -0.892150
v 4.435869 2.779062 -0.790048
v 4.374776 2.679859 -0.745123
v 4.419575 3.685690 -1.721094
v 4.233601 4.230753 -1.389914
v 4.230704 4.298072 -1.302766
v 4.312408 4.218679 -1.325683
v 3.162517 4.289724 0.168642
v 3.112020 4.188033 0.209069
v 3.270289 3.973446 0.241669
v 3.203597 4.223403 0.192169
v 2.672124 4.630849 -1.211532
v 2.562315 4.606516 -1.188558
v 2.557871 4.639556 -1.102583
v 2.662915 4.691913 -1.075070
v 2.744761 4.679109 -1.132658
v 4.419574 3.685691 -1.721093
v 4.395304 3.945543 -1.480011
v 4.465221 3.648639 -1.629742
v 4.436095 3.593676 -1.708326
v 3.391881 3.566813 0.270449
v 3.321426 3.485693 0.258505
v 3.357568 3.381739 0.233765
v 3.435056 3.455698 0.251976
v 4.073494 2.437743 -0.615917
v 4.138705 2.453103 -0.690917
v 4.171659 2.472996 -0.624225
v 3.879070 2.697441 -0.173056
v 4.035103 2.655156 -0.313639
v 3.960081 2.744837 -0.185680
v 3.752636 3.034887 0.010593
v 3.821434 2.767090 -0.118805
v 2.976110 3.689488 -1.841810
v 2.930765 3.820055 -1.797063
v 3.091554 3.736481 -1.903486
v 3.075306 3.664649 -1.882626
v 3.830784 4.710661 -0.488536
v 3.795944 4.655513 -0.372201
v 3.849037 4.595025 -0.357842
v 3.971916 4.650455 -0.482277
v 3.937650 4.698200 -0.534323
v 2.987692 4.462133 0.011346
v 2.944288 4.499307 -0.068462
v 2.822562 4.458628 -0.156659
v 2.896382 4.402147 0.014339
v 4.308350 4.345851 -1.075434
v 4.222764 4.542065 -0.822697
v 4.248822 4.498654 -0.762580
v 4.301380 4.402903 -0.867434
v 3.382459 4.667467 -0.318269
v 3.387762 4.615980 -0.217028
v 2.606217 2.833421 -0.931922
v 2.678984 2.747669 -0.907989
v 2.675993 2.721173 -0.823000
v 2.595383 2.789114 -0.829097
v 2.235140 4.172173 -0.972955
v 2.238487 4.137547 -1.058490
v 2.227139 4.032981 -1.042753
v 2.234550 3.930941 -0.934593
v 2.225460 4.075211 -0.918029
v 4.428751 3.590832 -1.716554
v 4.377201 3.572249 -1.762432
v 4.320864 3.650163 -1.789843
v 4.419574 3.685691 -1.721093
v 3.542873 3.583487 0.245257
v 3.601755 3.678519 0.212690
v 3.542350 3.781172 0.226758
v 3.491411 3.684779 0.264247
v 2.689259 3.001241 -0.062552
v 2.654011 2.958859 -0.160740
v 2.740614 2.906972 -0.091035
v 2.796799 2.955144 -0.045997
v -4.318028 2.919034 -1.262934
v -2.244963 3.493078 -0.531974
v -2.325931 3.726842 -0.638546
v -2.366848 3.765019 -0.558447
v -2.243054 3.216153 -0.614394
v -2.191129 3.374895 -0.643508
v -2.200959 3.407913 -0.641650
v -2.244963 3.493078 -0.531974
v -2.219395 3.345998 -0.534450
v -2.522190 2.593751 -0.940262
v -2.549431 2.592536 -1.055918
v -2.508522 2.653230 -1.092341
v -2.437887 2.703827 -1.046789
v -2.445360 2.666180 -0.945108
v -3.311913 2.323537 -0.605272
v -3.142213 2.375145 -0.574213
v -3.245856 2.389038 -0.487175
v -3.350556 2.354708 -0.543657
v -3.662737 2.722266 -1.542917
v -3.740329 2.663087 -1.519846
v -3.818390 2.722528 -1.537733
v -2.652762 3.228801 -0.075101
v -2.724660 3.175085 -0.056556
v -4.144413 2.496408 -1.310962
v -4.042446 2.447061 -1.304368
v -4.106501 2.481779 -1.266408
v -4.705365 4.040735 -0.732453
v -4.562408 4.155631 -0.591741
v -4.590054 4.152262 -0.721980
v -4.685229 4.074259 -0.778790
v -2.492998 3.781879 -1.536652
v -2.487816 3.753550 -1.551422
v -2.551254 3.811984 -1.633983
v -3.256541 3.868167 0.248079
v -3.387417 3.976450 0.234945
v -3.312982 3.838611 0.262800
v -2.599126 3.601348 -1.726174
v -2.616656 3.707382 -1.741484
v -2.556923 3.801540 -1.653081
v -2.530665 3.674573 -1.695781
v -2.244963 3.493078 -0.531974
v -2.306907 3.460829 -0.427939
v -3.023789 3.460574 0.209311
v -3.118051 3.496928 0.231552
v -3.041152 3.375943 0.177942
v -3.465530 4.652832 -0.075736
v -3.538959 4.679502 -0.121882
v -3.699525 4.588462 -0.099099
v -3.556202 4.611628 -0.027735
v -2.542472 2.738410 -0.530705
v -2.561325 2.800373 -0.438909
v -2.632622 2.729547 -0.431609
v -2.619123 2.665848 -0.526624
v -2.915688 4.683356 -0.988450
v -2.855125 4.612424 -1.053533
v -2.599040 3.921603 -1.570157
v -2.959084 4.684722 -1.066598
v -3.019740 4.708145 -0.983506
v -4.663054 3.520715 -1.020747
v -4.643546 3.460287 -1.091676
v -4.144492 4.248287 -0.092127
v -4.141094 4.165772 -0.062029
v -4.050596 4.233666 -0.019989
v 2.761443 0.557686 -1.699755
v 2.935249 2.040771 -1.654657
v 3.085656 2.136672 -1.663441
v 3.229580 2.133965 -1.726962
v 3.054126 2.085202 -1.759640
v 3.709170 2.023970 -1.960373
v 3.834211 1.974396 -1.991701
v 3.724638 1.931990 -2.078599
v 3.913202 2.097270 -1.492255
v 3.954407 2.090536 -1.366179
v 4.062296 2.043661 -1.366337
v 4.039677 2.048211 -1.520294
v 3.126286 1.081356 -2.350329
v 3.119215 0.957949 -2.328617
v 4.385133 1.494205 -2.080165
v 4.328902 1.591473 -2.110587
v 4.313510 1.700927 -2.014275
v 4.412236 1.600112 -1.998051
v 2.548698 1.802551 -1.263203
v 2.531025 1.750842 -1.160266
v 2.614567 1.846499 -1.186671
v 3.909725 0.569287 -0.448176
v 3.903048 0.490034 -0.508774
v 4.013123 0.579046 -0.493685
v 2.886369 0.217018 -1.408041
v 2.758686 0.247701 -1.326092
v 2.659671 0.333118 -1.329829
v 2.719732 0.314982 -1.448623
v 2.929298 0.275840 -0.956630
v 3.130866 0.313633 -0.721558
v 3.238473 0.416135 -0.632089
v 3.023095 0.382865 -0.726465
v 2.720605 0.284469 -1.203694
v 2.647780 0.399986 -1.169690
v 2.644255 0.348113 -1.279582
v 4.495860 0.552112 -1.469129
v 4.427672 0.516872 -1.281782
v 4.414091 0.413386 -1.480325
v 4.390641 0.454234 -1.574580
v 4.458709 0.571168 -1.613986
v 3.800849 0.915791 -2.316550
v 3.703806 0.961630 -2.380675
v 3.776320 1.089346 -2.402828
v 3.873055 1.029486 -2.350750
v 2.446673 1.081034 -1.720200
v 2.412194 1.140169 -1.657077
v 2.463463 1.326844 -1.659609
v 2.481407 1.218104 -1.765886
v 2.924177 0.202347 -1.391629
v 3.013928 0.183928 -1.323574
v 2.866001 0.205999 -1.279888
v 3.534587 0.291985 -1.771863
v 3.462397 0.233108 -1.698348
v 3.018427 0.212664 -1.470637
v 3.416915 0.287411 -1.792030
v 3.944772 1.252128 -0.262086
v 4.049550 1.288774 -0.300268
v 4.049380 1.463869 -0.310439
v 3.942461 1.517956 -0.324417
v 3.894989 1.414228 -0.269658
v 2.534801 0.562914 -1.435405
v 2.610020 0.400586 -1.327030
v 2.497020 0.633397 -1.378290
v -4.694889 1.592528 -1.170175
v -2.683400 0.561419 -0.699730
v -2.658592 0.598109 -0.637233
v -2.707812 0.546927 -0.611301
v -2.752598 0.535284 -0.660289
v -3.836644 1.668467 -2.209745
v -3.930440 1.660767 -2.216015
v -3.868598 1.697218 -2.172671
v -4.385683 1.366296 -0.580027
v -4.383099 1.445945 -0.591165
v -4.434899 1.406339 -0.633593
v -3.721856 0.479252 -0.395564
v -3.817620 0.492193 -0.415912
v -3.923774 0.448159 -0.527504
v -3.793194 0.434085 -0.460031
v -3.604321 0.460652 -0.437406
v -2.994996 1.501924 -0.216592
v -2.997833 1.455478 -0.172098
v -2.945674 1.449007 -0.194566
v -3.827297 1.158028 -2.320848
v -3.895160 1.175804 -2.324457
v -4.455915 0.353167 -1.285806
v -4.470551 0.381464 -1.207834
v -4.520873 0.415830 -1.267341
v -4.499762 0.402045 -1.342034
v -3.733060 1.384250 -2.392749
v -3.813302 1.373338 -2.387059
v -3.828844 1.441923 -2.372730
v -3.722535 1.423159 -2.385262
v -4.249293 1.968586 -1.681728
v -4.316131 1.979424 -1.602409
v -4.332539 1.981073 -1.521127
v -4.240468 2.030004 -1.537962
v -4.198977 2.016265 -1.618955
v -3.403454 0.570517 -0.385242
v -3.336557 0.536886 -0.428983
v -2.605939 1.788771 -1.625736
v -2.730751 1.807581 -1.633500
v -2.622887 1.800399 -1.554305
v -2.566444 1.754420 -1.559108
v -2.485263 1.122704 -1.809035
v -2.520443 1.065723 -1.828234
v -2.558159 1.107649 -1.900537
v -2.522410 1.140219 -1.881766
v -4.814018 1.307132 -1.337032
v -4.837377 1.465707 -1.333426
v -4.846081 1.488324 -1.360756
v -4.807275 1.508236 -1.449441
v -4.838195 1.431336 -1.422669
v -4.411036 1.462908 -2.114176
v -4.446330 1.533787 -2.045760
v -4.380662 1.517931 -2.130237
v -2.914513 1.068281 -0.226415
v -2.963996 1.008483 -0.219019
v -3.688133 1.546159 -0.097304
v -3.894100 1.531061 -0.235869
v -3.716150 1.482954 -0.093540
v -3.617778 1.495301 -0.064908
v -4.549418 0.705317 -0.836492
v -4.551504 0.614432 -0.884004
v -4.499795 0.571080 -0.841840
v -4.504845 0.639053 -0.790876
v -4.451902 1.689965 -0.797933
v -4.522477 1.672615 -0.859045
v -4.507819 1.652768 -0.822410
v -4.438398 1.633255 -0.734467
v -4.046053 0.338793 -1.712398
v -4.074466 0.387411 -1.785155
v -3.999187 0.407148 -1.806447
v -3.956160 0.368088 -1.734706
v 1.911503 1.834764 0.338089
v 2.077140 2.121681 0.398330
v 0.852282 1.541205 0.098689
v 1.274262 1.773122 0.766285
v 1.226092 1.835928 0.791595
v 1.210651 1.760505 0.758387
v 0.965628 1.421274 0.303559
v 0.913184 1.444318 0.370788
v 0.847782 1.489016 0.317597
v 0.874308 1.455075 0.258023
v 1.300678 1.408895 0.405341
v 1.313650 1.440792 0.478350
v 1.249524 1.431940 0.473390
v 0.319107 2.664835 0.150185
v 0.330992 2.690763 0.066076
v 0.319896 2.629894 0.003560
v 0.300066 2.597706 0.078057
v 2.191065 2.193120 0.140003
v 2.189874 2.148259 0.193313
v 2.101039 1.969983 0.165975
v 2.182490 2.121949 0.117482
v 1.379491 3.170419 0.169038
v 1.283029 3.191899 0.293382
v 1.288450 3.160707 0.368900
v 1.361156 3.153314 0.323909
v 0.689596 3.088761 0.439076
v 0.623618 3.047282 0.415367
v 0.597781 3.004355 0.482821
v 0.685535 3.055916 0.517197
v 0.858351 2.961087 -0.409554
v 0.869261 2.919590 -0.465420
v 0.772724 2.874333 -0.424607
v 0.776548 2.931277 -0.355215
v 2.071811 1.955597 0.271105
v 2.079881 1.935215 0.180284
v 1.436785 1.527051 -0.178794
v 1.463227 1.592784 -0.226770
v 1.540619 1.566406 -0.183668
v 1.475732 1.514882 -0.149263
v 0.464066 2.448806 0.611098
v 0.554044 2.342480 0.645608
v 0.510404 2.468953 0.668487
v 0.458404 2.538348 0.602900
v 1.846026 2.172582 0.849241
v 1.835299 2.220946 0.824404
v 1.775757 2.203195 0.874684
v 1.381581 3.075717 -0.470550
v 1.462688 3.071924 -0.478175
v 1.383496 3.032688 -0.525553
v 0.470998 2.164680 -0.462762
v 0.517256 2.097656 -0.500387
v 0.544224 2.002263 -0.436531
v 0.466900 2.084077 -0.436754
v 1.798128 1.564323 0.071199
v 2.033141 1.871277 0.157919
v 1.782060 1.556441 0.131307
v 1.721189 1.512935 0.093248
v 1.907344 2.838490 -0.430728
v 1.848718 2.930376 -0.486555
v 1.826055 2.991651 -0.447685
v 1.906067 2.934987 -0.428341
v -2.056144 2.466877 0.407645
v -1.974509 2.370737 0.560142
v -1.989110 2.531191 0.506635
v -2.020250 2.623719 0.371028
v -1.839767 2.257773 0.746376
v -1.738613 2.175888 0.829032
v -1.737135 2.318269 0.811764
v -1.842367 2.408165 0.709456
v -0.962682 1.606886 -0.538929
v -0.880130 1.588900 -0.419388
v -0.529568 2.627783 -0.454259
v -0.593739 2.716649 -0.448777
v -0.484150 2.725343 -0.338432
v -1.807687 2.828560 -0.524301
v -1.677042 2.885530 -0.547835
v -1.739523 2.755083 -0.603175
v -1.912688 2.881517 -0.361742
v -1.890730 2.952654 -0.226715
v -1.841472 2.977635 -0.297725
v -1.218026 1.379796 0.029366
v -1.321567 1.377891 0.139948
v -1.381018 1.375131 0.012450
v -1.281501 1.409595 -0.115358
v -1.378079 1.739643 -0.709185
v -1.392113 1.669696 -0.652918
v -1.505176 1.664269 -0.583995
v -1.535814 1.748495 -0.662127
v -1.846507 1.875168 -0.479562
v -1.832363 1.796660 -0.391041
v -1.900440 1.900312 -0.364100
v -1.356777 2.112264 -0.881787
v -1.413605 2.276431 -0.858231
v -1.233879 2.244076 -0.899166
v -1.156535 2.163907 -0.895497
v -1.232910 2.035465 -0.887548
v -0.743937 3.085509 0.030205
v -0.632617 3.005272 0.011332
v -0.377212 2.609293 -0.064248
v -0.543216 2.934538 -0.140732
v -0.704296 3.106740 -0.080227
v -1.668976 1.810076 0.710535
v -1.772749 1.905717 0.632336
v -1.733665 1.721964 0.524560
v -1.672479 1.625784 0.459149
v -1.612551 1.627508 0.584092
v -0.464304 2.366214 0.100087
v -0.385124 2.407819 0.019925
v -0.361591 2.571888 -0.061349
v -0.431982 2.524846 0.048570
v -0.796795 1.625725 0.341369
v -0.879287 1.542729 0.349153
v -0.792623 1.538188 0.229968
v -0.746203 1.604631 0.284095
v -1.489612 3.199371 0.231043
v -1.574002 3.238918 0.152788
v -1.709927 3.128092 0.075238
v -1.709032 3.094270 0.208912
v -1.694789 2.976193 0.353322
v -1.598166 2.853160 0.476405
v -1.988150 2.296026 -0.541144
v -2.069555 2.404009 -0.437461
v -2.033243 2.508331 -0.482573
v -1.963938 2.436861 -0.561386
v -1.543551 2.041542 0.930681
v -1.431036 1.963251 0.903498
v -1.330017 2.032607 0.877610
v -1.257288 2.206810 0.789803
v -1.411972 2.231617 0.862718
v -1.544615 2.185673 0.912089
v -2.039975 2.774476 -0.135149
v -2.077347 2.719596 -0.024264
v -2.028638 2.799156 0.075899
v -1.993960 2.865825 -0.042970
v -0.784060 1.717334 -0.535123
v -0.828921 1.639762 -0.516205
v -0.913496 1.655740 -0.632144
v -0.967722 1.728404 -0.692753
v -0.799008 1.750689 -0.632885
v -0.343665 2.456996 -0.105604
v -0.360735 2.488772 -0.205987
v -0.384146 2.642687 -0.191311
v -0.358694 2.575317 -0.070136
v 0.853310 1.397192 -0.237258
v 0.847167 1.453295 -0.069103
v 0.786843 1.511269 -0.210058
v 0.829312 1.456514 -0.328412
v 1.044968 1.424375 0.146303
v 0.951892 1.412071 0.059506
v 1.044741 1.321879 -0.001381
v 1.112701 1.342771 0.074104
v 0.859596 1.874498 -0.769439
v 1.023150 1.785647 -0.901242
v 0.807166 1.761045 -0.771633
v 0.771866 1.715050 -0.506410
v 0.802739 1.854338 -0.597016
v 1.026558 2.116998 -0.447631
v 1.122408 2.181010 -0.315034
v 1.261382 2.223518 -0.305454
v 1.257415 2.213615 -0.418366
v 1.159204 2.160756 -0.504617
v 1.030319 2.120591 -0.444307
v 1.396317 1.232625 -0.678770
v 1.297019 1.211498 -0.605600
v 1.265275 1.274483 -0.692227
v 1.631365 1.787390 0.250919
v 1.698096 1.710886 0.195470
v 1.901500 1.745832 -0.121748
v 1.696407 1.836935 0.172356
v 1.901500 1.745832 -0.121748
v 1.942546 1.761360 -0.290792
v 1.906976 1.841434 -0.297048
v 1.866103 1.873271 -0.163574
v 1.565382 1.148639 -0.406784
v 1.426902 1.180592 -0.255499
v 1.441917 1.116944 -0.416672
v 1.534506 1.142523 -0.505766
v 1.071127 2.081410 -0.139372
v 1.021432 1.914257 0.176401
v 1.126126 1.928531 0.179579
v 1.151760 2.011379 0.068655
v 1.083704 1.812944 0.275066
v 1.000176 1.858322 0.220732
v 1.009403 1.730787 0.270955
v 1.797224 1.700692 -0.713180
v 1.839849 1.629632 -0.678376
v 1.745940 1.607614 -0.774943
v 1.484548 2.005580 0.072353
v 1.566874 2.029401 0.013537
v 1.480351 2.082583 -0.030259
v 1.834534 1.433807 -0.569333
v 1.798142 1.379073 -0.551184
v 1.738758 1.344124 -0.631821
v 1.388070 1.610186 0.327552
v 1.074890 1.686971 0.282312
v 1.235817 1.525038 0.276137
v 1.355969 1.471081 0.239598
v 1.469537 1.541947 0.264396
v 1.195040 1.671746 -0.937097
v 1.096263 1.644109 -0.907210
v 1.104597 1.752789 -0.939522
v 0.889245 1.553003 0.121347
v 0.973378 1.585425 0.216972
v 0.990101 1.706481 0.263197
v 0.901858 1.730584 0.179815
v 0.837788 1.631989 0.020527
v 1.901500 1.745832 -0.121748
v 1.876230 1.617738 -0.177418
v 1.905339 1.651423 -0.230062
v 1.622216 2.094077 -0.159536
v 1.599336 2.115898 -0.290743
v 1.536216 2.147148 -0.204064
v 1.055887 2.133912 -0.315187
v 1.028609 2.119381 -0.444311
v 0.981147 2.061231 -0.307365
v 1.331854 1.908413 -0.913331
v 1.309514 1.801817 -0.964485
v 1.143652 1.797189 -0.948876
v 1.221033 1.909118 -0.912316
v -1.941134 1.384017 -0.264250
v -1.947670 1.394614 -0.263542
v -1.950323 1.390383 -0.274286
v -1.944871 1.380880 -0.273281
v -1.129161 1.779876 0.197730
v -1.140699 1.800290 0.207443
v -1.152556 1.805333 0.210827
v -1.152471 1.798993 0.214533
v -1.149727 1.792984 0.211547
v -1.274337 1.460403 -1.047349
v -1.261123 1.459417 -1.045681
v -1.262492 1.446750 -1.040975
v -1.277323 1.447639 -1.045664
v -1.287418 1.455935 -1.044306
v -1.708364 1.684842 0.228771
v -1.697165 1.679850 0.237585
v -1.681754 1.681653 0.236721
v -1.671560 1.697532 0.238096
v -1.699363 1.692364 0.234462
v -0.803531 1.858649 -0.745082
v -0.810725 1.853996 -0.756380
v -0.812182 1.865116 -0.750458
v -0.747496 1.514196 -0.194695
v -0.746685 1.529165 -0.205584
v -0.749796 1.524748 -0.184166
v -0.750329 1.512910 -0.181851
v -1.143892 2.049953 0.054877
v -1.149416 2.044947 0.067294
v -1.137748 2.041667 0.063476
v -1.339171 2.174755 -0.162940
v -1.346832 2.176701 -0.170925
v -1.368614 2.174969 -0.172967
v -1.351814 2.174478 -0.158438
v -1.673669 1.709429 0.231766
v -1.671560 1.697532 0.238096
v -1.832518 2.067984 -0.217378
v -1.830633 2.072701 -0.229542
v -1.841565 2.062768 -0.227969
v -1.840437 2.057429 -0.218007
v -0.884393 1.204307 -0.147696
v -0.873486 1.209025 -0.152349
v -0.873408 1.214865 -0.140412
v -0.884275 1.208043 -0.139265
v -0.971938 1.291231 -0.648056
v -0.985139 1.288410 -0.655121
v -0.979046 1.292113 -0.661955
v -0.792092 1.584569 -0.678012
v -0.785312 1.595114 -0.668390
v -0.786641 1.581192 -0.664019
v -1.705321 2.083252 -0.500402
v -1.698815 2.080771 -0.513351
v -1.705641 2.067761 -0.518269
v -1.711282 2.073791 -0.509535
v -0.803524 1.933414 -0.630434
v -0.812250 1.942803 -0.631275
v -0.823494 1.949080 -0.607134
v -0.807835 1.937779 -0.618166
v -1.070376 1.471737 -0.906187
v -1.067565 1.484591 -0.909880
v -1.067761 1.478822 -0.908752
v -1.892397 1.390699 -0.584438
v -1.885416 1.389911 -0.592486
v -1.886475 1.381124 -0.585406
v -0.931207 1.355860 -0.008839
v -0.918696 1.357462 -0.014593
v -0.937498 1.367028 -0.002556
v 0.750247 1.238200 0.787451
v 0.728964 1.241176 0.754644
v 0.708516 1.204988 0.729155
v 0.564148 0.493332 0.120148
v 0.728437 1.209890 0.782175
v 1.517112 0.055179 -0.880182
v 1.519692 0.070039 -0.909759
v 1.554476 0.067785 -0.893370
v 0.821493 0.606503 -1.392779
v 0.800301 0.601095 -1.375060
v 0.797607 0.636242 -1.393791
v 1.610930 1.561116 -0.899356
v 1.604206 1.539250 -0.936753
v 1.577973 1.541982 -0.934870
v 1.901702 1.574608 -0.546528
v 1.875682 1.581622 -0.579095
v 1.901702 1.574608 -0.546528
v 2.045269 1.475949 -0.665804
v 2.075958 1.446879 -0.710185
v 2.068749 1.452199 -0.743747
v 2.043649 1.481524 -0.721011
v 1.242854 1.136909 1.059843
v 1.271788 1.107657 1.044932
v 1.299466 1.138948 1.050697
v 1.303398 1.181553 1.016606
v 1.262721 1.165494 1.064071
v 1.901702 1.574608 -0.546528
v 1.682922 1.689383 -0.297798
v 1.689331 1.684709 -0.255908
v 1.349884 1.048783 -1.450152
v 1.330108 1.010361 -1.467507
v 1.315605 1.036482 -1.463454
v 2.152971 0.687450 -0.965442
v 2.159570 0.675907 -0.931526
v 2.149601 0.650843 -0.952751
v 1.335506 1.628958 0.424131
v 1.322986 1.604368 0.475408
v 1.365393 1.632219 0.411923
v 1.367998 1.640663 0.349480
v 0.540901 0.249122 -0.080686
v 0.556289 0.262653 -0.044602
v 0.559648 0.330043 0.019484
v 0.522627 0.276892 -0.067473
v 1.335656 1.632764 -0.420775
v 1.328363 1.646232 -0.353179
v 1.361165 1.656504 -0.369483
v 1.597407 -0.027273 -0.202348
v 1.633152 -0.012399 -0.228365
v 1.627977 -0.006790 -0.185617
v 1.593188 -0.013033 -0.164500
v 0.770719 0.999062 -1.220091
v 0.778025 0.981898 -1.285937
v 0.760792 0.934605 -1.296743
v 0.750642 0.961244 -1.260135
v 0.960562 0.719888 -1.508600
v 0.919358 0.735618 -1.495286
v 0.958368 0.755481 -1.513855
v 0.998493 0.749129 -1.514556
v 0.712548 0.584855 -1.288415
v 0.692514 0.596799 -1.273203
v 0.710757 0.620175 -1.308063
v 1.805120 0.587166 -1.339836
v 1.772432 0.593727 -1.360114
v 1.737292 0.634424 -1.379523
v 1.809938 0.623908 -1.350808
v 0.526379 0.244942 -0.146143
v 0.518411 0.275374 -0.085558
v 0.510854 0.262987 -0.160093
v -0.973828 1.523775 -0.698744
v -0.492539 1.246001 -0.076963
v -0.390286 1.126572 -0.546901
v -0.340088 0.999803 -0.498384
v -1.015586 0.085285 -0.618434
v -0.939552 0.066393 -0.514033
v -0.961527 0.047139 -0.327554
v -1.092735 0.000549 -0.475450
v -1.169805 0.089503 -0.641568
v -2.143431 0.524544 -0.965742
v -2.121988 0.460137 -0.818360
v -2.193596 0.557457 -0.835933
v -2.165042 0.600275 -0.950892
v -0.357387 0.539974 0.200628
v -0.402642 0.551696 0.336696
v -0.421397 0.473403 0.320658
v -0.380576 0.507596 0.155600
v -1.592732 1.590087 -0.794147
v -1.519334 1.639752 -0.668369
v -1.445939 1.659150 -0.727233
v -0.451168 1.088148 -0.956126
v -0.424560 1.089108 -0.926671
v -0.369299 0.966389 -0.809608
v -0.394129 0.952224 -0.906022
v -0.477255 0.956491 -1.007781
v -0.862098 1.562489 -0.212861
v -0.847259 1.637617 -0.355680
v -0.952816 1.627633 -0.316038
v -1.573234 0.562089 0.878330
v -1.125686 0.401058 0.839655
v -1.373797 0.625889 0.866177
v -1.450368 0.726327 0.811344
v -1.587599 0.725157 0.789477
v -1.684016 0.625893 0.779493
v -1.471686 0.846196 -1.406945
v -1.612080 0.829419 -1.409721
v -0.559642 0.635813 -0.828131
v -0.633213 0.658365 -0.934464
v -1.489231 0.339996 0.661048
v -1.531137 0.416460 0.768987
v -2.221645 1.158351 -0.849534
v -2.253205 1.145172 -0.729192
v -2.087250 0.992044 -0.228304
v -2.187455 1.269655 -0.709412
v -2.165292 1.272886 -0.829254
v -0.855832 0.393242 0.754318
v -0.723167 0.493431 0.658380
v -0.917972 0.469948 0.785562
v -1.047234 0.374220 0.825780
v -0.378529 0.847132 0.398711
v -0.325266 0.933383 0.283631
v -0.370946 1.062786 0.240747
v -0.415577 1.009890 0.359682
v -0.544633 0.853104 0.504267
v -1.832971 0.405687 0.525009
v -1.724211 0.453374 0.692744
v -1.851162 0.505312 0.573826
v -1.945425 0.510638 0.316515
v -1.066786 0.361024 0.826384
v -1.294115 0.372191 0.815289
v -1.133753 0.273587 0.730545
v -0.995342 0.299300 0.759047
v -0.734415 1.449405 -0.635061
v -0.752054 1.435392 -0.677983
v -1.542628 1.045386 -1.425991
v -1.511752 0.914917 -1.455663
v -1.665813 0.923552 -1.473986
v -1.745529 0.953134 -1.399395
v -1.674990 1.061554 -1.395499
v 2.200000 8.200000 -0.450000
v 2.272000 8.200000 -0.450000
v 2.258249 8.200000 -0.492321
v 2.222249 8.200000 -0.518476
v 2.177751 8.200000 -0.518476
v 2.141751 8.200000 -0.492321
v 2.128000 8.200000 -0.450000
v 2.141751 8.200000 -0.407679
v 2.177751 8.200000 -0.381524
v 2.222249 8.200000 -0.381524
v 2.258249 8.200000 -0.407679
v 2.260000 8.400000 -0.450000
v 2.248541 8.400000 -0.485267
v 2.218541 8.400000 -0.507063
v 2.181459 8.400000 -0.507063
v 2.151459 8.400000 -0.485267
v 2.140000 8.400000 -0.450000
v 2.151459 8.400000 -0.414733
v 2.181459 8.400000 -0.392937
v 2.218541 8.400000 -0.392937
v 2.248541 8.400000 -0.414733
v 2.252000 8.540000 -0.450000
v 2.242069 8.540000 -0.480565
v 2.216069 8.540000 -0.499455
v 2.183931 8.540000 -0.499455
v 2.157931 8.540000 -0.480565
v 2.148000 8.540000 -0.450000
v 2.157931 8.540000 -0.419435
v 2.183931 8.540000 -0.400545
v 2.216069 8.540000 -0.400545
v 2.242069 8.540000 -0.419435
v 2.200000 8.540000 -0.450000
v 2.200000 8.480000 -0.450000
v 2.448000 8.464000 -0.450000
v 2.429122 8.464000 -0.544905
v 2.375363 8.464000 -0.625362
v 2.294905 8.464000 -0.679122
v 2.200000 8.464000 -0.698000
v 2.105095 8.464000 -0.679122
v 2.024637 8.464000 -0.625362
v 1.970878 8.464000 -0.544905
v 1.952000 8.464000 -0.450000
v 1.970878 8.464000 -0.355094
v 2.024637 8.464000 -0.274638
v 2.105095 8.464000 -0.220878
v 2.200000 8.464000 -0.202000
v 2.294905 8.464000 -0.220878
v 2.375363 8.464000 -0.274638
v 2.429122 8.464000 -0.355094
v 2.440000 8.520000 -0.450000
v 2.421731 8.520000 -0.541844
v 2.369706 8.520000 -0.619706
v 2.291844 8.520000 -0.671731
v 2.200000 8.520000 -0.690000
v 2.108156 8.520000 -0.671731
v 2.030294 8.520000 -0.619706
v 1.978269 8.520000 -0.541844
v 1.960000 8.520000 -0.450000
v 1.978269 8.520000 -0.358156
v 2.030294 8.520000 -0.280294
v 2.108156 8.520000 -0.228269
v 2.200000 8.520000 -0.210000
v 2.291844 8.520000 -0.228269
v 2.369706 8.520000 -0.280294
v 2.421731 8.520000 -0.358156
v 2.368000 8.632000 -0.450000
v 2.355212 8.632000 -0.514291
v 2.318794 8.632000 -0.568794
v 2.264291 8.632000 -0.605212
v 2.200000 8.632000 -0.618000
v 2.135709 8.632000 -0.605212
v 2.081206 8.632000 -0.568794
v 2.044788 8.632000 -0.514291
v 2.032000 8.632000 -0.450000
v 2.044788 8.632000 -0.385709
v 2.081206 8.632000 -0.331206
v 2.135709 8.632000 -0.294788
v 2.200000 8.632000 -0.282000
v 2.264291 8.632000 -0.294788
v 2.318794 8.632000 -0.331206
v 2.355212 8.632000 -0.385709
v 2.200000 8.679999 -0.450000
v 2.620000 8.120000 -0.750000
v 2.670400 8.120000 -0.750000
v 2.660774 8.120000 -0.779624
v 2.635574 8.120000 -0.797933
v 2.604425 8.120000 -0.797933
v 2.579226 8.120000 -0.779624
v 2.569600 8.120000 -0.750000
v 2.579226 8.120000 -0.720376
v 2.604425 8.120000 -0.702067
v 2.635574 8.120000 -0.702067
v 2.660774 8.120000 -0.720376
v 2.662000 8.260000 -0.750000
v 2.653979 8.260000 -0.774687
v 2.632979 8.260000 -0.789944
v 2.607021 8.260000 -0.789944
v 2.586021 8.260000 -0.774687
v 2.578000 8.260000 -0.750000
v 2.586021 8.260000 -0.725313
v 2.607021 8.260000 -0.710056
v 2.632979 8.260000 -0.710056
v 2.653979 8.260000 -0.725313
v 2.656400 8.358000 -0.750000
v 2.649448 8.358000 -0.771395
v 2.631248 8.358000 -0.784618
v 2.608752 8.358000 -0.784618
v 2.590552 8.358000 -0.771395
v 2.583600 8.358000 -0.750000
v 2.590552 8.358000 -0.728605
v 2.608752 8.358000 -0.715382
v 2.631248 8.358000 -0.715382
v 2.649448 8.358000 -0.728605
v 2.620000 8.358000 -0.750000
v 2.620000 8.316000 -0.750000
v 2.793600 8.304800 -0.750000
v 2.780385 8.304800 -0.816434
v 2.742754 8.304800 -0.872754
v 2.686434 8.304800 -0.910385
v 2.620000 8.304800 -0.923600
v 2.553566 8.304800 -0.910385
v 2.497246 8.304800 -0.872754
v 2.459614 8.304800 -0.816434
v 2.446400 8.304800 -0.750000
v 2.459614 8.304800 -0.683566
v 2.497246 8.304800 -0.627246
v 2.553566 8.304800 -0.589615
v 2.620000 8.304800 -0.576400
v 2.686434 8.304800 -0.589615
v 2.742754 8.304800 -0.627246
v 2.780385 8.304800 -0.683566
v 2.788000 8.344000 -0.750000
v 2.775212 8.344000 -0.814291
v 2.738794 8.344000 -0.868794
v 2.684291 8.344000 -0.905212
v 2.620000 8.344000 -0.918000
v 2.555709 8.344000 -0.905212
v 2.501206 8.344000 -0.868794
v 2.464788 8.344000 -0.814291
v 2.452000 8.344000 -0.750000
v 2.464788 8.344000 -0.685709
v 2.501206 8.344000 -0.631206
v 2.555709 8.344000 -0.594788
v 2.620000 8.344000 -0.582000
v 2.684291 8.344000 -0.594788
v 2.738794 8.344000 -0.631206
v 2.775212 8.344000 -0.685709
v 2.737600 8.422400 -0.750000
v 2.728648 8.422400 -0.795004
v 2.703156 8.422400 -0.833156
v 2.665004 8.422400 -0.858648
v 2.620000 8.422400 -0.867600
v 2.574996 8.422400 -0.858648
v 2.536844 8.422400 -0.833156
v 2.511352 8.422400 -0.795004
v 2.502400 8.422400 -0.750000
v 2.511352 8.422400 -0.704996
v 2.536844 8.422400 -0.666844
v 2.574996 8.422400 -0.641352
v 2.620000 8.422400 -0.632400
v 2.665004 8.422400 -0.641352
v 2.703156 8.422400 -0.666844
v 2.728648 8.422400 -0.704996
v 2.620000 8.456000 -0.750000
v -2.350000 8.200000 -0.550000
v -2.288800 8.200000 -0.550000
v -2.300488 8.200000 -0.585972
v -2.331088 8.200000 -0.608205
v -2.368912 8.200000 -0.608205
v -2.399512 8.200000 -0.585972
v -2.411200 8.200000 -0.550000
v -2.399512 8.200000 -0.514028
v -2.368912 8.200000 -0.491795
v -2.331088 8.200000 -0.491795
v -2.300488 8.200000 -0.514028
v -2.299000 8.370000 -0.550000
v -2.308740 8.370000 -0.579977
v -2.334240 8.370000 -0.598504
v -2.365760 8.370000 -0.598504
v -2.391260 8.370000 -0.579977
v -2.401000 8.370000 -0.550000
v -2.391260 8.370000 -0.520023
v -2.365760 8.370000 -0.501496
v -2.334240 8.370000 -0.501496
v -2.308740 8.370000 -0.520023
v -2.305800 8.488999 -0.550000
v -2.314241 8.488999 -0.575980
v -2.336341 8.488999 -0.592037
v -2.363658 8.488999 -0.592037
v -2.385758 8.488999 -0.575980
v -2.394200 8.488999 -0.550000
v -2.385758 8.488999 -0.524020
v -2.363658 8.488999 -0.507963
v -2.336341 8.488999 -0.507963
v -2.314241 8.488999 -0.524020
v -2.350000 8.488999 -0.550000
v -2.350000 8.438000 -0.550000
v -2.139200 8.424399 -0.550000
v -2.155246 8.424399 -0.630670
v -2.200942 8.424399 -0.699058
v -2.269330 8.424399 -0.744754
v -2.350000 8.424399 -0.760800
v -2.430670 8.424399 -0.744754
v -2.499058 8.424399 -0.699058
v -2.544754 8.424399 -0.630670
v -2.560800 8.424399 -0.550000
v -2.544754 8.424399 -0.469330
v -2.499058 8.424399 -0.400942
v -2.430670 8.424399 -0.355246
v -2.350000 8.424399 -0.339200
v -2.269330 8.424399 -0.355246
v -2.200942 8.424399 -0.400942
v -2.155246 8.424399 -0.469330
v -2.146000 8.472000 -0.550000
v -2.161529 8.472000 -0.628067
v -2.205750 8.472000 -0.694250
v -2.271933 8.472000 -0.738471
v -2.350000 8.472000 -0.754000
v -2.428067 8.472000 -0.738471
v -2.494250 8.472000 -0.694250
v -2.538471 8.472000 -0.628067
v -2.554000 8.472000 -0.550000
v -2.538471 8.472000 -0.471933
v -2.494250 8.472000 -0.405750
v -2.428067 8.472000 -0.361529
v -2.350000 8.472000 -0.346000
v -2.271933 8.472000 -0.361529
v -2.205750 8.472000 -0.405750
v -2.161529 8.472000 -0.471933
v -2.207200 8.567200 -0.550000
v -2.218070 8.567200 -0.604647
v -2.249025 8.567200 -0.650975
v -2.295353 8.567200 -0.681930
v -2.350000 8.567200 -0.692800
v -2.404647 8.567200 -0.681930
v -2.450975 8.567200 -0.650975
v -2.481930 8.567200 -0.604647
v -2.492800 8.567200 -0.550000
v -2.481930 8.567200 -0.495353
v -2.450975 8.567200 -0.449025
v -2.404647 8.567200 -0.418070
v -2.350000 8.567200 -0.407200
v -2.295353 8.567200 -0.418070
v -2.249025 8.567200 -0.449025
v -2.218070 8.567200 -0.495353
v -2.350000 8.608000 -0.550000
v 1.600000 1.680000 -0.750000
v 1.646800 1.680000 -0.750000
v 1.637862 1.680000 -0.777508
v 1.614462 1.680000 -0.794509
v 1.585538 1.680000 -0.794509
v 1.562138 1.680000 -0.777508
v 1.553200 1.680000 -0.750000
v 1.562138 1.680000 -0.722492
v 1.585538 1.680000 -0.705491
v 1.614462 1.680000 -0.705491
v 1.637862 1.680000 -0.722492
v 1.639000 1.810000 -0.750000
v 1.631552 1.810000 -0.772924
v 1.612052 1.810000 -0.787091
v 1.587948 1.810000 -0.787091
v 1.568448 1.810000 -0.772924
v 1.561000 1.810000 -0.750000
v 1.568448 1.810000 -0.727076
v 1.587948 1.810000 -0.712909
v 1.612052 1.810000 -0.712909
v 1.631552 1.810000 -0.727076
v 1.633800 1.901000 -0.750000
v 1.627345 1.901000 -0.769867
v 1.610445 1.901000 -0.782146
v 1.589555 1.901000 -0.782146
v 1.572655 1.901000 -0.769867
v 1.566200 1.901000 -0.750000
v 1.572655 1.901000 -0.730133
v 1.589555 1.901000 -0.717854
v 1.610445 1.901000 -0.717854
v 1.627345 1.901000 -0.730133
v 1.600000 1.901000 -0.750000
v 1.600000 1.862000 -0.750000
v 1.761200 1.851600 -0.750000
v 1.748929 1.851600 -0.811689
v 1.713986 1.851600 -0.863986
v 1.661689 1.851600 -0.898929
v 1.600000 1.851600 -0.911200
v 1.538311 1.851600 -0.898929
v 1.486014 1.851600 -0.863986
v 1.451071 1.851600 -0.811689
v 1.438800 1.851600 -0.750000
v 1.451071 1.851600 -0.688311
v 1.486014 1.851600 -0.636014
v 1.538311 1.851600 -0.601071
v 1.600000 1.851600 -0.588800
v 1.661689 1.851600 -0.601071
v 1.713986 1.851600 -0.636014
v 1.748929 1.851600 -0.688311
v 1.756000 1.888000 -0.750000
v 1.744125 1.888000 -0.809699
v 1.710309 1.888000 -0.860309
v 1.659699 1.888000 -0.894125
v 1.600000 1.888000 -0.906000
v 1.540301 1.888000 -0.894125
v 1.489691 1.888000 -0.860309
v 1.455875 1.888000 -0.809699
v 1.444000 1.888000 -0.750000
v 1.455875 1.888000 -0.690301
v 1.489691 1.888000 -0.639691
v 1.540301 1.888000 -0.605875
v 1.600000 1.888000 -0.594000
v 1.659699 1.888000 -0.605875
v 1.710309 1.888000 -0.639691
v 1.744125 1.888000 -0.690301
v 1.709200 1.960800 -0.750000
v 1.700888 1.960800 -0.791789
v 1.677216 1.960800 -0.827216
v 1.641789 1.960800 -0.850888
v 1.600000 1.960800 -0.859200
v 1.558211 1.960800 -0.850888
v 1.522784 1.960800 -0.827216
v 1.499112 1.960800 -0.791789
v 1.490800 1.960800 -0.750000
v 1.499112 1.960800 -0.708211
v 1.522784 1.960800 -0.672784
v 1.558211 1.960800 -0.649112
v 1.600000 1.960800 -0.640800
v 1.641789 1.960800 -0.649112
v 1.677216 1.960800 -0.672784
v 1.700888 1.960800 -0.708211
v 1.600000 1.992000 -0.750000
v 0.800000 8.300000 0.000000
v 0.854000 8.300000 0.000000
v 0.843687 8.300000 -0.031740
v 0.816687 8.300000 -0.051357
v 0.783313 8.300000 -0.051357
v 0.756313 8.300000 -0.031740
v 0.746000 8.300000 -0.000000
v 0.756313 8.300000 0.031740
v 0.783313 8.300000 0.051357
v 0.816687 8.300000 0.051357
v 0.843687 8.300000 0.031740
v 0.845000 8.450000 0.000000
v 0.836406 8.450000 -0.026450
v 0.813906 8.450000 -0.042798
v 0.786094 8.450000 -0.042798
v 0.763594 8.450000 -0.026450
v 0.755000 8.450000 -0.000000
v 0.763594 8.450000 0.026450
v 0.786094 8.450000 0.042798
v 0.813906 8.450000 0.042798
v 0.836406 8.450000 0.026450
v 0.839000 8.555000 0.000000
v 0.831552 8.555000 -0.022924
v 0.812052 8.555000 -0.037091
v 0.787948 8.555000 -0.037091
v 0.768448 8.555000 -0.022924
v 0.761000 8.555000 -0.000000
v 0.768448 8.555000 0.022924
v 0.787948 8.555000 0.037091
v 0.812052 8.555000 0.037091
v 0.831552 8.555000 0.022924
v 0.800000 8.555000 0.000000
v 0.800000 8.510000 0.000000
v 0.986000 8.498000 0.000000
v 0.971842 8.498000 -0.071179
v 0.931522 8.498000 -0.131522
v 0.871179 8.498000 -0.171842
v 0.800000 8.498000 -0.186000
v 0.728821 8.498000 -0.171842
v 0.668478 8.498000 -0.131522
v 0.628158 8.498000 -0.071179
v 0.614000 8.498000 -0.000000
v 0.628158 8.498000 0.071179
v 0.668478 8.498000 0.131522
v 0.728821 8.498000 0.171842
v 0.800000 8.498000 0.186000
v 0.871179 8.498000 0.171842
v 0.931522 8.498000 0.131522
v 0.971842 8.498000 0.071179
v 0.980000 8.540000 0.000000
v 0.966298 8.540000 -0.068883
v 0.927279 8.540000 -0.127279
v 0.868883 8.540000 -0.166298
v 0.800000 8.540000 -0.180000
v 0.731117 8.540000 -0.166298
v 0.672721 8.540000 -0.127279
v 0.633702 8.540000 -0.068883
v 0.620000 8.540000 -0.000000
v 0.633702 8.540000 0.068883
v 0.672721 8.540000 0.127279
v 0.731117 8.540000 0.166298
v 0.800000 8.540000 0.180000
v 0.868883 8.540000 0.166298
v 0.927279 8.540000 0.127279
v 0.966298 8.540000 0.068883
v 0.926000 8.624001 0.000000
v 0.916409 8.624001 -0.048218
v 0.889095 8.624001 -0.089095
v 0.848218 8.624001 -0.116409
v 0.800000 8.624001 -0.126000
v 0.751782 8.624001 -0.116409
v 0.710905 8.624001 -0.089095
v 0.683591 8.624001 -0.048218
v 0.674000 8.624001 -0.000000
v 0.683591 8.624001 0.048218
v 0.710905 8.624001 0.089095
v 0.751782 8.624001 0.116409
v 0.800000 8.624001 0.126000
v 0.848218 8.624001 0.116409
v 0.889095 8.624001 0.089095
v 0.916409 8.624001 0.048218
v 0.800000 8.660000 0.000000
vn -0.9633 0.1028 0.2480
vn -0.9610 0.1366 0.2403
vn -0.9103 0.3027 -0.2823
vn -0.8839 -0.4436 0.1480
vn -0.8967 -0.3173 -0.3087
vn -0.7909 -0.2182 0.5717
vn -0.8060 0.4242 0.4127
vn -0.7242 0.6752 -0.1400
vn -0.6622 0.3987 -0.6345
vn -0.9507 -0.2848 -0.1229
vn -0.6183 -0.7824 -0.0750
vn -0.6308 -0.7442 -0.2197
vn -0.5983 -0.0989 0.7951
vn -0.9085 -0.0321 0.4167
vn -0.8243 0.1799 -0.5368
vn -0.5524 0.8281 -0.0957
vn -0.6754 -0.1088 -0.7294
vn -0.8114 -0.1979 0.5500
vn -0.9165 0.3756 0.1375
vn -0.8170 -0.0629 0.5732
vn -0.5375 -0.1493 0.8299
vn -0.5863 -0.2432 0.7727
vn -0.8074 0.4528 -0.3783
vn -0.6794 0.5086 -0.5289
vn -0.8063 0.1234 0.5785
vn -0.9508 0.3096 -0.0066
vn 0.7410 -0.2217 0.6339
vn 0.6343 -0.5865 0.5037
vn 0.7129 0.0730 -0.6974
vn 0.9288 -0.0172 -0.3703
vn 0.6792 0.2271 -0.6979
vn 0.8042 -0.2748 -0.5270
vn 0.9758 -0.1411 0.1668
vn 0.8909 0.3264 0.3159
vn 0.8859 0.4625 0.0342
vn 0.8940 0.4462 -0.0413
vn -0.7528 0.5241 0.3982
vn -0.8063 0.5789 -0.1215
vn 0.9291 -0.1102 0.3530
vn 0.9365 -0.2489 0.2470
vn 0.9689 -0.2425 -0.0493
vn 0.9441 0.2433 -0.2226
vn -0.5979 0.6503 -0.4686
vn 0.8046 -0.0491 -0.5918
vn -0.4256 0.4930 0.7588
vn 0.9244 -0.2967 0.2398
vn 0.9500 -0.2168 -0.2245
vn 0.8824 -0.2788 -0.3790
vn 0.7990 -0.2309 -0.5552
vn 0.9245 -0.3682 -0.0981
vn 0.6501 -0.1496 -0.7450
vn 0.4639 0.4603 -0.7569
vn 0.6537 0.7356 -0.1776
vn 0.9613 -0.0804 0.2636
vn 0.8914 0.4449 0.0858
vn 0.9390 -0.1983 -0.2810
vn -0.9459 0.1481 0.2887
vn -0.9494 0.2731 -0.1548
vn -0.9570 -0.1225 -0.2631
vn -0.9390 0.0525 -0.3398
vn -0.8030 -0.0613 0.5929
vn -0.8081 -0.5728 0.1374
vn -0.8528 0.2201 0.4735
vn -0.8906 0.0494 0.4520
vn -0.9832 0.1134 -0.1431
vn -0.6982 0.0884 -0.7104
vn -0.9563 0.1201 0.2668
vn -0.7528 0.5595 0.3468
vn -0.9866 0.0811 0.1414
vn -0.9977 0.0460 -0.0500
vn -0.9790 -0.1732 -0.1071
vn -0.9059 -0.0050 0.4235
vn -0.9548 -0.1721 0.2423
vn -0.0392 -0.0880 -0.9954
vn -0.8236 0.0687 0.5630
vn -0.7058 0.6721 0.2241
vn -0.9391 0.3402 0.0482
vn -0.8938 0.2548 -0.3691
vn -0.6422 0.6083 -0.4665
vn -0.7893 -0.1697 0.5901
vn -0.8311 0.1694 0.5298
vn -0.4485 0.2938 -0.8441
vn -0.8702 -0.3253 0.3700
vn -0.9121 -0.4051 0.0630
vn -0.9237 0.3725 0.0896
vn -0.6288 -0.0302 0.7770
vn -0.6982 -0.1605 0.6977
vn -0.7523 0.3857 0.5341
vn -0.8463 -0.4191 0.3287
vn -0.8476 0.5278 -0.0558
vn -0.8632 0.4722 0.1788
vn 0.6671 -0.5921 0.4521
vn 0.6119 -0.3481 0.7102
vn -0.9658 -0.0664 0.2506
vn 0.8023 -0.1659 0.5734
vn -0.7641 0.5007 -0.4067
vn 0.7993 -0.5997 0.0390
vn 0.8338 -0.0366 -0.5508
vn -0.6012 0.3251 -0.7300
vn 0.6420 -0.1003 -0.7601
vn -0.6240 -0.3690 0.6888
vn -0.7761 0.5746 0.2599
vn 0.6672 -0.0413 -0.7437
vn -0.7568 0.6533 -0.0186
vn 0.9916 -0.1096 -0.0680
vn -0.7642 -0.2267 0.6038
vn 0.1279 -0.6384 0.7590
vn 0.9137 -0.1673 0.3704
vn -0.5353 0.2831 0.7958
vn -0.5973 0.4004 -0.6949
vn -0.3269 -0.7718 -0.5454
vn -0.7782 0.5480 -0.3067
vn -0.5900 0.8073 0.0130
vn -0.9444 0.3011 0.1323
vn -0.9867 0.1422 -0.0784
vn -0.2960 0.6785 0.6723
vn -0.7765 -0.3507 -0.5235
vn -0.4867 -0.5297 -0.6946
vn 0.7492 -0.3732 -0.5472
vn 0.8503 0.2313 -0.4728
vn 0.9070 0.3946 0.1470
vn 0.9741 -0.0176 -0.2254
vn 0.8326 0.5134 0.2077
vn 0.5217 0.1000 0.8472
vn -0.5058 -0.6589 0.5569
vn 0.5558 0.4702 -0.6855
vn -0.2969 -0.5899 -0.7510
vn 0.4905 -0.2842 -0.8238
vn -0.9731 -0.2097 0.0959
vn -0.9935 -0.0948 -0.0627
vn -0.8522 -0.1594 -0.4983
vn -0.8105 -0.0770 -0.5807
vn -0.8104 -0.0476 -0.5840
vn 0.5041 -0.0900 -0.8589
vn 0.6734 0.3071 0.6725
vn 0.8975 -0.1577 0.4119
vn -0.9384 -0.3455 0.0051
vn 0.8219 0.0286 -0.5689
vn 0.9756 0.0654 0.2094
vn 0.9091 0.1648 -0.3825
vn -0.8028 -0.0204 -0.5958
vn 0.7777 0.5600 -0.2854
vn 0.9250 0.3790 0.0265
vn 0.8382 -0.4019 0.3688
vn -0.4073 -0.9121 -0.0475
vn 0.5679 0.5726 -0.5913
vn 0.3786 0.1567 -0.9122
vn 0.9065 0.3407 0.2496
vn 0.9205 -0.3533 -0.1670
vn 0.8702 0.3190 -0.3754
vn 0.8438 0.0848 0.5300
vn 0.6312 0.5246 0.5714
vn 0.9738 0.2249 -0.0324
vn 0.9193 -0.1594 -0.3599
vn 0.9010 0.0817 -0.4260
vn 0.9540 0.0536 0.2949
vn 0.9794 -0.1038 0.1733
vn 0.9966 -0.0716 -0.0403
vn 0.5349 0.0397 -0.8440
vn 0.8750 0.0556 0.4808
vn 0.9591 0.1412 -0.2454
vn 0.9935 0.1130 0.0095
vn 0.8375 -0.3917 0.3810
vn 0.7487 -0.6576 -0.0833
vn 0.8380 0.3059 -0.4520
vn 0.8524 -0.0980 -0.5137
vn 0.9526 0.1466 0.2667
vn 0.9428 0.0364 -0.3313
vn 0.9529 0.1727 -0.2491
vn 0.9345 0.0354 -0.3542
vn -0.9097 0.0385 0.4135
vn -0.9131 0.1916 0.3598
vn -0.9241 0.3716 0.0894
vn -0.9249 0.2439 -0.2918
vn -0.9235 -0.3820 0.0353
vn -0.9089 -0.3052 -0.2841
vn -0.5866 0.6702 -0.4547
vn -0.8953 -0.2985 -0.3307
vn -0.8455 -0.4234 0.3255
vn 0.2144 0.9683 -0.1284
vn -0.8512 -0.3083 0.4249
vn 0.5341 0.7509 -0.3883
vn -0.9479 -0.2808 0.1503
vn -0.5891 -0.1921 0.7849
vn 0.7615 0.6391 -0.1083
vn -0.9804 -0.1259 0.1512
vn -0.9946 -0.0960 -0.0394
vn 0.7781 0.4053 0.4798
vn 0.7831 0.3655 -0.5032
vn -0.9679 -0.1434 0.2064
vn -0.9824 -0.0791 -0.1690
vn -0.9010 0.0829 0.4257
vn -0.8991 0.4361 0.0374
vn 0.9332 0.3398 -0.1166
vn -0.8165 -0.2027 0.5406
vn -0.9904 -0.1299 0.0482
vn -0.7386 -0.6739 0.0186
vn -0.8668 0.0138 -0.4985
vn -0.6156 0.6567 0.4356
vn -0.5581 -0.1233 0.8205
vn 0.6340 0.0615 0.7709
vn -0.5731 -0.8188 0.0337
vn 0.8644 0.3527 -0.3585
vn 0.8900 0.2153 0.4020
vn 0.9311 0.2153 0.2944
vn 0.7966 0.5076 -0.3282
vn 0.7999 0.2383 0.5508
vn 0.6945 -0.2708 0.6666
vn 0.9169 0.3990 -0.0128
vn 0.9739 -0.1045 0.2013
vn 0.9599 -0.1743 0.2197
vn 0.9628 0.2677 -0.0354
vn 0.9625 0.0055 -0.2712
vn 0.6962 0.2050 -0.6880
vn 0.7021 -0.2897 -0.6505
vn 0.9970 0.0744 -0.0207
vn 0.8829 0.1553 -0.4432
vn 0.5097 0.2187 0.8321
vn 0.8938 -0.0409 0.4466
vn 0.9702 -0.1789 0.1634
vn 0.6851 0.4161 -0.5979
vn 0.7391 -0.1955 -0.6446
vn 0.8353 -0.2621 0.4832
vn 0.9425 0.3239 0.0821
vn 0.9462 -0.3096 -0.0945
vn 0.9820 -0.0264 -0.1868
vn -0.6547 -0.2410 -0.7164
vn -0.3981 -0.1976 0.8958
vn -0.4130 0.5873 -0.6960
vn -0.5282 -0.0827 -0.8451
vn -0.3474 -0.5763 0.7398
vn -0.3622 -0.0573 -0.9303
vn -0.3875 -0.1923 0.9016
vn -0.5238 -0.1504 0.8385
vn -0.1834 0.4839 -0.8557
vn -0.7510 0.3060 0.5852
vn -0.5886 -0.1510 0.7942
vn -0.5243 0.1075 -0.8447
vn -0.1399 0.2101 -0.9676
vn -0.0305 -0.2408 -0.9701
vn -0.0286 -0.3799 -0.9246
vn -0.1775 -0.0987 -0.9792
vn 0.1347 0.2315 0.9635
vn 0.1959 0.7372 0.6466
vn -0.0453 0.1879 -0.9811
vn -0.4193 0.0283 0.9074
vn -0.0817 -0.2213 0.9718
vn -0.3252 0.4079 -0.8531
vn -0.2090 0.1060 -0.9721
vn -0.1787 -0.3717 0.9110
vn -0.1872 -0.1939 0.9630
vn -0.0602 0.0385 -0.9974
vn 0.2809 -0.2373 0.9299
vn 0.3083 0.1616 -0.9375
vn 0.2989 0.1969 -0.9337
vn 0.3079 0.3598 0.8808
vn 0.6173 -0.5937 -0.5162
vn 0.5276 -0.1569 -0.8348
vn 0.2897 0.1602 -0.9436
vn 0.6249 0.2389 0.7432
vn 0.4212 -0.1972 0.8853
vn 0.4912 -0.3389 0.8024
vn 0.7370 -0.0743 -0.6718
vn -0.6164 0.0486 0.7859
vn -0.4055 0.2967 -0.8646
vn 0.0127 -0.2370 0.9714
vn 0.1499 0.0937 -0.9843
vn 0.3358 -0.3368 0.8796
vn 0.1980 0.6304 -0.7506
vn 0.3143 0.0567 -0.9476
vn 0.5122 0.2089 0.8331
vn -0.5983 0.0732 0.7979
vn -0.5325 -0.2226 0.8167
vn -0.5294 -0.1172 0.8402
vn -0.6537 0.2533 -0.7131
vn -0.5208 -0.4967 -0.6943
vn -0.5982 -0.0512 -0.7997
vn -0.4759 -0.3970 -0.7848
vn -0.5440 0.1007 0.8330
vn -0.6571 0.1310 -0.7424
vn -0.4939 0.1207 -0.8611
vn -0.5562 -0.0227 0.8307
vn -0.5803 -0.0073 0.8144
vn -0.6440 0.1241 -0.7549
vn -0.0274 -0.2554 0.9665
vn -0.2079 0.2116 -0.9550
vn 0.2283 -0.5592 0.7970
vn -0.4923 0.1742 0.8528
vn 0.0194 -0.0058 0.9998
vn -0.5063 0.4921 0.7081
vn 0.2650 -0.4961 -0.8268
vn 0.1225 -0.0022 -0.9925
vn -0.0056 -0.1544 0.9880
vn -0.1569 -0.0328 0.9871
vn 0.5067 -0.2464 0.8262
vn 0.4014 0.1551 -0.9027
vn -0.7122 0.6843 0.1563
vn 0.3553 -0.0589 -0.9329
vn -0.3127 -0.1566 -0.9368
vn -0.6012 -0.2455 0.7604
vn 0.5482 -0.1171 0.8281
vn -0.7945 0.2328 -0.5608
vn -0.1520 -0.3845 -0.9105
vn -0.6007 0.1786 -0.7793
vn -0.5246 -0.1360 -0.8404
vn -0.5236 -0.1558 0.8376
vn 0.0314 -0.4274 0.9035
vn 0.6153 -0.2190 0.7573
vn 0.6400 -0.2400 0.7299
vn -0.4648 0.1270 -0.8762
vn 0.7527 -0.1180 -0.6477
vn -0.6332 -0.0261 -0.7736
vn -0.5760 -0.3173 -0.7533
vn -0.4059 0.1199 0.9060
vn -0.3828 -0.5143 0.7674
vn -0.6169 0.5765 -0.5358
vn -0.5569 0.3525 -0.7521
vn -0.4032 -0.1618 -0.9007
vn -0.3946 -0.2167 0.8929
vn -0.4029 -0.2230 0.8876
vn -0.4695 0.5354 0.7021
vn 0.0565 -0.6105 -0.7900
vn -0.6370 -0.0511 -0.7692
vn -0.4475 -0.1187 -0.8863
vn -0.4628 -0.2515 0.8500
vn 0.3085 -0.9174 -0.2515
vn -0.2663 -0.0434 -0.9629
vn -0.2894 0.0067 -0.9572
vn -0.6611 0.2267 -0.7152
vn -0.2935 0.2223 -0.9297
vn -0.2369 -0.0370 0.9708
vn -0.2685 -0.1975 0.9428
vn -0.2356 -0.2610 0.9362
vn -0.1666 -0.2388 -0.9567
vn -0.8303 -0.2634 -0.4911
vn -0.2249 -0.0717 -0.9717
vn -0.1486 0.1195 -0.9817
vn -0.1692 -0.2427 0.9552
vn -0.1643 -0.2644 0.9503
vn -0.1637 -0.4867 -0.8581
vn -0.1506 0.1066 -0.9828
vn -0.1260 0.0848 0.9884
vn -0.0665 -0.0225 0.9975
vn -0.0408 0.0713 -0.9966
vn -0.1746 -0.5655 -0.8060
vn -0.0101 0.5987 0.8009
vn -0.0310 0.1970 -0.9799
vn -0.0295 -0.0795 -0.9964
vn 0.0134 0.1718 0.9850
vn 0.0381 -0.2287 0.9727
vn -0.0312 -0.3053 0.9517
vn 0.0474 0.3613 0.9312
vn -0.0072 -0.6698 0.7425
vn 0.1672 -0.2380 -0.9568
vn 0.0599 0.3629 -0.9299
vn 0.0747 -0.2224 -0.9721
vn 0.0728 -0.1395 -0.9875
vn 0.1043 0.2153 0.9710
vn 0.4600 0.7429 0.4863
vn 0.2175 0.4752 0.8526
vn 0.7555 0.5318 0.3827
vn 0.1529 0.1059 -0.9825
vn 0.1699 0.0220 0.9852
vn 0.1646 0.1974 0.9664
vn 0.1506 -0.7378 0.6580
vn 0.2364 -0.4364 0.8681
vn 0.5761 -0.1579 -0.8020
vn 0.2934 0.2074 -0.9332
vn 0.2308 -0.0949 -0.9684
vn 0.2943 -0.7182 -0.6305
vn 0.2815 -0.2896 -0.9148
vn 0.2854 0.4391 -0.8519
vn 0.3514 -0.0222 0.9360
vn 0.3501 -0.0130 -0.9366
vn 0.3870 -0.3068 0.8695
vn 0.5309 -0.0256 -0.8470
vn 0.4252 -0.4144 0.8046
vn 0.4327 -0.4312 -0.7917
vn 0.3915 -0.2296 -0.8911
vn 0.4248 0.2611 -0.8668
vn 0.3719 0.0497 0.9269
vn 0.3997 -0.1700 0.9008
vn 0.6719 -0.1400 0.7273
vn -0.1784 -0.7445 0.6434
vn 0.6319 0.5148 -0.5794
vn -0.7542 -0.2100 0.6222
vn 0.6676 0.1471 -0.7298
vn -0.8095 -0.1114 0.5764
vn -0.6940 -0.0954 -0.7136
vn -0.1831 -0.2324 -0.9552
vn 0.5406 -0.3842 -0.7484
vn 0.6088 0.0533 0.7915
vn 0.6680 0.4486 0.5937
vn -0.3120 -0.1811 0.9326
vn 0.1255 -0.2766 -0.9527
vn 0.6107 -0.2386 0.7551
vn 0.6871 0.4007 -0.6060
vn -0.2843 -0.0367 -0.9580
vn -0.3702 -0.0427 0.9280
vn 0.7346 -0.3609 -0.5745
vn 0.6802 -0.0135 0.7329
vn -0.3254 -0.0691 0.9431
vn 0.2731 0.1163 0.9549
vn -0.2776 -0.1322 -0.9516
vn -0.1626 0.0461 -0.9856
vn -0.1334 -0.2962 0.9458
vn -0.1744 -0.1503 0.9731
vn -0.2898 0.0756 -0.9541
vn -0.1545 0.0191 -0.9878
vn 0.2871 -0.0715 0.9552
vn 0.5596 0.4840 0.6727
vn -0.1491 -0.1591 0.9760
vn -0.2153 -0.5503 0.8067
vn 0.4306 0.1069 -0.8962
vn 0.3680 0.0717 -0.9270
vn 0.0757 -0.6433 -0.7619
vn 0.2509 -0.5051 -0.8258
vn 0.5773 -0.0285 0.8160
vn 0.6231 -0.0074 0.7821
vn 0.3525 -0.2706 0.8958
vn 0.3611 0.1254 -0.9241
vn 0.8590 0.1184 -0.4981
vn 0.6340 0.0746 -0.7697
vn -0.4918 0.2562 -0.8322
vn -0.2633 0.4672 0.8441
vn 0.0509 0.6880 -0.7240
vn -0.5458 -0.0821 -0.8339
vn 0.4306 0.2315 0.8723
vn -0.0616 0.1265 -0.9901
vn 0.2599 -0.1253 0.9575
vn -0.4267 -0.3550 0.8318
vn -0.1429 0.1211 -0.9823
vn -0.8634 0.0139 -0.5043
vn -0.4703 -0.2606 0.8432
vn -0.5414 -0.0867 -0.8363
vn -0.8325 0.1108 -0.5428
vn -0.7855 -0.4264 -0.4485
vn -0.3790 -0.4044 0.8324
vn -0.7418 0.1987 0.6405
vn -0.0236 -0.0856 0.9961
vn 0.5421 -0.0200 0.8401
vn -0.4751 -0.2776 -0.8350
vn 0.0068 -0.0918 0.9958
vn -0.1541 0.1779 -0.9719
vn 0.2103 0.3784 -0.9014
vn -0.3606 -0.1792 -0.9153
vn 0.1562 -0.3513 0.9231
vn -0.1971 -0.2450 0.9493
vn -0.2143 -0.7386 0.6392
vn -0.2433 -0.6156 -0.7496
vn 0.4826 0.1205 0.8675
vn 0.5490 0.4393 -0.7111
vn 0.2604 0.0921 -0.9611
vn 0.4765 0.1215 0.8707
vn -0.0471 -0.1711 0.9841
vn 0.5548 0.4373 -0.7078
vn 0.1071 -0.7775 0.6196
vn -0.0291 0.1677 -0.9854
vn -0.0143 0.4202 -0.9073
vn 0.0221 -0.2989 0.9540
vn -0.0188 -0.9247 0.3803
vn 0.2263 0.2179 -0.9494
vn 0.3452 -0.6421 -0.6846
vn 0.4043 -0.2169 0.8885
vn 0.1547 -0.8195 -0.5517
vn 0.1826 -0.2156 -0.9593
vn 0.3956 -0.2697 0.8779
vn 0.1979 -0.3900 -0.8993
vn 0.3278 0.0192 -0.9446
vn 0.3967 0.0361 -0.9172
vn 0.8406 0.1193 0.5283
vn -0.4898 0.7954 0.3569
vn -0.4320 -0.8919 0.1336
vn -0.3735 0.5125 0.7732
vn -0.6438 -0.7030 0.3020
vn -0.4701 0.8380 0.2771
vn -0.3812 -0.7276 -0.5704
vn -0.2393 -0.9582 0.1567
vn -0.5495 -0.5185 -0.6551
vn -0.4815 0.2179 -0.8489
vn -0.0846 -0.7202 0.6886
vn -0.0651 -0.8860 -0.4590
vn 0.0917 -0.6849 0.7229
vn 0.1141 0.8864 -0.4486
vn 0.1036 0.5184 -0.8489
vn 0.2654 -0.9599 0.0899
vn 0.4711 -0.7549 0.4563
vn 0.3029 -0.8800 -0.3658
vn 0.5352 0.7555 0.3779
vn 0.6026 -0.7858 0.1389
vn 0.3449 -0.9267 0.1491
vn 0.4507 -0.7751 -0.4428
vn 0.2691 -0.2350 0.9340
vn 0.5715 0.7377 -0.3595
vn 0.6398 -0.6955 -0.3269
vn 0.7953 -0.3077 0.5223
vn 0.8890 -0.2882 0.3558
vn -0.3306 0.5324 0.7793
vn -0.3647 0.9229 -0.1236
vn -0.3639 0.9181 0.1572
vn -0.1042 0.9067 0.4088
vn 0.0097 0.8053 -0.5928
vn 0.8425 -0.4227 0.3339
vn 0.2465 0.9039 0.3496
vn 0.2534 0.9085 0.3323
vn 0.6590 -0.4056 0.6334
vn 0.9133 -0.2842 -0.2917
vn -0.4801 -0.1025 0.8712
vn -0.1982 -0.7897 0.5806
vn -0.7028 0.6322 -0.3261
vn -0.0335 -0.9679 -0.2491
vn 0.0228 -0.9904 0.1367
vn -0.0669 -0.9633 -0.2599
vn -0.8732 -0.4381 -0.2132
vn -0.7734 0.3916 -0.4985
vn -0.8898 0.2514 0.3809
vn -0.8108 0.5402 -0.2252
vn -0.7884 0.4304 -0.4396
vn -0.6992 0.5495 0.4573
vn -0.1485 -0.4204 0.8951
vn 0.9496 -0.2293 -0.2136
vn 0.8305 -0.2093 -0.5162
vn -0.4386 0.3257 -0.8376
vn 0.4172 -0.8497 0.3224
vn 0.4816 -0.8280 0.2871
vn -0.3456 -0.5973 -0.7238
vn -0.2784 -0.8581 0.4315
vn -0.5778 0.7590 -0.3003
vn -0.2420 -0.8349 -0.4943
vn -0.2924 0.7706 0.5662
vn -0.6819 0.7305 -0.0377
vn -0.3339 0.9425 -0.0173
vn -0.3465 0.7832 0.5162
vn -0.4617 0.8870 0.0081
vn -0.3195 0.9461 -0.0533
vn -0.0852 0.5569 0.8262
vn -0.0369 -0.9890 0.1436
vn 0.0150 -0.2646 -0.9643
vn -0.0010 -0.5113 0.8594
vn -0.0306 0.8222 0.5684
vn -0.0242 -0.7477 -0.6636
vn 0.0167 0.9427 0.3333
vn 0.2169 0.7684 0.6021
vn 0.1268 0.8761 0.4652
vn 0.1112 -0.2608 0.9590
vn 0.2333 0.9720 0.0278
vn 0.1221 -0.9066 0.4040
vn 0.2332 -0.9175 0.3222
vn 0.1662 -0.9306 -0.3261
vn 0.2073 -0.9781 0.0211
vn 0.5278 0.8378 -0.1397
vn -0.6806 -0.7310 0.0498
vn 0.6074 0.7277 -0.3187
vn 0.5334 0.7276 0.4313
vn 0.6055 0.7393 0.2946
vn 0.5624 0.4666 0.6827
vn 0.8001 -0.4215 -0.4269
vn -0.6211 -0.5731 -0.5346
vn -0.3396 0.1202 -0.9328
vn -0.5966 -0.5858 0.5486
vn 0.8980 0.3292 -0.2919
vn 0.6794 0.6816 0.2716
vn 0.7202 0.6706 0.1779
vn 0.7850 0.1402 -0.6035
vn -0.7377 0.6735 0.0464
vn -0.4110 0.5936 0.6919
vn -0.4032 0.7562 0.5153
vn -0.7718 -0.2077 -0.6009
vn -0.0211 0.9823 -0.1860
vn -0.1484 0.8463 -0.5116
vn 0.2888 0.8744 0.3898
vn -0.8340 0.5351 -0.1344
vn -0.6082 -0.5146 0.6044
vn -0.7223 -0.6590 0.2098
vn -0.5405 -0.7822 0.3097
vn -0.4429 -0.8358 -0.3244
vn -0.5563 0.8001 0.2246
vn -0.6590 -0.5958 -0.4590
vn -0.4354 0.8581 -0.2722
vn -0.3512 -0.5476 -0.7595
vn -0.3745 -0.8604 -0.3455
vn -0.2675 -0.9382 -0.2197
vn -0.1567 -0.8998 0.4071
vn -0.2175 -0.7696 -0.6004
vn -0.1244 0.7522 0.6471
vn -0.0936 0.8780 -0.4695
vn 0.1667 0.9188 -0.3579
vn 0.2341 -0.7815 0.5783
vn 0.1487 -0.9780 -0.1463
vn 0.2367 0.6996 0.6742
vn 0.7155 -0.6960 -0.0602
vn 0.4599 0.8780 0.1327
vn 0.4333 0.8320 -0.3464
vn 0.5832 0.7005 0.4113
vn 0.5862 -0.7378 -0.3347
vn 0.8565 0.5153 0.0295
vn -0.9409 -0.3341 0.0551
vn -0.9266 0.2666 -0.2653
vn -0.8807 -0.2221 -0.4185
vn -0.7748 -0.4563 0.4375
vn -0.7593 0.5622 0.3277
vn -0.7099 0.6949 -0.1147
vn -0.6250 0.3644 0.6904
vn -0.9631 -0.2113 -0.1668
vn -0.9680 0.0224 0.2498
vn -0.8952 -0.2849 0.3428
vn -0.9925 0.0919 -0.0800
vn -0.9917 0.0929 -0.0887
vn -0.7644 -0.4614 0.4503
vn -0.7981 -0.0250 -0.6020
vn -0.9047 -0.1132 0.4108
vn -0.9955 -0.0943 -0.0124
vn -0.9678 -0.0071 0.2514
vn -0.9866 -0.0290 -0.1605
vn -0.5474 -0.3707 0.7503
vn -0.8603 0.1629 -0.4830
vn -0.7626 -0.6113 -0.2116
vn -0.8429 0.2862 0.4557
vn -0.8916 0.0476 -0.4503
vn -0.8909 0.4535 0.0244
vn -0.5509 -0.2356 0.8007
vn 0.5093 -0.6451 0.5696
vn -0.8967 0.2395 0.3722
vn -0.9503 0.3103 0.0240
vn 0.6314 -0.5605 -0.5359
vn -0.4524 -0.0288 0.8914
vn -0.7386 0.3535 -0.5740
vn 0.6687 0.0040 0.7435
vn 0.6438 -0.7625 0.0639
vn -0.7546 0.1110 0.6467
vn -0.8963 0.2394 0.3732
vn 0.7792 0.0579 -0.6241
vn 0.7131 -0.1850 -0.6762
vn 0.7586 0.1256 -0.6394
vn 0.7267 0.3837 0.5698
vn 0.6376 -0.3852 0.6671
vn -0.9150 0.3674 -0.1667
vn 0.9476 -0.1536 0.2800
vn -0.7276 0.6401 0.2468
vn 0.9768 -0.0435 -0.2098
vn 0.9725 -0.1662 -0.1630
vn -0.3981 -0.0794 0.9139
vn 0.9746 -0.2226 -0.0253
vn 0.9278 -0.3690 -0.0543
vn 0.8939 -0.4035 0.1952
vn 0.6685 0.4360 -0.6025
vn 0.8177 0.0245 0.5752
vn 0.8102 0.2240 -0.5416
vn 0.9166 0.0946 0.3886
vn 0.8922 0.4081 0.1937
vn 0.9166 0.1375 -0.3755
vn -0.9583 -0.0597 0.2795
vn -0.9939 -0.0054 0.1098
vn -0.9817 0.0842 -0.1710
vn -0.9823 -0.0455 -0.1820
vn -0.9411 0.1970 -0.2747
vn -0.8577 -0.1913 0.4773
vn -0.8706 -0.0129 0.4919
vn -0.7727 -0.5787 0.2607
vn -0.7817 -0.6233 -0.0203
vn -0.7998 -0.5012 -0.3303
vn -0.9450 0.1494 -0.2908
vn -0.9758 -0.0714 -0.2068
vn -0.9021 -0.0808 0.4239
vn -0.9717 -0.2013 -0.1238
vn -0.8957 -0.0519 -0.4416
vn -0.7138 0.6474 0.2671
vn -0.9188 0.2556 -0.3009
vn -0.9308 0.3603 0.0612
vn -0.8132 0.1324 -0.5668
vn -0.8519 -0.4143 0.3204
vn -0.8428 -0.3068 -0.4422
vn -0.7789 -0.2273 -0.5845
vn -0.6676 0.0267 0.7441
vn 0.4997 -0.6962 -0.5154
vn -0.7078 0.2862 0.6458
vn -0.8317 -0.3729 -0.4114
vn 0.6301 -0.1102 0.7686
vn -0.9268 0.2858 -0.2435
vn -0.7354 0.2515 0.6293
vn -0.9935 -0.0579 -0.0979
vn 0.6500 0.0437 -0.7587
vn -0.5616 -0.0577 -0.8254
vn -0.6206 -0.4522 -0.6406
vn -0.6405 0.1656 -0.7499
vn 0.9081 -0.1827 0.3769
vn 0.8993 -0.1234 0.4195
vn 0.9633 -0.0379 -0.2659
vn -0.7771 0.2894 -0.5588
vn -0.6477 0.5735 0.5016
vn 0.8810 0.0560 -0.4697
vn 0.9705 -0.1011 0.2189
vn -0.6836 0.7281 -0.0515
vn 0.9750 -0.1548 -0.1596
vn 0.9088 -0.2159 0.3569
vn 0.9421 -0.2731 0.1946
vn 0.9731 -0.1498 -0.1752
vn -0.5392 0.8130 0.2198
vn -0.4888 0.8411 0.2315
vn -0.5752 -0.1103 -0.8106
vn -0.7986 -0.2309 -0.5558
vn -0.9884 0.0023 -0.1517
vn -0.8271 0.4906 0.2743
vn -0.8298 0.4028 -0.3862
vn -0.7278 0.3583 -0.5848
vn -0.2420 0.7355 -0.6328
vn 0.4858 0.6894 -0.5374
vn 0.7036 0.0902 -0.7048
vn 0.2762 0.6534 0.7048
vn 0.8049 0.4380 -0.4004
vn 0.7448 0.5598 0.3633
vn 0.9909 0.0295 -0.1312
vn 0.7056 0.4792 -0.5220
vn 0.4449 -0.6139 0.6521
vn -0.6545 -0.4532 -0.6051
vn -0.9816 -0.1841 -0.0515
vn -0.9833 -0.1673 -0.0716
vn -0.9984 -0.0564 0.0046
vn -0.9745 -0.1881 0.1222
vn 0.5205 -0.0505 0.8524
vn 0.6160 0.2438 0.7490
vn -0.8255 -0.1590 0.5416
vn -0.9882 -0.0507 0.1448
vn -0.7843 0.0033 -0.6204
vn 0.7689 0.5895 -0.2475
vn -0.8531 -0.0016 -0.5218
vn 0.5883 0.2646 -0.7642
vn 0.6364 -0.0178 -0.7711
vn 0.6228 0.1597 -0.7659
vn 0.7924 0.4082 0.4532
vn 0.7997 0.5728 0.1801
vn -0.6380 -0.3227 0.6991
vn -0.7913 -0.1740 0.5861
vn -0.7666 -0.3883 0.5114
vn 0.9866 0.0093 0.1630
vn 0.8240 -0.5252 0.2127
vn 0.8370 0.5410 0.0820
vn 0.7554 0.3904 -0.5262
vn 0.7724 0.2871 0.5666
vn 0.8062 -0.3757 0.4571
vn 0.9029 -0.3847 -0.1917
vn -0.3724 -0.9235 0.0915
vn 0.7110 -0.1347 -0.6901
vn 0.7227 0.0200 -0.6909
vn 0.9511 -0.2874 0.1136
vn 0.8477 0.2019 -0.4905
vn 0.9733 0.2244 0.0475
vn 0.8865 -0.1407 -0.4408
vn 0.6898 0.5805 -0.4327
vn 0.8850 0.0588 -0.4618
vn 0.9833 -0.0887 0.1592
vn 0.9548 0.0846 -0.2849
vn 0.3883 -0.1132 0.9145
vn 0.7436 0.4998 -0.4442
vn 0.6662 -0.1359 0.7333
vn 0.8415 0.2169 0.4949
vn 0.9855 0.1207 0.1191
vn 0.9203 -0.2450 0.3051
vn 0.8473 -0.0227 0.5306
vn 0.8562 0.0968 -0.5076
vn 0.8227 -0.4528 -0.3436
vn 0.9718 0.2353 0.0153
vn 0.9561 0.0163 -0.2924
vn -0.9155 -0.1036 0.3887
vn -0.9210 0.0722 -0.3828
vn -0.7244 -0.0296 -0.6887
vn -0.9273 -0.3682 -0.0668
vn -0.6403 0.5655 -0.5199
vn -0.7886 -0.4137 0.4550
vn -0.9133 -0.3686 -0.1731
vn -0.8947 -0.2843 0.3445
vn 0.5410 0.7472 -0.3860
vn -0.9708 -0.1836 -0.1546
vn -0.8365 -0.0898 -0.5405
vn -0.9142 -0.1778 -0.3641
vn -0.6022 0.0900 -0.7933
vn 0.6745 0.2434 0.6970
vn 0.6424 0.6593 0.3907
vn -0.8066 -0.3501 0.4762
vn -0.9473 -0.0154 -0.3200
vn -0.8268 -0.1987 0.5262
vn -0.9707 0.2197 0.0972
vn -0.8440 -0.3596 0.3979
vn -0.8763 -0.4818 -0.0001
vn -0.9167 -0.3789 -0.1268
vn -0.5603 0.1321 -0.8177
vn -0.7475 0.3606 -0.5578
vn 0.7233 0.0702 0.6870
vn -0.9396 -0.3313 -0.0865
vn -0.8871 -0.3431 -0.3088
vn -0.6792 -0.2415 -0.6931
vn -0.4940 -0.2387 0.8360
vn -0.6630 0.3617 0.6554
vn -0.5411 0.1301 -0.8308
vn -0.6096 0.0975 -0.7867
vn -0.4941 0.6438 -0.5842
vn -0.5449 -0.2278 0.8070
vn -0.6293 -0.7481 0.2107
vn 0.9360 0.3440 -0.0745
vn -0.7229 0.6690 0.1730
vn 0.5385 -0.2459 0.8060
vn 0.8334 0.4397 0.3349
vn 0.7001 -0.0951 0.7077
vn 0.8919 0.0278 0.4513
vn 0.8834 -0.1204 0.4529
vn 0.5758 -0.1659 -0.8006
vn 0.9553 0.0339 -0.2937
vn 0.9521 0.0075 -0.3057
vn 0.9581 0.1354 -0.2524
vn 0.9583 0.0157 0.2852
vn 0.9358 -0.1282 0.3282
vn 0.5877 -0.7969 0.1400
vn 0.8751 -0.1431 -0.4623
vn 0.5531 0.8287 -0.0856
vn 0.6188 -0.4686 0.6305
vn 0.9601 -0.2648 0.0896
vn 0.7087 -0.4947 -0.5029
vn 0.7124 0.2330 0.6620
vn 0.7341 0.3839 -0.5601
vn 0.9026 -0.4115 0.1264
vn 0.8759 0.4821 0.0206
vn 0.8782 0.0576 -0.4748
vn -0.5549 0.5293 -0.6419
vn -0.5415 -0.0203 -0.8405
vn -0.2093 0.3339 0.9191
vn -0.8472 0.0284 -0.5305
vn -0.5980 0.0535 -0.7997
vn -0.2337 -0.5939 -0.7699
vn -0.2048 -0.7676 -0.6073
vn 0.0902 -0.1532 0.9841
vn -0.1643 -0.6426 0.7484
vn -0.5151 0.4051 -0.7553
vn -0.5005 0.2193 -0.8375
vn -0.0637 -0.5104 -0.8576
vn -0.0217 -0.6096 -0.7924
vn 0.1185 -0.4025 0.9077
vn 0.1461 -0.1634 -0.9757
vn -0.4564 0.0867 0.8855
vn -0.0896 -0.2024 0.9752
vn 0.1414 -0.2545 0.9567
vn 0.2572 -0.3215 0.9113
vn -0.0813 0.2158 -0.9730
vn -0.1567 0.3094 -0.9379
vn 0.4621 -0.1379 -0.8761
vn 0.1474 0.4957 -0.8559
vn 0.4939 -0.2749 0.8249
vn 0.0513 -0.1152 0.9920
vn 0.0414 -0.3145 0.9483
vn 0.1073 0.2780 -0.9546
vn 0.4990 -0.3339 -0.7997
vn 0.0105 -0.1274 0.9918
vn 0.3518 0.0487 -0.9348
vn 0.4370 0.1494 -0.8869
vn -0.0161 -0.2341 0.9721
vn 0.6741 -0.2205 0.7050
vn 0.4130 -0.0091 -0.9107
vn 0.7503 -0.5542 0.3604
vn 0.3591 0.1041 -0.9275
vn 0.5104 -0.2674 0.8173
vn -0.3435 0.2723 -0.8988
vn 0.0379 0.1839 -0.9822
vn 0.5587 0.1245 -0.8200
vn 0.8283 -0.1536 -0.5388
vn -0.0682 0.1912 -0.9792
vn 0.5005 -0.0673 -0.8631
vn 0.3490 -0.3420 0.8725
vn -0.1255 -0.1575 0.9795
vn 0.5989 -0.0901 -0.7958
vn 0.3693 0.3731 0.8511
vn -0.6131 0.1266 -0.7798
vn -0.3636 -0.7166 0.5952
vn -0.4942 0.0645 -0.8669
vn -0.2517 -0.2820 -0.9258
vn -0.0140 -0.1071 0.9942
vn -0.0102 0.1222 -0.9924
vn 0.0046 -0.2329 0.9725
vn -0.8118 -0.1067 -0.5741
vn -0.5511 0.3322 -0.7654
vn -0.2150 0.0573 -0.9749
vn 0.0280 -0.0168 0.9995
vn 0.1221 0.0795 -0.9893
vn -0.1772 0.0612 -0.9823
vn -0.6580 -0.0319 -0.7523
vn 0.6735 -0.6544 0.3437
vn 0.5010 0.0201 -0.8652
vn -0.6518 0.2519 0.7154
vn 0.1657 -0.1282 0.9778
vn -0.6230 -0.2455 -0.7427
vn 0.6466 -0.1100 -0.7548
vn 0.3147 -0.0280 -0.9488
vn -0.5449 0.1725 0.8206
vn -0.6678 0.2584 0.6981
vn 0.6764 -0.0404 0.7355
vn -0.4633 -0.0337 0.8856
vn -0.6373 0.4639 -0.6153
vn -0.0811 -0.2283 -0.9702
vn -0.4299 0.0486 -0.9016
vn -0.3897 0.0088 0.9209
vn -0.6411 -0.1055 0.7602
vn -0.5836 0.5575 -0.5905
vn 0.5195 -0.4245 -0.7416
vn -0.5138 -0.3876 -0.7654
vn -0.4419 -0.0893 0.8926
vn -0.4003 0.1929 0.8958
vn -0.4147 0.3923 0.8211
vn -0.3621 -0.5691 0.7382
vn -0.3463 -0.2642 -0.9001
vn -0.3356 0.2216 -0.9156
vn -0.2560 0.1854 0.9487
vn -0.3495 -0.5758 0.7391
vn -0.2901 0.1462 -0.9458
vn -0.2910 0.4079 -0.8654
vn -0.2339 0.2493 0.9397
vn -0.2476 0.3270 0.9120
vn -0.2481 -0.3955 0.8843
vn -0.1550 -0.2544 0.9546
vn -0.2822 -0.2905 -0.9143
vn -0.2816 0.4169 -0.8642
vn -0.3748 -0.0955 -0.9222
vn -0.2681 0.1431 -0.9527
vn -0.3281 0.2417 -0.9132
vn -0.2155 -0.7772 0.5912
vn -0.2592 0.1253 0.9577
vn -0.6670 0.1464 -0.7306
vn -0.1233 0.0013 0.9924
vn -0.1356 0.2433 0.9604
vn -0.5150 0.6698 0.5349
vn -0.1614 -0.3180 -0.9342
vn -0.1120 -0.0981 -0.9888
vn -0.4938 -0.3751 -0.7845
vn -0.3300 0.0726 -0.9412
vn -0.0919 0.4209 0.9025
vn 0.0017 0.2075 -0.9782
vn -0.0552 -0.1832 0.9815
vn -0.1067 -0.1608 0.9812
vn -0.0966 -0.2524 -0.9628
vn -0.0834 0.8758 0.4754
vn -0.0066 0.4389 -0.8985
vn 0.0789 -0.5846 -0.8075
vn -0.0143 -0.0113 -0.9998
vn -0.0270 -0.6167 -0.7867
vn 0.0099 -0.3367 -0.9416
vn 0.0174 0.5194 -0.8543
vn -0.0724 -0.2939 -0.9531
vn 0.0176 0.2326 -0.9724
vn 0.0404 0.1389 -0.9895
vn 0.0733 -0.3599 0.9301
vn 0.0952 -0.4680 -0.8786
vn 0.0709 -0.0142 0.9974
vn 0.0852 0.1852 0.9790
vn 0.0977 0.2172 0.9712
vn 0.2747 0.4763 -0.8353
vn 0.1047 -0.2067 0.9728
vn -0.0004 0.1169 0.9931
vn 0.4402 0.1636 -0.8829
vn 0.1377 0.0779 0.9874
vn 0.1727 -0.1356 0.9756
vn 0.1465 -0.5721 -0.8070
vn 0.1586 -0.3097 -0.9375
vn 0.4136 -0.5197 -0.7475
vn 0.2498 0.5671 0.7849
vn 0.1847 -0.4303 -0.8836
vn 0.1582 0.0825 -0.9840
vn 0.2168 -0.0674 -0.9739
vn 0.3514 0.2137 -0.9115
vn 0.8452 0.5342 0.0128
vn 0.3111 0.0378 0.9496
vn 0.3285 -0.3736 0.8675
vn 0.2810 0.0577 -0.9580
vn 0.5066 0.0711 0.8593
vn 0.3499 0.2052 -0.9141
vn 0.3291 -0.1254 0.9359
vn 0.8629 0.1146 -0.4922
vn 0.3892 0.3881 -0.8354
vn 0.2583 0.0234 -0.9658
vn 0.3257 0.2725 0.9054
vn 0.6647 0.4341 -0.6081
vn 0.4280 -0.8594 -0.2798
vn 0.4024 0.2552 0.8792
vn 0.4507 -0.5440 -0.7077
vn 0.5239 -0.4015 0.7512
vn 0.4973 0.3915 -0.7743
vn 0.5079 0.3427 -0.7903
vn 0.4033 0.0566 -0.9133
vn 0.4649 0.2810 0.8396
vn 0.5534 -0.3867 0.7377
vn 0.4870 -0.1607 -0.8585
vn 0.4216 0.1572 -0.8930
vn 0.4042 0.0687 0.9121
vn 0.2999 -0.5450 0.7829
vn -0.0223 -0.4704 0.8822
vn 0.5093 -0.1702 0.8436
vn 0.3099 -0.4496 0.8377
vn 0.4865 0.0102 -0.8736
vn 0.5892 0.2377 -0.7723
vn 0.6491 0.2207 0.7280
vn -0.2147 0.0153 -0.9766
vn 0.5740 0.0508 0.8173
vn 0.7571 0.4193 -0.5010
vn 0.7458 -0.2115 0.6317
vn 0.6629 0.0592 -0.7463
vn 0.6805 -0.0380 0.7317
vn 0.7664 -0.1642 0.6210
vn -0.3076 -0.2280 0.9238
vn 0.7335 -0.1645 -0.6595
vn -0.3268 0.0866 -0.9411
vn 0.1744 -0.1187 0.9775
vn 0.4824 0.2658 0.8347
vn 0.3884 0.1573 -0.9080
vn 0.1244 0.0084 0.9922
vn 0.1669 -0.0056 0.9860
vn 0.1950 -0.2061 0.9589
vn 0.3597 -0.1069 0.9269
vn 0.2016 0.0789 -0.9763
vn 0.5824 0.1137 0.8049
vn 0.5249 0.1693 -0.8342
vn 0.5607 -0.3977 -0.7263
vn 0.3660 -0.0789 -0.9273
vn 0.6363 0.0932 0.7658
vn 0.8860 0.0645 0.4591
vn -0.4876 0.2554 -0.8349
vn -0.4545 -0.0300 0.8903
vn -0.3114 0.1361 0.9405
vn -0.1200 0.4018 -0.9078
vn 0.1173 0.5419 0.8322
vn -0.3469 0.0290 -0.9374
vn 0.0561 -0.1894 0.9803
vn 0.0437 0.1899 -0.9808
vn 0.3355 0.8355 0.4351
vn 0.3255 0.6486 -0.6880
vn -0.5455 -0.4003 0.7363
vn 0.4600 0.3122 -0.8312
vn 0.3520 -0.0703 0.9334
vn 0.3205 0.2644 -0.9096
vn -0.7411 -0.0527 -0.6694
vn -0.0455 -0.2465 0.9681
vn 0.5811 0.3274 -0.7450
vn 0.2553 -0.1185 0.9596
vn 0.0512 -0.2313 0.9715
vn -0.3148 0.1261 -0.9407
vn -0.1708 0.2591 -0.9506
vn -0.3126 0.0855 -0.9460
vn -0.6608 0.4155 -0.6251
vn 0.2952 0.2516 -0.9217
vn -0.3282 0.2424 -0.9130
vn 0.0741 -0.3230 0.9435
vn -0.1781 -0.2419 0.9538
vn -0.2596 -0.0441 0.9647
vn -0.2820 0.3573 0.8904
vn 0.1492 0.3283 -0.9327
vn -0.3733 -0.5639 -0.7366
vn -0.3394 -0.1221 -0.9327
vn 0.1581 -0.2045 0.9660
vn 0.1603 0.0227 -0.9868
vn 0.1247 0.2333 -0.9644
vn -0.1639 0.4728 0.8658
vn -0.1453 -0.7366 0.6605
vn -0.1375 0.7616 -0.6333
vn 0.2246 -0.2020 0.9533
vn -0.0470 -0.0163 -0.9988
vn -0.0194 -0.5028 0.8642
vn 0.1378 -0.5392 -0.8308
vn 0.1842 -0.2669 -0.9459
vn 0.1531 0.8496 -0.5048
vn 0.0188 0.5559 -0.8311
vn 0.2312 0.4136 0.8806
vn 0.4211 -0.4410 0.7926
vn 0.6923 0.0557 -0.7195
vn 0.5985 -0.5461 -0.5861
vn 0.5497 0.2041 -0.8101
vn 0.3136 0.3073 0.8985
vn 0.3558 -0.7439 0.5658
vn 0.4776 -0.7038 0.5258
vn -0.6175 -0.6152 0.4901
vn -0.6761 -0.7362 -0.0296
vn -0.2913 0.6684 0.6843
vn -0.1637 -0.9805 0.1086
vn -0.2167 0.9037 -0.3693
vn -0.1227 0.9223 -0.3665
vn -0.1386 -0.7867 0.6015
vn 0.0296 0.6002 0.7993
vn -0.0311 -0.8357 0.5483
vn -0.8956 0.3609 -0.2600
vn -0.7502 0.3524 -0.5594
vn 0.5657 0.7874 -0.2450
vn 0.3723 -0.7747 0.5111
vn 0.5252 -0.6394 -0.5615
vn 0.5210 0.7204 0.4578
vn 0.4430 0.8540 -0.2729
vn 0.3655 -0.6246 -0.6902
vn 0.7032 -0.7107 -0.0200
vn 0.5778 0.5340 -0.6172
vn 0.2488 -0.3829 0.8897
vn 0.6352 0.7579 0.1487
vn 0.7031 -0.6914 -0.1660
vn 0.7139 -0.2538 0.6526
vn -0.6348 0.7138 -0.2957
vn -0.3323 0.6609 -0.6729
vn 0.0293 0.3264 0.9448
vn 0.0392 0.9113 -0.4098
vn 0.0820 0.9228 -0.3766
vn 0.4454 0.7084 0.5475
vn 0.6829 -0.4054 0.6077
vn 0.6091 0.7758 -0.1647
vn -0.6227 -0.1484 0.7683
vn -0.2128 0.0665 -0.9748
vn -0.9559 0.2145 0.2008
vn -0.6859 0.7138 -0.1415
vn 0.2265 -0.1874 0.9558
vn 0.3734 -0.7314 -0.5706
vn -0.7140 0.1207 -0.6897
vn -0.5905 0.2534 0.7662
vn -0.5388 -0.2158 0.8143
vn 0.4316 -0.5801 0.6908
vn -0.5918 0.7488 -0.2985
vn 0.4202 -0.8397 -0.3439
vn -0.8723 0.3844 -0.3021
vn -0.8272 0.3156 -0.4650
vn -0.1972 -0.9742 0.1095
vn -0.3788 0.9253 -0.0185
vn -0.2029 -0.9490 -0.2415
vn -0.2152 -0.7831 0.5834
vn -0.1953 -0.9155 -0.3516
vn -0.7469 0.5510 0.3723
vn -0.1233 -0.9914 0.0448
vn -0.1267 -0.9892 -0.0740
vn -0.1527 0.9839 0.0926
vn -0.0064 0.8623 0.5063
vn -0.1673 0.9354 -0.3114
vn 0.0132 -0.9373 0.3483
vn -0.0109 -0.6550 -0.7555
vn 0.0592 -0.8640 -0.5000
vn 0.4357 0.8629 0.2561
vn 0.3685 0.8750 -0.3139
vn 0.2248 0.9736 0.0400
vn 0.5275 0.8470 0.0664
vn 0.2237 0.9233 0.3123
vn 0.1842 -0.9358 -0.3006
vn 0.1599 -0.8898 -0.4275
vn 0.6983 -0.4329 -0.5700
vn 0.2379 -0.6823 0.6912
vn 0.2334 0.5560 0.7978
vn 0.2068 -0.3251 0.9228
vn 0.2319 -0.9713 0.0523
vn 0.4905 -0.1135 -0.8640
vn 0.3404 0.2745 0.8993
vn 0.3090 -0.8815 0.3569
vn 0.5716 0.7690 -0.2863
vn 0.4850 0.7418 0.4631
vn 0.3335 -0.6920 0.6402
vn 0.2222 -0.7456 -0.6283
vn -0.3898 -0.9067 -0.1614
vn 0.3865 -0.1908 -0.9023
vn 0.5584 0.4720 0.6822
vn -0.7692 -0.2275 0.5972
vn -0.7528 -0.1664 -0.6369
vn 0.7025 0.4975 -0.5089
vn 0.7560 0.3298 0.5654
vn -0.3399 -0.1966 0.9197
vn -0.6422 -0.1110 0.7585
vn 0.8411 0.5409 -0.0017
vn -0.6621 -0.6842 -0.3058
vn 0.7057 -0.2316 -0.6696
vn 0.6576 0.1817 -0.7311
vn 0.7555 0.2488 0.6060
vn -0.2273 -0.5555 -0.7999
vn 0.6915 0.5884 -0.4191
vn 0.1852 -0.7799 0.5979
vn 0.1555 -0.9096 0.3852
vn 0.1197 -0.8477 -0.5168
vn 0.3506 0.2626 -0.8989
vn 0.4851 -0.5361 0.6909
vn 0.5618 -0.8236 -0.0780
vn 0.9084 -0.0533 0.4147
vn -0.6361 0.7645 -0.1046
vn -0.2283 0.9733 0.0246
vn -0.7007 -0.1514 -0.6971
vn -0.1977 0.9227 0.3308
vn 0.9050 0.2562 0.3395
vn -0.4642 -0.3537 0.8121
vn -0.4161 -0.2207 0.8821
vn -0.6359 -0.4745 0.6086
vn -0.6208 0.6508 0.4371
vn -0.5944 0.7994 -0.0877
vn -0.3264 -0.8953 0.3033
vn -0.2368 -0.6527 0.7196
vn -0.1746 0.7215 0.6700
vn -0.3794 0.8783 -0.2909
vn 0.7734 0.4820 -0.4118
vn 0.1314 -0.6788 0.7225
vn 0.5988 0.1192 -0.7919
vn 0.5460 -0.1496 0.8243
vn 0.1982 -0.9801 -0.0138
vn 0.2545 -0.8964 -0.3630
vn 0.7494 -0.6613 0.0327
vn 0.3451 -0.5583 -0.7545
vn 0.5128 0.7547 0.4093
vn 0.5204 0.6318 -0.5744
vn 0.5972 -0.7859 0.1602
vn 0.6376 -0.5739 -0.5139
vn -0.5884 0.4124 -0.6955
vn 0.5236 0.1793 -0.8329
vn 0.1325 -0.9372 0.3225
vn 0.5932 0.5792 -0.5592
vn 0.3685 0.9276 -0.0610
vn 0.9573 0.2039 -0.2048
vn 0.3347 -0.6619 -0.6708
vn -0.8722 -0.4267 0.2394
vn -0.9228 0.2448 0.2975
vn -0.4894 -0.1396 0.8608
vn -0.1964 0.9794 0.0461
vn 0.1038 -0.6515 -0.7515
vn -0.2835 0.8618 -0.4207
vn 0.6583 0.3683 0.6565
vn 0.0535 0.7208 -0.6911
vn 0.7402 -0.6632 0.1104
vn -0.3633 0.6924 0.6234
vn 0.8970 0.3459 -0.2751
vn 0.7720 -0.1717 -0.6120
vn 0.5503 0.3313 -0.7665
vn 0.3823 -0.5427 -0.7479
vn 0.2477 -0.7258 -0.6417
vn -0.1715 -0.3303 -0.9282
vn -0.3021 -0.0168 -0.9531
vn -0.5108 0.5652 -0.6478
vn -0.1772 0.7892 -0.5880
vn 0.0104 0.5050 -0.8631
vn 0.2389 0.7344 -0.6353
vn 0.1330 0.8919 -0.4321
vn 0.4248 0.8838 -0.1960
vn 0.4430 0.8078 0.3889
vn 0.8181 0.4812 0.3148
vn 0.5485 -0.7710 -0.3235
vn 0.9798 -0.1872 -0.0709
vn 0.5784 0.2501 0.7765
vn -0.8524 -0.1543 -0.4997
vn -0.4541 -0.8863 0.0908
vn 0.5119 -0.8258 0.2368
vn 0.0069 -0.9953 0.0970
vn -0.9124 -0.1118 0.3937
vn -0.8740 0.4816 0.0656
vn -0.6200 0.6384 0.4561
vn -0.1946 0.9015 0.3864
vn -0.2714 0.9562 -0.1099
vn 0.0070 0.9985 -0.0552
vn -0.1906 0.5051 0.8418
vn 0.0208 -0.6249 0.7804
vn -0.1798 -0.1795 0.9672
vn -0.6657 -0.5711 0.4803
vn -0.7667 -0.1281 0.6291
vn -0.3438 0.2585 0.9027
vn -0.3659 -0.3068 -0.8786
vn -0.3035 -0.2078 -0.9299
vn -0.2877 0.1943 -0.9378
vn -0.9739 0.1021 0.2026
vn -0.5936 0.7991 -0.0958
vn 0.6657 -0.5380 -0.5171
vn 0.7805 0.0304 -0.6244
vn -0.0171 -0.4546 -0.8905
vn -0.1756 0.4200 -0.8904
vn 0.2299 0.5780 -0.7830
vn 0.4328 -0.1050 0.8954
vn 0.4233 -0.9038 -0.0628
vn -0.4157 -0.8778 0.2380
vn -0.4318 -0.8549 0.2876
vn 0.8096 0.5738 0.1240
vn 0.2368 0.8568 -0.4581
vn 0.5727 0.8140 0.0974
vn -0.1201 0.9296 -0.3484
vn 0.2683 0.7356 0.6220
vn -0.6723 0.3211 0.6670
vn 0.1844 0.5254 0.8306
vn 0.2436 0.3860 0.8898
vn 0.1280 0.2974 0.9461
vn -0.7153 0.1128 0.6896
vn 0.7913 0.3708 0.4862
vn 0.6626 -0.5592 -0.4983
vn 0.4747 -0.8501 -0.2281
vn -0.5158 -0.7666 0.3823
vn -0.7724 -0.3160 0.5509
vn -0.4443 0.8867 0.1278
vn 0.1608 0.6329 0.7574
vn -0.3631 0.9229 0.1278
vn -0.1599 0.9243 -0.3467
vn 0.4155 0.1570 0.8959
vn -0.9791 0.1718 -0.1085
vn -0.0940 -0.8771 -0.4710
vn -0.0377 0.4973 -0.8668
vn -0.7641 0.3860 0.5169
vn 0.2072 0.1036 -0.9728
vn 0.5240 -0.8246 0.2131
vn 0.3892 0.9210 -0.0173
vn 0.7209 -0.2146 -0.6590
vn -0.1863 -0.1690 -0.9678
vn -0.3037 -0.9366 0.1748
vn 0.4318 -0.1172 0.8943
vn -0.6627 -0.5030 0.5548
vn 0.7414 0.6357 -0.2152
vn 0.8519 -0.0368 0.5224
vn -0.4350 0.1157 -0.8929
vn 0.5637 -0.4835 -0.6697
vn -0.4990 0.8077 0.3139
vn 0.2490 0.2570 -0.9338
vn 0.0435 -0.1690 -0.9847
vn -0.0520 0.1345 -0.9896
vn 0.2845 -0.4209 -0.8613
vn 0.1136 -0.8056 -0.5815
vn -0.3088 -0.6612 -0.6838
vn -0.3465 -0.1931 -0.9180
vn -0.2701 0.5693 -0.7765
vn -0.0419 0.8950 -0.4442
vn 0.3635 0.8926 -0.2665
vn 0.4565 0.3192 -0.8305
vn 0.6089 -0.0673 -0.7904
vn 0.7531 -0.3358 -0.5657
vn 0.8256 -0.1138 -0.5526
vn 0.9630 0.1101 0.2458
vn 0.8293 -0.4787 0.2882
vn 0.6381 -0.7613 -0.1145
vn 0.1288 -0.9881 -0.0841
vn -0.3769 -0.9229 -0.0782
vn -0.7754 -0.0170 -0.6312
vn -0.0456 -0.9201 0.3891
vn -0.7035 0.7106 -0.0082
vn -0.2233 0.9357 0.2732
vn 0.6760 0.1494 0.7216
vn -0.1400 -0.1400 0.9802
vn 0.0526 -0.0129 -0.9985
vn -0.4956 0.7135 0.4953
vn -0.1291 0.2049 0.9702
vn 0.5824 0.3504 -0.7335
vn 0.4352 -0.6104 0.6618
vn -0.8338 -0.5518 0.0153
vn -0.4519 -0.7309 0.5114
vn -0.9505 0.1462 0.2741
vn -0.6254 -0.3912 0.6751
vn -0.6087 -0.7780 -0.1556
vn -0.5764 -0.7838 -0.2312
vn -0.5170 -0.7023 -0.4894
vn -0.5050 0.7949 -0.3363
vn -0.9499 -0.2533 0.1834
vn -0.7917 0.5212 0.3189
vn 0.3406 -0.8988 -0.2758
vn -0.1141 -0.6069 -0.7865
vn -0.4332 -0.6807 -0.5907
vn -0.0945 -0.9889 0.1151
vn 0.3474 0.4142 -0.8413
vn 0.0874 0.0159 -0.9960
vn -0.1897 0.2486 -0.9499
vn -0.3177 0.8706 -0.3756
vn -0.2654 0.9147 -0.3048
vn 0.2540 0.7761 -0.5771
vn 0.3416 0.6593 -0.6698
vn -0.1343 0.7940 0.5929
vn -0.0082 0.6900 0.7238
vn -0.2135 -0.3995 0.8915
vn -0.0429 -0.4968 -0.8668
vn 0.6230 0.1390 -0.7698
vn 0.5574 -0.3092 -0.7705
vn 0.7711 -0.4164 0.4817
vn 0.8505 -0.5223 0.0620
vn 0.0300 -0.6920 0.7213
vn 0.3451 0.6609 -0.6664
vn 0.6989 0.0875 -0.7099
vn -0.0000 1.0000 -0.0000
vn -0.2916 0.9310 -0.2195
vn 0.3970 0.7991 0.4515
vn 0.2744 0.6966 0.6629
vn 0.8886 -0.3476 -0.2993
vn -0.2127 -0.4911 0.8448
vn 0.8900 -0.4550 -0.0313
vn -0.4350 0.8390 -0.3269
vn -0.3229 0.6111 -0.7227
vn 0.3817 -0.7647 0.5192
vn 0.6354 -0.6264 -0.4515
vn 0.8029 -0.0656 -0.5924
vn -0.2824 0.0510 -0.9580
vn -0.1272 -0.9282 0.3497
vn 0.2519 0.8592 -0.4453
vn -0.0467 0.8483 0.5275
vn 0.8469 0.4785 0.2322
vn 0.5330 -0.0798 0.8423
vn -0.8830 -0.4610 -0.0882
vn -0.8121 -0.2648 -0.5200
vn 0.2912 0.5706 0.7679
vn -0.0843 0.3757 0.9229
vn 0.6928 0.3143 -0.6490
vn 0.1038 -0.0232 -0.9943
vn -0.6763 -0.6706 -0.3050
vn -0.0734 -0.8840 -0.4616
vn -0.5774 0.1833 0.7956
vn -0.4778 -0.7219 0.5005
vn -0.6558 -0.7325 0.1829
vn -0.4251 -0.7723 -0.4721
vn -0.0487 -0.9950 -0.0871
vn 0.5937 -0.8021 0.0639
vn 0.1074 -0.8408 0.5306
vn 0.5185 -0.4853 0.7040
vn 0.0544 -0.1231 0.9909
vn 0.3834 0.2483 0.8896
vn -0.0317 0.3027 0.9525
vn 0.0298 0.8407 0.5406
vn -0.2471 0.6279 0.7380
vn -0.3405 0.9400 0.0220
vn -0.1507 0.7474 -0.6470
vn -0.5610 0.7935 -0.2358
vn -0.9552 0.0763 -0.2858
vn -0.6989 -0.5725 -0.4287
vn -0.5716 -0.0992 -0.8145
vn 0.0264 -0.7355 -0.6770
vn 0.1187 -0.6739 -0.7292
vn 0.9848 0.0055 -0.1737
vn 0.8032 -0.2038 -0.5598
vn 0.9360 0.0243 0.3512
vn 0.5341 0.6994 0.4750
vn 0.5647 0.8208 -0.0858
vn 0.8869 0.3460 -0.3060
vn 0.5402 0.4736 -0.6956
vn 0.0187 -0.1363 -0.9905
vn -0.3632 0.3017 -0.8815
vn 0.6705 0.0949 -0.7359
vn 0.2081 0.3289 -0.9211
vn -0.4733 0.8757 -0.0954
vn -0.6452 0.6470 -0.4063
vn 0.2179 0.1128 -0.9694
vn -0.6120 0.4419 -0.6559
vn -0.0214 0.1076 -0.9940
vn 0.8857 -0.4509 0.1106
vn 0.3505 -0.9361 0.0288
vn -0.1279 -0.5467 0.8275
vn 0.0240 -0.3367 0.9413
vn 0.1601 -0.9254 -0.3435
vn 0.1903 -0.9551 -0.2269
vn 0.1026 -0.3147 -0.9436
vn 0.9665 -0.2565 0.0136
vn 0.9672 -0.2539 0.0090
vn 0.2707 -0.0584 -0.9609
vn 0.9544 0.1416 -0.2627
vn 0.2595 0.0242 -0.9654
vn -0.4798 -0.3487 -0.8051
vn -0.2600 -0.5028 -0.8244
vn -0.0854 -0.5376 -0.8388
vn 0.0388 -0.3709 -0.9278
vn 0.0264 -0.3940 -0.9187
vn -0.5538 -0.7741 0.3067
vn -0.2999 -0.5590 0.7730
vn -0.4912 -0.8477 0.2005
vn 0.1736 0.9753 0.1367
vn -0.4463 0.8949 -0.0055
vn 0.2965 0.9444 0.1421
vn 0.7766 0.5338 -0.3345
vn -0.1385 0.4899 0.8607
vn -0.4696 0.8423 0.2646
vn 0.6414 0.3662 0.6742
vn 0.0768 0.0989 0.9921
vn -0.7517 -0.6587 0.0325
vn -0.0325 -0.5992 -0.7999
vn -0.2854 0.5925 -0.7533
vn -0.3215 0.5632 0.7612
vn 0.0899 -0.0037 0.9959
vn 0.1370 0.9585 0.2501
vn 0.8800 -0.4682 0.0798
vn -0.5544 0.8288 0.0765
vn 0.5132 0.2541 0.8198
vn 0.5743 -0.1141 -0.8107
vn 0.3298 0.8099 -0.4850
vn 0.2129 -0.8215 -0.5291
vn -0.8422 0.3502 -0.4099
vn 0.6619 0.7166 0.2199
vn -0.5576 -0.7669 0.3177
vn 0.2494 -0.3774 0.8918
vn -0.0753 -0.9940 -0.0790
vn -0.0117 0.1045 -0.9945
vn 0.3862 0.2463 -0.8889
vn 0.2757 -0.0612 -0.9593
vn 0.4512 -0.4596 -0.7650
vn -0.1345 -0.5471 -0.8262
vn -0.3892 0.1461 -0.9095
vn -0.2589 -0.4894 -0.8328
vn -0.2461 -0.7698 -0.5889
vn 0.0576 0.8903 -0.4517
vn -0.1771 0.9293 -0.3241
vn -0.8835 0.3313 -0.3313
vn -0.5205 0.8538 0.0018
vn 0.8562 0.3229 -0.4034
vn 0.3131 0.7682 -0.5585
vn 0.3193 0.9364 0.1453
vn 0.9298 0.2981 0.2161
vn 0.9364 -0.2524 -0.2437
vn 0.4149 -0.8598 -0.2977
vn 0.0375 -0.9984 0.0421
vn -0.0503 -0.9802 -0.1915
vn -0.1554 -0.9867 -0.0479
vn -0.6186 -0.7134 -0.3292
vn -0.9545 0.1790 -0.2386
vn -0.9428 0.2254 -0.2457
vn -0.6158 0.5567 0.5575
vn -0.2086 0.6892 0.6939
vn 0.3269 0.7859 0.5249
vn 0.6609 0.6618 0.3538
vn -0.9050 0.0456 0.4229
vn 0.7505 0.0668 0.6575
vn 0.3238 -0.6099 0.7233
vn -0.2544 0.0244 0.9668
vn -0.2011 -0.5605 0.8034
vn 0.0984 0.1036 0.9897
vn 0.2866 -0.4805 0.8288
vn 0.3111 -0.2467 0.9178
vn 0.0957 -0.3716 0.9235
vn 0.1135 0.2791 -0.9535
vn -0.2343 -0.2000 -0.9514
vn 0.1709 0.2627 -0.9496
vn 0.2801 0.1535 -0.9476
vn 0.2588 -0.2679 -0.9280
vn -0.0020 -0.3598 -0.9330
vn -0.9887 0.0699 -0.1329
vn -0.9741 -0.0430 -0.2219
vn -0.0000 0.3511 -0.9363
vn -0.2563 -0.2090 -0.9437
vn -0.4779 0.7065 -0.5221
vn 0.1223 0.4329 -0.8931
vn 0.0307 0.9623 -0.2702
vn -0.3777 0.8518 -0.3630
vn -0.5222 0.0061 0.8528
vn -0.5837 0.7224 0.3707
vn 0.1419 0.5336 0.8338
vn -0.3994 -0.1396 0.9061
vn 0.0770 0.3503 0.9335
vn 0.4970 -0.2828 0.8203
vn 0.6051 -0.1620 0.7795
vn -0.0642 -0.8901 0.4511
vn -0.0604 -0.7531 0.6551
vn 0.0540 -0.6375 0.7686
vn 0.1155 -0.2005 0.9728
vn 0.0472 0.9660 -0.2543
vn 0.4070 0.8645 0.2949
vn -0.2438 -0.6834 -0.6882
vn 0.8428 0.3869 0.3742
vn 0.9791 0.1972 0.0493
vn 0.6224 -0.6288 -0.4661
vn 0.1556 -0.9835 -0.0922
vn -0.0805 -0.9815 0.1738
vn 0.5313 0.3724 -0.7610
vn -0.2213 -0.9380 -0.2669
vn -0.2337 -0.9238 -0.3032
vn 0.7934 0.4462 -0.4141
vn 0.5287 -0.6488 0.5473
vn 0.1154 0.6400 0.7596
vn -0.1731 -0.2878 0.9419
vn 0.5886 -0.4495 -0.6720
vn -0.4725 0.0230 -0.8810
vn -0.0870 -0.8364 0.5412
vn -0.2885 0.9337 -0.2121
vn 0.9986 0.0520 -0.0135
vn 0.4112 0.4785 0.7759
vn -0.9866 0.1626 0.0137
vn 0.3953 0.8965 -0.1998
vn 0.1332 0.0423 -0.9902
vn 0.4104 -0.0042 0.9119
vn 0.6911 0.7204 0.0583
vn -0.6514 -0.7541 0.0835
vn -0.3833 0.3876 0.8384
vn 0.6873 -0.0736 -0.7226
vn 0.2831 -0.3306 -0.9003
vn 0.2611 0.3443 -0.9018
vn 0.0030 -0.8581 -0.5136
vn -0.1359 0.0291 -0.9903
vn -0.4263 0.6464 -0.6328
vn 0.7972 0.5997 0.0693
vn 0.8993 0.2187 -0.3787
vn 0.7393 0.6538 -0.1609
vn 0.8033 -0.5117 -0.3046
vn 0.1607 0.9598 -0.2301
vn 0.4599 0.8131 -0.3570
vn 0.5368 0.8432 0.0280
vn 0.7419 -0.4839 0.4641
vn 0.3609 -0.8347 0.4161
vn -0.5551 -0.8074 -0.1999
vn -0.9204 -0.3745 0.1126
vn -0.9266 0.2374 -0.2916
vn -0.4087 0.9124 -0.0225
vn 0.1525 0.7887 0.5956
vn 0.5252 0.8061 0.2727
vn 0.7576 0.3969 0.5181
vn 0.4658 0.1327 0.8749
vn 0.4821 -0.3850 0.7870
vn -0.0652 -0.6562 0.7518
vn 0.0288 -0.8903 0.4545
vn 0.1190 -0.3016 0.9460
vn -0.5118 -0.7102 0.4834
vn -0.5642 -0.7746 0.2859
vn -0.7409 -0.1145 0.6618
vn -0.3383 0.2193 0.9151
vn -0.5256 0.4225 0.7384
vn -0.2340 0.6390 0.7327
vn 0.1579 0.2354 0.9590
vn 0.8390 -0.1010 -0.5346
vn 0.8426 0.5099 -0.1734
vn 0.6127 0.7772 -0.1434
vn 0.4949 -0.0418 -0.8679
vn -0.0029 0.6392 -0.7690
vn 0.0264 0.6851 -0.7280
vn 0.6758 -0.0916 0.7314
vn 0.5814 -0.8134 -0.0197
vn 0.3097 -0.9488 0.0627
vn 0.5856 -0.1673 0.7931
vn 0.3667 -0.5593 0.7434
vn -0.2871 0.7730 0.5657
vn -0.1865 0.9331 0.3075
vn 0.0771 0.9233 0.3761
vn -0.0758 0.1897 0.9789
vn 0.0673 0.0249 0.9974
vn 0.2549 0.4701 0.8450
vn -0.6142 -0.5452 0.5705
vn -0.7742 -0.3834 0.5036
vn -0.5985 0.2331 0.7665
vn 0.0997 -0.6465 0.7563
vn 0.1541 -0.5713 0.8061
vn 0.0348 -0.5767 -0.8162
vn 0.0523 -0.9943 -0.0933
vn -0.0141 -0.9691 -0.2463
vn -0.2396 0.5557 -0.7961
vn -0.9528 -0.2982 -0.0577
vn -0.5833 0.6917 -0.4257
vn -0.0659 -0.9840 0.1656
vn -0.8402 -0.4469 0.3073
vn -0.0319 -0.9872 0.1562
vn 0.2318 0.9375 0.2597
vn 0.6968 0.6481 0.3072
vn 0.4124 0.8788 0.2402
vn 0.3209 -0.8700 -0.3744
vn 0.0926 0.9956 0.0157
vn 0.3875 0.6240 0.6786
vn 0.2791 0.6653 -0.6925
vn 0.4552 -0.3694 0.8102
vn -0.8496 -0.5261 0.0368
vn -0.4494 -0.6656 -0.5958
vn -0.7757 -0.0591 -0.6284
vn -0.3813 0.1133 0.9175
vn 0.8481 -0.3966 -0.3513
vn 0.7122 0.6558 0.2502
vn -0.1006 -0.1707 -0.9802
vn 0.4231 -0.5872 -0.6901
vn -0.6645 0.7303 0.1584
vn 0.6904 0.3262 -0.6457
vn 0.2105 0.2905 -0.9334
vn 0.6570 -0.2814 -0.6995
vn 0.2962 -0.5296 -0.7949
vn -0.2065 -0.6665 -0.7164
vn -0.6396 -0.5112 -0.5741
vn -0.4271 -0.0225 -0.9039
vn -0.3270 0.7224 -0.6093
vn -0.1855 0.9773 0.1022
vn 0.1864 0.9664 -0.1770
vn 0.4091 0.9070 0.0997
vn 0.8181 0.5613 -0.1249
vn 0.7098 0.5642 0.4217
vn 0.8121 -0.3299 0.4813
vn 0.8384 -0.5285 -0.1332
vn 0.6263 -0.7796 -0.0002
vn 0.5219 -0.8308 -0.1931
vn 0.2960 -0.8514 -0.4330
vn -0.1991 -0.9800 -0.0027
vn -0.6300 -0.7750 -0.0491
vn -0.9267 -0.2254 -0.3005
vn -0.9539 -0.0343 -0.2983
vn -0.8162 0.4448 -0.3687
vn -0.8493 -0.3747 0.3719
vn -0.6635 0.5449 0.5127
vn -0.1010 0.5124 0.8528
vn 0.1368 0.9182 0.3716
vn 0.1240 -0.0000 0.9923
vn 0.4120 -0.0474 0.9099
vn 0.7053 -0.4157 0.5742
vn 0.2343 -0.8849 0.4026
vn -0.2730 -0.7360 0.6196
vn -0.0000 -0.8214 0.5704
vn 0.5880 -0.7977 0.1340
vn 0.4956 -0.8244 -0.2734
vn 0.0680 -0.8198 -0.5685
vn -0.3339 -0.8622 0.3810
vn -0.2972 -0.8564 0.4221
vn 0.5681 -0.7573 0.3220
vn -0.3308 -0.8546 0.4002
vn -0.1408 0.8307 0.5386
vn -0.1929 0.9669 -0.1668
vn 0.5367 0.8281 -0.1618
vn 0.3390 0.9158 0.2156
vn 0.8657 0.0418 0.4989
vn 0.7891 -0.1932 0.5832
vn 0.0352 0.1751 0.9839
vn -0.2072 0.7439 0.6354
vn 0.7077 -0.2605 0.6567
vn 0.6485 -0.6543 0.3890
vn 0.7958 -0.5382 0.2775
vn 0.7026 -0.4084 -0.5827
vn 0.6575 -0.6334 -0.4079
vn -0.0000 -0.5241 -0.8517
vn -0.3538 -0.8370 0.4175
vn 0.6796 0.6584 -0.3235
vn 0.6006 0.0270 -0.7991
vn -0.2392 0.4873 -0.8398
vn -0.3033 0.5728 -0.7615
vn -0.3353 0.8551 -0.3955
vn -0.8053 -0.4081 -0.4301
vn -0.9942 0.0952 -0.0497
vn -0.9687 0.1405 0.2048
vn -0.7495 -0.4708 -0.4655
vn 0.0453 -0.7223 -0.6901
vn -0.4863 -0.5424 -0.6851
vn -0.9622 0.1896 -0.1954
vn -0.4981 0.6894 -0.5260
vn 0.5926 -0.1568 -0.7901
vn -0.3047 0.1745 -0.9363
vn -0.5928 -0.6944 0.4079
vn -0.1379 -0.7844 -0.6047
vn -0.4207 -0.6891 0.5900
vn 0.4549 -0.8580 -0.2386
vn 0.1078 0.6335 0.7662
vn -0.1736 0.9029 0.3933
vn 0.1970 0.9706 -0.1382
vn 0.0903 0.3258 0.9411
vn 0.4109 -0.7442 -0.5266
vn 0.4765 0.6209 -0.6225
vn 0.3720 0.9195 0.1271
vn 0.7415 0.5486 0.3864
vn -0.7631 0.6204 -0.1812
vn -0.1118 -0.9173 -0.3822
vn -0.0560 -0.7500 -0.6591
vn 0.0948 -0.6105 -0.7863
vn 0.1504 -0.9347 -0.3222
vn -0.1415 -0.8957 -0.4215
vn -0.3589 -0.2860 -0.8885
vn -0.8634 0.5024 -0.0458
vn -0.1403 0.4873 -0.8619
vn -0.3759 0.5492 -0.7464
vn 0.1698 0.8603 -0.4807
vn 0.1468 0.5600 -0.8154
vn 0.4275 -0.0311 -0.9035
vn 0.8729 -0.2959 -0.3880
vn 0.5344 -0.6575 -0.5311
vn 0.2541 -0.9594 -0.1228
vn 0.1474 -0.8561 0.4954
vn -0.4206 -0.6896 0.5896
vn -0.2633 -0.9423 -0.2067
vn -0.9739 0.1977 -0.1113
vn -0.3963 0.8383 0.3745
vn -0.5062 0.1058 0.8559
vn -0.0487 0.9958 0.0771
vn 0.2447 0.9647 0.0969
vn 0.4556 0.8895 -0.0342
vn -0.0552 0.7049 0.7072
vn 0.4338 0.8084 0.3979
vn 0.9108 0.4099 0.0497
vn 0.8103 -0.4216 0.4069
vn 0.2618 -0.3186 0.9110
vn 0.1563 -0.4875 0.8590
vn -0.0416 0.2660 0.9631
vn 0.0579 0.5021 0.8628
vn 0.2525 0.1531 0.9554
vn 0.2571 0.6321 0.7310
vn -0.5042 0.1242 -0.8546
vn -0.0853 0.0571 -0.9947
vn -0.1624 0.8213 -0.5469
vn -0.5057 0.2534 -0.8247
vn -0.5353 -0.0645 0.8422
vn -0.1162 -0.9906 0.0717
vn -0.0417 -0.0399 -0.9983
vn 0.1367 0.1386 -0.9809
vn -0.1414 0.8763 -0.4606
vn 0.0956 0.7547 -0.6490
vn 0.1873 0.3280 -0.9259
vn -0.0481 -0.9810 -0.1880
vn -0.0746 -0.9897 -0.1223
vn 0.1600 -0.8334 0.5290
vn 0.0256 -0.9733 0.2281
vn -0.0939 -0.9947 0.0412
vn -0.4360 0.3497 0.8292
vn 0.1142 -0.0361 0.9928
vn -0.1784 0.5154 0.8382
vn 0.9916 -0.0361 -0.1245
vn 0.6224 -0.5110 -0.5929
vn 0.4287 -0.7824 -0.4517
vn 0.2539 -0.6105 0.7502
vn 0.2492 0.8051 0.5383
vn 0.2002 0.8482 0.4904
vn 0.0881 0.8644 0.4949
vn -0.1196 0.6002 0.7908
vn 0.2467 0.3721 0.8948
vn 0.0148 -0.9641 -0.2651
vn 0.2466 -0.0558 0.9675
vn -0.1626 0.9383 -0.3051
vn 0.2490 0.9281 -0.2770
vn 0.6153 0.7592 0.2122
vn -0.4127 0.7397 0.5316
vn -0.2833 0.5598 -0.7787
vn -0.0772 -0.4524 0.8885
vn -0.5471 0.5673 -0.6155
vn -0.8912 -0.4369 -0.1220
vn 0.9288 -0.1354 0.3451
vn 0.5516 0.8241 -0.1288
vn 0.2980 -0.8434 0.4471
vn 0.1801 -0.1247 0.9757
vn 0.5520 0.8285 -0.0942
vn 0.3433 -0.8812 -0.3250
vn -0.1259 -0.9098 -0.3956
vn -0.1245 0.9584 -0.2569
vn -0.3730 0.4616 0.8049
vn -0.3625 -0.1328 -0.9225
vn 0.3118 -0.0303 -0.9496
vn -0.4176 -0.8604 0.2921
vn 0.3319 -0.7091 -0.6221
vn 0.5231 0.1924 -0.8303
vn 0.1498 -0.9501 -0.2737
vn -0.1678 -0.8674 -0.4685
vn -0.0269 -0.3676 -0.9296
vn -0.3372 0.0565 -0.9397
vn 0.0323 0.4190 -0.9074
vn 0.2455 0.9647 -0.0953
vn 0.6451 0.4528 -0.6155
vn 0.8866 0.4621 -0.0227
vn 0.7837 -0.5815 -0.2183
vn 0.8879 0.0893 -0.4513
vn -0.1395 0.9902 -0.0000
vn 0.1478 -0.8180 0.5559
vn -0.3284 -0.6617 0.6740
vn -0.2554 -0.9668 -0.0023
vn -0.5142 -0.8496 0.1174
vn -0.7512 -0.4554 -0.4779
vn -0.6868 0.1714 -0.7063
vn -0.4558 0.6031 -0.6546
vn -0.1303 0.9243 -0.3586
vn 0.5721 0.0898 0.8153
vn 0.5042 0.8179 0.2772
vn 0.0680 -0.3601 0.9304
vn -0.3497 0.4973 0.7940
vn -0.2226 -0.0438 0.9739
vn -0.9190 0.1936 0.3435
vn 0.0613 0.1369 0.9887
vn -0.6051 0.6913 -0.3949
vn -0.2547 0.9385 0.2332
vn -0.0250 0.9554 0.2942
vn -0.2331 0.8263 0.5127
vn -0.3959 0.0674 0.9158
vn -0.4766 -0.0167 0.8790
vn -0.8489 0.3045 -0.4320
vn -0.3277 0.8928 -0.3092
vn -0.2428 0.9613 -0.1305
vn -0.5194 0.2148 -0.8271
vn -0.1311 -0.1058 -0.9857
vn 0.1329 0.7340 -0.6660
vn 0.1277 0.8868 -0.4442
vn -0.3027 0.8861 -0.3511
vn 0.0461 0.9336 -0.3554
vn 0.1719 -0.6565 0.7345
vn 0.1182 -0.8971 0.4256
vn 0.0361 -0.9844 0.1722
vn -0.0195 -0.9843 0.1754
vn -0.0381 -0.1535 0.9874
vn 0.1544 -0.5182 0.8412
vn -0.4824 -0.0708 0.8731
vn -0.8125 0.1254 -0.5694
vn -0.4140 -0.9006 -0.1326
vn -0.4402 -0.8683 -0.2286
vn 0.6637 0.6993 0.2654
vn 0.8340 -0.1900 -0.5180
vn 0.8019 -0.2780 -0.5289
vn -0.9923 0.1240 -0.0000
vn 0.2949 0.9308 0.2159
vn 0.1588 0.8852 -0.4374
vn 0.3576 0.8914 0.2785
vn 0.6726 -0.4141 -0.6133
vn 0.3172 0.8674 0.3834
vn 0.0169 0.9998 -0.0142
vn 0.0645 0.9895 0.1290
vn 0.2214 -0.7681 -0.6008
vn 0.1536 -0.7360 -0.6593
vn 0.0200 0.9760 0.2168
vn 0.2795 0.3340 -0.9002
vn -0.9532 -0.2875 -0.0930
vn 0.7439 -0.2715 0.6106
vn 0.3497 -0.8076 0.4749
vn 0.1994 -0.7667 0.6103
vn 0.0809 -0.3617 -0.9288
vn 0.9671 0.2390 0.0871
vn 0.3014 -0.7995 0.5195
vn -0.6778 -0.7330 -0.0568
vn -0.3621 -0.5882 -0.7231
vn -0.9289 0.0377 0.3684
vn 0.3164 -0.7817 -0.5375
vn -0.2360 0.3149 -0.9193
vn 0.1140 0.9330 0.3414
vn -0.2741 0.3245 0.9053
vn 0.6495 -0.3938 -0.6504
vn -0.3204 0.8774 -0.3571
vn -0.8993 0.0424 -0.4353
vn -0.5257 0.8340 0.1674
vn 0.1153 0.7143 0.6903
vn 0.3209 -0.0046 0.9471
vn 0.1080 0.9327 0.3441
vn -0.3784 0.6740 0.6345
vn -0.8329 0.4964 0.2446
vn -0.6307 0.1056 0.7688
vn -0.6158 -0.4041 0.6764
vn -0.3571 -0.3556 0.8637
vn 0.7830 0.6055 0.1422
vn 0.8797 -0.2296 0.4164
vn -0.0000 0.1644 0.9864
vn 0.4799 -0.6406 0.5995
vn 0.4551 -0.3982 0.7964
vn 0.3253 -0.9081 0.2637
vn 0.2945 0.9537 -0.0609
vn -0.3485 0.8724 -0.3427
vn -0.8200 0.4799 -0.3120
vn -0.9646 0.2471 -0.0926
vn -0.9377 -0.1667 -0.3050
vn -0.9769 -0.1966 0.0832
vn -0.8432 -0.5306 -0.0868
vn -0.5569 -0.8037 0.2095
vn 0.1006 -0.9520 0.2892
vn 0.7726 -0.5321 -0.3465
vn 0.9708 0.0088 -0.2397
vn 0.5083 0.1463 -0.8486
vn -0.5275 -0.7786 -0.3399
vn -0.1781 -0.7719 -0.6103
vn -0.1545 -0.3129 -0.9371
vn 0.1918 -0.5173 -0.8340
vn 0.2293 -0.2571 -0.9388
vn 0.4002 0.5277 -0.7493
vn -0.0190 0.1946 -0.9807
vn -0.2436 0.4796 -0.8430
vn -0.4879 0.2175 -0.8454
vn -0.6362 -0.2559 -0.7279
vn 0.0985 -0.0940 -0.9907
vn 0.7943 0.3519 -0.4952
vn 0.6857 0.5506 -0.4760
vn 0.6848 0.5511 -0.4769
vn 0.0859 0.4347 -0.8965
vn -0.1033 -0.0120 -0.9946
vn -0.7993 -0.3625 -0.4792
vn -0.9932 0.0378 -0.1099
vn -0.8690 -0.4146 0.2701
vn -0.7386 -0.5696 -0.3607
vn 0.6683 0.3580 0.6521
vn 0.5213 -0.6407 0.5638
vn 0.6860 -0.5821 0.4365
vn 0.8574 -0.4364 0.2727
vn 0.5289 0.4538 0.7171
vn -0.0184 -0.5004 0.8656
vn 0.1992 -0.6043 0.7714
vn -0.0000 0.0830 0.9965
vn -0.1307 -0.9913 0.0139
vn -0.7456 -0.4748 0.4676
vn -0.4441 -0.3060 0.8421
vn -0.2488 -0.9640 -0.0938
vn -0.2831 -0.0537 -0.9576
vn -0.0102 -0.5442 -0.8389
vn 0.3859 -0.4688 -0.7946
vn -0.2749 -0.0130 -0.9614
vn 0.6774 0.6497 -0.3450
vn 0.8874 -0.4289 0.1689
vn -0.3225 -0.8974 -0.3011
vn -0.8926 0.4453 -0.0711
vn -0.6851 0.4950 0.5345
vn -0.6627 0.4482 -0.5999
vn -0.0202 0.7612 0.6482
vn 0.2213 0.9752 -0.0076
vn 0.5824 0.7607 -0.2867
vn -0.7118 0.4847 -0.5083
vn 0.7846 0.2119 -0.5826
vn 0.7544 -0.6399 0.1465
vn -0.7131 0.6365 -0.2939
vn 0.1912 0.1393 0.9716
vn 0.9293 0.0091 -0.3691
vn -0.4189 -0.2153 0.8821
vn -0.7108 -0.2260 -0.6661
vn 0.6884 -0.1423 -0.7113
vn -0.5146 0.8041 0.2977
vn 0.4739 0.8555 -0.2084
vn -0.2333 -0.0975 -0.9675
vn 0.1048 0.5545 -0.8256
vn 0.8039 0.5812 -0.1265
vn -0.8136 -0.2453 0.5271
vn 0.1270 -0.7887 0.6016
vn 0.2380 -0.6312 -0.7382
vn 0.5249 -0.3402 0.7803
vn -0.7043 -0.1287 -0.6982
vn -0.3930 -0.1287 -0.9105
vn -0.3183 0.7841 -0.5328
vn 0.0374 0.2261 -0.9734
vn 0.3237 -0.2536 -0.9115
vn -0.1596 -0.2603 -0.9523
vn -0.4745 -0.5128 -0.7154
vn -0.9649 0.2416 -0.1034
vn -0.7973 -0.5206 -0.3055
vn -0.6721 0.4967 0.5492
vn -0.4464 0.8948 0.0106
vn 0.2824 0.9589 0.0270
vn 0.3492 0.8073 -0.4757
vn 0.6136 0.2621 -0.7449
vn 0.6753 -0.0222 -0.7372
vn 0.5106 -0.1074 -0.8531
vn 0.6447 -0.4335 -0.6296
vn -0.6667 -0.6835 0.2972
vn -0.2307 -0.9713 0.0581
vn 0.7760 -0.2376 -0.5843
vn 0.9276 -0.3732 0.0135
vn 0.5086 -0.8544 -0.1065
vn 0.3884 -0.8486 0.3591
vn -0.3347 -0.4696 0.8170
vn -0.7030 -0.1034 0.7037
vn -0.1161 0.0271 0.9929
vn 0.1823 0.6623 0.7267
vn 0.7910 0.5770 0.2035
vn 0.6009 0.7847 -0.1522
vn 0.8254 0.4265 -0.3698
vn 0.9538 0.2620 -0.1472
vn 0.8756 0.0887 -0.4748
vn 0.6969 -0.3483 0.6270
vn 0.2950 -0.5035 0.8121
vn 0.7988 0.3515 0.4881
vn 0.4756 -0.0783 0.8762
vn 0.7113 0.0566 0.7006
vn 0.7250 0.5396 -0.4281
vn 0.6640 0.5006 -0.5554
vn 0.5425 0.0767 -0.8365
vn 0.9153 0.2803 -0.2894
vn 0.7723 -0.1095 -0.6258
vn 0.5344 0.6379 0.5546
vn 0.9426 0.0085 0.3339
vn 0.8314 -0.0364 0.5545
vn 0.7097 0.0859 0.6993
vn 0.9585 0.0054 0.2849
vn 0.6971 -0.6694 -0.2569
vn 0.2706 -0.9611 0.0552
vn 0.4600 -0.6353 0.6203
vn -0.8408 -0.3325 -0.4273
vn -0.4982 0.0717 -0.8641
vn -0.3704 0.3914 -0.8424
vn -0.6549 0.7070 0.2669
vn -0.2243 0.9529 -0.2039
vn 0.1767 -0.2391 0.9548
vn -0.4321 0.3306 0.8391
vn 0.4760 0.7079 0.5217
vn 0.7279 -0.5266 -0.4391
vn 0.9719 0.2224 0.0776
vn 0.1275 -0.3513 0.9275
vn -0.6745 -0.4809 0.5602
vn -0.6225 0.2735 0.7333
vn -0.2901 -0.2889 -0.9124
vn -0.6513 -0.7536 -0.0889
vn 0.5063 0.8133 0.2868
vn 0.4921 0.0529 -0.8689
vn 0.3925 0.0383 -0.9189
vn 0.1326 -0.1795 -0.9748
vn 0.5293 -0.3192 -0.7861
vn -0.2090 0.9568 -0.2021
vn 0.4251 0.8997 0.0991
vn -0.6030 -0.7962 0.0497
vn 0.6196 -0.5863 -0.5219
vn -0.8841 -0.3650 0.2917
vn 0.2461 -0.7350 0.6318
vn 0.9573 -0.1543 0.2446
vn 0.3827 0.8545 -0.3512
vn -0.1684 0.2332 0.9578
vn 0.9220 0.3867 -0.0215
vn 0.1504 0.0938 -0.9842
vn 0.2735 0.6119 0.7421
vn -0.7648 -0.3472 -0.5427
vn 0.6862 0.1464 0.7125
vn -0.2660 -0.5193 0.8121
vn -0.2986 0.8521 -0.4298
vn -0.8866 0.4518 0.0990
vn 0.0682 0.9515 -0.2999
vn 0.5201 0.5226 -0.6756
vn 0.2591 0.9376 0.2321
vn 0.6200 0.7658 -0.1707
vn 0.5544 -0.0848 -0.8279
vn 0.4300 0.3427 -0.8353
vn -0.3785 0.6228 -0.6847
vn -0.5666 -0.0443 -0.8228
vn -0.9084 0.4008 -0.1192
vn -0.7260 0.6739 -0.1370
vn -0.2018 0.8005 0.5644
vn 0.0166 -0.0286 0.9995
vn -0.0208 0.2688 0.9630
vn 0.4575 0.3883 0.7999
vn 0.8138 0.4257 0.3957
vn -0.4398 0.3052 0.8447
vn 0.8220 -0.0195 0.5692
vn 0.9832 0.1214 -0.1366
vn 0.4355 -0.6029 -0.6684
vn 0.7954 -0.2005 -0.5720
vn 0.7292 -0.6612 -0.1764
vn 0.0466 -0.7798 -0.6242
vn -0.2963 -0.8477 -0.4400
vn -0.8876 -0.4513 -0.0916
vn -0.9836 0.1098 0.1430
vn -0.8322 -0.4190 0.3632
vn -0.3845 -0.8837 0.2667
vn -0.1126 -0.5714 0.8129
vn 0.4767 -0.1985 0.8564
vn 0.6328 -0.6043 0.4841
vn 0.2237 -0.9699 0.0959
vn -0.0004 -0.9901 -0.1406
vn 0.5194 -0.3843 -0.7632
vn 0.8152 -0.1836 -0.5494
vn 0.5004 -0.8554 0.1336
vn -0.0432 -0.9976 0.0545
vn 0.3548 -0.3626 -0.8618
vn 0.1042 -0.4919 -0.8644
vn -0.2644 -0.9550 0.1343
vn -0.3413 -0.9312 -0.1278
vn -0.9644 0.2644 -0.0073
vn -0.9644 -0.0229 0.2633
vn -0.4950 -0.7741 0.3947
vn 0.3106 -0.1617 0.9367
vn 0.6364 -0.2302 0.7362
vn 0.9198 0.1934 0.3414
vn 0.8557 0.0363 -0.5162
vn -0.1131 0.9830 0.1447
vn 0.2723 0.6074 -0.7463
vn 0.3420 0.9064 0.2479
vn 0.7403 0.3725 -0.5596
vn -0.8995 0.0039 0.4369
vn 0.2247 -0.0315 0.9739
vn -0.1389 0.4029 0.9046
vn 0.5396 0.7264 0.4257
vn 0.8095 0.1076 -0.5771
vn 0.6342 0.1108 -0.7652
vn 0.2048 0.5206 -0.8289
vn -0.0421 0.6154 -0.7871
vn -0.7854 0.5015 -0.3628
vn -0.1525 -0.4757 -0.8663
vn -0.2112 0.9681 0.1349
vn 0.2589 -0.0466 0.9648
vn -0.8312 0.5120 -0.2167
vn 0.1131 0.5856 -0.8027
vn 0.6689 -0.7387 0.0828
vn 0.2335 -0.9051 -0.3553
vn -0.4542 -0.3147 0.8335
vn 0.7624 -0.5377 -0.3599
vn 0.8538 0.5145 0.0796
vn 0.4387 -0.4898 -0.7534
vn 0.4071 -0.4487 0.7956
vn -0.6578 -0.2192 -0.7206
vn 0.3968 0.5209 -0.7558
vn -0.6041 -0.7893 -0.1102
vn 0.3479 0.6754 -0.6502
vn -0.1544 0.4545 0.8772
vn 0.9712 0.1379 -0.1945
vn -0.1618 0.7938 -0.5863
vn 0.8920 -0.1906 0.4099
vn -0.9975 -0.0690 -0.0181
vn 0.2643 0.8254 0.4989
vn -0.3474 0.7549 0.5563
vn -0.6542 0.1139 0.7477
vn -0.5460 0.1862 0.8168
vn -0.3404 0.4771 0.8103
vn 0.1244 0.5218 0.8439
vn 0.0719 0.9198 0.3858
vn -0.4478 0.8839 -0.1348
vn -0.8129 0.5725 0.1072
vn -0.9810 -0.0030 0.1937
vn 0.0639 -0.6773 0.7329
vn -0.5848 -0.7035 0.4039
vn 0.3448 -0.2082 0.9153
vn 0.2259 -0.0470 0.9730
vn -0.2870 -0.1947 0.9379
vn -0.8910 -0.3719 -0.2603
vn 0.4950 0.7768 0.3893
vn 0.5983 0.7430 -0.2999
vn 0.2592 0.7558 -0.6014
vn -0.4412 0.5111 -0.7376
vn -0.8539 -0.0258 -0.5198
vn -0.6305 -0.5144 -0.5812
vn -0.1706 -0.9533 -0.2492
vn 0.5055 -0.8606 0.0619
vn 0.4233 -0.7103 0.5624
vn 0.8492 -0.4588 0.2614
vn 0.6606 -0.2120 0.7201
vn 0.8642 0.2194 0.4527
vn 0.9995 -0.0063 -0.0300
vn 0.8488 0.4868 -0.2061
vn 0.3115 0.3164 -0.8961
vn -0.2508 -0.2650 -0.9311
vn 0.0191 -0.7227 -0.6909
vn 0.7214 -0.4587 -0.5187
vn 0.5373 -0.7551 -0.3758
vn 0.7867 -0.5920 -0.1750
vn 0.9219 -0.2756 -0.2724
vn 0.8988 0.1615 -0.4074
vn 0.6643 -0.7259 -0.1784
vn 0.2429 -0.9063 0.3458
vn 0.2109 -0.8467 0.4886
vn 0.6517 -0.4645 0.5997
vn 0.8870 -0.4312 -0.1653
vn 0.9164 -0.3873 -0.1010
vn -0.4060 -0.5617 -0.7208
vn -0.4680 -0.5740 -0.6719
vn 0.3802 -0.7421 -0.5521
vn -0.5216 0.0067 0.8532
vn -0.7807 0.2389 0.5774
vn -0.9088 0.2231 0.3526
vn -0.9652 -0.2616 -0.0077
vn 0.0270 -0.5263 0.8499
vn 0.0937 -0.7877 0.6089
vn -0.0681 -0.3479 0.9350
vn -0.5514 0.3726 0.7464
vn 0.9199 -0.0847 -0.3828
vn 0.5746 0.1229 0.8091
vn 0.4578 0.2331 0.8580
vn 0.3470 0.4569 0.8190
vn 0.4790 0.8489 -0.2233
vn 0.9560 0.2920 0.0287
vn 0.6045 0.1068 0.7894
vn 0.7117 0.5990 -0.3670
vn 0.6978 0.6154 -0.3665
vn 0.7288 0.5632 -0.3895
vn -0.2357 -0.2357 0.9428
vn -0.0493 0.0846 -0.9952
vn -0.1091 0.2875 -0.9515
vn -0.6877 0.6314 -0.3584
vn -0.7442 -0.4520 -0.4918
vn 0.4351 0.8723 -0.2232
vn -0.0807 0.5559 0.8273
vn 0.1978 0.9667 -0.1625
vn -0.6131 0.7817 -0.1144
vn 0.3789 -0.8777 0.2936
vn 0.7690 -0.5678 -0.2937
vn -0.4380 -0.5502 0.7109
vn -0.0728 0.9453 -0.3179
vn -0.3193 0.9093 0.2670
vn 0.5229 -0.0019 0.8524
vn -0.2358 -0.1380 -0.9619
vn 0.7502 0.2586 0.6086
vn -0.9338 0.3317 0.1343
vn -0.3796 0.8560 -0.3510
vn 0.1854 0.8631 0.4698
vn 0.6901 -0.0573 -0.7215
vn 0.1094 -0.2263 -0.9679
vn 0.5177 0.8525 -0.0722
vn -0.9339 -0.0304 -0.3562
vn 0.6702 -0.6422 0.3721
vn -0.7408 -0.5055 0.4424
vn -0.9590 -0.0417 0.2804
vn -0.0740 -0.9900 0.1205
vn 0.2781 0.3392 -0.8987
vn 0.4346 -0.2250 -0.8721
vn -0.1371 -0.1660 -0.9766
vn 0.8046 -0.1318 -0.5790
vn 0.6239 -0.6536 -0.4285
vn 0.5707 -0.8142 0.1064
vn 0.3166 -0.9387 0.1363
vn 0.1445 -0.8994 0.4126
vn -0.1123 -0.9764 -0.1845
vn -0.8022 -0.5134 -0.3047
vn -0.4666 -0.0437 -0.8834
vn -0.5410 0.3190 -0.7782
vn -0.0310 0.9592 -0.2810
vn 0.5161 0.8028 -0.2987
vn 0.5812 0.8131 -0.0317
vn 0.8908 0.3020 -0.3394
vn 0.9566 -0.0426 0.2881
vn 0.8984 -0.4355 0.0572
vn 0.4006 -0.7924 0.4600
vn 0.2075 -0.4499 0.8686
vn -0.2133 -0.7780 0.5909
vn -0.7004 -0.4664 0.5402
vn -0.7293 -0.5934 0.3406
vn -0.9046 0.1707 0.3906
vn -0.8641 0.4005 -0.3047
vn -0.9792 -0.1098 0.1703
vn -0.8395 -0.3168 0.4414
vn -0.6460 0.7106 0.2787
vn -0.3920 0.8796 -0.2694
vn -0.1426 0.8679 0.4758
vn 0.2390 0.9687 0.0671
vn 0.3196 0.7218 0.6140
vn 0.6434 0.2640 0.7186
vn 0.6134 -0.1753 0.7701
vn 0.1304 0.0094 0.9914
vn -0.5763 0.2601 0.7747
vn 0.6636 -0.7157 0.2179
vn 0.4603 -0.8877 -0.0085
vn 0.1587 -0.9482 0.2751
vn 0.1353 -0.7744 0.6181
vn 0.1187 -0.7952 0.5946
vn 0.9264 -0.0017 -0.3764
vn 0.6265 -0.2509 -0.7379
vn 0.9898 -0.0900 -0.1107
vn 0.2262 -0.3004 0.9266
vn -0.5790 -0.6439 0.5001
vn 0.0218 0.3101 0.9504
vn -0.2908 0.4298 0.8548
vn -0.1871 0.4280 0.8842
vn -0.7736 0.0861 0.6278
vn -0.8054 -0.2096 0.5544
vn -0.0751 0.9949 -0.0676
vn 0.0142 0.8775 -0.4794
vn 0.2223 0.9176 -0.3296
vn 0.2264 0.9191 -0.3224
vn -0.0580 0.9967 -0.0565
vn 0.0970 0.9932 -0.0648
vn -0.6574 0.6162 -0.4336
vn 0.2526 0.5016 0.8274
vn 0.8839 -0.0168 0.4673
vn 0.2186 -0.1865 -0.9578
vn -0.4205 -0.1326 -0.8976
vn -0.5801 0.2398 -0.7784
vn 0.3661 0.9105 0.1921
vn 0.7348 0.6297 -0.2521
vn -0.9651 0.2539 0.0644
vn -0.6897 0.4677 -0.5528
vn -0.4825 -0.3083 -0.8198
vn -0.8262 -0.5285 0.1949
vn -0.8512 -0.4604 0.2522
vn -0.9411 0.1545 0.3006
vn 0.5533 0.5682 0.6091
vn -0.7294 0.6666 -0.1540
vn -0.4509 -0.8795 0.1522
vn -0.4475 -0.6270 0.6377
vn 0.1414 0.0271 0.9896
vn 0.9120 -0.3988 0.0958
vn 0.7827 0.0516 -0.6202
vn 0.2613 0.7452 -0.6135
vn -0.2819 0.9480 -0.1478
vn 0.4769 0.8497 -0.2247
vn -0.4026 -0.0476 -0.9141
vn -0.4618 0.2195 0.8594
vn -0.8492 -0.4937 -0.1874
vn 0.4378 -0.8968 0.0641
vn 0.0244 0.9980 0.0584
vn 0.9691 0.0452 0.2427
vn 0.9067 -0.3306 -0.2621
vn 0.7524 -0.6374 0.1661
vn 0.5132 -0.7198 -0.4674
vn 0.3588 -0.5155 0.7782
vn -0.1166 -0.7135 0.6909
vn -0.5027 -0.6808 0.5327
vn -0.1617 -0.9864 -0.0292
vn 0.1161 -0.8042 -0.5830
vn 0.3366 -0.2211 -0.9153
vn 0.9338 0.2920 -0.2068
vn 0.6859 0.6075 -0.4007
vn 0.9328 -0.1992 0.3005
vn -0.1079 0.4281 -0.8973
vn 0.3497 0.5329 -0.7705
vn 0.3915 0.8077 -0.4409
vn 0.6096 -0.0569 0.7907
vn -0.1456 0.7072 0.6919
vn -0.1154 0.1395 0.9835
vn -0.5929 -0.3049 0.7453
vn 0.7842 0.4088 0.4669
vn 0.4117 0.3372 0.8466
vn 0.3382 0.7710 0.5397
vn -0.6784 -0.7302 0.0810
vn -0.5882 -0.3790 -0.7144
vn -0.6189 0.2807 -0.7336
vn -0.4222 0.6761 -0.6038
vn 0.5862 0.7985 0.1369
vn 0.4155 0.9087 -0.0398
vn 0.1449 0.9597 -0.2406
vn -0.4377 0.8815 -0.1771
vn -0.2117 0.9319 -0.2944
vn -0.2032 0.9772 0.0620
vn -0.5443 0.6153 0.5701
vn -0.8263 0.1993 0.5267
vn -0.9742 -0.0103 0.2255
vn -0.9220 0.3868 -0.0187
vn -0.6577 0.7296 0.1877
vn -0.8442 0.4853 0.2278
vn -0.7820 0.3899 0.4863
vn -0.8260 -0.1361 0.5469
vn -0.9071 0.1919 -0.3745
vn 0.7646 0.6445 0.0041
vn 0.5833 0.0519 0.8106
vn 0.1750 0.6022 0.7789
vn 0.4750 0.8565 0.2019
vn -0.7372 0.1250 -0.6640
vn -0.4406 0.4521 -0.7755
vn -0.3701 0.8460 -0.3838
vn -0.4971 0.8561 0.1411
vn -0.7760 -0.4190 0.4714
vn -0.1739 -0.8372 0.5184
vn -0.1062 -0.8505 -0.5151
vn -0.2097 -0.8269 -0.5218
vn -0.2878 -0.3557 0.8892
vn -0.0593 -0.5704 0.8192
vn -0.7750 -0.2446 0.5827
vn 0.6396 -0.3933 0.6605
vn 0.6351 -0.4119 0.6534
vn 0.0935 0.6027 0.7925
vn 0.9792 0.0763 -0.1879
vn 0.6743 -0.6791 -0.2900
vn 0.8394 0.4990 -0.2156
vn 0.4386 0.6816 -0.5857
vn 0.3218 -0.7180 -0.6171
vn 0.2383 0.3501 -0.9059
vn 0.3290 0.9022 -0.2789
vn -0.0448 0.9802 -0.1930
vn -0.3505 0.8773 0.3279
vn -0.3111 0.7483 0.5859
vn -0.1151 0.9293 -0.3510
vn 0.8371 0.2816 -0.4690
vn -0.7939 -0.5761 0.1945
vn -0.8531 -0.4773 -0.2108
vn 0.2701 -0.9628 -0.0037
vn -0.9551 0.0886 -0.2827
vn -0.6271 -0.7157 -0.3076
vn -0.7733 0.2610 0.5778
vn 0.8566 0.0673 0.5115
vn -0.5309 0.1587 -0.8324
vn -0.2499 0.1036 0.9627
vn -0.3765 -0.4437 0.8132
vn -0.5097 0.8390 -0.1903
vn -0.0536 0.2897 -0.9556
vn -0.5631 -0.3294 -0.7579
vn -0.1399 0.8018 -0.5810
vn -0.0495 -0.4450 -0.8942
vn -0.3492 0.6031 0.7171
vn -0.1341 0.8129 0.5668
vn -0.1483 0.4274 0.8918
vn -0.5269 0.6264 0.5745
vn -0.5442 0.1191 0.8305
vn -0.7779 -0.2269 0.5860
vn -0.1068 -0.3469 0.9318
vn 0.5175 -0.0688 0.8529
vn 0.8187 0.2875 0.4972
vn 0.9755 0.0183 -0.2191
vn 0.7497 0.5637 -0.3467
vn -0.7516 0.6412 -0.1548
vn -0.6722 0.7364 -0.0772
vn -0.9520 0.3053 -0.0206
vn -0.9181 -0.2716 -0.2887
vn -0.8736 -0.4705 0.1244
vn -0.6809 -0.5974 0.4236
vn -0.6087 -0.7876 0.0956
vn 0.0654 -0.9922 0.1057
vn 0.1141 -0.8007 0.5881
vn 0.7988 -0.5570 0.2272
vn -0.0211 0.4354 -0.9000
vn 0.4830 0.0250 -0.8753
vn 0.2533 -0.2660 -0.9301
vn -0.4806 0.1032 -0.8708
vn -0.5237 0.3573 -0.7734
vn -0.7761 0.1442 -0.6139
vn -0.7007 -0.5948 -0.3940
vn 0.4421 -0.7211 -0.5335
vn -0.2339 -0.7617 -0.6042
vn -0.3599 -0.3886 -0.8482
vn -0.5250 0.8466 0.0878
vn 0.3685 0.3976 0.8403
vn 0.6000 0.2024 0.7740
vn 0.9375 0.3390 0.0785
vn 0.4415 0.6373 -0.6316
vn -0.5398 0.8417 0.0129
vn 0.8258 -0.3076 -0.4727
vn 0.6896 -0.3318 -0.6437
vn 0.4124 0.4741 -0.7779
vn 0.5874 -0.3063 -0.7491
vn 0.4776 -0.2169 -0.8514
vn -0.7212 -0.6921 -0.0315
vn -0.9390 -0.2292 0.2562
vn -0.8760 -0.2620 0.4050
vn -0.2872 -0.8893 0.3559
vn -0.6781 -0.3334 -0.6550
vn -0.9765 -0.1537 0.1510
vn -0.5949 -0.4341 -0.6764
vn 0.1833 -0.9456 -0.2687
vn -0.0401 -0.9139 0.4039
vn 0.3414 -0.5031 0.7940
vn 0.5560 -0.5239 -0.6452
vn -0.7550 0.5599 -0.3413
vn -0.7700 0.6194 -0.1530
vn -0.6495 -0.2321 -0.7241
vn -0.5085 -0.4492 -0.7346
vn -0.4493 0.3877 0.8049
vn -0.5945 -0.1593 0.7882
vn 0.3334 -0.4270 0.8406
vn -0.4764 -0.1306 -0.8695
vn -0.4629 0.3024 -0.8332
vn -0.7371 0.5557 -0.3845
vn -0.1975 -0.3129 -0.9290
vn 0.6426 -0.7315 0.2280
vn -0.8036 -0.5747 0.1551
vn 0.6272 -0.0879 -0.7739
vn 0.1898 -0.9392 -0.2863
vn 0.8909 0.2256 -0.3941
vn -0.2103 -0.2926 -0.9328
vn 0.5650 -0.7736 -0.2869
vn 0.7034 0.7085 0.0571
vn -0.1280 0.9268 -0.3530
vn -0.6763 0.3518 0.6472
vn -0.4906 -0.5556 -0.6713
vn -0.9442 0.3157 0.0937
vn -0.4349 0.7235 0.5361
vn 0.1370 -0.5918 0.7943
vn 0.8008 0.2022 0.5638
vn -0.9240 0.1649 -0.3450
vn -0.1351 0.1165 0.9840
vn -0.2948 -0.1463 0.9443
vn -0.8237 -0.1978 0.5315
vn -0.5661 -0.6218 0.5411
vn -0.6284 -0.7771 -0.0363
vn -0.0564 -0.9181 0.3923
vn 0.3999 -0.9093 0.1147
vn 0.6504 -0.6250 0.4316
vn 0.5479 -0.0839 0.8323
vn 0.3059 0.4272 0.8509
vn -0.4137 0.3595 0.8364
vn -0.6747 0.7213 0.1566
vn -0.8756 0.2879 0.3880
vn -0.9956 0.0458 0.0813
vn -0.3466 -0.7029 -0.6211
vn -0.7474 -0.4977 -0.4402
vn -0.9200 0.2483 -0.3032
vn -0.9448 -0.1395 -0.2966
vn 0.1354 -0.8589 -0.4939
vn 0.7430 -0.6609 0.1057
vn 0.8116 0.3861 -0.4384
vn 0.7877 0.5023 0.3567
vn 0.9987 0.0513 -0.0024
vn 0.1543 0.9323 0.3272
vn 0.9463 -0.1357 -0.2934
vn 0.0757 0.9567 -0.2811
vn -0.2685 0.9571 -0.1091
vn -0.5616 0.6646 -0.4929
vn -0.7306 0.5632 -0.3861
vn -0.7661 0.2070 -0.6084
vn -0.4660 -0.3197 -0.8250
vn 0.2410 0.0616 -0.9686
vn 0.5770 -0.3550 -0.7356
vn 0.7003 0.0385 -0.7128
vn 0.1460 0.1641 -0.9756
vn 0.3606 -0.9241 -0.1265
vn 0.4153 -0.8401 0.3491
vn 0.8112 -0.3518 0.4671
vn 0.9140 -0.2875 0.2864
vn -0.9623 0.0742 0.2619
vn -0.5790 -0.4170 0.7006
vn -0.5150 -0.7846 0.3451
vn -0.9947 0.0158 -0.1020
vn -0.6422 -0.6464 -0.4120
vn -0.8486 -0.2708 -0.4545
vn 0.2565 0.1234 -0.9586
vn 0.1400 -0.2894 -0.9469
vn 0.0882 -0.5347 -0.8404
vn 0.8562 -0.1353 -0.4986
vn 0.4711 0.2103 -0.8566
vn -0.0721 -0.6804 -0.7293
vn 0.6765 0.4285 -0.5990
vn 0.5880 0.4132 -0.6954
vn 0.9693 0.2435 -0.0328
vn 0.9919 -0.1243 0.0266
vn -0.7377 0.2726 -0.6176
vn -0.8484 -0.2618 -0.4601
vn -0.5267 0.3420 -0.7782
vn 0.4077 0.6347 0.6565
vn -0.1395 0.9863 -0.0876
vn 0.4752 0.6486 -0.5946
vn -0.5084 0.8487 -0.1456
vn -0.5443 0.8275 -0.1376
vn -0.7724 0.4381 -0.4598
vn -0.0698 0.1869 0.9799
vn -0.5117 -0.3488 0.7851
vn -0.7283 0.4818 0.4872
vn 0.1761 0.1807 0.9676
vn 0.0921 0.1678 0.9815
vn -0.9143 -0.4051 0.0027
vn -0.2902 0.1737 -0.9411
vn -0.4550 -0.8683 -0.1978
vn 0.9050 -0.4254 0.0075
vn -0.7264 0.4274 -0.5382
vn 0.6687 0.0710 -0.7402
vn 0.1220 0.1454 0.9818
vn -0.4706 -0.6563 0.5897
vn 0.2085 0.0216 -0.9778
vn -0.9324 0.3227 0.1627
vn -0.7357 0.2689 0.6217
vn -0.2279 0.6588 0.7170
vn 0.5638 -0.3376 0.7538
vn -0.5243 -0.2514 -0.8135
vn -0.2799 0.9600 0.0119
vn -0.2555 0.7090 -0.6573
vn 0.8781 0.4501 0.1625
vn 0.3046 -0.5704 -0.7628
vn -0.0000 0.1940 0.9810
vn -0.1005 0.1866 -0.9773
vn -0.2617 0.3841 -0.8854
vn 0.1188 0.4628 -0.8784
vn 0.9984 0.0309 -0.0470
vn 0.8605 -0.0575 -0.5061
vn 0.7271 0.4030 -0.5558
vn 0.4264 0.8081 -0.4063
vn 0.5000 -0.8285 -0.2523
vn -0.1704 -0.9293 -0.3276
vn -0.6911 -0.5652 -0.4504
vn -0.3731 -0.5542 -0.7441
vn -0.4755 -0.0836 -0.8758
vn -0.7669 0.2476 -0.5920
vn -0.5854 0.5264 -0.6166
vn -0.3691 0.8701 -0.3266
vn 0.1117 0.9937 -0.0031
vn 0.2412 0.9664 0.0888
vn -0.1434 0.8670 0.4772
vn -0.1127 0.5926 0.7976
vn 0.4724 0.5005 0.7255
vn 0.5603 -0.3094 0.7683
vn 0.8279 -0.0224 0.5604
vn 0.6820 -0.6015 0.4160
vn 0.3274 -0.6800 0.6560
vn -0.0909 -0.9866 0.1358
vn -0.5923 -0.5831 0.5560
vn -0.6828 -0.7306 -0.0096
vn -0.9706 -0.1481 -0.1898
vn -0.9921 0.1040 0.0702
vn -0.8347 0.4736 -0.2811
vn -0.6042 0.7899 0.1052
vn -0.8291 0.3673 0.4215
vn -0.4961 0.4599 0.7364
vn -0.5901 0.0627 0.8049
vn -0.0168 -0.1533 0.9880
vn -0.8330 0.0704 0.5488
vn -0.6845 -0.0336 0.7283
vn -0.2986 -0.9343 0.1947
vn -0.9093 -0.3582 -0.2117
vn -0.9858 0.0402 -0.1631
vn -0.9273 0.1699 0.3336
vn -0.3623 -0.3943 -0.8446
vn -0.3208 -0.3489 -0.8805
vn 0.0166 0.4199 -0.9074
vn -0.5411 0.2924 -0.7885
vn -0.5253 0.3158 -0.7902
vn 0.1514 0.9101 0.3857
vn 0.0581 0.9811 -0.1845
vn 0.3135 0.9286 -0.1983
vn 0.0843 -0.9931 0.0819
vn 0.0870 -0.9939 0.0678
vn -0.3710 -0.6889 -0.6227
vn 0.9198 -0.0745 0.3853
vn 0.8732 0.1300 -0.4698
vn 0.7917 -0.3112 -0.5257
vn 0.7816 -0.3421 -0.5215
vn 0.2249 -0.9225 0.3138
vn -0.9498 0.1596 -0.2690
vn -0.5992 0.7042 -0.3810
vn -0.6875 0.6748 -0.2684
vn 0.7808 -0.3235 -0.5345
vn 0.3597 0.5434 -0.7585
vn 0.5092 0.6318 -0.5844
vn -0.3087 0.2709 0.9118
vn 0.1142 0.8332 0.5410
vn 0.7015 0.0307 0.7120
vn 0.3413 -0.6066 0.7180
vn -0.3430 0.2616 0.9022
vn -0.4634 0.7913 0.3989
vn -0.6051 0.6169 0.5033
vn 0.1059 0.8592 0.5005
vn -0.4818 0.7979 0.3622
vn 0.6532 0.6730 0.3472
vn -0.4220 -0.3178 0.8491
vn -0.1267 -0.1484 0.9808
vn 0.5316 0.4700 -0.7047
vn -0.2427 0.2723 -0.9311
vn 0.9748 -0.0324 0.2205
vn -0.5625 -0.6902 -0.4553
vn 0.9339 0.3472 -0.0857
vn 0.5966 0.0980 -0.7965
vn 0.0888 -0.7363 0.6708
vn 0.2309 0.9076 -0.3507
vn -0.8586 0.0233 -0.5121
vn -0.4474 0.8036 -0.3926
vn 0.7374 -0.5356 0.4114
vn -0.5713 -0.0067 0.8207
vn 0.1992 -0.2894 -0.9363
vn -0.5915 0.6585 -0.4653
vn -0.2123 0.5879 -0.7806
vn -0.4685 0.0030 -0.8834
vn 0.0901 0.4476 -0.8897
vn 0.5527 0.1788 -0.8140
vn 0.5175 -0.1403 -0.8441
vn -0.2182 -0.1757 -0.9600
vn -0.8607 0.4814 0.1658
vn -0.9291 -0.3684 0.0330
vn -0.4091 0.9110 0.0512
vn -0.0714 -0.6592 -0.7485
vn -0.5934 -0.6403 -0.4877
vn -0.5063 -0.8554 -0.1091
vn 0.2996 0.8449 -0.4432
vn 0.0418 0.9352 -0.3517
vn -0.2321 0.9270 0.2946
vn 0.3027 0.9423 -0.1429
vn 0.8527 0.5214 0.0320
vn 0.8408 0.4321 -0.3261
vn 0.8776 0.0323 -0.4783
vn 0.9992 -0.0041 0.0388
vn 0.9181 -0.2726 0.2877
vn -0.6719 0.3542 0.6505
vn -0.5485 0.0286 0.8357
vn -0.1917 -0.9814 0.0100
vn -0.2064 -0.8364 0.5078
vn 0.2321 -0.4861 0.8425
vn -0.1068 -0.3601 0.9268
vn -0.2415 0.0907 0.9661
vn -0.3817 0.6510 0.6562
vn -0.0876 0.6896 0.7189
vn 0.8606 0.2900 0.4187
vn 0.3557 0.5233 0.7743
vn 0.5350 -0.3245 0.7801
vn 0.6591 -0.6549 0.3697
vn -0.7878 0.2303 0.5713
vn -0.9429 0.1269 0.3080
vn -0.5864 0.8090 -0.0397
vn -0.2338 0.9635 0.1302
vn -0.4730 0.5030 0.7233
vn -0.2219 0.8524 0.4735
vn 0.0048 0.9967 -0.0813
vn 0.7400 0.6606 -0.1266
vn 0.5453 0.8174 -0.1859
vn -0.1223 0.6792 0.7237
vn 0.9206 0.3314 0.2065
vn 0.7483 0.2295 0.6224
vn -0.0043 -0.5210 0.8535
vn -0.2049 -0.1842 0.9613
vn -0.6331 -0.7350 -0.2429
vn -0.3549 -0.9344 0.0300
vn 0.4552 -0.4234 0.7833
vn -0.2575 0.4332 0.8637
vn 0.7303 0.0420 0.6818
vn 0.0768 0.7906 -0.6075
vn 0.0376 0.7192 -0.6938
vn 0.1247 0.1986 -0.9721
vn 0.8521 0.1257 -0.5081
vn -0.4760 0.3738 -0.7960
vn -0.0253 -0.0423 -0.9988
vn -0.4102 -0.3077 -0.8585
vn 0.9121 -0.3802 -0.1534
vn 0.8714 -0.4778 -0.1116
vn 0.6482 -0.7492 -0.1361
vn -0.4316 -0.3765 -0.8198
vn 0.5866 -0.8088 -0.0418
vn 0.9008 -0.2543 -0.3519
vn 0.6990 -0.7144 -0.0319
vn 0.7239 -0.6877 -0.0556
vn 0.9695 -0.0851 0.2300
vn 0.5735 0.5593 -0.5985
vn 0.0358 0.3538 0.9346
vn -0.3208 0.8563 -0.4048
vn 0.9060 0.1058 -0.4098
vn 0.0149 -0.1583 0.9873
vn 0.3441 -0.9327 0.1082
vn 0.3677 -0.3263 0.8708
vn -0.4107 -0.1674 -0.8963
vn 0.2872 0.7369 0.6119
vn -0.4402 0.6982 0.5646
vn 0.8491 0.5160 -0.1131
vn -0.6619 -0.6606 -0.3544
vn -0.9979 -0.0638 0.0082
vn 0.6590 0.0278 -0.7517
vn 0.4250 0.0465 0.9040
vn -0.3136 -0.4271 0.8481
vn 0.3192 -0.7497 0.5797
vn 0.6742 -0.7295 -0.1155
vn 0.7746 -0.2062 0.5979
vn 0.6649 -0.5197 -0.5365
vn 0.7386 0.0392 -0.6730
vn 0.9560 -0.1999 -0.2145
vn 0.9687 0.2457 -0.0349
vn 0.9218 0.0943 0.3760
vn 0.6062 -0.1054 0.7883
vn 0.1740 -0.0953 0.9801
vn 0.1642 -0.3946 0.9040
vn -0.2325 -0.3009 0.9249
vn -0.0633 -0.6412 0.7648
vn -0.4314 -0.5629 -0.7050
vn -0.1423 -0.9381 -0.3159
vn 0.0677 -0.2923 -0.9539
vn -0.6347 -0.7338 0.2423
vn 0.9701 0.2425 -0.0000
vn -0.2660 -0.1824 0.9466
vn 0.5983 0.7182 -0.3553
vn 0.1326 0.7865 -0.6032
vn 0.0551 0.9884 -0.1414
vn 0.6435 0.7261 0.2424
vn 0.6122 0.2922 0.7347
vn 0.3697 0.5090 0.7773
vn 0.2262 0.2469 0.9423
vn -0.1824 0.0148 0.9831
vn -0.2840 0.4727 0.8342
vn -0.8151 0.3446 0.4657
vn -0.9222 -0.1010 0.3732
vn -0.9212 -0.3125 -0.2317
vn -0.7342 -0.0224 -0.6785
vn -0.8289 0.5065 -0.2375
vn -0.2822 0.5009 -0.8182
vn 0.0842 0.8900 0.4482
vn -0.4875 0.8223 0.2936
vn -0.0802 0.8861 0.4564
vn 0.2906 -0.6933 -0.6595
vn 0.7326 -0.3955 0.5540
vn 0.7339 -0.4660 -0.4941
vn 0.9885 0.1059 0.1077
vn 0.7995 0.0775 0.5956
vn 0.7842 0.0367 0.6194
vn 0.0737 0.6316 -0.7718
vn 0.1153 0.5752 -0.8099
vn -0.0000 -0.0000 -1.0000
vn 0.9099 0.3757 -0.1761
vn 0.1746 0.8789 -0.4438
vn 0.1987 0.6879 0.6980
vn 0.4469 0.4047 0.7978
vn -0.0159 0.0659 0.9977
vn -0.4151 -0.0599 0.9078
vn -0.6400 0.0526 0.7665
vn 0.1073 0.7273 0.6779
vn 0.1581 0.9253 -0.3447
vn -0.7358 0.5968 0.3200
vn -0.6504 0.2502 -0.7172
vn -0.0614 0.9940 0.0905
vn -0.2236 0.9439 0.2431
vn 0.3531 -0.2506 0.9014
vn -0.0340 -0.5165 0.8556
vn -0.1287 -0.8791 0.4590
vn -0.2287 -0.9386 0.2584
vn 0.0173 -0.6934 -0.7204
vn -0.0420 -0.7191 -0.6936
vn -0.7572 -0.2932 -0.5837
vn 0.7462 0.1751 0.6423
vn -0.8232 0.0909 0.5605
vn -0.9460 -0.2846 0.1553
vn 0.8747 0.4162 0.2484
vn 0.9528 0.1613 0.2570
vn 0.6575 -0.7210 -0.2186
vn 0.0362 -0.8824 0.4691
vn -0.0320 -0.3263 -0.9447
vn -0.4384 -0.8953 0.0791
vn -0.6902 0.6946 0.2026
vn 0.8453 0.3603 -0.3945
vn 0.1159 0.2565 0.9596
vn 0.4526 -0.0537 -0.8901
vn 0.0801 -0.3608 0.9292
vn -0.0657 0.8151 0.5756
vn 0.6095 -0.6157 0.4994
vn 0.5107 0.6282 -0.5869
vn -0.5617 0.2630 0.7844
vn -0.8455 -0.4983 0.1920
vn -0.3616 -0.9063 0.2188
vn 0.2999 -0.9520 -0.0606
vn 0.6683 -0.6904 0.2770
vn 0.3655 -0.7483 0.5536
vn 0.5413 -0.4732 0.6950
vn 0.4400 -0.2963 0.8477
vn -0.2319 -0.5135 0.8262
vn -0.9378 0.1068 -0.3303
vn -0.7701 0.1904 0.6089
vn 0.2473 0.0492 0.9677
vn -0.3691 -0.0115 0.9293
vn 0.2671 0.4275 0.8636
vn -0.4355 0.5838 0.6852
vn -0.4830 0.8719 0.0800
vn -0.0460 -0.1502 -0.9876
vn 0.2525 -0.6205 -0.7425
vn -0.2038 -0.5310 -0.8225
vn 0.9466 -0.3186 -0.0490
vn 0.6749 -0.3645 -0.6417
vn 0.7918 -0.4183 0.4450
vn 0.8322 0.1356 0.5376
vn 0.2373 0.9556 0.1747
vn -0.3624 0.7939 -0.4883
vn 0.1954 0.6027 -0.7737
vn 0.7361 0.3842 0.5573
vn 0.8159 0.5582 0.1507
vn 0.7915 0.5261 -0.3111
vn 0.8471 0.3184 -0.4255
vn 0.9423 0.2732 -0.1933
vn 0.9275 0.3626 0.0906
vn 0.6391 0.4061 0.6531
vn 0.6323 0.4334 0.6421
vn 0.6744 0.6027 0.4264
vn 0.8771 0.4609 -0.1349
vn 0.9202 0.3620 -0.1490
vn 0.9537 0.0296 -0.2993
vn 0.9304 -0.1381 -0.3395
vn 0.8350 -0.4746 0.2784
vn 0.7243 -0.3499 0.5941
vn 0.7342 -0.0671 0.6756
vn 0.1727 -0.8061 -0.5660
vn 0.1440 -0.9377 -0.3161
vn 0.4519 -0.8549 0.2549
vn 0.2852 -0.5137 -0.8092
vn -0.6455 -0.4852 0.5898
vn -0.6271 -0.4439 0.6401
vn 0.2585 -0.5903 0.7647
vn 0.2180 -0.5761 0.7877
vn -0.4923 -0.4180 0.7635
vn -0.3212 0.2004 -0.9256
vn -0.4868 -0.0164 -0.8734
vn -0.5128 -0.1140 -0.8509
vn 0.6573 0.1448 0.7395
vn -0.7114 -0.2162 -0.6687
vn -0.3233 0.4121 -0.8518
vn -0.3036 0.4671 -0.8305
vn -0.6613 -0.4042 0.6320
vn -0.5686 0.7507 0.3364
vn -0.3551 0.9167 -0.1835
vn 0.6436 0.5748 -0.5054
vn 0.6348 0.2946 0.7143
vn -0.4559 -0.3355 0.8244
vn -0.2296 0.3192 0.9194
vn -0.5300 0.8076 -0.2584
vn 0.1644 0.7888 -0.5922
vn 0.3485 0.9351 -0.0640
vn 0.7665 0.2594 -0.5875
vn -0.7044 0.6754 0.2184
vn 0.3727 -0.5833 0.7217
vn -0.4166 -0.8462 -0.3322
vn -0.4774 -0.7061 0.5229
vn -0.7672 -0.5701 0.2937
vn 0.8058 -0.4433 -0.3926
vn 0.3295 -0.4577 -0.8258
vn -0.8576 0.0466 -0.5121
vn -0.1625 -0.9853 -0.0524
vn 0.1252 -0.8308 -0.5424
vn 0.0994 0.4286 0.8980
vn -0.8949 -0.4441 -0.0440
vn -0.6792 -0.0893 -0.7285
vn -0.6790 0.4527 -0.5779
vn -0.9231 -0.2935 -0.2484
vn -0.9736 0.2212 -0.0561
vn -0.5389 0.8421 -0.0197
vn -0.1069 0.7897 -0.6041
vn 0.0397 0.9984 0.0403
vn 0.2950 0.9160 -0.2720
vn 0.1475 -0.6854 -0.7131
vn -0.0864 -0.1678 -0.9820
vn -0.3054 -0.7715 -0.5581
vn -0.7728 -0.5560 -0.3058
vn -0.6535 -0.7565 0.0239
vn -0.8953 -0.3912 0.2134
vn -0.6428 -0.5593 0.5234
vn -0.3902 -0.0765 0.9175
vn -0.3506 0.5577 0.7524
vn 0.3544 0.8178 0.4534
vn 0.4702 -0.0042 -0.8826
vn 0.3227 0.6242 -0.7115
vn 0.7195 0.6892 -0.0853
vn 0.9661 -0.0509 -0.2532
vn 0.4823 -0.5186 -0.7060
vn 0.2638 -0.8594 -0.4381
vn -0.0546 -0.9797 -0.1931
vn -0.3091 -0.9421 -0.1301
vn -0.0784 -0.9712 0.2252
vn -0.0807 -0.6011 0.7951
vn 0.4095 -0.2594 0.8747
vn 0.5586 -0.7506 0.3530
vn 0.9382 0.0206 0.3454
vn -0.2893 0.4699 -0.8339
vn 0.1227 0.9709 -0.2055
vn -0.5739 0.3843 -0.7232
vn -0.7492 0.4981 -0.4367
vn -0.1034 0.8917 0.4406
vn -0.0796 0.3537 -0.9320
vn 0.1559 0.3630 -0.9186
vn 0.4564 0.8270 -0.3284
vn -0.0949 0.8729 0.4787
vn 0.8945 0.3873 0.2236
vn -0.6507 -0.4162 -0.6351
vn -0.3473 -0.6751 -0.6509
vn -0.0641 -0.6407 -0.7651
vn -0.4821 -0.5886 -0.6489
vn 0.6453 -0.3028 -0.7013
vn 0.9570 0.1879 0.2209
vn -0.8469 -0.0769 0.5261
vn -0.9663 -0.0206 0.2565
vn -0.7626 -0.0704 0.6430
vn -0.5319 0.0761 0.8434
vn 0.1779 -0.9693 0.1700
vn 0.1731 -0.9692 0.1752
vn -0.2030 -0.2477 0.9473
vn 0.8661 -0.1723 0.4692
vn -0.1992 -0.9127 -0.3569
vn -0.6738 -0.4723 -0.5683
vn -0.8048 -0.5893 -0.0710
vn -0.4112 -0.9003 0.1425
vn -0.3481 -0.8999 0.2626
vn 0.2839 -0.6966 -0.6590
vn 0.1693 -0.9828 0.0736
vn -0.6874 -0.4361 -0.5807
vn 0.3189 -0.9454 -0.0669
vn -0.0223 0.7806 -0.6246
vn -0.6834 0.1228 0.7197
vn -0.4014 -0.6549 0.6403
vn 0.3718 0.6302 0.6816
vn -0.7026 -0.7083 -0.0678
vn -0.0980 0.2135 -0.9720
vn -0.3250 0.8908 -0.3176
vn 0.6326 0.7741 0.0241
vn 0.8054 -0.3317 -0.4912
vn -0.9071 0.2458 -0.3417
vn -0.7469 0.2302 -0.6238
vn -0.2961 0.1870 0.9367
vn -0.8431 -0.2338 0.4842
vn -0.6089 0.5227 0.5966
vn 0.1383 -0.8326 -0.5363
vn 0.8831 0.2662 -0.3862
vn 0.4023 0.0839 -0.9117
vn -0.0257 -0.2923 -0.9560
vn -0.4192 -0.0334 -0.9073
vn 0.0063 0.5841 -0.8116
vn 0.1618 0.8425 -0.5139
vn 0.6128 0.7177 0.3306
vn 0.8822 -0.4645 -0.0775
vn -0.1089 0.8318 -0.5442
vn 0.1391 0.9856 -0.0959
vn 0.2705 -0.9502 -0.1551
vn 0.3201 -0.7382 -0.5939
vn -0.0915 -0.5480 -0.8315
vn -0.5155 0.6753 -0.5275
vn -0.4260 -0.8202 -0.3818
vn -0.9255 -0.3202 -0.2025
vn -0.8469 0.1645 -0.5056
vn -0.7088 0.6880 -0.1557
vn 0.5485 -0.3606 0.7544
vn 0.3905 -0.0450 0.9195
vn 0.1660 0.6828 0.7114
vn 0.1610 -0.6479 0.7445
vn 0.1219 -0.9831 0.1367
vn -0.4442 0.8541 0.2705
vn -0.4735 0.6043 0.6408
vn -0.2499 -0.9235 0.2911
vn -0.9362 -0.1457 0.3198
vn -0.7369 -0.6225 0.2636
vn -0.4880 -0.5471 0.6801
vn -0.7585 -0.0638 0.6486
vn -0.7253 0.2703 0.6332
vn -0.8540 0.2303 0.4665
vn -0.2360 -0.2788 0.9309
vn -0.5975 0.1300 0.7912
vn 0.8627 0.0284 0.5049
vn 0.9407 0.1625 0.2978
vn 0.9834 0.0585 0.1716
vn 0.3958 -0.8584 -0.3264
vn 0.2411 -0.5473 0.8014
vn 0.1945 -0.7525 0.6292
vn 0.1069 -0.9928 0.0540
vn -0.3426 0.7110 -0.6141
vn -0.3043 0.4572 -0.8357
vn 0.2770 0.6410 -0.7158
vn 0.1221 0.8898 -0.4398
vn -0.5654 -0.1429 0.8124
vn -0.8670 -0.0026 0.4984
vn -0.8544 0.1323 0.5026
vn -0.5867 0.3757 0.7174
vn 0.0959 -0.4359 0.8949
vn 0.0364 -0.9970 0.0685
vn -0.3939 -0.8286 0.3978
vn -0.5031 -0.2204 0.8357
vn -0.0058 -0.3089 0.9511
vn 0.1640 -0.0907 0.9823
vn 0.1385 0.9577 0.2522
vn 0.1089 0.9542 0.2787
vn 0.2339 -0.5854 -0.7763
vn 0.2749 -0.3934 -0.8773
vn -0.4262 -0.1080 -0.8981
vn -0.5267 -0.3951 -0.7527
vn -0.6675 -0.4009 -0.6275
vn -0.8041 -0.3044 -0.5106
vn -0.9486 -0.3055 0.0825
vn 0.4326 0.3787 -0.8182
vn -0.6969 0.5978 -0.3962
vn -0.6660 0.7352 0.1263
vn -0.6432 0.7479 0.1639
vn -0.1687 0.9130 0.3713
vn -0.7454 0.6161 0.2545
vn -0.0352 -0.3967 0.9173
vn -0.3627 -0.9312 0.0362
vn 0.0971 -0.9182 0.3839
vn -0.9497 0.3107 -0.0384
vn 0.9931 -0.1000 -0.0620
vn 0.3914 0.9085 0.1467
vn -0.5818 0.7601 0.2893
vn -0.5704 0.6501 -0.5020
vn 0.2489 -0.7348 -0.6310
vn -0.7794 0.0081 0.6265
vn 0.4764 0.4830 0.7347
vn -0.0211 0.7871 -0.6165
vn -0.7557 -0.1660 -0.6335
vn 0.5633 -0.8252 0.0424
vn 0.7111 0.0268 -0.7026
vn -0.1100 -0.9634 0.2444
vn 0.0316 -0.6528 0.7569
vn -0.1612 -0.9193 -0.3591
vn 0.4137 -0.8050 -0.4252
vn 0.4280 -0.8550 0.2928
vn 0.1510 -0.4035 0.9024
vn -0.7290 -0.4494 0.5163
vn -0.4103 -0.2958 0.8626
vn -0.9579 -0.0345 0.2851
vn -0.9613 -0.0389 -0.2727
vn -0.7156 -0.6768 -0.1726
vn 0.9051 0.0225 -0.4245
vn 0.3913 -0.2829 -0.8757
vn 0.7968 -0.5234 -0.3020
vn -0.0657 -0.5678 -0.8205
vn 0.8694 -0.4606 0.1787
vn 0.7539 -0.6235 0.2069
vn 0.7994 0.4508 0.3972
vn 0.5454 0.8235 0.1562
vn 0.4683 0.5871 0.6603
vn -0.0655 0.9206 0.3850
vn -0.5144 0.3550 0.7806
vn -0.8032 0.5917 0.0689
vn -0.4610 0.8595 -0.2209
vn -0.7070 0.5653 -0.4250
vn -0.4707 0.2377 -0.8497
vn -0.2369 0.7572 -0.6087
vn 0.1928 0.5729 -0.7966
vn 0.0325 0.9887 -0.1463
vn -0.5103 -0.4317 0.7438
vn -0.2431 -0.6518 0.7183
vn 0.3128 -0.6005 0.7359
vn -0.1581 0.0133 0.9873
vn 0.0189 -0.9831 -0.1819
vn -0.8982 -0.4087 0.1622
vn -0.2291 -0.8692 -0.4382
vn -0.9000 -0.4176 0.1250
vn -0.5576 -0.7600 -0.3338
vn 0.1352 -0.9802 -0.1447
vn 0.5459 -0.6592 0.5171
vn -0.8626 0.3517 0.3637
vn -0.6249 0.7442 -0.2360
vn -0.7365 0.3444 -0.5822
vn 0.7423 0.5632 0.3630
vn 0.6138 -0.3173 -0.7229
vn 0.6459 -0.3908 -0.6558
vn 0.8217 -0.5544 -0.1322
vn 0.8402 -0.3465 0.4171
vn 0.8755 -0.1347 0.4640
vn 0.2237 0.9674 -0.1185
vn 0.7348 0.5705 0.3667
vn 0.1205 0.5109 0.8511
vn -0.2098 0.9622 -0.1734
vn -0.0979 0.2757 0.9562
vn -0.2312 0.9543 -0.1895
vn -0.1374 0.1008 -0.9854
vn 0.6510 -0.6240 0.4323
vn 0.6475 -0.5950 0.4762
vn 0.8070 -0.3752 0.4560
vn -0.2725 -0.8010 -0.5331
vn 0.1545 -0.2311 -0.9606
vn 0.5829 -0.6416 0.4987
vn 0.0643 -0.0864 -0.9942
vn -0.8692 0.2921 0.3989
vn -0.6020 0.1805 0.7778
vn 0.6049 0.4762 -0.6383
vn -0.3616 0.5055 -0.7834
vn -0.6946 0.6769 -0.2437
vn 0.0510 -0.9735 -0.2228
vn -0.2638 -0.5719 -0.7767
vn -0.8333 -0.4729 -0.2863
vn -0.0451 -0.0891 -0.9950
vn 0.7469 0.6508 0.1364
vn -0.6762 -0.6569 0.3334
vn 0.6828 0.0961 0.7243
vn 0.3590 -0.7273 0.5849
vn -0.3928 0.6926 0.6050
vn -0.7656 0.0393 -0.6421
vn 0.4453 0.2478 0.8604
vn -0.8703 0.4898 -0.0509
vn 0.3518 -0.4307 -0.8311
vn 0.9803 0.1594 -0.1163
vn 0.2107 0.9450 0.2503
vn -0.4160 0.7300 -0.5423
vn -0.5810 0.8050 -0.1198
vn -0.7972 0.5779 -0.1748
vn -0.7065 0.6849 0.1780
vn -0.9289 0.3062 0.2084
vn -0.6053 0.5860 0.5388
vn -0.7587 0.1429 0.6356
vn -0.2785 0.5611 0.7795
vn -0.3959 0.1146 0.9111
vn 0.1176 0.5494 0.8272
vn 0.4408 0.4256 0.7903
vn 0.6383 0.1170 0.7609
vn 0.7159 0.3460 0.6065
vn 0.9465 0.0237 0.3219
vn 0.8810 0.4672 0.0747
vn 0.8573 0.1765 -0.4836
vn 0.5036 0.6643 -0.5524
vn -0.4839 -0.0421 -0.8741
vn -0.5662 0.2984 -0.7684
vn -0.0845 0.4232 -0.9021
vn 0.3731 0.3231 -0.8697
vn -0.9486 0.2421 -0.2038
vn -0.7430 -0.3301 0.5823
vn -0.8997 -0.3498 0.2611
vn -0.8785 -0.3433 -0.3322
vn -0.8297 -0.5564 0.0442
vn -0.2328 -0.6013 0.7644
vn 0.4783 -0.4022 0.7807
vn 0.7260 -0.1045 0.6797
vn 0.8882 -0.3726 -0.2690
vn 0.8545 -0.5079 -0.1094
vn 0.3533 -0.2645 -0.8973
vn -0.2825 -0.3898 -0.8765
vn 0.0151 -0.6338 -0.7734
vn -0.5606 -0.6635 -0.4954
vn 0.2491 -0.9438 0.2170
vn -0.4247 -0.8792 0.2159
vn -0.1970 -0.8978 -0.3939
vn 0.2045 -0.9372 -0.2827
vn 0.2776 -0.9031 -0.3276
vn -0.9985 -0.0503 0.0196
vn -0.7083 0.5978 0.3755
vn -0.4796 0.5522 0.6820
vn -0.9490 -0.3130 0.0383
vn -0.8499 -0.3017 0.4319
vn -0.9189 -0.3828 0.0956
vn -0.0635 0.5419 0.8380
vn -0.6101 -0.3469 0.7123
vn -0.0170 -0.9014 -0.4327
vn 0.3973 -0.9092 -0.1245
vn 0.5534 -0.8213 -0.1387
vn -0.0055 -0.8845 -0.4665
vn 0.7886 -0.1194 -0.6032
vn 0.8218 0.4964 -0.2797
vn 0.1726 0.7019 -0.6911
vn 0.1614 0.5575 -0.8143
vn 0.5820 -0.0132 -0.8131
vn 0.0145 0.8919 -0.4520
vn -0.1508 0.8914 -0.4274
vn -0.6969 0.4146 -0.5852
vn -0.4248 0.1832 -0.8866
vn -0.6719 0.7401 -0.0277
vn -0.8711 0.3815 -0.3091
vn 0.0693 -0.8496 0.5229
vn -0.6715 -0.7406 -0.0226
vn -0.5012 -0.8150 -0.2907
vn -0.5717 -0.3039 -0.7621
vn -0.5145 -0.2433 -0.8223
vn 0.0198 -0.5233 -0.8519
vn 0.2948 0.5388 0.7892
vn 0.5717 0.2980 0.7644
vn 0.8256 0.3773 0.4195
vn 0.1348 -0.7202 0.6805
vn 0.6811 -0.0683 0.7290
vn 0.9188 -0.3596 0.1626
vn 0.8800 -0.4633 -0.1044
vn -0.8697 -0.4859 -0.0873
vn -0.3783 -0.7694 0.5147
vn -0.8790 0.4109 -0.2418
vn -0.3500 0.9218 -0.1664
vn -0.2100 -0.8258 -0.5234
vn 0.7200 0.1345 0.6809
vn 0.9082 0.3347 0.2513
vn 0.2500 -0.9681 -0.0182
vn -0.3044 0.8608 0.4078
vn -0.3930 0.3122 0.8649
vn 0.7057 0.0784 -0.7042
vn 0.1892 0.7891 0.5844
vn 0.7484 -0.5949 -0.2933
vn 0.0154 -0.5369 0.8435
vn -0.2110 -0.2637 -0.9412
vn -0.7009 -0.1679 0.6932
vn 0.9021 -0.3089 0.3012
vn 0.5033 0.8623 0.0556
vn -0.6921 0.7188 0.0653
vn -0.0055 0.4336 -0.9011
vn -0.5777 0.8157 0.0302
vn -0.4346 0.8131 -0.3872
vn -0.7637 0.6455 0.0094
vn 0.0025 0.8514 -0.5246
vn -0.3588 0.5045 -0.7853
vn -0.0893 -0.1293 -0.9876
vn -0.4851 -0.2148 -0.8477
vn -0.1039 -0.5351 -0.8384
vn -0.5833 -0.7436 -0.3269
vn -0.9267 -0.3298 -0.1800
vn -0.9275 -0.2054 0.3124
vn -0.9292 0.3279 0.1708
vn -0.6587 0.7029 0.2684
vn -0.2931 0.8660 0.4052
vn 0.0073 0.8004 0.5995
vn 0.3123 0.8528 0.4186
vn 0.3060 0.9447 -0.1178
vn 0.4829 0.2836 -0.8285
vn 0.7089 -0.3577 -0.6078
vn 0.6462 -0.7479 -0.1518
vn -0.1087 -0.9198 -0.3770
vn -0.5409 -0.5278 0.6549
vn -0.5929 -0.7701 0.2353
vn -0.1060 -0.9282 0.3567
vn -0.1268 0.0658 0.9897
vn -0.6270 0.2458 0.7393
vn -0.2763 -0.3093 0.9099
vn -0.1248 0.6587 0.7420
vn -0.1041 -0.7061 0.7004
vn 0.2541 0.7092 0.6576
vn 0.8113 0.3731 0.4502
vn 0.6658 0.7457 0.0260
vn 0.8657 0.3572 -0.3508
vn 0.9552 -0.2056 0.2130
vn 0.8498 -0.5065 0.1459
vn 0.8017 -0.3641 0.4740
vn 0.4401 -0.2427 0.8645
vn 0.3731 -0.7759 0.5087
vn -0.4519 -0.8868 -0.0973
vn -0.6253 -0.6574 -0.4204
vn -0.9799 0.1379 0.1443
vn -0.4172 -0.9075 0.0488
vn -0.7370 -0.5181 0.4341
vn -0.2976 -0.4914 0.8185
vn 0.0996 -0.8519 0.5141
vn -0.2873 0.7950 -0.5343
vn -0.5629 0.7958 -0.2234
vn -0.3755 0.1372 -0.9166
vn -0.5258 -0.5943 -0.6085
vn -0.8577 0.4794 0.1858
vn -0.5549 0.7828 0.2818
vn -0.0441 0.8745 0.4830
vn 0.1156 0.9184 0.3783
vn 0.3945 0.8075 -0.4386
vn 0.2104 -0.4223 -0.8817
vn 0.2673 -0.4656 -0.8437
vn 0.3178 -0.7129 -0.6251
vn 0.0569 0.3294 0.9425
vn 0.0634 0.6217 0.7807
vn 0.0801 0.6630 0.7443
vn 0.5332 0.7223 0.4404
vn 0.6221 0.6801 0.3878
vn -0.0000 -0.0000 1.0000
vn 0.6227 -0.6357 0.4563
vn 0.6129 -0.6404 0.4628
vn 0.6075 0.6900 -0.3936
vn 0.9677 -0.1421 -0.2081
vn 0.9482 -0.3177 0.0059
vn 0.7535 -0.6141 0.2347
vn -0.8019 0.5273 0.2808
vn -0.8136 0.5340 0.2300
vn -0.2434 -0.1141 0.9632
vn 0.5196 0.7183 -0.4626
vn 0.2197 -0.3823 -0.8975
vn -0.7879 -0.4027 0.4659
vn 0.5220 -0.1763 0.8345
vn 0.2855 -0.1907 -0.9392
vn -0.1290 -0.0030 0.9916
vn 0.6827 0.4111 -0.6041
vn 0.9766 -0.0019 0.2152
vn 0.3803 0.7867 0.4863
vn 0.0474 0.9800 0.1934
vn -0.7520 0.5418 0.3755
vn 0.5257 -0.7805 0.3385
vn 0.3149 -0.9234 -0.2197
vn 0.8927 -0.2104 -0.3985
vn -0.5379 0.7359 -0.4113
vn 0.7317 0.6814 0.0147
vn -0.4393 -0.1580 -0.8844
vn -0.7158 -0.3837 -0.5834
vn 0.4308 -0.2458 0.8683
vn -0.1963 -0.8955 0.3995
vn -0.8490 -0.5039 -0.1591
vn -0.6673 -0.4529 0.5913
vn -0.7098 0.4234 0.5629
vn -0.9716 0.1443 0.1874
vn 0.3130 -0.9250 -0.2155
vn -0.6671 0.6896 -0.2817
vn -0.7186 0.2612 -0.6445
vn -0.3256 0.4790 -0.8152
vn -0.4939 -0.4825 -0.7234
vn 0.0813 -0.9002 -0.4279
vn 0.4099 -0.5268 0.7446
vn 0.9192 -0.3562 0.1682
vn 0.0977 -0.4457 0.8899
vn 0.7548 -0.5055 -0.4181
vn 0.9870 -0.1258 -0.1003
vn 0.4473 -0.2137 0.8685
vn 0.1190 -0.3977 0.9098
vn -0.0580 0.5032 0.8622
vn 0.0389 -0.2005 -0.9789
vn 0.1148 0.9026 0.4149
vn -0.2417 0.9193 0.3106
vn -0.0574 0.9751 -0.2141
vn 0.5694 -0.3396 -0.7486
vn 0.6904 0.6063 -0.3948
vn 0.1367 0.4795 -0.8668
vn 0.3328 0.9386 -0.0905
vn 0.3910 0.4692 0.7918
vn 0.7386 0.1002 0.6667
vn 0.8572 -0.0883 -0.5073
vn 0.9183 0.3408 0.2015
vn 0.6662 0.7146 0.2135
vn -0.2001 -0.7984 0.5679
vn -0.1606 -0.9865 -0.0308
vn -0.9191 0.1230 0.3743
vn -0.9689 0.1692 -0.1808
vn 0.7065 -0.0037 0.7077
vn 0.1257 -0.3948 0.9101
vn 0.0667 -0.8781 -0.4737
vn -0.0601 0.5135 0.8560
vn 0.7734 0.3177 0.5485
vn -0.0540 0.6300 -0.7747
vn -0.6017 0.2429 -0.7609
vn -0.1204 -0.9475 -0.2962
vn 0.5146 -0.5875 -0.6245
vn 0.5788 -0.0646 -0.8129
vn -0.0441 -0.6688 0.7421
vn -0.3686 0.6586 0.6561
vn 0.9951 0.0830 -0.0542
vn 0.0576 0.8364 -0.5451
vn 0.6694 -0.1644 -0.7245
vn 0.9960 0.0466 -0.0765
vn 0.8242 0.4611 0.3286
vn 0.7881 -0.2471 0.5637
vn 0.9096 -0.3939 -0.1321
vn -0.2496 0.7118 0.6565
vn -0.2404 0.7331 0.6362
vn 0.4632 0.8817 0.0899
vn -0.2089 0.9762 -0.0586
vn 0.0966 0.9282 -0.3594
vn -0.8765 0.2757 -0.3947
vn -0.1121 -0.9837 -0.1408
vn 0.8098 -0.5312 -0.2489
vn 0.6672 -0.4587 -0.5869
vn -0.9257 -0.1193 0.3589
vn 0.1468 -0.8890 -0.4338
vn -0.5098 -0.4347 -0.7424
vn 0.0527 0.8579 -0.5111
vn 0.7384 0.6724 -0.0520
vn 0.5828 0.4742 0.6599
vn 0.4851 0.8741 0.0233
vn 0.2560 0.2854 -0.9236
vn 0.9542 -0.1726 -0.2444
vn -0.0543 0.9898 0.1316
vn -0.6009 -0.6297 0.4924
vn -0.3895 0.8943 -0.2202
vn 0.3735 -0.8537 0.3629
vn -0.7216 0.6462 -0.2485
vn -0.0408 -0.1484 -0.9881
vn -0.6921 -0.3773 -0.6153
vn 0.4558 -0.3090 -0.8347
vn -0.8092 -0.5608 0.1752
vn 0.3721 0.9229 -0.0986
vn -0.2407 0.9300 -0.2777
vn -0.2879 0.9574 0.0238
vn 0.1255 0.9824 0.1381
vn -0.7071 0.7071 -0.0000
vn 0.4171 0.8981 -0.1398
vn 0.3699 0.7460 -0.5538
vn 0.0109 0.7200 -0.6939
vn -0.5254 0.8073 -0.2687
vn -0.3780 0.8673 0.3239
vn -0.8409 0.5347 -0.0833
vn -0.4471 0.1812 0.8759
vn 0.3882 0.7194 0.5761
vn 0.8652 0.2621 0.4274
vn 0.7395 -0.2803 -0.6120
vn 0.9703 0.1579 -0.1834
vn 0.3854 0.2071 -0.8992
vn 0.1171 -0.3433 -0.9319
vn 0.0090 0.1655 -0.9862
vn -0.5395 0.3391 -0.7707
vn -0.4080 -0.3577 -0.8400
vn -0.6006 -0.4114 -0.6856
vn -0.9145 0.1589 -0.3720
vn -0.6505 -0.6917 -0.3136
vn -0.9879 0.1337 0.0779
vn -0.7615 -0.6138 0.2081
vn -0.7974 -0.3006 0.5232
vn -0.2970 -0.6502 0.6993
vn -0.1888 -0.8903 0.4144
vn 0.4999 -0.5650 0.6564
vn 0.8582 -0.4852 0.1675
vn 0.2855 -0.9467 -0.1490
vn 0.2672 -0.6991 -0.6632
vn -0.3259 -0.8331 -0.4470
vn -0.1964 0.7956 0.5731
vn -0.9736 -0.0107 0.2278
vn -0.4599 -0.5296 0.7128
vn -0.5293 0.8481 0.0237
vn -0.6809 0.7251 -0.1033
vn -0.9666 0.2512 -0.0512
vn -0.2497 -0.9643 -0.0877
vn 0.6815 -0.7126 -0.1666
vn 0.6087 -0.6653 -0.4323
vn 0.0343 -0.6611 -0.7495
vn -0.0345 -0.6931 -0.7200
vn -0.3082 -0.8285 -0.4675
vn -0.4019 -0.8577 -0.3207
vn -0.6995 0.1415 -0.7005
vn -0.7086 0.1377 -0.6921
vn 0.2901 0.9094 -0.2981
vn 0.2011 0.9529 -0.2272
vn -0.0549 0.9779 -0.2019
vn 0.4060 0.5519 -0.7284
vn -0.2723 0.7593 -0.5910
vn -0.4296 0.8326 -0.3495
vn 0.7787 0.4621 0.4243
vn 0.7641 0.4982 0.4098
vn 0.9159 -0.0158 0.4011
vn 0.5242 0.3907 -0.7566
vn 0.6968 0.2694 -0.6647
vn -0.1218 -0.7440 0.6570
vn 0.8772 -0.2129 0.4303
vn -0.1067 0.9940 0.0229
vn 0.1732 -0.0427 -0.9840
vn -0.3130 0.5383 -0.7825
vn -0.2391 -0.9642 0.1146
vn -0.9807 0.1604 -0.1119
vn 0.3838 -0.9221 -0.0500
vn -0.9293 -0.2050 -0.3072
vn 0.7708 -0.6344 0.0592
vn -0.3638 0.9192 -0.1507
vn 0.9480 0.1701 -0.2691
vn 0.0940 0.8770 0.4711
vn -0.1433 0.4638 0.8743
vn -0.8373 0.3797 0.3935
vn 0.3562 -0.0903 0.9300
vn 0.7663 0.4290 0.4783
vn -0.8918 -0.3197 0.3201
vn -0.0018 -0.7381 0.6747
vn -0.5505 0.3848 -0.7409
vn -0.0564 0.7540 -0.6545
vn -0.6041 0.4174 -0.6789
vn -0.4805 0.8746 -0.0653
vn -0.6962 -0.0760 -0.7139
vn -0.9647 -0.0509 -0.2586
vn -0.8090 -0.5680 0.1511
vn -0.9320 0.1145 0.3438
vn -0.7104 -0.1770 0.6811
vn -0.6545 0.5879 0.4755
vn -0.1014 0.7984 0.5936
vn -0.0449 0.9905 0.1298
vn 0.0702 -0.5348 -0.8421
vn 0.3711 0.2745 -0.8871
vn 0.0965 -0.6885 -0.7188
vn -0.2835 -0.8939 -0.3472
vn -0.3369 -0.8250 0.4537
vn 0.3475 -0.4779 0.8068
vn 0.2126 0.1203 0.9697
vn -0.0642 -0.3981 0.9151
vn 0.5364 0.0932 0.8388
vn 0.1885 0.5774 0.7944
vn 0.3584 0.7956 0.4884
vn -0.2518 -0.8331 0.4924
vn 0.4708 0.7632 -0.4426
vn 0.9379 0.3244 -0.1229
vn 0.6661 -0.4874 -0.5646
vn 0.5504 -0.6537 -0.5194
vn 0.9003 -0.3970 -0.1782
vn 0.1323 -0.9646 0.2280
vn 0.6247 -0.7808 -0.0070
vn 0.7023 -0.3004 0.6454
vn 0.9352 -0.1442 0.3235
vn 0.9288 0.3705 0.0072
vn 0.8102 0.5854 0.0275
vn 0.7439 0.6682 -0.0079
vn 0.7138 0.6878 -0.1323
vn 0.9853 -0.1527 -0.0761
vn 0.9968 -0.0760 -0.0254
vn 0.2855 -0.6018 -0.7459
vn -0.1167 -0.7480 -0.6533
vn -0.4221 -0.9049 0.0541
vn -0.2573 -0.9468 0.1930
vn 0.7521 -0.6220 -0.2180
vn -0.2188 -0.9533 0.2084
vn 0.4312 -0.8759 0.2167
vn -0.2442 -0.6380 -0.7303
vn -0.7469 0.0447 -0.6634
vn -0.9697 -0.1353 0.2033
vn 0.8418 -0.4939 -0.2176
vn 0.5244 -0.7594 0.3850
vn 0.7120 -0.1994 0.6733
vn 0.2438 0.7117 -0.6588
vn 0.2753 0.8775 -0.3928
vn -0.3649 0.7235 -0.5860
vn -0.4520 0.7650 0.4588
vn -0.2925 0.8162 0.4983
vn 0.3518 0.7517 -0.5579
vn 0.2582 0.7020 -0.6637
vn 0.3808 -0.3767 -0.8445
vn 0.6296 0.7380 -0.2429
vn 0.3791 -0.4031 -0.8329
vn 0.0822 0.7484 0.6582
vn 0.6726 0.7226 0.1593
vn 0.3685 0.8331 -0.4124
vn -0.3875 -0.6225 0.6799
vn -0.8165 0.3547 0.4556
vn -0.2605 -0.6267 0.7344
vn 0.2837 0.3724 0.8837
vn 0.1255 -0.1409 0.9820
vn -0.0000 -1.0000 -0.0000
vn 0.9495 0.0570 -0.3085
vn 0.5868 0.0570 -0.8077
vn -0.0000 0.0570 -0.9984
vn -0.5868 0.0570 -0.8077
vn -0.9495 0.0570 -0.3085
vn -0.9495 0.0570 0.3085
vn -0.5868 0.0570 0.8077
vn -0.0000 0.0570 0.9984
vn 0.5868 0.0570 0.8077
vn 0.9495 0.0570 0.3085
vn 0.9497 0.0543 -0.3086
vn 0.5869 0.0543 -0.8078
vn -0.0000 0.0543 -0.9985
vn -0.5869 0.0543 -0.8078
vn -0.9497 0.0543 -0.3086
vn -0.9497 0.0543 0.3086
vn -0.5869 0.0543 0.8078
vn -0.0000 0.0543 0.9985
vn 0.5869 0.0543 0.8078
vn 0.9497 0.0543 0.3086
vn -0.0644 -0.9978 0.0128
vn -0.0546 -0.9978 0.0365
vn -0.0365 -0.9978 0.0546
vn -0.0128 -0.9978 0.0644
vn 0.0128 -0.9978 0.0644
vn 0.0365 -0.9978 0.0546
vn 0.0546 -0.9978 0.0365
vn 0.0644 -0.9978 0.0128
vn 0.0644 -0.9978 -0.0128
vn 0.0546 -0.9978 -0.0365
vn 0.0365 -0.9978 -0.0546
vn 0.0128 -0.9978 -0.0644
vn -0.0128 -0.9978 -0.0644
vn -0.0365 -0.9978 -0.0546
vn -0.0546 -0.9978 -0.0365
vn -0.0644 -0.9978 -0.0128
vn 0.9713 0.1388 -0.1932
vn 0.8234 0.1388 -0.5502
vn 0.5502 0.1388 -0.8234
vn 0.1932 0.1388 -0.9713
vn -0.1932 0.1388 -0.9713
vn -0.5502 0.1388 -0.8234
vn -0.8234 0.1388 -0.5502
vn -0.9713 0.1388 -0.1932
vn -0.9713 0.1388 0.1932
vn -0.8234 0.1388 0.5502
vn -0.5502 0.1388 0.8234
vn -0.1932 0.1388 0.9713
vn 0.1932 0.1388 0.9713
vn 0.5502 0.1388 0.8234
vn 0.8234 0.1388 0.5502
vn 0.9713 0.1388 0.1932
vn 0.8296 0.5333 -0.1650
vn 0.7033 0.5333 -0.4700
vn 0.4700 0.5333 -0.7033
vn 0.1650 0.5333 -0.8296
vn -0.1650 0.5333 -0.8296
vn -0.4700 0.5333 -0.7033
vn -0.7033 0.5333 -0.4700
vn -0.8296 0.5333 -0.1650
vn -0.8296 0.5333 0.1650
vn -0.7033 0.5333 0.4700
vn -0.4700 0.5333 0.7033
vn -0.1650 0.5333 0.8296
vn 0.1650 0.5333 0.8296
vn 0.4700 0.5333 0.7033
vn 0.7033 0.5333 0.4700
vn 0.8296 0.5333 0.1650
vn 0.2743 0.9601 -0.0546
vn 0.2326 0.9601 -0.1554
vn 0.1554 0.9601 -0.2325
vn 0.0546 0.9601 -0.2743
vn -0.0546 0.9601 -0.2743
vn -0.1554 0.9601 -0.2325
vn -0.2326 0.9601 -0.1554
vn -0.2743 0.9601 -0.0546
vn -0.2743 0.9601 0.0546
vn -0.2325 0.9601 0.1554
vn -0.1554 0.9601 0.2325
vn -0.0546 0.9601 0.2743
vn 0.0546 0.9601 0.2743
vn 0.1554 0.9601 0.2325
vn 0.2325 0.9601 0.1554
vn 0.2743 0.9601 0.0546
vn 0.9496 0.0543 0.3086
vn 0.7033 0.5333 -0.4699
vn 0.4699 0.5333 -0.7033
vn -0.7033 0.5333 0.4699
vn -0.4699 0.5333 0.7033
vn 0.2325 0.9601 -0.1554
vn 0.1554 0.9601 -0.2326
vn -0.1554 0.9601 -0.2326
vn -0.1554 0.9601 0.2326
vn 0.1554 0.9601 0.2326
vn 0.2326 0.9601 0.1554
vn -0.9496 0.0543 0.3086
vn 0.9713 0.1387 -0.1932
vn -0.9713 0.1387 0.1932
vn -0.2325 0.9601 -0.1554
vn 0.8297 0.5333 -0.1650
vn -0.8297 0.5333 -0.1650
vn -0.8297 0.5333 0.1650
vn 0.8297 0.5333 0.1650
vn -0.8125 0.2862 -0.5078
vn 0.1403 -0.3863 -0.9116
vn 0.1303 -0.1408 -0.9814
vn 0.2600 0.1274 -0.9572
vn 0.4481 0.7446 -0.4947
vn 0.3391 0.9374 -0.0790
vn 0.9650 0.1976 -0.1724
vn -0.8629 -0.4157 0.2874
vn -0.8138 0.3150 0.4884
vn -0.7079 -0.3412 0.6184
vn -0.0449 -0.9970 -0.0625
vn 0.1027 0.7433 -0.6610
vn 0.9570 -0.2278 0.1797
vn 0.8970 0.3457 -0.2753
vn 0.7712 -0.1760 -0.6118
vn 0.3818 -0.5429 -0.7480
vn 0.2476 -0.7256 -0.6420
vn -0.1713 -0.3304 -0.9282
vn -0.3024 -0.0201 -0.9530
vn -0.5300 0.5866 -0.6124
vn -0.1775 0.7884 -0.5891
vn 0.0098 0.5049 -0.8631
vn 0.1296 0.8933 -0.4305
vn 0.4247 0.8839 -0.1962
vn 0.3855 0.8056 0.4499
vn 0.5433 -0.7773 -0.3173
vn 0.9803 -0.1849 -0.0701
vn 0.6158 0.2576 0.7446
vn -0.8518 -0.1556 -0.5003
vn -0.4610 -0.8851 0.0642
vn 0.5138 -0.8206 0.2503
vn 0.0078 -0.9953 0.0966
vn -0.8738 0.4818 0.0657
vn -0.6200 0.6386 0.4559
vn -0.1848 0.8987 0.3977
vn -0.2780 0.9555 -0.0986
vn 0.0053 0.9991 -0.0423
vn -0.1568 0.5006 0.8514
vn -0.0238 -0.6539 0.7562
vn -0.2575 -0.2621 0.9300
vn -0.6446 -0.6014 0.4721
vn -0.7669 -0.1288 0.6288
vn -0.2756 0.2171 0.9364
vn -0.9776 -0.1556 0.1420
vn -0.1142 -0.9412 -0.3181
vn -0.1077 0.4453 -0.8889
vn -0.5887 0.0745 0.8049
vn 0.4373 0.0198 -0.8991
vn 0.4622 -0.0409 -0.8858
vn 0.5655 -0.7745 0.2836
vn 0.2972 -0.9402 0.1662
vn 0.0580 0.9961 -0.0666
vn -0.1517 -0.2538 -0.9553
vn 0.5951 0.3444 -0.7262
vn 0.4501 0.8868 -0.1054
vn 0.4342 -0.7741 -0.4607
vn 0.2262 0.2263 -0.9474
vn 0.0443 -0.1651 -0.9853
vn 0.2849 -0.4207 -0.8613
vn 0.1139 -0.8058 -0.5812
vn -0.2636 -0.6532 -0.7098
vn -0.3474 -0.1951 -0.9172
vn -0.2694 0.5637 -0.7808
vn -0.0186 0.8904 -0.4547
vn 0.4585 0.3176 -0.8300
vn 0.6087 -0.0679 -0.7905
vn 0.7847 -0.3494 -0.5121
vn 0.8172 -0.0976 -0.5680
vn 0.9631 0.1097 0.2456
vn 0.8294 -0.4788 0.2879
vn 0.6421 -0.7583 -0.1123
vn -0.3764 -0.9232 -0.0779
vn -0.7758 0.0378 -0.6298
vn -0.0459 -0.9211 0.3865
vn -0.6961 0.7176 -0.0207
vn -0.1956 0.9043 0.3795
vn 0.6745 0.1530 0.7222
vn 0.4142 0.8479 0.3308
vn 0.4243 0.8536 -0.3023
vn -0.4953 0.7136 0.4955
vn -0.1347 0.1699 0.9762
vn 0.5823 0.3506 -0.7335
vn 0.4396 -0.6086 0.6606
vn -0.8301 -0.5575 0.0108
vn -0.4601 -0.7370 0.4951
vn -0.6270 -0.3901 0.6744
vn 0.2551 0.8886 -0.3812
vn 0.9202 0.2963 -0.2556
vn 0.8052 0.5913 -0.0448
vn 0.5502 -0.0573 0.8331
vn -0.9961 0.0628 0.0617
vn -0.8036 -0.3784 0.4594
vn 0.1474 0.6220 0.7690
vn -0.0842 0.0635 0.9944
vn -0.3847 -0.3293 -0.8623
vn 0.1400 -0.0254 -0.9898
vn -0.5813 0.2471 0.7753
vn -0.4788 -0.7230 0.4980
vn -0.6555 -0.7326 0.1832
vn -0.4251 -0.7735 -0.4700
vn -0.0435 -0.9951 -0.0892
vn 0.6007 -0.7968 0.0656
vn 0.1051 -0.8384 0.5349
vn 0.5193 -0.4854 0.7034
vn 0.0412 -0.1958 0.9798
vn 0.0291 0.8407 0.5407
vn -0.2482 0.6285 0.7372
vn -0.3500 0.9365 0.0203
vn -0.1132 0.7083 -0.6967
vn -0.5499 0.8061 -0.2188
vn -0.9556 0.0737 -0.2854
vn -0.6989 -0.5725 -0.4286
vn -0.5329 -0.2077 -0.8203
vn 0.0738 -0.7997 -0.5958
vn 0.1603 -0.7520 -0.6393
vn 0.9844 0.0078 -0.1756
vn 0.8036 -0.2039 -0.5592
vn 0.9357 0.0252 0.3520
vn 0.5348 0.6983 0.4758
vn 0.5642 0.8213 -0.0851
vn 0.8869 0.3461 -0.3060
vn 0.5454 0.4772 -0.6891
vn 0.0122 -0.2074 -0.9782
vn -0.3133 0.2845 -0.9061
vn 0.6621 0.0892 -0.7441
vn 0.1078 -0.3073 -0.9455
vn 0.2587 0.0305 -0.9655
vn -0.1253 0.5717 -0.8108
vn -0.1218 -0.1822 0.9757
vn -0.1098 0.9842 0.1388
vn -0.2162 0.9513 0.2199
vn 0.6406 -0.3279 0.6943
vn 0.3180 -0.9324 -0.1720
vn 0.9848 -0.1692 -0.0391
vn -0.8457 0.4043 -0.3482
vn -0.9367 0.3445 0.0635
vn 0.5674 0.2690 0.7782
vn 0.3984 0.3299 0.8559
vn 0.6597 0.1218 -0.7416
vn 0.6260 -0.0643 -0.7772
vn 0.2081 -0.8229 -0.5287
vn -0.1359 -0.6517 -0.7462
vn -0.4136 -0.0550 -0.9088
vn -0.2633 -0.5262 -0.8086
vn -0.8241 -0.1010 -0.5573
vn 0.7881 0.6122 -0.0638
vn 0.8395 0.5383 -0.0744
vn -0.5158 -0.7894 0.3329
vn -0.0752 0.0306 -0.9967
vn 0.4142 0.2657 -0.8706
vn 0.2765 -0.0543 -0.9595
vn 0.4505 -0.4590 -0.7658
vn -0.1332 -0.5458 -0.8273
vn -0.3873 0.1403 -0.9112
vn -0.2587 -0.4918 -0.8314
vn -0.2462 -0.7724 -0.5854
vn 0.0531 0.9029 -0.4265
vn -0.1758 0.9296 -0.3239
vn -0.6816 0.5665 -0.4632
vn -0.5206 0.8538 0.0019
vn 0.3136 0.7677 -0.5588
vn 0.3155 0.9387 0.1388
vn -0.0509 -0.9802 -0.1916
vn -0.1456 -0.9892 -0.0197
vn -0.6247 -0.7083 -0.3286
vn -0.9323 0.1862 -0.3101
vn -0.9379 0.2326 -0.2574
vn -0.6151 0.5630 0.5520
vn -0.2099 0.6893 0.6934
vn 0.3252 0.7842 0.5285
vn -0.9052 0.0456 0.4225
vn 0.7757 0.1156 0.6204
vn 0.3218 -0.6148 0.7200
vn -0.2582 0.0208 0.9659
vn -0.2028 -0.5579 0.8048
vn 0.0983 0.1041 0.9897
vn 0.2843 -0.4822 0.8286
vn 0.3110 -0.2466 0.9179
vn 0.0954 -0.3731 0.9229
vn 0.7861 0.4481 -0.4257
vn 0.6249 0.2622 -0.7353
vn -0.4156 -0.0804 0.9060
vn 0.3502 -0.5431 -0.7631
vn -0.1975 -0.2190 -0.9555
vn -0.8337 -0.1735 -0.5243
vn 0.9534 0.2745 -0.1248
vn 0.9818 0.0058 0.1898
vn 0.6244 0.6067 0.4919
vn -0.7381 -0.0223 0.6743
vn -0.9757 0.2113 0.0579
vn 0.2144 -0.0151 0.9766
vn 0.6770 0.7358 0.0171
vn 0.2832 -0.3306 -0.9003
vn 0.2600 0.3467 -0.9012
vn 0.0122 -0.8292 -0.5588
vn -0.1363 0.0303 -0.9902
vn -0.4272 0.6466 -0.6321
vn 0.7741 -0.5728 -0.2697
vn 0.1606 0.9574 -0.2398
vn 0.4662 0.8113 -0.3528
vn 0.5368 0.8432 0.0287
vn 0.7415 -0.4828 0.4658
vn 0.3672 -0.8651 0.3416
vn -0.5923 -0.7840 -0.1859
vn -0.9204 -0.3745 0.1124
vn -0.3736 0.9272 0.0274
vn 0.1816 0.7447 0.6422
vn 0.5677 0.7765 0.2733
vn 0.7574 0.3938 0.5208
vn 0.4654 0.1330 0.8751
vn 0.4806 -0.3870 0.7869
vn -0.0739 -0.6582 0.7492
vn 0.0095 -0.9129 0.4081
vn 0.1187 -0.3008 0.9463
vn -0.5063 -0.6690 0.5442
vn -0.5032 -0.8258 0.2545
vn -0.7407 -0.1142 0.6620
vn -0.3387 0.2188 0.9151
vn -0.5256 0.4208 0.7394
vn -0.2981 0.7108 0.6371
vn 0.1575 0.2354 0.9591
vn 0.1374 -0.9868 0.0853
vn 0.1958 0.9345 0.2972
vn 0.2290 0.4182 0.8790
vn 0.1861 0.5772 -0.7951
vn -0.1706 -0.4347 0.8843
vn 0.2953 -0.5593 0.7746
vn -0.5016 -0.8163 -0.2864
vn -0.7824 -0.0823 -0.6173
vn -0.6560 0.1529 0.7391
vn -0.1943 -0.4102 0.8910
vn 0.9213 0.0743 -0.3817
vn 0.9110 -0.3089 -0.2731
vn -0.0286 -0.4830 -0.8751
vn 0.6914 0.3312 -0.6422
vn 0.2079 0.2918 -0.9336
vn 0.6835 -0.3531 -0.6389
vn 0.2943 -0.5314 -0.7944
vn -0.2073 -0.6662 -0.7164
vn -0.6400 -0.5111 -0.5738
vn -0.4291 -0.0328 -0.9027
vn -0.3270 0.7218 -0.6100
vn -0.1808 0.9713 0.1543
vn 0.4071 0.9075 0.1034
vn 0.8133 0.5664 -0.1329
vn 0.7407 0.5142 0.4324
vn 0.8121 -0.3307 0.4808
vn 0.8292 -0.5234 -0.1962
vn 0.6389 -0.7618 -0.1071
vn 0.5201 -0.8304 -0.2001
vn 0.3007 -0.8512 -0.4301
vn -0.1979 -0.9802 -0.0053
vn -0.6279 -0.7770 -0.0453
vn -0.9440 -0.1887 -0.2706
vn -0.9552 -0.0273 -0.2946
vn -0.7782 0.4856 -0.3984
vn -0.8521 -0.3697 0.3704
vn -0.6834 0.5304 0.5017
vn -0.1013 0.5132 0.8523
vn 0.1354 0.9181 0.3725
vn -0.1056 -0.2089 0.9722
vn 0.4164 -0.0500 0.9078
vn 0.7047 -0.4212 0.5710
vn 0.2259 -0.8863 0.4042
vn -0.8292 -0.4017 0.3887
vn -0.3026 -0.7251 0.6186
vn -0.4975 0.6901 -0.5256
vn -0.2348 0.1734 -0.9565
vn 0.0999 -0.5571 0.8244
vn 0.0786 -0.5044 0.8599
vn 0.5818 -0.8098 -0.0755
vn 0.5936 -0.8013 -0.0750
vn 0.4072 -0.3407 -0.8474
vn 0.3974 0.8012 -0.4474
vn 0.9507 0.1905 -0.2446
vn 0.3905 0.4481 -0.8042
vn 0.2953 0.1543 0.9429
vn 0.2789 0.2499 0.9272
vn 0.7351 0.4118 0.5386
vn -0.5604 0.7115 0.4239
vn -0.0606 -0.7316 -0.6790
vn 0.0920 -0.5754 -0.8127
vn 0.1124 -0.9326 -0.3429
vn -0.0000 -0.9956 -0.0933
vn -0.3250 0.9388 -0.1142
vn -0.1674 -0.3070 -0.9369
vn -0.1384 0.4814 -0.8655
vn -0.3660 0.5569 -0.7456
vn 0.1810 0.8624 -0.4727
vn 0.1453 0.5778 -0.8032
vn 0.4260 -0.0302 -0.9042
vn 0.5344 -0.6576 -0.5311
vn 0.2540 -0.9593 -0.1234
vn 0.0751 -0.9270 0.3674
vn -0.4236 -0.6852 0.5925
vn -0.2705 -0.9395 -0.2100
vn -0.9735 0.2010 -0.1091
vn -0.3906 0.8605 0.3270
vn -0.5065 0.1054 0.8558
vn -0.0671 0.9970 0.0394
vn 0.2441 0.9649 0.0973
vn -0.0051 0.7535 0.6574
vn 0.4341 0.8085 0.3974
vn 0.8099 -0.4214 0.4081
vn 0.2616 -0.3186 0.9111
vn 0.1546 -0.4889 0.8585
vn -0.0423 0.2660 0.9630
vn 0.0580 0.5031 0.8623
vn 0.2528 0.1531 0.9553
vn 0.2606 0.6320 0.7298
vn -0.7284 0.6357 0.2556
vn -0.3337 0.5192 -0.7868
vn 0.0212 -0.5202 0.8538
vn 0.7557 -0.6548 0.0103
vn 0.6500 0.7567 0.0697
vn 0.5523 0.1218 0.8247
vn 0.3800 0.9242 -0.0390
vn 0.2459 0.9534 -0.1749
vn 0.6267 -0.7757 -0.0736
vn -0.1388 0.9316 -0.3359
vn -0.2053 0.1321 0.9698
vn -0.5237 -0.4309 -0.7349
vn -0.4716 -0.1622 -0.8668
vn 0.0945 0.0618 -0.9936
vn 0.3377 -0.7060 -0.6225
vn 0.5153 0.2014 -0.8330
vn 0.1482 -0.9531 -0.2638
vn -0.1672 -0.8673 -0.4688
vn -0.0283 -0.3634 -0.9312
vn -0.0018 0.3552 -0.9348
vn 0.2454 0.9648 -0.0946
vn 0.6313 0.4700 -0.6169
vn 0.8840 0.4672 -0.0165
vn 0.9684 0.2421 -0.0605
vn 0.3745 -0.7754 0.5084
vn 0.3049 -0.8808 0.3623
vn 0.1218 -0.8858 0.4478
vn -0.3201 -0.6731 0.6667
vn -0.2575 -0.9663 -0.0036
vn -0.5049 -0.8575 0.0989
vn -0.7513 -0.4550 -0.4780
vn -0.6866 0.1715 -0.7065
vn -0.4558 0.6033 -0.6544
vn -0.1270 0.9245 -0.3593
vn 0.5712 0.0885 0.8160
vn 0.5031 0.8186 0.2771
vn 0.0683 -0.3606 0.9302
vn -0.3496 0.4973 0.7940
vn -0.2221 -0.0440 0.9740
vn -0.9187 0.1933 0.3443
vn 0.0808 0.1789 0.9805
vn -0.6046 0.6918 -0.3949
vn -0.2510 0.9357 0.2480
vn -0.1176 0.9220 0.3689
vn -0.2428 0.9612 -0.1305
vn 0.0461 0.9337 -0.3550
vn 0.0181 0.9995 -0.0247
vn 0.0288 0.9996 -0.0072
vn 0.0771 0.9881 0.1332
vn -0.5395 -0.5220 0.6606
vn -0.4840 -0.6998 0.5253
vn -0.3496 -0.5896 -0.7281
vn -0.9028 0.1099 0.4159
vn -0.9738 0.0213 0.2265
vn 0.4014 -0.7086 -0.5804
vn 0.2830 0.8662 0.4118
vn -0.2914 0.6558 0.6965
vn -0.5971 0.0837 0.7978
vn 0.7431 -0.1271 -0.6570
vn 0.0329 0.5995 -0.7997
vn -0.9215 0.0347 -0.3868
vn -0.7761 0.2912 -0.5593
vn -0.5553 0.8113 0.1829
vn -0.7854 0.6175 0.0424
vn 0.1231 0.7107 0.6927
vn 0.3211 -0.0036 0.9470
vn -0.3507 -0.3587 0.8651
vn 0.7884 0.5890 0.1773
vn 0.8790 -0.2197 0.4232
vn 0.1734 -0.7898 0.5883
vn 0.6526 -0.6331 0.4163
vn 0.3356 -0.8223 0.4596
vn 0.2962 -0.9193 0.2589
vn 0.2721 0.9611 -0.0475
vn -0.3472 0.8733 -0.3417
vn -0.8202 0.4798 -0.3116
vn -0.9377 -0.1666 -0.3049
vn -0.8431 -0.5305 -0.0882
vn -0.5557 -0.8047 0.2089
vn -0.0000 -0.9999 0.0156
vn 0.7597 -0.5349 -0.3697
vn 0.9618 0.0509 -0.2691
vn 0.5083 0.1463 -0.8487
vn -0.5262 -0.7797 -0.3395
vn -0.1785 -0.7722 -0.6097
vn -0.1634 -0.2890 -0.9433
vn 0.2453 -0.2867 -0.9261
vn 0.3985 0.5271 -0.7506
vn -0.0191 0.1943 -0.9808
vn -0.2411 0.4789 -0.8441
vn -0.4857 0.2144 -0.8474
vn -0.6367 -0.2564 -0.7273
vn 0.7994 0.1383 -0.5846
vn 0.6643 -0.6533 0.3632
vn -0.6614 0.5870 -0.4670
vn 0.4411 0.0014 0.8975
vn 0.9295 0.0069 -0.3689
vn -0.5549 -0.2919 -0.7790
vn 0.6272 -0.2229 -0.7463
vn -0.1949 0.9082 0.3704
vn 0.2794 0.5876 -0.7594
vn 0.8568 0.4634 -0.2260
vn -0.8627 -0.1287 0.4890
vn -0.9929 -0.0847 0.0839
vn -0.1926 -0.8243 0.5323
vn -0.2633 -0.8508 0.4547
vn 0.4504 -0.4141 -0.7910
vn 0.1645 -0.9676 -0.1915
vn -0.2131 -0.4683 -0.8575
vn -0.7040 -0.1285 -0.6985
vn -0.3933 -0.1280 -0.9105
vn -0.3184 0.7839 -0.5330
vn 0.0242 0.2285 -0.9732
vn 0.3305 -0.2504 -0.9100
vn -0.1635 -0.2607 -0.9515
vn -0.4772 -0.5176 -0.7102
vn -0.7981 -0.5187 -0.3065
vn -0.6719 0.4962 0.5498
vn -0.4471 0.8944 0.0112
vn 0.2422 0.9702 0.0024
vn 0.3503 0.8068 -0.4758
vn 0.6142 0.2635 -0.7438
vn 0.6756 -0.0223 -0.7369
vn 0.5254 -0.0909 -0.8460
vn -0.6666 -0.6839 0.2965
vn -0.2293 -0.9716 0.0583
vn 0.7765 -0.2331 -0.5854
vn 0.9287 -0.3706 0.0170
vn 0.5086 -0.8544 -0.1066
vn -0.3360 -0.4695 0.8165
vn -0.7029 -0.1038 0.7036
vn -0.1167 0.0282 0.9928
vn 0.2178 0.6682 0.7114
vn 0.8005 0.5667 0.1950
vn 0.6005 0.7853 -0.1510
vn 0.8252 0.4268 -0.3701
vn 0.9534 0.2625 -0.1486
vn 0.6974 -0.3477 0.6267
vn 0.2955 -0.5036 0.8118
vn 0.8087 0.3454 0.4762
vn 0.4750 -0.0785 0.8765
vn 0.6949 0.1443 0.7044
vn 0.6070 -0.7686 -0.2018
vn -0.8514 -0.4574 0.2567
vn 0.2646 -0.8279 0.4946
vn 0.1242 -0.7799 0.6134
vn 0.8846 -0.3938 0.2497
vn 0.5538 0.8190 -0.1502
vn 0.1486 0.4207 -0.8949
vn -0.1304 0.7344 0.6660
vn -0.9300 -0.2328 -0.2845
vn 0.6956 0.0681 0.7151
vn -0.9636 0.2660 0.0276
vn -0.5779 0.6227 0.5276
vn 0.0689 0.9519 -0.2984
vn 0.5582 0.4907 -0.6690
vn 0.2496 0.9407 0.2296
vn 0.6098 0.7817 -0.1306
vn 0.4590 -0.2024 -0.8651
vn 0.4470 0.3153 -0.8371
vn -0.3131 0.6335 -0.7075
vn -0.5739 -0.0311 -0.8183
vn -0.9084 0.4007 -0.1192
vn -0.7320 0.6664 -0.1420
vn -0.2014 0.8008 0.5640
vn 0.0721 -0.0200 0.9972
vn -0.0181 0.2677 0.9633
vn 0.4569 0.3875 0.8007
vn 0.8154 0.4226 0.3956
vn -0.4411 0.3004 0.8457
vn 0.9812 0.1151 -0.1548
vn 0.4341 -0.5935 -0.6778
vn 0.7277 -0.2715 -0.6298
vn 0.7301 -0.6594 -0.1791
vn 0.0819 -0.8661 -0.4931
vn -0.2948 -0.7823 -0.5487
vn -0.8878 -0.4511 -0.0913
vn -0.9836 0.1098 0.1432
vn -0.8327 -0.4181 0.3631
vn -0.3843 -0.8839 0.2665
vn -0.1120 -0.5708 0.8134
vn 0.4765 -0.1984 0.8565
vn 0.2226 -0.9702 0.0956
vn 0.6901 -0.6749 0.2614
vn 0.2748 -0.8138 -0.5121
vn -0.4121 -0.1196 0.9033
vn -0.7054 -0.4005 0.5848
vn 0.8130 -0.5006 -0.2974
vn 0.8366 0.5418 0.0807
vn 0.0684 -0.0201 -0.9975
vn 0.6952 -0.3943 -0.6010
vn 0.4762 -0.4929 0.7282
vn -0.5169 -0.1442 -0.8438
vn -0.8097 -0.4579 -0.3672
vn 0.3852 0.4148 -0.8244
vn -0.2925 0.0408 0.9554
vn -0.2092 0.0996 0.9728
vn 0.9480 -0.0575 -0.3129
vn 0.9271 -0.0859 0.3648
vn -0.9980 0.0355 -0.0513
vn -0.7769 0.6211 0.1035
vn -0.6546 0.1142 0.7473
vn -0.5460 0.1863 0.8168
vn -0.4478 0.4213 0.7886
vn 0.1248 0.5217 0.8439
vn 0.0704 0.9147 0.3980
vn -0.4381 0.8887 -0.1354
vn -0.8158 0.5674 0.1121
vn -0.9810 -0.0024 0.1942
vn 0.0645 -0.6802 0.7302
vn -0.5739 -0.7093 0.4094
vn 0.3440 -0.2089 0.9154
vn 0.2261 -0.0467 0.9730
vn -0.2867 -0.1951 0.9380
vn -0.8910 -0.3719 -0.2604
vn 0.4976 0.7917 0.3544
vn 0.6005 0.7407 -0.3014
vn 0.2587 0.7548 -0.6028
vn -0.4390 0.5102 -0.7396
vn -0.8538 -0.0317 -0.5196
vn -0.6300 -0.5147 -0.5816
vn -0.1586 -0.9603 -0.2295
vn 0.5063 -0.8602 0.0608
vn 0.4232 -0.7104 0.5623
vn 0.8491 -0.4589 0.2617
vn 0.6608 -0.2129 0.7198
vn 0.8521 0.2156 0.4769
vn 0.9996 -0.0045 -0.0294
vn 0.8489 0.4868 -0.2061
vn 0.6310 0.5668 -0.5298
vn 0.2535 0.3071 -0.9173
vn -0.2508 -0.2651 -0.9310
vn 0.0203 -0.7229 -0.6907
vn 0.5373 -0.7551 -0.3757
vn 0.7866 -0.5921 -0.1750
vn 0.9219 -0.2759 -0.2721
vn 0.8998 0.1559 -0.4074
vn 0.3326 -0.9025 0.2736
vn 0.7925 -0.5986 -0.1167
vn 0.1182 -0.0465 0.9919
vn -0.4014 -0.2455 0.8824
vn 0.0309 0.9713 -0.2357
vn -0.0203 0.9564 -0.2914
vn -0.2019 -0.0179 -0.9792
vn 0.7744 0.6296 -0.0634
vn 0.7118 0.6486 0.2695
vn -0.9224 0.3453 0.1729
vn 0.7108 0.1283 -0.6916
vn 0.8010 0.4152 -0.4314
vn 0.5289 -0.7939 -0.2999
vn 0.3455 -0.7572 -0.5544
vn -0.9628 0.0636 -0.2627
vn 0.6877 -0.2051 0.6964
vn 0.6262 -0.4115 0.6622
vn -0.5935 -0.7582 0.2700
vn -0.5400 -0.7191 0.4374
vn 0.2814 0.3303 -0.9009
vn -0.1364 -0.1659 -0.9767
vn 0.8046 -0.1318 -0.5791
vn 0.5708 -0.8142 0.1064
vn 0.1443 -0.8988 0.4138
vn -0.1066 -0.9785 -0.1764
vn -0.8031 -0.5135 -0.3023
vn -0.4687 -0.0388 -0.8825
vn -0.5420 0.3177 -0.7781
vn -0.0311 0.9592 -0.2810
vn 0.5134 0.8040 -0.3000
vn 0.8906 0.3028 -0.3394
vn 0.9578 -0.0437 0.2840
vn 0.8984 -0.4354 0.0572
vn 0.4003 -0.7923 0.4605
vn 0.2087 -0.4443 0.8712
vn -0.2143 -0.7778 0.5909
vn -0.7007 -0.4655 0.5407
vn -0.7290 -0.5935 0.3412
vn -0.9048 0.1705 0.3903
vn -0.8641 0.4006 -0.3047
vn -0.9793 -0.1099 0.1703
vn -0.8413 -0.3204 0.4353
vn -0.6481 0.7128 0.2683
vn -0.4189 0.8635 -0.2808
vn -0.1619 0.8368 0.5230
vn 0.2368 0.9693 0.0657
vn 0.3405 0.7616 0.5514
vn 0.6433 0.2641 0.7186
vn 0.1241 0.0241 0.9920
vn -0.5669 0.2690 0.7786
vn 0.4550 0.7262 0.5153
vn -0.5641 0.7027 -0.4337
vn -0.5888 0.6845 -0.4299
vn 0.3994 0.3621 0.8422
vn 0.9402 -0.0293 -0.3394
vn 0.8126 0.0817 -0.5770
vn 0.6670 0.1199 -0.7354
vn 0.0320 0.8142 -0.5797
vn -0.1275 0.8449 -0.5195
vn 0.0053 0.8329 -0.5534
vn 0.5152 0.8283 -0.2204
vn -0.1153 -0.2811 -0.9527
vn -0.2765 -0.0483 -0.9598
vn -0.5320 0.4495 0.7175
vn -0.5524 0.4525 0.7000
vn 0.5729 -0.8113 -0.1163
vn 0.2883 -0.9575 -0.0099
vn -0.1113 -0.9651 0.2370
vn 0.1391 0.9541 0.2652
vn 0.2894 0.9125 0.2892
vn 0.8381 0.2710 0.4735
vn 0.7523 -0.6371 0.1677
vn 0.3570 -0.5162 0.7785
vn -0.1167 -0.7136 0.6908
vn -0.5028 -0.6808 0.5326
vn -0.1618 -0.9864 -0.0287
vn 0.1159 -0.8042 -0.5829
vn 0.6864 0.6073 -0.3999
vn 0.9325 -0.1991 0.3013
vn 0.6091 -0.0526 0.7914
vn -0.1443 0.7066 0.6927
vn -0.1155 0.1393 0.9835
vn 0.7840 0.4088 0.4671
vn 0.4119 0.3370 0.8466
vn 0.3379 0.7708 0.5402
vn -0.6393 -0.7688 0.0176
vn -0.5869 -0.3812 -0.7143
vn -0.6184 0.2811 -0.7339
vn 0.5839 0.8001 0.1377
vn 0.4154 0.9087 -0.0398
vn -0.4369 0.8816 -0.1786
vn -0.2012 0.9777 0.0599
vn -0.5727 0.5982 0.5605
vn -0.8262 0.2007 0.5264
vn -0.9692 -0.0217 0.2455
vn -0.9205 0.3905 -0.0127
vn -0.6921 0.6985 0.1821
vn 0.4434 0.8899 -0.1072
vn 0.7436 0.6675 -0.0381
vn 0.2892 -0.9559 0.0514
vn -0.3040 -0.8711 -0.3857
vn -0.7372 0.2784 0.6156
vn -0.8877 0.4501 0.0967
vn 0.9230 -0.0153 0.3845
vn -0.0292 -0.1263 0.9916
vn -0.3761 -0.5208 0.7663
vn 0.2604 0.0199 -0.9653
vn -0.4350 -0.3599 -0.8254
vn -0.4153 -0.3755 -0.8286
vn -0.0880 0.4868 -0.8691
vn -0.0276 -0.6455 -0.7632
vn -0.1314 0.8118 0.5689
vn -0.1526 0.4265 0.8915
vn -0.5268 0.6235 0.5777
vn -0.7603 -0.2164 0.6124
vn -0.1081 -0.3464 0.9319
vn 0.5176 -0.0686 0.8529
vn 0.8180 0.2873 0.4982
vn 0.9697 -0.0196 -0.2433
vn 0.7506 0.5631 -0.3456
vn 0.1306 0.8453 -0.5181
vn -0.4930 0.7833 -0.3786
vn -0.3926 0.9076 -0.1491
vn -0.6569 0.7514 -0.0631
vn -0.9540 0.2995 -0.0173
vn -0.9209 -0.2709 -0.2802
vn -0.8734 -0.4709 0.1243
vn -0.6824 -0.5953 0.4242
vn -0.6125 -0.7850 0.0928
vn 0.0656 -0.9923 0.1046
vn 0.1119 -0.8024 0.5862
vn 0.7855 -0.5588 0.2661
vn -0.0209 0.4355 -0.9000
vn 0.4796 0.0536 -0.8758
vn 0.2388 -0.2673 -0.9336
vn -0.4799 0.1060 -0.8709
vn -0.5307 0.3616 -0.7665
vn -0.7761 0.1449 -0.6137
vn -0.6993 -0.5938 -0.3979
vn 0.4375 -0.7259 -0.5307
vn -0.2321 -0.7626 -0.6039
vn -0.9182 -0.3936 0.0452
vn -0.9819 -0.1772 -0.0673
vn -0.9378 -0.3424 0.0577
vn -0.2374 -0.9564 -0.1703
vn -0.2222 -0.9550 -0.1965
vn 0.8400 0.0363 -0.5414
vn -0.3200 0.1575 -0.9343
vn 0.7351 -0.3700 -0.5680
vn 0.4905 0.8678 0.0791
vn -0.3220 0.7383 -0.5927
vn -0.6889 0.1411 0.7110
vn -0.9055 0.4237 -0.0249
vn -0.9039 0.4248 -0.0507
vn -0.0379 0.8659 0.4988
vn -0.0234 0.8919 0.4516
vn -0.2767 -0.4834 0.8305
vn 0.2489 -0.7765 0.5788
vn 0.6857 0.4206 0.5940
vn -0.1182 0.1274 0.9848
vn -0.2471 -0.1176 0.9618
vn -0.8240 -0.1973 0.5312
vn -0.5662 -0.6217 0.5413
vn 0.6503 -0.6252 0.4316
vn 0.5379 -0.0771 0.8395
vn 0.3055 0.4266 0.8513
vn -0.4457 0.3692 0.8155
vn -0.6752 0.7206 0.1576
vn -0.3765 -0.7036 -0.6026
vn -0.7467 -0.4989 -0.4399
vn -0.9197 0.2486 -0.3038
vn -0.9449 -0.1391 -0.2963
vn 0.1360 -0.8591 -0.4935
vn 0.7423 -0.6616 0.1061
vn 0.8525 0.3748 -0.3643
vn 0.9982 0.0601 -0.0025
vn 0.9469 -0.1355 -0.2916
vn 0.1287 0.9330 -0.3361
vn -0.2652 0.9580 -0.1088
vn -0.5659 0.6531 -0.5033
vn -0.6994 0.6398 -0.3186
vn -0.7701 0.1954 -0.6073
vn -0.4413 -0.3489 -0.8268
vn 0.2441 0.0715 -0.9671
vn 0.5804 -0.3523 -0.7342
vn 0.6955 0.0450 -0.7171
vn 0.0053 0.2007 -0.9796
vn -0.9409 -0.2612 0.2157
vn -0.9627 -0.0668 0.2621
vn -0.4636 -0.8835 -0.0669
vn 0.7539 -0.5730 -0.3216
vn 0.7647 0.1784 -0.6192
vn 0.4251 0.1519 0.8923
vn -0.0179 -0.1838 0.9828
vn -0.4675 -0.6162 0.6338
vn -0.0144 0.2326 -0.9725
vn -0.8236 0.5669 0.0186
vn -0.7535 0.1810 0.6321
vn 0.6995 -0.3611 0.6166
vn -0.8157 -0.3347 -0.4718
vn -0.7283 -0.2217 -0.6485
vn -0.3582 0.9135 0.1932
vn -0.2048 0.4221 -0.8831
vn -0.3038 0.7116 -0.6336
vn 0.9639 0.1644 0.2094
vn 0.7472 0.6516 -0.1309
vn 0.4244 0.8894 -0.1700
vn 0.3947 -0.5696 -0.7210
vn -0.2042 -0.8006 -0.5633
vn 0.6889 -0.2268 -0.6884
vn 0.1111 -0.2511 -0.9616
vn 0.4756 0.2357 -0.8475
vn -0.0982 0.1827 -0.9782
vn 0.1210 0.4644 -0.8773
vn 0.8608 -0.0570 -0.5058
vn 0.4266 0.8080 -0.4065
vn 0.5007 -0.8277 -0.2533
vn -0.1700 -0.9295 -0.3272
vn -0.3732 -0.5543 -0.7440
vn -0.4748 -0.0841 -0.8760
vn -0.7683 0.2480 -0.5900
vn -0.5855 0.5265 -0.6164
vn -0.3726 0.8689 -0.3257
vn 0.0927 0.9957 0.0022
vn 0.2387 0.9624 0.1299
vn -0.1124 0.5928 0.7974
vn 0.4719 0.5010 0.7255
vn 0.6545 -0.6201 0.4326
vn 0.3279 -0.6743 0.6617
vn -0.0911 -0.9865 0.1358
vn -0.9707 -0.1478 -0.1896
vn -0.9921 0.1040 0.0696
vn -0.8356 0.4724 -0.2804
vn -0.6040 0.7901 0.1045
vn -0.8286 0.3691 0.4208
vn -0.4961 0.4600 0.7364
vn -0.5933 0.0611 0.8027
vn -0.0155 -0.1540 0.9879
vn -0.5491 0.7875 0.2799
vn -0.4747 0.7202 0.5059
vn -0.1331 0.8622 0.4887
vn 0.3342 0.7338 0.5915
vn 0.6623 0.6820 0.3103
vn -0.5397 -0.7083 0.4551
vn -0.5038 -0.7565 0.4171
vn 0.2741 -0.4162 0.8670
vn 0.0949 -0.1171 0.9886
vn 0.4265 0.5429 -0.7234
vn -0.2588 0.2767 -0.9255
vn -0.4922 -0.8615 -0.1249
vn 0.8693 0.3873 -0.3072
vn 0.2527 -0.8051 0.5366
vn -0.9889 0.0444 -0.1419
vn -0.6944 0.2150 -0.6867
vn -0.2905 0.8027 -0.5209
vn -0.2129 0.5879 -0.7804
vn -0.4687 0.0021 -0.8834
vn 0.0902 0.4475 -0.8897
vn 0.5530 0.1790 -0.8137
vn 0.5336 -0.1583 -0.8308
vn -0.2206 -0.1781 -0.9590
vn -0.8604 0.4821 0.1650
vn -0.9290 -0.3687 0.0327
vn -0.4088 0.9112 0.0513
vn -0.1742 -0.5390 -0.8241
vn -0.5948 -0.6419 -0.4839
vn 0.2981 0.8452 -0.4436
vn 0.0421 0.9350 -0.3523
vn -0.2320 0.9271 0.2944
vn 0.3022 0.9425 -0.1427
vn 0.8528 0.5212 0.0325
vn 0.8409 0.4323 -0.3255
vn 0.8787 0.0301 -0.4765
vn 0.9991 -0.0008 0.0419
vn 0.9226 -0.2689 0.2767
vn -0.6680 0.3564 0.6533
vn -0.5483 0.0287 0.8358
vn -0.2407 -0.9704 0.0215
vn -0.2065 -0.8364 0.5078
vn -0.2400 0.0928 0.9663
vn -0.3884 0.6865 0.6147
vn -0.1576 0.7280 0.6673
vn 0.8606 0.2901 0.4185
vn 0.3567 0.5231 0.7740
vn 0.5379 -0.3184 0.7806
vn 0.6595 -0.6523 0.3736
vn 0.8718 -0.4344 0.2263
vn 0.9854 -0.1052 -0.1335
vn 0.5211 0.6837 -0.5108
vn 0.0952 0.2177 0.9714
vn -0.1495 0.8987 -0.4122
vn -0.2727 0.8933 -0.3574
vn 0.8851 0.3582 -0.2970
vn -0.0057 -0.2334 0.9724
vn 0.3531 -0.3753 0.8570
vn 0.4484 -0.5869 0.6742
vn -0.5048 0.1178 -0.8552
vn 0.3155 0.7936 0.5203
vn 0.5983 0.6397 0.4824
vn -0.5661 0.6783 0.4684
vn 0.8680 0.4962 -0.0180
vn -0.6118 -0.7488 -0.2550
vn -0.9959 0.0629 -0.0644
vn -0.9938 0.1007 -0.0475
vn 0.5441 0.1003 -0.8330
vn 0.4258 0.1236 0.8963
vn -0.7017 -0.5271 0.4794
vn 0.3184 -0.7499 0.5798
vn 0.6808 -0.7280 -0.0803
vn 0.7746 -0.2055 0.5982
vn 0.6641 -0.5206 -0.5366
vn 0.9215 0.0943 0.3767
vn 0.5987 -0.1088 0.7936
vn 0.1741 -0.0953 0.9801
vn -0.2601 -0.2742 0.9258
vn -0.0640 -0.6457 0.7609
vn -0.4311 -0.5631 -0.7050
vn -0.1469 -0.9428 -0.2991
vn 0.0678 -0.2871 -0.9555
vn -0.6360 -0.7328 0.2419
vn 0.3219 0.5694 -0.7564
vn 0.7596 0.4791 -0.4399
vn 0.5980 0.7184 -0.3553
vn 0.1326 0.7864 -0.6033
vn 0.0549 0.9885 -0.1409
vn 0.6441 0.7249 0.2443
vn 0.6416 0.2731 0.7168
vn 0.3716 0.5063 0.7782
vn -0.1835 0.0147 0.9829
vn -0.2836 0.4733 0.8340
vn -0.8150 0.3450 0.4655
vn -0.9220 -0.1000 0.3741
vn -0.2811 0.5013 -0.8183
vn 0.0841 0.8904 0.4473
vn -0.4869 0.8226 0.2936
vn -0.0808 0.8867 0.4552
vn 0.9452 -0.2778 0.1714
vn 0.9172 0.2559 0.3055
vn 0.6730 -0.7240 -0.1509
vn 0.7243 -0.6408 -0.2544
vn 0.2031 -0.9000 0.3856
vn -0.6954 0.7069 0.1293
vn 0.5418 0.3664 -0.7564
vn -0.3738 0.7835 0.4964
vn 0.6283 -0.5789 0.5198
vn 0.2255 0.9682 -0.1083
vn 0.5695 0.7642 -0.3029
vn -0.7373 -0.4881 0.4671
vn -0.3682 -0.9020 0.2254
vn 0.3004 -0.9519 -0.0599
vn 0.3651 -0.7480 0.5542
vn 0.5360 -0.4770 0.6965
vn 0.3947 -0.3894 0.8322
vn -0.2809 -0.4956 0.8219
vn -0.9270 0.1184 -0.3558
vn -0.7668 0.2121 0.6058
vn 0.2310 0.0429 0.9720
vn -0.3799 -0.0650 0.9227
vn 0.2635 0.4276 0.8647
vn -0.0331 -0.1636 -0.9860
vn 0.2537 -0.6177 -0.7444
vn -0.2116 -0.5258 -0.8239
vn 0.9465 -0.3190 -0.0485
vn 0.6748 -0.3645 -0.6417
vn 0.2360 0.9560 0.1742
vn -0.3623 0.7957 -0.4854
vn 0.1949 0.6028 -0.7737
vn 0.8159 0.5582 0.1508
vn 0.7915 0.5261 -0.3110
vn 0.8471 0.3183 -0.4256
vn 0.9388 0.2900 -0.1858
vn 0.8944 -0.0000 0.4472
vn -0.1692 0.8910 -0.4213
vn 0.3982 0.9167 -0.0314
vn 0.6494 0.5518 -0.5233
vn -0.6345 -0.7446 -0.2071
vn -0.3089 -0.4204 0.8531
vn 0.7879 -0.5512 -0.2746
vn 0.8352 -0.5091 0.2082
vn 0.2879 -0.3200 -0.9026
vn -0.8877 0.2385 -0.3939
vn -0.1783 -0.8864 -0.4272
vn 0.2971 0.1354 0.9452
vn 0.2379 0.0566 0.9696
vn -0.6764 -0.0729 -0.7329
vn -0.6793 0.4528 -0.5775
vn -0.9279 -0.2865 -0.2385
vn -0.9604 0.2625 -0.0930
vn -0.5383 0.8425 -0.0191
vn -0.1236 0.7753 -0.6194
vn 0.0381 0.9983 0.0437
vn 0.1488 -0.6857 -0.7125
vn -0.0783 -0.1271 -0.9888
vn -0.3014 -0.7543 -0.5833
vn -0.7717 -0.5595 -0.3024
vn -0.6545 -0.7557 0.0247
vn -0.8965 -0.3881 0.2137
vn -0.6426 -0.5605 0.5225
vn -0.3898 -0.0768 0.9177
vn -0.3673 0.5315 0.7633
vn 0.3558 0.8173 0.4533
vn 0.4714 -0.0055 -0.8819
vn 0.3297 0.6494 -0.6853
vn 0.7187 0.6899 -0.0866
vn 0.9657 -0.0514 -0.2544
vn 0.2625 -0.8624 -0.4329
vn -0.0539 -0.9797 -0.1931
vn -0.3099 -0.9418 -0.1302
vn -0.0801 -0.9711 0.2248
vn -0.0792 -0.6070 0.7907
vn 0.9384 0.0210 0.3450
vn 0.7413 -0.6643 0.0958
vn 0.0553 -0.8455 0.5312
vn -0.2410 -0.6491 0.7215
vn -0.6664 -0.7322 0.1406
vn -0.0826 0.1858 -0.9791
vn -0.3259 0.8602 -0.3922
vn -0.4825 0.8683 -0.1150
vn 0.1554 0.9802 -0.1227
vn 0.6884 -0.4112 -0.5975
vn -0.9870 -0.1469 0.0656
vn -0.9638 -0.2458 0.1035
vn -0.5488 0.2900 0.7841
vn -0.7588 -0.4258 0.4928
vn -0.6158 0.5629 0.5513
vn 0.0541 -0.8204 -0.5693
vn 0.8828 0.2665 -0.3867
vn 0.3991 0.0680 -0.9144
vn -0.0281 -0.2922 -0.9560
vn -0.3882 0.1034 -0.9158
vn 0.0074 0.5842 -0.8116
vn 0.1591 0.8456 -0.5095
vn 0.6175 0.7134 0.3313
vn 0.8612 -0.4986 -0.0984
vn -0.1091 0.8318 -0.5443
vn 0.1388 0.9853 -0.0998
vn 0.2709 -0.9499 -0.1557
vn 0.3197 -0.7377 -0.5946
vn -0.0990 -0.5469 -0.8313
vn -0.5161 0.6752 -0.5271
vn -0.4257 -0.8206 -0.3814
vn -0.9253 -0.3202 -0.2031
vn -0.8497 0.0800 -0.5212
vn -0.7087 0.6878 -0.1570
vn 0.6447 -0.2548 0.7208
vn 0.2446 -0.0829 0.9661
vn 0.1674 0.6767 0.7170
vn 0.1619 -0.6490 0.7434
vn 0.1191 -0.9850 0.1252
vn -0.4096 0.8677 0.2817
vn -0.4761 0.6006 0.6423
vn -0.2471 -0.9248 0.2892
vn -0.9361 -0.1452 0.3203
vn -0.4880 -0.5465 0.6806
vn -0.7582 -0.0639 0.6489
vn -0.7257 0.2701 0.6328
vn -0.8540 0.2333 0.4651
vn -0.2355 -0.2788 0.9310
vn -0.5976 0.1303 0.7912
vn 0.2458 -0.5496 0.7984
vn -0.6370 -0.7566 0.1474
vn -0.9464 0.2987 -0.1229
vn 0.8884 -0.4536 0.0709
vn 0.3038 0.8881 0.3450
vn -0.5652 0.7768 0.2778
vn -0.5338 0.6256 -0.5689
vn 0.2033 -0.6293 -0.7501
vn -0.6655 -0.3490 0.6598
vn -0.5887 -0.5580 -0.5849
vn 0.7706 -0.6251 0.1240
vn 0.5557 0.5821 -0.5936
vn -0.1097 -0.9636 0.2439
vn 0.0353 -0.6520 0.7574
vn -0.0801 -0.9544 -0.2876
vn 0.4150 -0.8040 -0.4258
vn 0.4306 -0.8526 0.2960
vn 0.0737 -0.3236 0.9433
vn -0.7281 -0.4495 0.5175
vn -0.4116 -0.2978 0.8613
vn -0.9579 -0.0346 0.2850
vn -0.9613 -0.0391 -0.2726
vn -0.8267 -0.5605 -0.0487
vn 0.9060 0.0246 -0.4226
vn 0.3909 -0.2828 -0.8759
vn 0.7959 -0.5233 -0.3045
vn -0.0673 -0.5704 -0.8186
vn 0.8715 -0.4563 0.1798
vn 0.7569 -0.6209 0.2039
vn 0.8196 0.3949 0.4150
vn 0.5448 0.8240 0.1555
vn 0.4144 0.5850 0.6972
vn -0.0657 0.9211 0.3838
vn -0.5129 0.3545 0.7818
vn -0.4601 0.8600 -0.2209
vn -0.4041 0.2196 -0.8880
vn -0.2379 0.7610 -0.6036
vn 0.1938 0.5756 -0.7944
vn 0.0316 0.9887 -0.1463
vn -0.8517 0.0944 0.5154
vn -0.5774 0.1042 0.8098
vn 0.0277 -0.9996 0.0087
vn -0.3455 -0.7027 -0.6220
vn -0.0619 -0.0250 -0.9978
vn -0.2100 0.0672 -0.9754
vn 0.5860 0.7305 0.3508
vn 0.8328 0.4870 0.2631
vn -0.6725 -0.5505 0.4947
vn -0.7627 -0.4401 0.4738
vn 0.7934 0.1750 0.5830
vn 0.6412 -0.5915 0.4888
vn -0.2037 0.6078 0.7675
vn -0.3640 0.6122 0.7019
vn -0.6820 0.7079 0.1837
vn -0.7587 -0.0175 -0.6512
vn 0.3081 0.1240 0.9432
vn 0.2416 0.0103 0.9703
vn 0.2444 0.1720 0.9543
vn -0.8669 0.4977 0.0262
vn 0.5993 -0.7252 -0.3391
vn 0.6575 -0.5145 -0.5505
vn 0.9801 0.1602 -0.1168
vn 0.2133 0.9424 0.2577
vn -0.4703 0.7034 -0.5329
vn -0.5870 0.8012 -0.1162
vn -0.9439 0.2627 0.2001
vn 0.9466 0.0239 0.3214
vn 0.8570 0.1760 -0.4843
vn 0.5029 0.6646 -0.5526
vn -0.4839 -0.0425 -0.8741
vn -0.5664 0.2989 -0.7680
vn -0.1335 0.4035 -0.9052
vn 0.3745 0.3215 -0.8697
vn -0.9497 0.2401 -0.2013
vn -0.8991 -0.3474 0.2663
vn -0.8772 -0.3442 -0.3348
vn -0.8292 -0.5573 0.0438
vn -0.2333 -0.6008 0.7646
vn 0.4771 -0.4034 0.7808
vn 0.7352 -0.1105 0.6688
vn 0.8887 -0.3751 -0.2638
vn 0.8482 -0.5178 -0.1117
vn 0.3524 -0.2651 -0.8975
vn -0.2833 -0.3897 -0.8763
vn 0.0139 -0.6284 -0.7777
vn -0.5617 -0.6615 -0.4969
vn 0.2491 -0.9438 0.2171
vn -0.4240 -0.8793 0.2168
vn -0.1957 -0.8978 -0.3945
vn 0.2048 -0.9372 -0.2824
vn 0.2776 -0.9033 -0.3270
vn -0.8397 -0.5236 0.1440
vn -0.3732 -0.7515 0.5440
vn -0.5187 0.2555 -0.8159
vn -0.9832 0.1497 -0.1049
vn -0.7077 0.6899 -0.1527
vn -0.3643 0.9159 -0.1686
vn -0.2871 0.9551 -0.0737
vn 0.8310 0.1111 0.5451
vn 0.8945 0.4111 0.1759
vn 0.2020 -0.9043 0.3760
vn -0.1277 0.8086 0.5744
vn 0.1678 -0.5542 0.8153
vn -0.1940 -0.2291 0.9539
vn -0.9097 -0.0702 0.4093
vn -0.7092 -0.1745 0.6831
vn -0.0973 0.3692 -0.9243
vn -0.5776 0.8157 0.0302
vn -0.7641 0.6450 0.0091
vn 0.0006 0.8510 -0.5252
vn -0.0894 -0.1294 -0.9876
vn -0.4845 -0.2145 -0.8481
vn -0.0840 -0.5336 -0.8416
vn -0.5839 -0.7421 -0.3292
vn -0.9265 -0.3302 -0.1806
vn -0.9342 0.3154 0.1666
vn -0.6572 0.7046 0.2674
vn -0.2928 0.8659 0.4055
vn 0.0073 0.8000 0.6000
vn 0.3110 0.8540 0.4172
vn 0.3058 0.9475 -0.0938
vn 0.4875 0.2926 -0.8226
vn 0.7184 -0.3471 -0.6029
vn 0.6441 -0.7492 -0.1546
vn -0.0982 -0.9126 -0.3968
vn -0.5930 -0.7698 0.2361
vn -0.1079 -0.9289 0.3542
vn -0.1276 0.0658 0.9896
vn -0.6244 0.2609 0.7362
vn -0.1106 0.6428 0.7580
vn 0.2595 0.7126 0.6519
vn -0.9627 -0.2707 -0.0000
vn 0.6712 0.7412 0.0062
vn 0.8693 0.3510 -0.3480
vn -1.0000 -0.0000 -0.0000
vn 0.8456 -0.5118 0.1518
vn -0.0000 -0.7474 -0.6644
vn 0.4526 -0.2514 0.8555
vn 0.3760 -0.7750 0.5079
vn -0.7724 -0.5024 0.3886
vn 0.4950 -0.1290 0.8592
vn 0.4196 0.4622 0.7812
vn -0.1990 -0.0823 -0.9765
vn 0.0909 -0.3554 -0.9303
vn -0.5885 0.0969 0.8027
vn 0.0255 0.2463 0.9689
vn 0.9860 0.0597 0.1556
vn -0.0914 0.9861 0.1390
vn -0.6458 0.7403 0.1869
vn 0.4987 -0.7799 0.3782
vn -0.5036 0.5239 -0.6870
vn 0.6230 0.7772 0.0881
vn -0.1961 -0.8983 0.3933
vn -0.8468 -0.5077 -0.1588
vn -0.6683 -0.4517 0.5911
vn -0.6662 0.4651 0.5830
vn -0.9724 0.1447 0.1832
vn 0.3090 -0.9264 -0.2150
vn -0.6660 0.6910 -0.2812
vn -0.7165 0.2609 -0.6470
vn -0.3478 0.4631 -0.8152
vn -0.4800 -0.5145 -0.7105
vn 0.0738 -0.9029 -0.4235
vn 0.4095 -0.5270 0.7447
vn 0.9193 -0.3563 0.1671
vn 0.1014 -0.4391 0.8927
vn 0.7555 -0.5057 -0.4164
vn 0.9869 -0.1265 -0.1004
vn 0.0747 -0.1335 0.9882
vn -0.0502 0.4622 0.8854
vn -0.1956 0.4334 0.8797
vn 0.1250 0.9050 0.4065
vn -0.2419 0.9167 0.3180
vn -0.0564 0.9750 -0.2151
vn 0.6946 0.6025 -0.3930
vn 0.1450 0.4723 -0.8695
vn 0.3346 0.9382 -0.0881
vn 0.4194 0.4612 0.7819
vn 0.7379 0.0974 0.6679
vn 0.8563 -0.0888 -0.5087
vn 0.9169 0.3432 0.2040
vn 0.6658 0.7150 0.2133
vn 0.6694 -0.1644 -0.7244
vn -0.7241 0.4625 0.5117
vn -0.9042 0.2906 0.3129
vn 0.6002 0.7974 0.0629
vn 0.7229 0.6893 0.0484
vn 0.1632 -0.2544 0.9532
vn 0.1624 -0.3159 0.9348
vn 0.0858 0.8900 0.4478
vn -0.6190 -0.5248 0.5843
vn 0.4821 -0.8592 0.1711
vn -0.7700 0.3951 -0.5010
vn -0.3577 -0.1579 -0.9204
vn 0.3457 -0.1437 -0.9273
vn -0.2681 0.9182 -0.2917
vn -0.2897 0.9568 0.0239
vn 0.0564 0.9932 0.1022
vn 0.6708 0.7076 0.2221
vn 0.1370 0.9197 -0.3679
vn 0.3567 0.7771 -0.5185
vn 0.0246 0.7167 -0.6969
vn -0.5746 0.7886 -0.2191
vn -0.3782 0.8673 0.3236
vn -0.8413 0.5341 -0.0833
vn 0.3897 0.7188 0.5757
vn 0.8655 0.2613 0.4273
vn 0.7396 -0.2798 -0.6122
vn 0.9790 0.1484 -0.1400
vn 0.3858 0.2075 -0.8989
vn 0.1173 -0.3421 -0.9323
vn 0.0135 0.1606 -0.9869
vn -0.5183 0.3655 -0.7732
vn -0.4088 -0.3570 -0.8399
vn -0.6006 -0.4117 -0.6854
vn -0.9154 0.1593 -0.3697
vn -0.5835 -0.7475 -0.3175
vn -0.9880 0.1336 0.0780
vn -0.7599 -0.6087 0.2282
vn -0.2042 -0.9235 0.3247
vn 0.5012 -0.5642 0.6561
vn 0.8585 -0.4843 0.1687
vn 0.2694 -0.9518 -0.1466
vn 0.2701 -0.6994 -0.6617
vn -0.2456 -0.8054 -0.5395
vn 0.0496 -0.8707 -0.4893
vn 0.2870 -0.8840 -0.3690
vn -0.7833 -0.6034 -0.1497
vn 0.9026 -0.2827 0.3246
vn 0.7730 0.0931 -0.6276
vn 0.7395 0.0633 -0.6701
vn -0.4798 0.3868 0.7875
vn 0.0727 -0.0374 0.9967
vn -0.0823 0.4285 0.8998
vn -0.8764 0.4577 -0.1497
vn -0.8594 0.4813 -0.1727
vn 0.5364 0.0929 0.8388
vn 0.5180 0.3092 0.7976
vn 0.7523 0.3106 0.5810
vn -0.7071 -0.4110 0.5754
vn -0.0691 -0.7125 0.6983
vn -0.1403 0.4824 -0.8646
vn 0.1281 0.2487 -0.9601
vn -0.0587 0.7538 -0.6545
vn -0.4805 0.8746 -0.0650
vn -0.7040 -0.0622 -0.7074
vn -0.8096 -0.5671 0.1512
vn -0.7101 -0.1772 0.6815
vn -0.6546 0.5877 0.4755
vn -0.1016 0.7984 0.5935
vn -0.1008 0.9755 0.1957
vn 0.0816 -0.5443 -0.8349
vn 0.3706 0.2885 -0.8828
vn 0.0888 -0.6906 -0.7178
vn -0.2829 -0.8933 -0.3492
vn -0.3371 -0.8252 0.4532
vn 0.3486 -0.4771 0.8067
vn -0.0642 -0.3978 0.9152
vn 0.3874 0.7987 0.4604
vn -0.2519 -0.8330 0.4926
vn 0.4672 0.7629 -0.4469
vn 0.9424 0.3137 -0.1160
vn 0.6663 -0.4874 -0.5644
vn 0.5505 -0.6537 -0.5192
vn 0.9036 -0.3909 -0.1753
vn 0.0934 -0.9704 0.2229
vn 0.6248 -0.7807 -0.0072
vn 0.6997 -0.3102 0.6436
vn 0.9349 -0.1447 0.3242
vn 0.9418 0.3360 0.0107
vn 0.3694 0.8279 -0.4221
vn 0.9497 0.0543 0.3085
vn -0.4699 0.5333 -0.7033
vn -0.7033 0.5333 -0.4699
vn 0.4699 0.5333 0.7033
vn 0.7033 0.5333 0.4699
vn -0.9496 0.0543 -0.3086
vn -0.9713 0.1387 -0.1932
vn 0.7034 0.5333 -0.4699
vn -0.7034 0.5333 0.4699
vt 0.296885 0.943573
vt 0.301982 0.956261
vt 0.293801 0.950969
vt 0.309392 0.949005
vt 0.309830 0.965445
vt 0.292322 0.962424
vt 0.286225 0.958478
vt 0.296315 0.970300
vt 0.757753 0.942256
vt 0.758944 0.951278
vt 0.749769 0.943419
vt 0.430626 0.981601
vt 0.441120 0.973643
vt 0.439514 0.984747
vt 0.433400 0.961104
vt 0.433025 0.973806
vt 0.315474 0.970034
vt 0.315817 0.957780
vt 0.403674 0.386419
vt 0.411935 0.393410
vt 0.402745 0.394386
vt 0.285946 0.972170
vt 0.744812 0.952200
vt 0.400676 0.322497
vt 0.396691 0.388043
vt 0.418012 0.385735
vt 0.410909 0.385974
vt 0.412005 0.320914
vt 0.422618 0.968837
vt 0.419049 0.395190
vt 0.162221 0.341081
vt 0.161628 0.345047
vt 0.144228 0.340058
vt 0.411464 0.302719
vt 0.403187 0.303934
vt 0.405237 0.289851
vt 0.229112 0.354354
vt 0.228642 0.363262
vt 0.160837 0.349811
vt 0.419384 0.304379
vt 0.414744 0.289851
vt 0.719857 0.967775
vt 0.719857 0.981972
vt 0.711194 0.972107
vt 0.126796 0.337424
vt 0.126526 0.345382
vt 0.097265 0.342829
vt 0.864152 0.299021
vt 0.854704 0.300074
vt 0.861493 0.270709
vt 0.006855 0.200245
vt 0.014394 0.195541
vt 0.012829 0.262552
vt 0.980694 0.256226
vt 0.971968 0.256658
vt 0.976225 0.248517
vt 0.260836 0.180257
vt 0.254850 0.176221
vt 0.247583 0.109113
vt 0.028739 0.198291
vt 0.028378 0.262582
vt 0.022954 0.195607
vt 0.976240 0.976508
vt 0.967318 0.969987
vt 0.981972 0.967542
vt 0.963455 0.980183
vt 0.968803 0.983251
vt 0.020512 0.262289
vt 0.964769 0.468018
vt 0.975413 0.459550
vt 0.974285 0.471010
vt 0.968683 0.453070
vt 0.959867 0.455037
vt 0.482082 0.963439
vt 0.474446 0.971914
vt 0.474180 0.962313
vt 0.479247 0.980856
vt 0.482154 0.972121
vt 0.972841 0.479479
vt 0.960172 0.479479
vt 0.954228 0.474567
vt 0.954454 0.464198
vt 0.484587 0.985349
vt 0.488814 0.979068
vt 0.246227 0.095432
vt 0.254743 0.084238
vt 0.252663 0.110534
vt 0.053048 0.348550
vt 0.062447 0.347369
vt 0.062717 0.356141
vt 0.018689 0.284078
vt 0.026537 0.284329
vt 0.036189 0.335075
vt 0.028284 0.312305
vt 0.249536 0.083033
vt 0.260836 0.019631
vt 0.025160 0.333607
vt 0.247708 0.050518
vt 0.254856 0.016849
vt 0.245922 0.015100
vt 0.249994 0.005666
vt 0.033423 0.345452
vt 0.037536 0.352658
vt 0.024714 0.353267
vt 0.027530 0.338247
vt 0.018017 0.334236
vt 0.523807 0.053057
vt 0.515482 0.054237
vt 0.521671 0.041033
vt 0.532558 0.042423
vt 0.534191 0.054161
vt 0.521933 0.066215
vt 0.534450 0.088498
vt 0.527737 0.088454
vt 0.533302 0.065732
vt 0.220519 0.210099
vt 0.226314 0.232378
vt 0.221787 0.235056
vt 0.521239 0.088065
vt 0.524737 0.099732
vt 0.515070 0.043630
vt 0.515070 0.009892
vt 0.525467 0.006061
vt 0.539504 0.086907
vt 0.943857 0.341322
vt 0.935830 0.352323
vt 0.934697 0.341240
vt 0.447061 0.302492
vt 0.440461 0.324213
vt 0.437874 0.306554
vt 0.452775 0.310528
vt 0.452119 0.337481
vt 0.439545 0.344026
vt 0.429699 0.324714
vt 0.434262 0.338646
vt 0.108570 0.478279
vt 0.119830 0.469795
vt 0.119915 0.479699
vt 0.210362 0.056615
vt 0.205424 0.074563
vt 0.201561 0.052698
vt 0.950735 0.339168
vt 0.454835 0.284908
vt 0.439481 0.291951
vt 0.463656 0.295599
vt 0.955847 0.361847
vt 0.939236 0.360425
vt 0.953032 0.354623
vt 0.208623 0.089227
vt 0.201766 0.099434
vt 0.206445 0.040760
vt 0.059014 0.473547
vt 0.063942 0.482023
vt 0.049691 0.477916
vt 0.429699 0.349836
vt 0.446299 0.350497
vt 0.442957 0.371311
vt 0.443611 0.281782
vt 0.450322 0.278054
vt 0.193518 0.084984
vt 0.193242 0.062121
vt 0.193013 0.027159
vt 0.202405 0.029265
vt 0.431929 0.367832
vt 0.962793 0.353837
vt 0.953294 0.344706
vt 0.959656 0.333473
vt 0.505328 0.262511
vt 0.493942 0.264865
vt 0.500592 0.257733
vt 0.776071 0.498938
vt 0.768153 0.500144
vt 0.772292 0.491401
vt 0.434440 0.375725
vt 0.771666 0.520885
vt 0.762713 0.521917
vt 0.623091 0.170041
vt 0.623962 0.183935
vt 0.613217 0.171633
vt 0.493942 0.273430
vt 0.501540 0.270182
vt 0.143967 0.462701
vt 0.118733 0.461158
vt 0.144576 0.457976
vt 0.474812 0.295906
vt 0.466050 0.280934
vt 0.108996 0.460086
vt 0.195134 0.116258
vt 0.189719 0.105280
vt 0.603222 0.176808
vt 0.615325 0.183884
vt 0.612623 0.189980
vt 0.107176 0.469312
vt 0.095780 0.465159
vt 0.754649 0.522951
vt 0.762423 0.496941
vt 0.196248 0.124418
vt 0.189816 0.124939
vt 0.194625 0.166090
vt 0.191067 0.172021
vt 0.189732 0.164376
vt 0.769120 0.480828
vt 0.178001 0.122777
vt 0.189641 0.141164
vt 0.905918 0.745856
vt 0.894449 0.736325
vt 0.909092 0.729802
vt 0.340230 0.828210
vt 0.337872 0.810946
vt 0.347592 0.824060
vt 0.609310 0.149877
vt 0.615336 0.150184
vt 0.608983 0.158531
vt 0.600806 0.148557
vt 0.113198 0.942330
vt 0.111942 0.918588
vt 0.119110 0.942107
vt 0.121374 0.916983
vt 0.578500 0.163803
vt 0.593887 0.174758
vt 0.583510 0.178212
vt 0.130185 0.912910
vt 0.127900 0.940333
vt 0.136949 0.942492
vt 0.143147 0.939329
vt 0.059245 0.024027
vt 0.065120 0.022171
vt 0.069950 0.040276
vt 0.384862 0.364398
vt 0.384211 0.373579
vt 0.378411 0.368197
vt 0.362873 0.353094
vt 0.368735 0.371906
vt 0.374182 0.341110
vt 0.362139 0.346746
vt 0.134615 0.125447
vt 0.127904 0.117759
vt 0.141552 0.119214
vt 0.818310 0.014065
vt 0.812994 0.014065
vt 0.818285 0.006499
vt 0.071747 0.156324
vt 0.064576 0.141134
vt 0.075233 0.144568
vt 0.066726 0.185066
vt 0.071908 0.187753
vt 0.066612 0.192210
vt 0.067445 0.133966
vt 0.082036 0.112804
vt 0.081479 0.125701
vt 0.498130 0.596553
vt 0.488265 0.609680
vt 0.488856 0.590964
vt 0.498231 0.607677
vt 0.501825 0.632170
vt 0.493115 0.629902
vt 0.507536 0.609927
vt 0.509536 0.599207
vt 0.498468 0.586656
vt 0.073045 0.098182
vt 0.087226 0.096027
vt 0.341186 0.399877
vt 0.345017 0.406927
vt 0.323100 0.403663
vt 0.340135 0.392205
vt 0.349060 0.398332
vt 0.494927 0.637694
vt 0.078542 0.137479
vt 0.083213 0.149629
vt 0.344882 0.383136
vt 0.346307 0.374347
vt 0.334535 0.382197
vt 0.510165 0.632352
vt 0.326924 0.379568
vt 0.339703 0.372895
vt 0.327766 0.396095
vt 0.366365 0.235237
vt 0.375467 0.246726
vt 0.366384 0.255906
vt 0.650992 0.329728
vt 0.658176 0.331916
vt 0.650992 0.341258
vt 0.090999 0.171341
vt 0.081391 0.163774
vt 0.085268 0.156482
vt 0.081190 0.178718
vt 0.074681 0.173998
vt 0.360365 0.311568
vt 0.349389 0.315145
vt 0.356467 0.295712
vt 0.384861 0.258533
vt 0.377102 0.262270
vt 0.371046 0.299673
vt 0.374073 0.311572
vt 0.363174 0.321997
vt 0.359636 0.270888
vt 0.347648 0.286847
vt 0.312356 0.392607
vt 0.311370 0.398909
vt 0.368873 0.285586
vt 0.377664 0.277770
vt 0.379646 0.297398
vt 0.091075 0.231149
vt 0.084984 0.218298
vt 0.095591 0.218862
vt 0.276633 0.401706
vt 0.275808 0.394804
vt 0.275041 0.387303
vt 0.308129 0.380355
vt 0.312129 0.384977
vt 0.223902 0.403549
vt 0.228344 0.395602
vt 0.231403 0.406677
vt 0.660487 0.322818
vt 0.671859 0.324480
vt 0.668432 0.333382
vt 0.263417 0.382371
vt 0.276773 0.380083
vt 0.252218 0.383015
vt 0.251486 0.390248
vt 0.264345 0.401365
vt 0.261208 0.392618
vt 0.228711 0.387320
vt 0.104385 0.288615
vt 0.110502 0.277428
vt 0.111817 0.290244
vt 0.098921 0.280720
vt 0.101689 0.270067
vt 0.108573 0.264783
vt 0.178175 0.280150
vt 0.115990 0.283033
vt 0.115423 0.268836
vt 0.156455 0.275076
vt 0.458367 0.143204
vt 0.447934 0.134933
vt 0.457947 0.133917
vt 0.179146 0.271211
vt 0.177432 0.286459
vt 0.467940 0.136356
vt 0.464425 0.125198
vt 0.473086 0.125916
vt 0.203484 0.283056
vt 0.189552 0.289174
vt 0.334485 0.242775
vt 0.340110 0.242447
vt 0.329208 0.251240
vt 0.204620 0.277607
vt 0.159751 0.327491
vt 0.147482 0.324824
vt 0.158710 0.317888
vt 0.327193 0.244009
vt 0.239847 0.280604
vt 0.271417 0.276631
vt 0.315436 0.248241
vt 0.317632 0.237979
vt 0.339036 0.177630
vt 0.274897 0.285523
vt 0.755031 0.353622
vt 0.741843 0.357485
vt 0.747442 0.346429
vt 0.735221 0.349193
vt 0.735096 0.361586
vt 0.738869 0.341073
vt 0.326824 0.209041
vt 0.064198 0.336274
vt 0.060840 0.331805
vt 0.132915 0.324172
vt 0.756907 0.363731
vt 0.754163 0.372075
vt 0.744667 0.368117
vt 0.238686 0.268092
vt 0.277865 0.270074
vt 0.613690 0.982158
vt 0.625705 0.982329
vt 0.614643 0.990923
vt 0.963604 0.704195
vt 0.953697 0.698100
vt 0.965560 0.694481
vt 0.318361 0.177406
vt 0.311522 0.209159
vt 0.281323 0.279839
vt 0.288966 0.276432
vt 0.288177 0.284681
vt 0.331500 0.177743
vt 0.335975 0.162323
vt 0.326045 0.162330
vt 0.316078 0.159651
vt 0.313709 0.145085
vt 0.321520 0.142993
vt 0.367456 0.952221
vt 0.368102 0.948852
vt 0.374122 0.945013
vt 0.329155 0.143470
vt 0.327645 0.155584
vt 0.337362 0.143961
vt 0.280680 0.019039
vt 0.274789 0.089602
vt 0.268283 0.087165
vt 0.287389 0.012498
vt 0.280034 0.010560
vt 0.332941 0.075677
vt 0.327141 0.081790
vt 0.338996 0.076204
vt 0.398328 0.957655
vt 0.385595 0.948807
vt 0.398926 0.951447
vt 0.318496 0.074593
vt 0.320004 0.070243
vt 0.242878 0.975923
vt 0.249420 0.967412
vt 0.255958 0.976433
vt 0.234623 0.973093
vt 0.237136 0.981972
vt 0.398926 0.970888
vt 0.389119 0.968573
vt 0.376513 0.970390
vt 0.383011 0.956279
vt 0.393247 0.979115
vt 0.382837 0.979415
vt 0.301264 0.978136
vt 0.755926 0.962624
vt 0.426991 0.954125
vt 0.438841 0.952477
vt 0.958712 0.950751
vt 0.949058 0.964001
vt 0.951330 0.949034
vt 0.765857 0.957588
vt 0.962959 0.959023
vt 0.744950 0.958391
vt 0.197376 0.357637
vt 0.972196 0.949034
vt 0.221804 0.096947
vt 0.233050 0.112260
vt 0.226720 0.112455
vt 0.242937 0.144232
vt 0.242387 0.179909
vt 0.958145 0.973017
vt 0.243242 0.187031
vt 0.249721 0.181366
vt 0.254643 0.186738
vt 0.743160 0.969688
vt 0.735324 0.958102
vt 0.410056 0.979265
vt 0.420024 0.975870
vt 0.418988 0.985808
vt 0.128609 0.351964
vt 0.158691 0.357758
vt 0.193094 0.363416
vt 0.227689 0.081061
vt 0.234323 0.079513
vt 0.227895 0.096617
vt 0.235665 0.096475
vt 0.145258 0.350329
vt 0.239534 0.109669
vt 0.157516 0.363468
vt 0.227045 0.373354
vt 0.974080 0.963825
vt 0.732061 0.967226
vt 0.689171 0.005615
vt 0.700678 0.012387
vt 0.689156 0.014587
vt 0.983334 0.462535
vt 0.984529 0.474732
vt 0.129661 0.364769
vt 0.128454 0.359642
vt 0.142951 0.360409
vt 0.142470 0.366010
vt 0.233068 0.015700
vt 0.240255 0.013683
vt 0.063142 0.367609
vt 0.101596 0.356375
vt 0.064016 0.373354
vt 0.016879 0.347958
vt 0.006402 0.343871
vt 0.009991 0.339362
vt 0.218401 0.185278
vt 0.223027 0.197124
vt 0.213581 0.198802
vt 0.214173 0.211011
vt 0.213657 0.235438
vt 0.539802 0.042753
vt 0.532111 0.097384
vt 0.539041 0.097585
vt 0.540816 0.066173
vt 0.210916 0.185970
vt 0.542131 0.013294
vt 0.095881 0.482667
vt 0.110397 0.488429
vt 0.203964 0.155671
vt 0.214340 0.149886
vt 0.534257 0.008334
vt 0.204857 0.212010
vt 0.094936 0.474811
vt 0.204047 0.234650
vt 0.208579 0.242000
vt 0.198037 0.145642
vt 0.200647 0.188687
vt 0.202998 0.199643
vt 0.208958 0.140665
vt 0.142434 0.470435
vt 0.150876 0.472591
vt 0.193404 0.155931
vt 0.197439 0.201972
vt 0.962793 0.326316
vt 0.075707 0.465309
vt 0.067921 0.474168
vt 0.450313 0.369444
vt 0.459533 0.372429
vt 0.454029 0.377178
vt 0.070307 0.465621
vt 0.470018 0.315808
vt 0.006918 0.098518
vt 0.018284 0.092543
vt 0.014987 0.112700
vt 0.181928 0.152413
vt 0.771098 0.464467
vt 0.777395 0.457774
vt 0.777395 0.477752
vt 0.011660 0.076496
vt 0.021427 0.055063
vt 0.026774 0.069145
vt 0.079733 0.459339
vt 0.467924 0.377178
vt 0.457750 0.356216
vt 0.468709 0.352123
vt 0.465816 0.368892
vt 0.176669 0.058979
vt 0.184722 0.038927
vt 0.178243 0.106724
vt 0.020536 0.040413
vt 0.031239 0.035907
vt 0.027026 0.107219
vt 0.183295 0.081913
vt 0.174445 0.016930
vt 0.183831 0.010251
vt 0.076478 0.456072
vt 0.005402 0.162277
vt 0.015119 0.153713
vt 0.018455 0.170772
vt 0.348538 0.828971
vt 0.356932 0.824527
vt 0.357791 0.829919
vt 0.036064 0.085674
vt 0.134727 0.950007
vt 0.123497 0.948924
vt 0.031206 0.046310
vt 0.038472 0.057121
vt 0.168096 0.085528
vt 0.165417 0.155310
vt 0.174470 0.143298
vt 0.040070 0.114366
vt 0.036899 0.131418
vt 0.037984 0.043707
vt 0.046156 0.054072
vt 0.048577 0.075007
vt 0.159072 0.103549
vt 0.164951 0.119407
vt 0.026444 0.180888
vt 0.038855 0.174808
vt 0.165499 0.044500
vt 0.156579 0.058430
vt 0.155305 0.084864
vt 0.027906 0.162569
vt 0.032326 0.152665
vt 0.041416 0.166578
vt 0.041721 0.022688
vt 0.053209 0.028232
vt 0.045079 0.046705
vt 0.155718 0.006552
vt 0.165086 0.006422
vt 0.154921 0.017020
vt 0.060756 0.056353
vt 0.055798 0.092434
vt 0.162143 0.033746
vt 0.158565 0.142226
vt 0.144741 0.150116
vt 0.154952 0.120301
vt 0.145274 0.028026
vt 0.152044 0.161153
vt 0.168697 0.160427
vt 0.160745 0.169220
vt 0.051183 0.017063
vt 0.050647 0.142257
vt 0.054840 0.157219
vt 0.060056 0.115708
vt 0.052033 0.133097
vt 0.137983 0.049476
vt 0.363096 0.375973
vt 0.352826 0.354842
vt 0.136895 0.024433
vt 0.070040 0.072630
vt 0.146019 0.137745
vt 0.381583 0.792247
vt 0.389976 0.800230
vt 0.381084 0.807615
vt 0.140076 0.159521
vt 0.057040 0.049243
vt 0.072372 0.049978
vt 0.342045 0.779312
vt 0.353423 0.779968
vt 0.342721 0.791820
vt 0.134520 0.150324
vt 0.133103 0.140810
vt 0.068441 0.163434
vt 0.058903 0.171845
vt 0.128619 0.101379
vt 0.140075 0.101120
vt 0.129624 0.155668
vt 0.057515 0.178869
vt 0.139807 0.071590
vt 0.125639 0.076192
vt 0.190513 0.415522
vt 0.189901 0.425777
vt 0.185177 0.415522
vt 0.078292 0.037008
vt 0.086596 0.037442
vt 0.088044 0.051148
vt 0.131252 0.168730
vt 0.138582 0.175278
vt 0.129023 0.190436
vt 0.135711 0.193810
vt 0.127453 0.201755
vt 0.499592 0.570203
vt 0.507571 0.566298
vt 0.507424 0.586101
vt 0.330918 0.414270
vt 0.313006 0.407904
vt 0.343102 0.327942
vt 0.340879 0.309088
vt 0.123803 0.155299
vt 0.120413 0.189028
vt 0.352086 0.259585
vt 0.351563 0.247319
vt 0.360148 0.245928
vt 0.081011 0.205136
vt 0.072681 0.207607
vt 0.092601 0.119072
vt 0.342373 0.268887
vt 0.118470 0.201185
vt 0.122824 0.143880
vt 0.115901 0.154865
vt 0.071876 0.231716
vt 0.072761 0.220838
vt 0.081456 0.230453
vt 0.116213 0.211817
vt 0.123616 0.213503
vt 0.124718 0.234995
vt 0.071933 0.254348
vt 0.078772 0.254993
vt 0.113790 0.186323
vt 0.115003 0.237228
vt 0.122108 0.242936
vt 0.091946 0.205773
vt 0.087134 0.262704
vt 0.075642 0.263394
vt 0.085958 0.254705
vt 0.310465 0.403965
vt 0.279688 0.406654
vt 0.108951 0.211799
vt 0.110504 0.199976
vt 0.091242 0.255474
vt 0.294042 0.190125
vt 0.293948 0.181255
vt 0.300438 0.177693
vt 0.227241 0.319616
vt 0.239100 0.321792
vt 0.230132 0.334371
vt 0.283126 0.193070
vt 0.286280 0.184654
vt 0.177359 0.265764
vt 0.116875 0.261075
vt 0.177079 0.260473
vt 0.232726 0.312629
vt 0.222739 0.312076
vt 0.283588 0.150896
vt 0.288725 0.119230
vt 0.190125 0.316559
vt 0.193571 0.310236
vt 0.221000 0.327103
vt 0.222379 0.336274
vt 0.280858 0.119445
vt 0.204417 0.268149
vt 0.144996 0.314821
vt 0.294445 0.090712
vt 0.291052 0.105631
vt 0.286118 0.090108
vt 0.762025 0.345365
vt 0.763330 0.360818
vt 0.132139 0.314435
vt 0.974301 0.700496
vt 0.161787 0.308351
vt 0.164674 0.301457
vt 0.225159 0.951644
vt 0.239485 0.948255
vt 0.230591 0.959101
vt 0.146241 0.304896
vt 0.287139 0.055187
vt 0.297749 0.022831
vt 0.274804 0.121480
vt 0.273250 0.106173
vt 0.303031 0.018151
vt 0.295437 0.014702
vt 0.131056 0.306269
vt 0.060576 0.320498
vt 0.102779 0.320913
vt 0.061717 0.327268
vt 0.052004 0.327579
vt 0.225619 0.964502
vt 0.268989 0.120733
vt 0.281123 0.104510
vt 0.147001 0.298857
vt 0.952383 0.681389
vt 0.960827 0.684421
vt 0.265053 0.104317
vt 0.473086 0.621728
vt 0.471417 0.623962
vt 0.471417 0.614655
vt 0.287386 0.019652
vt 0.250310 0.952586
vt 0.240614 0.959043
vt 0.943901 0.687129
vt 0.063075 0.972139
vt 0.056494 0.960367
vt 0.066283 0.963431
vt 0.287531 0.005407
vt 0.294665 0.006188
vt 0.061433 0.311168
vt 0.084002 0.312458
vt 0.058798 0.941750
vt 0.066516 0.945268
vt 0.057053 0.950290
vt 0.947488 0.677403
vt 0.964930 0.278615
vt 0.980694 0.274828
vt 0.976680 0.282573
vt 0.737206 0.945038
vt 0.402756 0.404041
vt 0.396555 0.396267
vt 0.976676 0.266318
vt 0.410027 0.403291
vt 0.237759 0.179554
vt 0.765887 0.967628
vt 0.964104 0.270380
vt 0.954613 0.269509
vt 0.756009 0.973362
vt 0.416822 0.965038
vt 0.418625 0.952477
vt 0.978242 0.956372
vt 0.962954 0.261098
vt 0.687959 0.020317
vt 0.700678 0.020809
vt 0.692312 0.028904
vt 0.977980 0.448542
vt 0.983020 0.451201
vt 0.952047 0.259031
vt 0.960948 0.446512
vt 0.957376 0.252419
vt 0.012820 0.285505
vt 0.008204 0.276465
vt 0.050973 0.359916
vt 0.493399 0.969153
vt 0.489964 0.956056
vt 0.502494 0.977414
vt 0.493042 0.987087
vt 0.502494 0.963135
vt 0.499498 0.969395
vt 0.008009 0.288149
vt 0.515280 0.268734
vt 0.511046 0.256796
vt 0.508170 0.281294
vt 0.515202 0.276583
vt 0.441425 0.382304
vt 0.322210 0.424455
vt 0.322210 0.437285
vt 0.316065 0.431323
vt 0.600512 0.190513
vt 0.753187 0.489976
vt 0.753222 0.498272
vt 0.097018 0.457962
vt 0.364681 0.828138
vt 0.365198 0.833654
vt 0.065209 0.567677
vt 0.055975 0.574096
vt 0.054612 0.562192
vt 0.370963 0.816866
vt 0.371783 0.833192
vt 0.601201 0.165375
vt 0.344459 0.806890
vt 0.588098 0.160784
vt 0.612500 0.131855
vt 0.619411 0.123015
vt 0.619068 0.132264
vt 0.593683 0.142448
vt 0.606261 0.128001
vt 0.605844 0.118270
vt 0.360639 0.800478
vt 0.370134 0.799068
vt 0.600434 0.123422
vt 0.587637 0.134321
vt 0.572478 0.157243
vt 0.570008 0.147811
vt 0.581416 0.151042
vt 0.571744 0.139826
vt 0.371108 0.784317
vt 0.361471 0.782914
vt 0.341345 0.345861
vt 0.350965 0.336537
vt 0.620729 0.091673
vt 0.625240 0.099378
vt 0.620729 0.101010
vt 0.359057 0.335554
vt 0.334668 0.332132
vt 0.330597 0.320545
vt 0.869455 0.966826
vt 0.869455 0.980694
vt 0.859337 0.979741
vt 0.505758 0.641862
vt 0.130658 0.240509
vt 0.095896 0.173427
vt 0.454338 0.126134
vt 0.447716 0.123105
vt 0.237152 0.335837
vt 0.460443 0.116805
vt 0.629411 0.972597
vt 0.636748 0.979818
vt 0.947936 0.704088
vt 0.955089 0.709628
vt 0.277552 0.290244
vt 0.049347 0.960561
vt 0.053779 0.971038
vt 0.046446 0.967512
vt 0.046666 0.947451
vt 0.044462 0.954365
vt 0.616219 0.975473
vt 0.625379 0.967263
vt 0.273622 0.967908
vt 0.270866 0.966056
vt 0.273622 0.953309
vt 0.605364 0.986776
vt 0.605784 0.977625
vt 0.614178 0.971596
vt 0.617384 0.958937
vt 0.608898 0.968314
vt 0.259223 0.597111
vt 0.249079 0.584772
vt 0.260836 0.584772
vt 0.068029 0.953778
vt 0.962075 0.672426
vt 0.974301 0.675714
vt 0.968182 0.679348
vt 0.868176 0.708764
vt 0.859247 0.716079
vt 0.860449 0.709262
vt 0.375674 0.955254
vt 0.605364 0.960004
vt 0.076565 0.953048
vt 0.370422 0.964335
vt 0.285946 0.948341
vt 0.439871 0.962798
vt 0.405811 0.323339
vt 0.395981 0.305047
vt 0.235264 0.360053
vt 0.418848 0.320513
vt 0.551169 0.238198
vt 0.558752 0.243820
vt 0.551169 0.254443
vt 0.697601 0.029156
vt 0.850307 0.276263
vt 0.856707 0.244845
vt 0.697851 0.007245
vt 0.873290 0.246338
vt 0.873290 0.301752
vt 0.866865 0.244944
vt 0.964777 0.251070
vt 0.847984 0.247516
vt 0.006402 0.265276
vt 0.259382 0.008942
vt 0.040916 0.339943
vt 0.515733 0.067452
vt 0.517421 0.091598
vt 0.460985 0.319250
vt 0.463492 0.336856
vt 0.496421 0.279446
vt 0.203417 0.135099
vt 0.475643 0.332763
vt 0.894449 0.747987
vt 0.758782 0.480253
vt 0.750271 0.475800
vt 0.762820 0.466640
vt 0.753943 0.463985
vt 0.148129 0.949892
vt 0.112977 0.910131
vt 0.121492 0.906548
vt 0.614454 0.112627
vt 0.623962 0.117274
vt 0.064396 0.008654
vt 0.061864 0.013731
vt 0.054654 0.006264
vt 0.138206 0.014534
vt 0.148009 0.005722
vt 0.376575 0.375755
vt 0.364292 0.339465
vt 0.389927 0.787130
vt 0.381056 0.781491
vt 0.388391 0.774464
vt 0.741176 0.570260
vt 0.741176 0.557749
vt 0.745430 0.566239
vt 0.486491 0.572236
vt 0.131760 0.212106
vt 0.094172 0.063978
vt 0.079149 0.060317
vt 0.132936 0.233035
vt 0.486491 0.633535
vt 0.621620 0.764609
vt 0.621620 0.748912
vt 0.631633 0.752721
vt 0.370221 0.324815
vt 0.381788 0.238476
vt 0.659689 0.342071
vt 0.095896 0.097119
vt 0.095408 0.079241
vt 0.383177 0.279991
vt 0.310448 0.375675
vt 0.108311 0.234274
vt 0.265713 0.408172
vt 0.253312 0.405707
vt 0.664215 0.318784
vt 0.447716 0.142174
vt 0.337431 0.252402
vt 0.190585 0.261963
vt 0.311850 0.238788
vt 0.204700 0.288375
vt 0.298030 0.057067
vt 0.748428 0.337003
vt 0.972374 0.688876
vt 0.274356 0.264807
vt 0.629786 0.962007
vt 0.610808 0.982447
vt 0.340110 0.160463
vt 0.332274 0.068739
vt 0.071038 0.974301
vt 0.077926 0.963022
vt 0.079274 0.972458
vt 0.070091 0.938693
vt 0.248936 0.981687
vt 0.372950 0.978511
vt 0.765880 0.062712
vt 0.771002 0.067638
vt 0.765880 0.083110
vt 0.247158 0.195627
vt 0.253511 0.194013
vt 0.952105 0.279806
vt 0.232629 0.370413
vt 0.952707 0.977359
vt 0.748548 0.978136
vt 0.240850 0.082092
vt 0.053290 0.372226
vt 0.220118 0.242936
vt 0.142317 0.479949
vt 0.061077 0.488429
vt 0.309182 0.734538
vt 0.317095 0.718946
vt 0.317095 0.741594
vt 0.618659 0.156964
vt 0.065209 0.553758
vt 0.019143 0.129175
vt 0.021208 0.137186
vt 0.034189 0.141060
vt 0.387163 0.816502
vt 0.148319 0.945319
vt 0.045347 0.011459
vt 0.046753 0.184762
vt 0.374694 0.330751
vt 0.073822 0.030162
vt 0.352663 0.774464
vt 0.124712 0.050912
vt 0.085101 0.077900
vt 0.124431 0.035342
vt 0.122914 0.103729
vt 0.136790 0.166221
vt 0.121033 0.087092
vt 0.338736 0.292874
vt 0.319429 0.372895
vt 0.111983 0.151865
vt 0.303031 0.184979
vt 0.316753 0.255722
vt 0.277456 0.184253
vt 0.759699 0.337003
vt 0.489656 0.919320
vt 0.489656 0.907084
vt 0.494822 0.910426
vt 0.942604 0.696002
vt 0.607128 0.970779
vt 0.257001 0.963379
vt 0.057293 0.312030
vt 0.861157 0.702329
vt 0.765887 0.948834
vt 0.681902 0.021917
vt 0.681983 0.029408
vt 0.455185 0.561310
vt 0.452084 0.550496
vt 0.455185 0.544943
vt 0.084388 0.005862
vt 0.084388 0.023015
vt 0.081262 0.008656
vt 0.685130 0.011106
vt 0.144843 0.204201
vt 0.150876 0.209121
vt 0.144843 0.221199
vt 0.013252 0.357285
vt 0.029777 0.358011
vt 0.111804 0.950007
vt 0.351274 0.804669
vt 0.369166 0.381026
vt 0.604761 0.110854
vt 0.334142 0.343714
vt 0.327009 0.976017
vt 0.331160 0.971266
vt 0.331160 0.984529
vt 0.668740 0.342667
vt 0.673827 0.335995
vt 0.627428 0.989830
vt 0.554917 0.216085
vt 0.551464 0.210140
vt 0.554917 0.199661
vt 0.868176 0.721136
vt 0.225159 0.972978
vt 0.079274 0.945918
vt 0.205640 0.899260
vt 0.201345 0.900913
vt 0.203678 0.896671
vt 0.489998 0.436195
vt 0.493680 0.433080
vt 0.495333 0.437876
vt 0.537376 0.344720
vt 0.534656 0.348476
vt 0.534184 0.343878
vt 0.481759 0.414114
vt 0.482702 0.409703
vt 0.485662 0.411590
vt 0.030614 0.452458
vt 0.025623 0.455203
vt 0.027150 0.452686
vt 0.866091 0.123395
vt 0.865524 0.129177
vt 0.862620 0.125680
vt 0.489577 0.315927
vt 0.493458 0.313025
vt 0.493082 0.315413
vt 0.207401 0.905033
vt 0.213528 0.906293
vt 0.209107 0.909247
vt 0.198955 0.916311
vt 0.195713 0.913871
vt 0.201762 0.908957
vt 0.521264 0.243139
vt 0.515422 0.241830
vt 0.517654 0.239322
vt 0.032065 0.447424
vt 0.028991 0.446434
vt 0.031061 0.440510
vt 0.508887 0.477229
vt 0.505945 0.481803
vt 0.504693 0.462824
vt 0.009906 0.403374
vt 0.010305 0.413760
vt 0.006675 0.406894
vt 0.878405 0.101354
vt 0.874411 0.115343
vt 0.874352 0.102353
vt 0.459999 0.434324
vt 0.465182 0.433397
vt 0.461288 0.438287
vt 0.536140 0.295681
vt 0.539573 0.298151
vt 0.536350 0.297850
vt 0.049866 0.395665
vt 0.049769 0.401248
vt 0.047213 0.398514
vt 0.850691 0.108376
vt 0.853269 0.104790
vt 0.508887 0.409568
vt 0.505056 0.409391
vt 0.500012 0.449692
vt 0.506448 0.450009
vt 0.504000 0.454052
vt 0.488493 0.325091
vt 0.492455 0.443927
vt 0.450716 0.500320
vt 0.451741 0.504927
vt 0.006148 0.377877
vt 0.009506 0.374029
vt 0.006148 0.443865
vt 0.489961 0.441538
vt 0.477526 0.413821
vt 0.462255 0.431584
vt 0.009868 0.446602
vt 0.010142 0.449703
vt 0.029080 0.457766
vt 0.015778 0.468690
vt 0.867020 0.086083
vt 0.869785 0.081530
vt 0.874172 0.131233
vt 0.869516 0.127816
vt 0.878405 0.135106
vt 0.213322 0.904032
vt 0.483618 0.388697
vt 0.487047 0.345599
vt 0.489633 0.345861
vt 0.017185 0.371975
vt 0.025319 0.376924
vt 0.032874 0.378888
vt 0.529002 0.241138
vt 0.538868 0.234856
vt 0.537621 0.240116
vt 0.481055 0.222001
vt 0.502732 0.229204
vt 0.503012 0.233073
vt 0.208981 0.933679
vt 0.213528 0.941057
vt 0.538897 0.261616
vt 0.522815 0.250792
vt 0.525688 0.237018
vt 0.459207 0.508887
vt 0.446901 0.471632
vt 0.204303 0.903114
vt 0.530481 0.290208
vt 0.490094 0.300523
vt 0.480187 0.217444
vt 0.483927 0.177320
vt 0.490012 0.341310
vt 0.539573 0.370004
vt 0.872667 0.079561
vt 0.517813 0.179428
vt 0.534212 0.379303
vt 0.538750 0.267465
vt 0.531317 0.276180
vt 0.542130 0.197257
vt 0.782587 0.534678
vt 0.780552 0.534251
vt 0.782450 0.533076
vt 0.793507 0.811708
vt 0.791378 0.813618
vt 0.791759 0.811280
vt 0.460830 0.637149
vt 0.461013 0.635223
vt 0.462947 0.637131
vt 0.217147 0.707850
vt 0.215116 0.707243
vt 0.216564 0.705264
vt 0.470177 0.682088
vt 0.468778 0.676895
vt 0.471839 0.681215
vt 0.816272 0.815168
vt 0.814704 0.812768
vt 0.816531 0.812022
vt 0.197482 0.568860
vt 0.198378 0.570539
vt 0.184532 0.572817
vt 0.474801 0.688680
vt 0.477641 0.688314
vt 0.477412 0.688895
vt 0.441653 0.637587
vt 0.444205 0.638700
vt 0.443106 0.639979
vt 0.799725 0.835967
vt 0.800160 0.838332
vt 0.798455 0.838768
vt 0.161314 0.752076
vt 0.161370 0.750467
vt 0.162929 0.751585
vt 0.218642 0.711232
vt 0.218561 0.713485
vt 0.217608 0.713629
vt 0.796251 0.035329
vt 0.797220 0.036803
vt 0.795269 0.036500
vt 0.802408 0.049448
vt 0.802067 0.052341
vt 0.800830 0.050039
vt 0.438183 0.625321
vt 0.435973 0.624242
vt 0.436920 0.623126
vt 0.465449 0.695564
vt 0.464059 0.694510
vt 0.467000 0.693195
vt 0.255821 0.554880
vt 0.254064 0.556129
vt 0.253660 0.554483
vt 0.457953 0.635238
vt 0.443002 0.636633
vt 0.471291 0.684486
vt 0.802296 0.782637
vt 0.801259 0.779854
vt 0.898623 0.122747
vt 0.898623 0.072291
vt 0.900141 0.121811
vt 0.206934 0.536095
vt 0.199825 0.568583
vt 0.184855 0.570582
vt 0.473220 0.683045
vt 0.493338 0.679490
vt 0.492411 0.681494
vt 0.501404 0.684331
vt 0.785948 0.081943
vt 0.814356 0.814915
vt 0.793511 0.813872
vt 0.808123 0.523991
vt 0.262078 0.541795
vt 0.263262 0.543686
vt 0.821110 0.082606
vt 0.819430 0.083110
vt 0.314538 0.445524
vt 0.314538 0.471807
vt 0.320931 0.480757
vt 0.320931 0.455181
vt 0.320931 0.455181
vt 0.269586 0.569489
vt 0.215678 0.709232
vt 0.503751 0.682777
vt 0.836769 0.829058
vt 0.817735 0.813707
vt 0.837489 0.827100
vt 0.774961 0.542085
vt 0.765329 0.559665
vt 0.763997 0.557944
vt 0.202484 0.754179
vt 0.201096 0.755349
vt 0.762034 0.551873
vt 0.792807 0.584325
vt 0.818310 0.579389
vt 0.236311 0.527494
vt 0.761096 0.555279
vt 0.437457 0.688055
vt 0.818310 0.528274
vt 0.235989 0.543157
vt 0.209379 0.535243
vt 0.494638 0.657527
vt 0.269787 0.572817
vt 0.156657 0.705264
vt 0.787718 0.083110
vt 0.837489 0.783074
vt 0.803194 0.779567
vt 0.178672 0.772280
vt 0.214806 0.253165
vt 0.825982 0.022747
vt 0.775774 0.038830
vt 0.770060 0.049404
vt 0.355091 0.084017
vt 0.356125 0.078017
vt 0.357668 0.083264
vt 0.425522 0.158542
vt 0.428707 0.161237
vt 0.425007 0.162119
vt 0.371041 0.166629
vt 0.368243 0.166251
vt 0.371325 0.163025
vt 0.339838 0.441566
vt 0.341483 0.437896
vt 0.344958 0.438526
vt 0.418796 0.464559
vt 0.411728 0.463914
vt 0.418166 0.461216
vt 0.417085 0.218997
vt 0.417006 0.214016
vt 0.420310 0.215742
vt 0.379686 0.127878
vt 0.378843 0.123036
vt 0.382505 0.125522
vt 0.433168 0.107279
vt 0.434720 0.102829
vt 0.436793 0.105095
vt 0.272747 0.637747
vt 0.275618 0.634504
vt 0.277052 0.639994
vt 0.171268 0.396692
vt 0.170251 0.402032
vt 0.168197 0.397583
vt 0.332005 0.699610
vt 0.327036 0.705633
vt 0.326940 0.697446
vt 0.343309 0.727972
vt 0.347914 0.728401
vt 0.346361 0.731514
vt 0.171822 0.442604
vt 0.169713 0.439654
vt 0.173382 0.438290
vt 0.107457 0.441200
vt 0.113609 0.438296
vt 0.154820 0.444026
vt 0.336396 0.451694
vt 0.339282 0.455091
vt 0.335583 0.456659
vt 0.394011 0.456107
vt 0.394147 0.455400
vt 0.395210 0.454100
vt 0.334559 0.744577
vt 0.335408 0.752298
vt 0.331269 0.752541
vt 0.396381 0.234422
vt 0.398504 0.230695
vt 0.399744 0.234666
vt 0.060953 0.447513
vt 0.105085 0.438369
vt 0.059222 0.438537
vt 0.086402 0.383249
vt 0.059685 0.444828
vt 0.331048 0.705767
vt 0.330498 0.762051
vt 0.434727 0.139094
vt 0.173891 0.402703
vt 0.165883 0.444294
vt 0.437285 0.106205
vt 0.435740 0.113108
vt 0.162138 0.447513
vt 0.164747 0.445176
vt 0.376372 0.124837
vt 0.406933 0.005848
vt 0.375911 0.748406
vt 0.370277 0.180607
vt 0.372504 0.177366
vt 0.369316 0.411653
vt 0.380556 0.413293
vt 0.382797 0.417236
vt 0.279810 0.650886
vt 0.299379 0.674011
vt 0.295460 0.674786
vt 0.366488 0.410269
vt 0.299885 0.610163
vt 0.264849 0.610163
vt 0.273623 0.644687
vt 0.254554 0.665229
vt 0.279845 0.674479
vt 0.339598 0.480757
vt 0.395439 0.453419
vt 0.395533 0.458506
vt 0.390513 0.480757
vt 0.385189 0.479104
vt 0.372436 0.012574
vt 0.402252 0.005476
vt 0.350424 0.052243
vt 0.306247 0.610690
vt 0.330932 0.616604
vt 0.331160 0.670811
vt 0.140982 0.377655
vt 0.284868 0.675106
vt 0.374887 0.751523
vt 0.436551 0.428858
vt 0.444956 0.442114
vt 0.399178 0.430847
vt 0.434727 0.254443
vt 0.401641 0.244552
vt 0.415797 0.138090
vt 0.257763 0.668663
vt 0.437285 0.045166
vt 0.196100 0.520335
vt 0.195424 0.521673
vt 0.194423 0.521145
vt 0.441511 0.189224
vt 0.440960 0.191171
vt 0.440400 0.189459
vt 0.456597 0.210108
vt 0.458141 0.211542
vt 0.457005 0.223766
vt 0.449881 0.070320
vt 0.450424 0.068520
vt 0.451600 0.068569
vt 0.637449 0.205781
vt 0.638169 0.204892
vt 0.639266 0.206997
vt 0.478290 0.107403
vt 0.472385 0.100686
vt 0.479523 0.107017
vt 0.594233 0.203453
vt 0.592279 0.205215
vt 0.592599 0.203399
vt 0.147404 0.501700
vt 0.149348 0.502193
vt 0.148925 0.504091
vt 0.485487 0.010907
vt 0.487119 0.012745
vt 0.486029 0.012662
vt 0.217966 0.473153
vt 0.219370 0.474620
vt 0.217852 0.475443
vt 0.200344 0.408145
vt 0.200791 0.399756
vt 0.202020 0.409878
vt 0.622834 0.249106
vt 0.621581 0.247555
vt 0.623320 0.247125
vt 0.302478 0.453480
vt 0.302160 0.455513
vt 0.301355 0.453810
vt 0.458834 0.238207
vt 0.457957 0.239913
vt 0.457377 0.238374
vt 0.222752 0.467824
vt 0.223054 0.469690
vt 0.221140 0.468917
vt 0.177142 0.504295
vt 0.158269 0.519360
vt 0.160982 0.519908
vt 0.176632 0.506087
vt 0.167597 0.483092
vt 0.173095 0.484027
vt 0.185177 0.493179
vt 0.169633 0.483511
vt 0.197731 0.521367
vt 0.242656 0.503273
vt 0.245493 0.503862
vt 0.232467 0.500069
vt 0.185723 0.491865
vt 0.279907 0.475643
vt 0.221284 0.475643
vt 0.501024 0.040758
vt 0.501215 0.044130
vt 0.500547 0.041897
vt 0.200791 0.399756
vt 0.451976 0.070961
vt 0.625198 0.247624
vt 0.638794 0.244041
vt 0.624704 0.249329
vt 0.150110 0.521673
vt 0.160534 0.520420
vt 0.474683 0.007316
vt 0.638189 0.209607
vt 0.641862 0.240979
vt 0.205248 0.448902
vt 0.216377 0.473861
vt 0.199857 0.442361
vt 0.200869 0.440263
vt 0.185625 0.395406
vt 0.186210 0.394471
vt 0.198983 0.399300
vt 0.200791 0.399756
vt 0.448567 0.079998
vt 0.435120 0.192122
vt 0.565737 0.225302
vt 0.590655 0.204731
vt 0.594175 0.205011
vt 0.200354 0.385686
vt 0.185362 0.393198
vt 0.201247 0.383344
vt 0.633091 0.204032
vt 0.206862 0.435733
vt 0.203072 0.436975
vt 0.204926 0.435597
vt 0.457618 0.208718
vt 0.480757 0.156478
vt 0.479622 0.155165
vt 0.453252 0.237272
vt 0.480757 0.255322
vt 0.455895 0.240407
vt 0.455144 0.238908
vt 0.172343 0.518076
vt 0.081831 0.297916
vt 0.501215 0.101863
vt 0.460114 0.155220
vt 0.448883 0.079021
vt 0.450840 0.072484
vt 0.434492 0.194424
vt 0.479936 0.257001
vt 0.630745 0.203399
vt 0.251493 0.418893
vt 0.476343 0.006206
vt 0.640650 0.241824
vt 0.193032 0.469785
vt 0.149724 0.520388
vt 0.148069 0.505971
vt 0.293214 0.474599
vt 0.874275 0.151813
vt 0.867956 0.151126
vt 0.873356 0.149068
vt 0.607600 0.019778
vt 0.608095 0.024537
vt 0.603801 0.018968
vt 0.635814 0.139937
vt 0.633493 0.129141
vt 0.636024 0.128535
vt 0.645504 0.118023
vt 0.650372 0.113937
vt 0.649715 0.117632
vt 0.006065 0.577395
vt 0.010441 0.576202
vt 0.010251 0.580182
vt 0.010603 0.519540
vt 0.006065 0.516531
vt 0.009930 0.515227
vt 0.607836 0.082348
vt 0.603866 0.082296
vt 0.608618 0.078899
vt 0.051601 0.698682
vt 0.050156 0.692878
vt 0.054472 0.693724
vt 0.858959 0.170224
vt 0.862939 0.174833
vt 0.857771 0.175224
vt 0.880064 0.193264
vt 0.883950 0.192069
vt 0.884798 0.199812
vt 0.900141 0.482039
vt 0.896408 0.484801
vt 0.894952 0.479504
vt 0.055842 0.673182
vt 0.058887 0.670882
vt 0.060408 0.673583
vt 0.016917 0.558250
vt 0.021307 0.557922
vt 0.019198 0.563028
vt 0.639759 0.148650
vt 0.644260 0.148879
vt 0.642613 0.153395
vt 0.872269 0.162909
vt 0.877015 0.164717
vt 0.873665 0.167756
vt 0.881043 0.504699
vt 0.877578 0.505304
vt 0.878839 0.500361
vt 0.640392 0.118556
vt 0.639257 0.114508
vt 0.642417 0.113369
vt 0.029449 0.578237
vt 0.030528 0.582353
vt 0.008219 0.571336
vt 0.571927 0.020340
vt 0.555336 0.064353
vt 0.566860 0.023980
vt 0.008470 0.527933
vt 0.066488 0.734538
vt 0.063496 0.739036
vt 0.864803 0.167835
vt 0.876091 0.159528
vt 0.870555 0.155627
vt 0.598615 0.007186
vt 0.572665 0.016538
vt 0.594278 0.005874
vt 0.066488 0.670201
vt 0.884798 0.157357
vt 0.880945 0.154949
vt 0.861336 0.178312
vt 0.856517 0.185533
vt 0.604404 0.050503
vt 0.896408 0.522584
vt 0.900141 0.525507
vt 0.018162 0.735691
vt 0.023620 0.736638
vt 0.008598 0.696349
vt 0.022236 0.673255
vt 0.007956 0.705670
vt 0.878960 0.187655
vt 0.635435 0.155294
vt 0.635551 0.164278
vt 0.654608 0.166310
vt 0.659901 0.116757
vt 0.641512 0.140705
vt 0.659923 0.107625
vt 0.662181 0.112123
vt 0.659568 0.113104
vt 0.872021 0.490121
vt 0.874631 0.488352
vt 0.641344 0.107805
vt 0.644359 0.113163
vt 0.020958 0.595832
vt 0.046030 0.549668
vt 0.035336 0.578684
vt 0.041552 0.572900
vt 0.860117 0.188463
vt 0.879608 0.204578
vt 0.662320 0.144081
vt 0.006400 0.721710
vt 0.877026 0.474920
vt 0.584229 0.084229
vt 0.555723 0.077039
vt 0.602744 0.082972
vt 0.051136 0.902638
vt 0.050243 0.902863
vt 0.051200 0.901656
vt 0.532052 0.901627
vt 0.532340 0.901048
vt 0.532814 0.902020
vt 0.909091 0.247389
vt 0.908648 0.248053
vt 0.908516 0.247206
vt 0.149945 0.883778
vt 0.149158 0.884278
vt 0.149659 0.883298
vt 0.238489 0.226474
vt 0.239125 0.225860
vt 0.239206 0.226852
vt 0.595882 0.947393
vt 0.595438 0.946714
vt 0.596258 0.946650
vt 0.611118 0.945327
vt 0.610231 0.945036
vt 0.610624 0.943487
vt 0.599692 0.916967
vt 0.600837 0.916729
vt 0.600146 0.917475
vt 0.258279 0.248493
vt 0.257473 0.248950
vt 0.257427 0.247774
vt 0.885580 0.250930
vt 0.884553 0.251266
vt 0.885122 0.249801
vt 0.900190 0.243994
vt 0.899396 0.244528
vt 0.899545 0.243783
vt 0.164867 0.901298
vt 0.164693 0.902361
vt 0.164070 0.901877
vt 0.189234 0.883543
vt 0.189012 0.884407
vt 0.188592 0.883810
vt 0.530682 0.926870
vt 0.530218 0.927518
vt 0.529923 0.926745
vt 0.178794 0.859352
vt 0.149548 0.884825
vt 0.180290 0.860890
vt 0.165544 0.901699
vt 0.181672 0.911649
vt 0.183261 0.911387
vt 0.156969 0.911649
vt 0.156100 0.911463
vt 0.545805 0.915855
vt 0.548608 0.904602
vt 0.546297 0.916194
vt 0.547937 0.903151
vt 0.530605 0.899829
vt 0.518782 0.883235
vt 0.885630 0.249560
vt 0.891688 0.257929
vt 0.890930 0.258232
vt 0.073869 0.884075
vt 0.066776 0.889546
vt 0.065943 0.889028
vt 0.059917 0.891850
vt 0.059792 0.891080
vt 0.050973 0.888879
vt 0.050532 0.903508
vt 0.030010 0.907899
vt 0.610551 0.945703
vt 0.596854 0.924964
vt 0.597740 0.924274
vt 0.578297 0.921334
vt 0.578255 0.922051
vt 0.578255 0.956869
vt 0.503713 0.932106
vt 0.503215 0.931341
vt 0.257425 0.207290
vt 0.509322 0.888041
vt 0.509818 0.887408
vt 0.248511 0.238874
vt 0.248511 0.238874
vt 0.907315 0.269226
vt 0.906936 0.269787
vt 0.068034 0.918219
vt 0.067402 0.919075
vt 0.248083 0.239381
vt 0.238700 0.227394
vt 0.203299 0.253641
vt 0.203299 0.254443
vt 0.051895 0.888735
vt 0.028898 0.920940
vt 0.030010 0.908614
vt 0.056469 0.926431
vt 0.548159 0.904094
vt 0.898940 0.222558
vt 0.884553 0.217622
vt 0.518138 0.883436
vt 0.885959 0.250092
vt 0.073451 0.894056
vt 0.075438 0.884176
vt 0.188184 0.871094
vt 0.199463 0.299195
vt 0.048005 0.933385
vt 0.149197 0.896056
vt 0.026179 0.884075
vt 0.611175 0.914537
vt 0.549802 0.931497
vt 0.841414 0.183732
vt 0.839216 0.183586
vt 0.839909 0.179429
vt 0.213132 0.391818
vt 0.214806 0.393080
vt 0.214137 0.393812
vt 0.850529 0.835896
vt 0.850170 0.849559
vt 0.849239 0.837412
vt 0.088323 0.815023
vt 0.087878 0.793888
vt 0.089503 0.815762
vt 0.867655 0.806030
vt 0.862718 0.808192
vt 0.865656 0.803532
vt 0.082326 0.823761
vt 0.083090 0.826843
vt 0.081046 0.826000
vt 0.869104 0.665092
vt 0.866976 0.664868
vt 0.868484 0.661478
vt 0.881128 0.639662
vt 0.878513 0.649540
vt 0.876849 0.647864
vt 0.085949 0.824242
vt 0.083107 0.826832
vt 0.083775 0.822883
vt 0.853276 0.814817
vt 0.855197 0.810623
vt 0.860362 0.809790
vt 0.846368 0.232692
vt 0.844401 0.232285
vt 0.846810 0.228264
vt 0.881476 0.637960
vt 0.878879 0.638005
vt 0.880540 0.635945
vt 0.982898 0.427539
vt 0.984011 0.423733
vt 0.986079 0.427119
vt 0.870787 0.688760
vt 0.872117 0.686690
vt 0.872509 0.689171
vt 0.850170 0.849559
vt 0.853596 0.855965
vt 0.852521 0.856865
vt 0.849802 0.825931
vt 0.851160 0.823742
vt 0.837175 0.210149
vt 0.838211 0.218305
vt 0.837175 0.219627
vt 0.863001 0.811907
vt 0.838864 0.177029
vt 0.832375 0.577901
vt 0.832375 0.584325
vt 0.844394 0.202370
vt 0.840085 0.189633
vt 0.843625 0.176987
vt 0.884798 0.638733
vt 0.844312 0.227019
vt 0.838553 0.223971
vt 0.980575 0.422224
vt 0.978846 0.426644
vt 0.978846 0.417611
vt 0.874569 0.822602
vt 0.869605 0.803906
vt 0.089503 0.784839
vt 0.854729 0.858241
vt 0.853769 0.859226
vt 0.214806 0.391167
vt 0.869811 0.684551
vt 0.084668 0.787738
vt 0.086558 0.783991
vt 0.984626 0.418070
vt 0.984106 0.415972
vt 0.985177 0.416118
vt 0.077236 0.809662
vt 0.078340 0.806416
vt 0.987087 0.417878
vt 0.981376 0.429613
vt 0.984418 0.429111
vt 0.085987 0.827400
vt 0.088315 0.827809
vt 0.085834 0.843882
vt 0.086484 0.824188
vt 0.088582 0.826203
vt 0.086688 0.822984
vt 0.083109 0.826968
vt 0.083536 0.842622
vt 0.839242 0.174913
vt 0.093339 0.297916
vt 0.842323 0.203167
vt 0.838682 0.195592
vt 0.878935 0.681671
vt 0.884798 0.663607
vt 0.841301 0.175293
vt 0.087862 0.783774
vt 0.874569 0.833387
vt 0.838303 0.207300
vt 0.851554 0.214237
vt 0.874534 0.820896
vt 0.980575 0.427922
vt 0.838177 0.233986
vt 0.861842 0.809344
vt 0.088669 0.843233
vt 0.873230 0.634029
vt 0.866160 0.648075
vt 0.882352 0.637562
vt 0.981341 0.417624
vt 0.913434 0.975102
vt 0.911985 0.975930
vt 0.912225 0.971727
vt 0.943294 0.147914
vt 0.941783 0.149191
vt 0.941684 0.146970
vt 0.900176 0.163514
vt 0.897622 0.166139
vt 0.898423 0.162448
vt 0.927496 0.974315
vt 0.925625 0.975361
vt 0.926282 0.973527
vt 0.153711 0.574688
vt 0.155085 0.575827
vt 0.153583 0.575901
vt 0.812277 0.751740
vt 0.812449 0.749943
vt 0.813409 0.750922
vt 0.822146 0.737751
vt 0.820499 0.736849
vt 0.821705 0.735841
vt 0.322067 0.885503
vt 0.320759 0.886668
vt 0.320797 0.884197
vt 0.907976 0.141367
vt 0.909801 0.142236
vt 0.909151 0.143693
vt 0.219921 0.042194
vt 0.219800 0.041580
vt 0.219921 0.041164
vt 0.316159 0.886460
vt 0.317530 0.887707
vt 0.315801 0.888070
vt 0.309125 0.912514
vt 0.308696 0.913593
vt 0.307806 0.911576
vt 0.924043 0.961989
vt 0.923249 0.963726
vt 0.922900 0.963096
vt 0.913897 0.157230
vt 0.914997 0.155201
vt 0.915485 0.161251
vt 0.932297 0.141152
vt 0.932015 0.143137
vt 0.929923 0.141995
vt 0.938642 0.162058
vt 0.940278 0.162621
vt 0.939104 0.163847
vt 0.318508 0.921758
vt 0.317863 0.920756
vt 0.318585 0.919869
vt 0.299225 0.891316
vt 0.942605 0.166880
vt 0.300580 0.915936
vt 0.943278 0.149819
vt 0.939168 0.159621
vt 0.927629 0.941665
vt 0.926879 0.947988
vt 0.924503 0.948109
vt 0.941676 0.168343
vt 0.946171 0.173339
vt 0.945376 0.175190
vt 0.820409 0.739556
vt 0.065209 0.390223
vt 0.063493 0.395090
vt 0.063465 0.384928
vt 0.191792 0.216691
vt 0.191792 0.222478
vt 0.191791 0.222478
vt 0.103567 0.164941
vt 0.103567 0.162466
vt 0.324767 0.908501
vt 0.898825 0.166787
vt 0.897046 0.175082
vt 0.313793 0.926683
vt 0.155092 0.590287
vt 0.156498 0.591520
vt 0.164336 0.585859
vt 0.164194 0.587836
vt 0.932754 0.966839
vt 0.924183 0.964120
vt 0.820399 0.754365
vt 0.820080 0.755583
vt 0.822146 0.755658
vt 0.913897 0.180168
vt 0.164561 0.571841
vt 0.164941 0.573236
vt 0.913459 0.976858
vt 0.915182 0.964549
vt 0.909162 0.957603
vt 0.913466 0.964661
vt 0.901676 0.184120
vt 0.940793 0.140619
vt 0.926275 0.948794
vt 0.935942 0.950014
vt 0.934087 0.965166
vt 0.898936 0.140743
vt 0.902662 0.135533
vt 0.323746 0.912138
vt 0.913652 0.154974
vt 0.898186 0.177205
vt 0.301867 0.917701
vt 0.936878 0.182841
vt 0.929923 0.175808
vt 0.210971 0.299195
vt 0.911153 0.950621
vt 0.929592 0.942405
vt 0.910159 0.941665
vt 0.907510 0.952081
vt 0.925276 0.948661
vt 0.298539 0.893048
vt 0.309258 0.575634
vt 0.305568 0.580670
vt 0.306129 0.575142
vt 0.720062 0.534098
vt 0.716672 0.533601
vt 0.718798 0.530592
vt 0.726003 0.739036
vt 0.725208 0.737585
vt 0.727780 0.736808
vt 0.752421 0.318267
vt 0.757567 0.307280
vt 0.761422 0.305333
vt 0.747715 0.321123
vt 0.748690 0.323683
vt 0.348291 0.571023
vt 0.349590 0.567906
vt 0.353047 0.569863
vt 0.721114 0.697090
vt 0.718221 0.696020
vt 0.719789 0.693585
vt 0.756043 0.318531
vt 0.755295 0.320570
vt 0.716304 0.543436
vt 0.714866 0.545870
vt 0.713018 0.542718
vt 0.737896 0.542812
vt 0.734928 0.545966
vt 0.734946 0.543540
vt 0.704232 0.518784
vt 0.707805 0.516334
vt 0.706150 0.521564
vt 0.761191 0.291255
vt 0.764189 0.293884
vt 0.760905 0.294377
vt 0.310743 0.591735
vt 0.308235 0.593776
vt 0.306555 0.591451
vt 0.132973 0.693902
vt 0.136153 0.694633
vt 0.135044 0.697600
vt 0.424758 0.529115
vt 0.423634 0.526336
vt 0.427134 0.526728
vt 0.320264 0.558491
vt 0.319643 0.556203
vt 0.326756 0.557573
vt 0.143204 0.720505
vt 0.142018 0.723400
vt 0.140949 0.719549
vt 0.734902 0.524311
vt 0.735131 0.519095
vt 0.737829 0.521872
vt 0.125179 0.718202
vt 0.120597 0.715879
vt 0.123348 0.713447
vt 0.429205 0.529541
vt 0.456464 0.531262
vt 0.456077 0.533652
vt 0.426855 0.515874
vt 0.093781 0.692309
vt 0.119892 0.720465
vt 0.080010 0.739289
vt 0.419298 0.528356
vt 0.385963 0.549802
vt 0.382612 0.547918
vt 0.379197 0.547776
vt 0.370706 0.523207
vt 0.370088 0.520712
vt 0.737730 0.693839
vt 0.848997 0.428334
vt 0.848997 0.421977
vt 0.792738 0.337161
vt 0.354175 0.170055
vt 0.354175 0.166282
vt 0.354175 0.170055
vt 0.108073 0.757895
vt 0.103062 0.759494
vt 0.731679 0.522095
vt 0.709402 0.519844
vt 0.737776 0.312670
vt 0.744417 0.321950
vt 0.736204 0.314963
vt 0.786986 0.273664
vt 0.764859 0.289549
vt 0.690156 0.683292
vt 0.687997 0.685662
vt 0.317123 0.557999
vt 0.742519 0.289891
vt 0.740077 0.292853
vt 0.368310 0.585108
vt 0.368710 0.580956
vt 0.362945 0.556203
vt 0.294698 0.593971
vt 0.349357 0.603504
vt 0.706628 0.671978
vt 0.733584 0.675031
vt 0.734878 0.668741
vt 0.668813 0.720509
vt 0.737758 0.736762
vt 0.423333 0.515305
vt 0.374163 0.515305
vt 0.228871 0.297916
vt 0.705530 0.545966
vt 0.355849 0.602383
vt 0.366759 0.557847
vt 0.737758 0.689904
vt 0.735574 0.475962
vt 0.089131 0.693384
vt 0.141756 0.735449
vt 0.126437 0.715078
vt 0.260272 0.799511
vt 0.264672 0.801542
vt 0.261150 0.803552
vt 0.842311 0.018791
vt 0.846397 0.020509
vt 0.843489 0.024491
vt 0.848082 0.328727
vt 0.844991 0.324068
vt 0.848997 0.323782
vt 0.465857 0.815419
vt 0.461470 0.813165
vt 0.464141 0.810510
vt 0.794152 0.147676
vt 0.799459 0.148490
vt 0.795919 0.150967
vt 0.481268 0.817493
vt 0.481080 0.812785
vt 0.484797 0.815522
vt 0.306211 0.874551
vt 0.302482 0.872824
vt 0.309152 0.868054
vt 0.241593 0.813559
vt 0.241023 0.809844
vt 0.246179 0.811579
vt 0.794330 0.319627
vt 0.797861 0.315838
vt 0.806946 0.322642
vt 0.798773 0.107767
vt 0.794434 0.108787
vt 0.796632 0.106103
vt 0.228335 0.783247
vt 0.230156 0.778876
vt 0.231527 0.783982
vt 0.250707 0.770397
vt 0.249316 0.774720
vt 0.245694 0.770845
vt 0.807171 0.127350
vt 0.803327 0.122884
vt 0.808412 0.123016
vt 0.316594 0.844445
vt 0.312480 0.837730
vt 0.318788 0.839280
vt 0.867497 0.011079
vt 0.863651 0.008065
vt 0.868248 0.005626
vt 0.224766 0.818310
vt 0.219356 0.815469
vt 0.222674 0.813442
vt 0.469385 0.835273
vt 0.472559 0.834251
vt 0.473833 0.838139
vt 0.327588 0.863059
vt 0.213457 0.778691
vt 0.840717 0.287554
vt 0.231989 0.812719
vt 0.233233 0.806224
vt 0.233350 0.811789
vt 0.220186 0.810200
vt 0.280024 0.882241
vt 0.274717 0.880650
vt 0.328603 0.856174
vt 0.319418 0.847363
vt 0.321282 0.843732
vt 0.832255 0.341389
vt 0.838118 0.340538
vt 0.816148 0.285299
vt 0.794479 0.315953
vt 0.834191 0.282711
vt 0.819624 0.285362
vt 0.819387 0.282711
vt 0.253128 0.774128
vt 0.263256 0.797105
vt 0.234083 0.812128
vt 0.274717 0.830276
vt 0.277132 0.825787
vt 0.867591 0.056237
vt 0.871891 0.011858
vt 0.872012 0.063931
vt 0.261226 0.818310
vt 0.812559 0.163960
vt 0.847288 0.015378
vt 0.492884 0.832609
vt 0.489575 0.835073
vt 0.507608 0.786007
vt 0.461470 0.784660
vt 0.819451 0.133937
vt 0.822738 0.130882
vt 0.791074 0.132861
vt 0.802725 0.128282
vt 0.796809 0.144570
vt 0.788138 0.135398
vt 0.835054 0.156127
vt 0.822262 0.164941
vt 0.818034 0.163027
vt 0.487027 0.838768
vt 0.825644 0.138018
vt 0.462479 0.815926
vt 0.829070 0.135015
vt 0.845335 0.136931
vt 0.788710 0.128614
vt 0.263235 0.775527
vt 0.261635 0.815351
vt 0.846440 0.134127
vt 0.835566 0.041500
vt 0.866084 0.062580
vt 0.852354 0.005713
vt 0.326198 0.858885
vt 0.216328 0.756015
vt 0.844890 0.329253
vt 0.836120 0.285340
vt 0.463971 0.784344
vt 0.836619 0.106103
vt 0.852359 0.060343
vt 0.506919 0.779359
vt 0.213678 0.783098
vt 0.797625 0.283976
vt 0.890843 0.799811
vt 0.893883 0.802314
vt 0.892209 0.803122
vt 0.764180 0.139689
vt 0.760808 0.135011
vt 0.764584 0.129670
vt 0.903854 0.770855
vt 0.907726 0.769857
vt 0.909415 0.772385
vt 0.267794 0.938236
vt 0.263389 0.939998
vt 0.265296 0.935060
vt 0.768203 0.838579
vt 0.770649 0.839990
vt 0.769036 0.843320
vt 0.964140 0.901783
vt 0.961790 0.900393
vt 0.962393 0.897130
vt 0.253612 0.908912
vt 0.254873 0.912098
vt 0.250261 0.910946
vt 0.869204 0.886234
vt 0.872249 0.884609
vt 0.871368 0.888868
vt 0.297916 0.367580
vt 0.296329 0.369518
vt 0.296329 0.366223
vt 0.763595 0.146369
vt 0.767687 0.147205
vt 0.765720 0.149283
vt 0.278408 0.910681
vt 0.274137 0.912500
vt 0.275027 0.909336
vt 0.965350 0.913440
vt 0.965122 0.918031
vt 0.963398 0.915035
vt 0.766799 0.846185
vt 0.764149 0.846939
vt 0.764225 0.843627
vt 0.727023 0.818061
vt 0.730739 0.818908
vt 0.730422 0.822088
vt 0.874089 0.855884
vt 0.872848 0.864929
vt 0.870479 0.857280
vt 0.768546 0.836557
vt 0.741140 0.812361
vt 0.742932 0.811839
vt 0.243476 0.900609
vt 0.889874 0.888554
vt 0.889100 0.884319
vt 0.869911 0.876612
vt 0.876717 0.865559
vt 0.764135 0.861872
vt 0.760026 0.869455
vt 0.781848 0.161105
vt 0.785066 0.159990
vt 0.771858 0.125806
vt 0.765330 0.142477
vt 0.732441 0.814077
vt 0.729081 0.816196
vt 0.958910 0.894673
vt 0.952690 0.893923
vt 0.278814 0.895822
vt 0.965350 0.896533
vt 0.962863 0.895138
vt 0.276723 0.915453
vt 0.896085 0.901373
vt 0.898885 0.897704
vt 0.899354 0.899780
vt 0.901201 0.896114
vt 0.892159 0.796223
vt 0.881851 0.780106
vt 0.884276 0.778965
vt 0.908234 0.810950
vt 0.896008 0.808781
vt 0.896050 0.805601
vt 0.921516 0.815995
vt 0.907217 0.813796
vt 0.761340 0.140904
vt 0.761339 0.103742
vt 0.907234 0.775662
vt 0.924435 0.804004
vt 0.923788 0.810490
vt 0.949177 0.932595
vt 0.951644 0.934664
vt 0.936869 0.908453
vt 0.946178 0.933603
vt 0.903357 0.773912
vt 0.884237 0.776050
vt 0.893194 0.900465
vt 0.909091 0.879350
vt 0.882618 0.907114
vt 0.765096 0.100128
vt 0.781952 0.098233
vt 0.924435 0.768461
vt 0.938808 0.904567
vt 0.282573 0.937387
vt 0.239151 0.934092
vt 0.867399 0.859349
vt 0.771002 0.823894
vt 0.888794 0.855253
vt 0.776163 0.097408
vt 0.869950 0.874831
vt 0.734777 0.869455
vt 0.867399 0.909092
vt 0.319873 0.781021
vt 0.319068 0.782586
vt 0.317990 0.781096
vt 0.291995 0.782051
vt 0.293541 0.781338
vt 0.293162 0.782848
vt 0.407600 0.935749
vt 0.406701 0.937221
vt 0.405831 0.936065
vt 0.297702 0.761463
vt 0.298027 0.763210
vt 0.296543 0.762068
vt 0.824971 0.679209
vt 0.824522 0.681208
vt 0.823801 0.680222
vt 0.845086 0.912534
vt 0.843480 0.913882
vt 0.843876 0.912176
vt 0.376976 0.927324
vt 0.376035 0.925736
vt 0.377537 0.926638
vt 0.558705 0.862511
vt 0.557031 0.863240
vt 0.557295 0.861889
vt 0.085631 0.282573
vt 0.085631 0.277667
vt 0.085667 0.278120
vt 0.509324 0.840628
vt 0.509063 0.842305
vt 0.508269 0.841084
vt 0.855112 0.884481
vt 0.854166 0.882708
vt 0.855390 0.883461
vt 0.393233 0.912328
vt 0.395030 0.909408
vt 0.395156 0.912432
vt 0.841085 0.699417
vt 0.839723 0.700747
vt 0.840043 0.698229
vt 0.903215 0.711850
vt 0.902929 0.713403
vt 0.902062 0.712640
vt 0.845957 0.686545
vt 0.845199 0.684666
vt 0.846617 0.685029
vt 0.554604 0.848040
vt 0.554509 0.850113
vt 0.551496 0.847870
vt 0.909091 0.667105
vt 0.909058 0.668406
vt 0.907871 0.667414
vt 0.899517 0.672382
vt 0.898539 0.671751
vt 0.899797 0.670749
vt 0.401202 0.923983
vt 0.398447 0.913777
vt 0.395885 0.914510
vt 0.397534 0.915183
vt 0.407877 0.891842
vt 0.394553 0.892002
vt 0.898560 0.675408
vt 0.883977 0.703751
vt 0.884696 0.705853
vt 0.517483 0.822071
vt 0.515921 0.822797
vt 0.516546 0.823425
vt 0.381815 0.921190
vt 0.393543 0.914158
vt 0.382906 0.922411
vt 0.514638 0.843267
vt 0.809245 0.671418
vt 0.807901 0.714492
vt 0.853884 0.875306
vt 0.853848 0.874367
vt 0.843910 0.874371
vt 0.843315 0.873382
vt 0.555740 0.850016
vt 0.287508 0.805310
vt 0.324803 0.795751
vt 0.320821 0.782469
vt 0.854111 0.689194
vt 0.854031 0.687436
vt 0.849128 0.673179
vt 0.826869 0.681297
vt 0.844620 0.686119
vt 0.006393 0.132975
vt 0.006393 0.127774
vt 0.845299 0.907676
vt 0.848102 0.904771
vt 0.842316 0.874926
vt 0.292601 0.777995
vt 0.287508 0.756345
vt 0.288930 0.756948
vt 0.845047 0.914198
vt 0.842316 0.920415
vt 0.299862 0.763090
vt 0.840533 0.703832
vt 0.845422 0.713892
vt 0.844261 0.716260
vt 0.835703 0.724972
vt 0.837286 0.723500
vt 0.288615 0.806275
vt 0.323856 0.798562
vt 0.327324 0.780158
vt 0.534465 0.879684
vt 0.509762 0.860811
vt 0.560031 0.822071
vt 0.299238 0.818310
vt 0.842172 0.665903
vt 0.848067 0.671156
vt 0.374294 0.900896
vt 0.807901 0.672416
vt 0.823602 0.719749
vt 0.808776 0.715149
vt 0.828074 0.722406
vt 0.537016 0.390643
vt 0.537016 0.398926
vt 0.893451 0.716021
vt 0.909091 0.713259
vt 0.396185 0.891648
vt 0.406304 0.891492
vt 0.683426 0.242212
vt 0.679183 0.238737
vt 0.683342 0.236662
vt 0.678517 0.230865
vt 0.676870 0.235418
vt 0.674445 0.233015
vt 0.540733 0.543991
vt 0.541719 0.548207
vt 0.535303 0.547022
vt 0.555326 0.433880
vt 0.556037 0.431724
vt 0.558194 0.431372
vt 0.533305 0.466340
vt 0.534903 0.459985
vt 0.535917 0.465611
vt 0.470213 0.538711
vt 0.472298 0.535710
vt 0.473478 0.540623
vt 0.367360 0.620168
vt 0.362290 0.622670
vt 0.362492 0.619937
vt 0.784561 0.202551
vt 0.783977 0.209942
vt 0.781054 0.204150
vt 0.245137 0.601811
vt 0.248751 0.608618
vt 0.232473 0.600463
vt 0.560426 0.433700
vt 0.559167 0.439014
vt 0.556344 0.435842
vt 0.520649 0.443190
vt 0.522644 0.437148
vt 0.524504 0.441774
vt 0.377299 0.613050
vt 0.379870 0.618659
vt 0.372736 0.616096
vt 0.409965 0.673031
vt 0.394621 0.649344
vt 0.412037 0.667529
vt 0.768533 0.183288
vt 0.769722 0.180159
vt 0.773428 0.182803
vt 0.223774 0.598735
vt 0.224837 0.604241
vt 0.221529 0.601822
vt 0.698121 0.235309
vt 0.688755 0.234125
vt 0.697636 0.231160
vt 0.222976 0.583812
vt 0.221530 0.585554
vt 0.219451 0.581775
vt 0.229890 0.599204
vt 0.227525 0.595108
vt 0.229517 0.594182
vt 0.663107 0.299409
vt 0.663929 0.292609
vt 0.666192 0.298243
vt 0.371281 0.613310
vt 0.365397 0.625307
vt 0.421941 0.637060
vt 0.665761 0.245847
vt 0.681497 0.234013
vt 0.678761 0.244455
vt 0.651237 0.258971
vt 0.200601 0.587392
vt 0.192133 0.587449
vt 0.348964 0.685031
vt 0.351984 0.687892
vt 0.351343 0.622215
vt 0.348964 0.625632
vt 0.556104 0.435414
vt 0.755046 0.183307
vt 0.775575 0.195078
vt 0.749276 0.185909
vt 0.781219 0.234298
vt 0.768807 0.244929
vt 0.758615 0.242037
vt 0.776887 0.240553
vt 0.525126 0.546612
vt 0.477166 0.562588
vt 0.475810 0.559781
vt 0.671241 0.302983
vt 0.698121 0.300278
vt 0.691866 0.304309
vt 0.552430 0.544699
vt 0.202247 0.583299
vt 0.229207 0.599865
vt 0.541448 0.490092
vt 0.538914 0.491129
vt 0.540565 0.417658
vt 0.795671 0.182046
vt 0.800410 0.182966
vt 0.793538 0.219529
vt 0.790283 0.221867
vt 0.792451 0.224217
vt 0.548912 0.516366
vt 0.535859 0.543131
vt 0.545467 0.510671
vt 0.653686 0.257737
vt 0.421138 0.640854
vt 0.550577 0.548759
vt 0.549671 0.562588
vt 0.495866 0.500431
vt 0.523197 0.496273
vt 0.558752 0.533716
vt 0.559249 0.431603
vt 0.567703 0.422350
vt 0.562362 0.414332
vt 0.465158 0.521321
vt 0.112518 0.058816
vt 0.097633 0.015010
vt 0.112518 0.005595
vt 0.518326 0.414332
vt 0.535549 0.417668
vt 0.558437 0.501215
vt 0.169589 0.608618
vt 0.729250 0.414111
vt 0.727188 0.410308
vt 0.730047 0.410826
vt 0.132205 0.793377
vt 0.135593 0.796479
vt 0.131741 0.797764
vt 0.163662 0.659975
vt 0.160761 0.660823
vt 0.158993 0.656874
vt 0.272497 0.534540
vt 0.274227 0.531661
vt 0.275783 0.536738
vt 0.602282 0.596606
vt 0.598509 0.595660
vt 0.601466 0.592110
vt 0.556198 0.613466
vt 0.555598 0.610228
vt 0.560051 0.610874
vt 0.112028 0.796147
vt 0.112132 0.800463
vt 0.109143 0.798033
vt 0.698826 0.146628
vt 0.700312 0.142891
vt 0.705792 0.144610
vt 0.665041 0.183549
vt 0.669180 0.180033
vt 0.668524 0.186915
vt 0.145906 0.643404
vt 0.144872 0.637781
vt 0.148890 0.640612
vt 0.129331 0.771462
vt 0.133542 0.775124
vt 0.130355 0.775423
vt 0.705792 0.207196
vt 0.698112 0.206118
vt 0.701267 0.202793
vt 0.566708 0.574267
vt 0.565725 0.578856
vt 0.561404 0.577534
vt 0.751278 0.423472
vt 0.747942 0.424032
vt 0.747983 0.420430
vt 0.304901 0.539902
vt 0.309572 0.539043
vt 0.305486 0.544688
vt 0.125714 0.627624
vt 0.130331 0.630746
vt 0.125861 0.633654
vt 0.123275 0.794539
vt 0.122666 0.798911
vt 0.117707 0.795314
vt 0.107250 0.782625
vt 0.101362 0.776014
vt 0.353949 0.543963
vt 0.316317 0.540512
vt 0.354392 0.540074
vt 0.353569 0.511774
vt 0.588074 0.629076
vt 0.599506 0.608333
vt 0.604119 0.596275
vt 0.287380 0.539849
vt 0.300645 0.484909
vt 0.305378 0.484909
vt 0.700902 0.150431
vt 0.705238 0.202807
vt 0.106037 0.773618
vt 0.105677 0.769723
vt 0.123347 0.606573
vt 0.151482 0.617399
vt 0.151122 0.621191
vt 0.136398 0.815233
vt 0.126122 0.798496
vt 0.122506 0.674754
vt 0.122163 0.631746
vt 0.525028 0.621504
vt 0.542671 0.619790
vt 0.525801 0.626017
vt 0.154178 0.774794
vt 0.135223 0.791044
vt 0.753656 0.450032
vt 0.770810 0.389169
vt 0.728869 0.385391
vt 0.726567 0.389186
vt 0.155419 0.628825
vt 0.163592 0.653894
vt 0.159227 0.651221
vt 0.120724 0.624477
vt 0.118568 0.605308
vt 0.151777 0.625316
vt 0.126442 0.677663
vt 0.144898 0.661273
vt 0.147278 0.665087
vt 0.582813 0.552764
vt 0.564379 0.570392
vt 0.579067 0.550713
vt 0.160427 0.677590
vt 0.602741 0.561219
vt 0.525028 0.578302
vt 0.668817 0.216085
vt 0.666934 0.190998
vt 0.749569 0.451349
vt 0.276320 0.539312
vt 0.261421 0.510226
vt 0.591294 0.626174
vt 0.141331 0.829202
vt 0.101362 0.831096
vt 0.355453 0.516256
vt 0.680583 0.147452
vt 0.882241 0.353401
vt 0.879550 0.391756
vt 0.878959 0.351065
vt 0.741420 0.929400
vt 0.738855 0.927447
vt 0.741740 0.926556
vt 0.899969 0.618549
vt 0.897507 0.619603
vt 0.895811 0.616909
vt 0.909782 0.608623
vt 0.907469 0.612600
vt 0.906711 0.608254
vt 0.878128 0.425134
vt 0.878667 0.430306
vt 0.873162 0.431644
vt 0.909770 0.584683
vt 0.912227 0.581482
vt 0.913018 0.584250
vt 0.918208 0.625793
vt 0.915120 0.627797
vt 0.913534 0.624874
vt 0.679026 0.367912
vt 0.678048 0.363894
vt 0.681750 0.367080
vt 0.772280 0.927534
vt 0.767280 0.926475
vt 0.769706 0.923577
vt 0.518474 0.652187
vt 0.519827 0.649328
vt 0.522056 0.649839
vt 0.662041 0.378871
vt 0.658013 0.377017
vt 0.660550 0.375424
vt 0.682778 0.405122
vt 0.679505 0.407029
vt 0.679815 0.401553
vt 0.876567 0.393906
vt 0.875633 0.389307
vt 0.879550 0.391756
vt 0.535711 0.655808
vt 0.532367 0.657602
vt 0.532550 0.653888
vt 0.926093 0.597290
vt 0.926240 0.595159
vt 0.926992 0.594453
vt 0.882241 0.394540
vt 0.879711 0.396595
vt 0.527651 0.697524
vt 0.523899 0.696348
vt 0.525873 0.691302
vt 0.654910 0.359593
vt 0.657178 0.361934
vt 0.653848 0.360455
vt 0.852263 0.353166
vt 0.879069 0.349842
vt 0.838309 0.373104
vt 0.849049 0.354926
vt 0.852193 0.354429
vt 0.676032 0.365435
vt 0.659260 0.381177
vt 0.634828 0.405673
vt 0.635696 0.410267
vt 0.736015 0.890697
vt 0.770171 0.929549
vt 0.306866 0.074159
vt 0.840119 0.378200
vt 0.882922 0.575732
vt 0.885787 0.618907
vt 0.863867 0.453766
vt 0.861940 0.449413
vt 0.893748 0.460205
vt 0.880539 0.426618
vt 0.891393 0.409405
vt 0.535155 0.641634
vt 0.535112 0.658727
vt 0.568004 0.665927
vt 0.568368 0.669130
vt 0.535887 0.639249
vt 0.922245 0.579729
vt 0.921567 0.576793
vt 0.856150 0.438977
vt 0.857674 0.441356
vt 0.855510 0.442919
vt 0.860668 0.452675
vt 0.519453 0.673738
vt 0.521343 0.668267
vt 0.634828 0.353552
vt 0.735396 0.884296
vt 0.772280 0.882404
vt 0.539106 0.639855
vt 0.570260 0.633030
vt 0.548414 0.705792
vt 0.570260 0.689016
vt 0.543152 0.699952
vt 0.879165 0.578661
vt 0.884202 0.616227
vt 0.876814 0.464135
vt 0.891072 0.461844
vt 0.926191 0.600623
vt 0.657234 0.427056
vt 0.866370 0.406598
vt 0.854476 0.405925
vt 0.926992 0.622644
vt 0.927054 0.517714
vt 0.930378 0.518800
vt 0.927872 0.522190
vt 0.526301 0.773317
vt 0.522963 0.773735
vt 0.522922 0.769500
vt 0.713290 0.606954
vt 0.715467 0.609497
vt 0.712255 0.608899
vt 0.914631 0.529134
vt 0.923521 0.521037
vt 0.917350 0.532089
vt 0.466976 0.729930
vt 0.465309 0.726847
vt 0.469288 0.726160
vt 0.685331 0.594911
vt 0.681784 0.595216
vt 0.683113 0.593441
vt 0.926036 0.509820
vt 0.929154 0.510508
vt 0.926739 0.515594
vt 0.481602 0.701818
vt 0.486113 0.703157
vt 0.483438 0.705267
vt 0.850482 0.472740
vt 0.850320 0.476008
vt 0.847565 0.474609
vt 0.254818 0.867701
vt 0.257805 0.870213
vt 0.254618 0.869872
vt 0.561019 0.789303
vt 0.564033 0.787192
vt 0.564569 0.790181
vt 0.544124 0.749739
vt 0.540594 0.748291
vt 0.542677 0.745231
vt 0.821387 0.504450
vt 0.822279 0.508956
vt 0.818508 0.506256
vt 0.217125 0.884589
vt 0.214536 0.881354
vt 0.217405 0.880655
vt 0.498779 0.728656
vt 0.494264 0.726737
vt 0.497210 0.725165
vt 0.551731 0.759705
vt 0.550945 0.762012
vt 0.547458 0.759023
vt 0.247441 0.871623
vt 0.239496 0.871308
vt 0.221253 0.882511
vt 0.256937 0.885349
vt 0.250483 0.889912
vt 0.253604 0.887677
vt 0.526000 0.805962
vt 0.932356 0.549872
vt 0.915255 0.534785
vt 0.217330 0.837377
vt 0.214536 0.837850
vt 0.252633 0.832916
vt 0.218877 0.834374
vt 0.258279 0.839113
vt 0.255110 0.835756
vt 0.846950 0.515045
vt 0.523939 0.748446
vt 0.530777 0.765819
vt 0.527501 0.808081
vt 0.528890 0.770989
vt 0.547736 0.748610
vt 0.496050 0.730581
vt 0.820555 0.501211
vt 0.817712 0.471795
vt 0.820555 0.471184
vt 0.464079 0.733929
vt 0.466032 0.764473
vt 0.463391 0.759701
vt 0.821507 0.468918
vt 0.853461 0.475320
vt 0.853642 0.488029
vt 0.850151 0.514869
vt 0.856668 0.487543
vt 0.568740 0.783401
vt 0.684583 0.597049
vt 0.681952 0.599038
vt 0.717906 0.622734
vt 0.725138 0.595861
vt 0.698982 0.564526
vt 0.702651 0.562912
vt 0.473895 0.767166
vt 0.508887 0.763604
vt 0.525543 0.766424
vt 0.522671 0.751365
vt 0.901676 0.554917
vt 0.932242 0.554917
vt 0.684901 0.601256
vt 0.715697 0.627390
vt 0.457237 0.744963
vt 0.726250 0.588427
vt 0.697925 0.632912
vt 0.720819 0.563573
vt 0.726250 0.560652
vt 0.571539 0.757205
vt 0.566850 0.784324
vt 0.688760 0.568245
vt 0.508887 0.701721
vt 0.844838 0.518292
vt 0.832640 0.528066
vt 0.342380 0.921751
vt 0.338644 0.928373
vt 0.337308 0.919401
vt 0.926522 0.844265
vt 0.922882 0.844840
vt 0.926179 0.840008
vt 0.788719 0.936255
vt 0.786063 0.938910
vt 0.785416 0.934283
vt 0.958406 0.034691
vt 0.954934 0.035144
vt 0.957301 0.031345
vt 0.356840 0.935566
vt 0.360000 0.935659
vt 0.357018 0.939203
vt 0.925639 0.859311
vt 0.922146 0.862476
vt 0.919921 0.856976
vt 0.429635 0.905836
vt 0.433730 0.906059
vt 0.431982 0.910256
vt 0.423146 0.927941
vt 0.420065 0.929578
vt 0.420065 0.921083
vt 0.920833 0.851533
vt 0.923426 0.853362
vt 0.919921 0.856976
vt 0.358699 0.920994
vt 0.357521 0.925179
vt 0.354307 0.919628
vt 0.435950 0.936179
vt 0.435719 0.932120
vt 0.439313 0.933988
vt 0.442399 0.930182
vt 0.439591 0.927330
vt 0.442133 0.924941
vt 0.421784 0.895847
vt 0.425601 0.894216
vt 0.423715 0.898866
vt 0.346901 0.943003
vt 0.342825 0.948196
vt 0.341481 0.942061
vt 0.591307 0.525407
vt 0.591043 0.520402
vt 0.594346 0.521934
vt 0.606061 0.523900
vt 0.604016 0.527590
vt 0.601799 0.522890
vt 0.944786 0.018610
vt 0.948895 0.019988
vt 0.946007 0.025296
vt 0.427056 0.279241
vt 0.423586 0.281294
vt 0.422554 0.276895
vt 0.827260 0.351051
vt 0.827260 0.358011
vt 0.303030 0.255722
vt 0.272344 0.245568
vt 0.272344 0.250607
vt 0.925421 0.847936
vt 0.932408 0.843235
vt 0.941057 0.841437
vt 0.952562 0.026117
vt 0.950673 0.041366
vt 0.942381 0.041962
vt 0.941057 0.870762
vt 0.925969 0.865290
vt 0.597349 0.504802
vt 0.794523 0.909260
vt 0.811930 0.908472
vt 0.822207 0.913740
vt 0.788936 0.917887
vt 0.340436 0.936124
vt 0.336412 0.938104
vt 0.337304 0.933678
vt 0.335285 0.950589
vt 0.919234 0.837359
vt 0.921646 0.830766
vt 0.346491 0.939474
vt 0.600288 0.526519
vt 0.596625 0.535737
vt 0.593758 0.533716
vt 0.591442 0.519758
vt 0.596105 0.519410
vt 0.585141 0.524783
vt 0.575357 0.518919
vt 0.959019 0.010437
vt 0.958311 0.005856
vt 0.431616 0.901299
vt 0.959007 0.023472
vt 0.958304 0.028096
vt 0.827259 0.916812
vt 0.826328 0.922013
vt 0.826488 0.927092
vt 0.813898 0.949248
vt 0.804510 0.950007
vt 0.424276 0.937191
vt 0.335285 0.927409
vt 0.346279 0.917819
vt 0.360568 0.926699
vt 0.585113 0.531904
vt 0.579313 0.530869
vt 0.577035 0.533108
vt 0.573736 0.528253
vt 0.432349 0.933942
vt 0.422473 0.916798
vt 0.423069 0.923932
vt 0.430182 0.938500
vt 0.795186 0.950007
vt 0.791400 0.943237
vt 0.351372 0.916072
vt 0.917054 0.853484
vt 0.932826 0.830415
vt 0.939430 0.837688
vt 0.593818 0.493496
vt 0.427056 0.264457
vt 0.424834 0.270703
vt 0.422984 0.270977
vt 0.425987 0.274479
vt 0.573368 0.503145
vt 0.817623 0.946399
vt 0.827260 0.938918
vt 0.575055 0.523818
vt 0.870174 0.954288
vt 0.867469 0.948083
vt 0.872714 0.948418
vt 0.917015 0.096315
vt 0.912658 0.098524
vt 0.910852 0.094802
vt 0.633675 0.716032
vt 0.638808 0.714217
vt 0.637980 0.720803
vt 0.642918 0.696262
vt 0.640064 0.708689
vt 0.638046 0.696798
vt 0.704782 0.952267
vt 0.709628 0.951559
vt 0.707000 0.955624
vt 0.698512 0.940006
vt 0.693852 0.941782
vt 0.694496 0.935482
vt 0.932964 0.099984
vt 0.935956 0.095972
vt 0.937143 0.101041
vt 0.456234 0.961515
vt 0.458054 0.956707
vt 0.459011 0.960982
vt 0.927324 0.116593
vt 0.922813 0.114717
vt 0.926095 0.110809
vt 0.703153 0.958947
vt 0.699817 0.961419
vt 0.698525 0.957679
vt 0.186381 0.940892
vt 0.181509 0.944429
vt 0.181275 0.941852
vt 0.885768 0.921085
vt 0.889099 0.923949
vt 0.885315 0.924084
vt 0.477102 0.937818
vt 0.481752 0.936114
vt 0.478960 0.941151
vt 0.889648 0.936180
vt 0.893748 0.939097
vt 0.889860 0.942418
vt 0.189234 0.931065
vt 0.188707 0.933566
vt 0.185150 0.929672
vt 0.643976 0.715403
vt 0.640485 0.712708
vt 0.644725 0.712840
vt 0.689202 0.966569
vt 0.688391 0.963402
vt 0.692190 0.961438
vt 0.893748 0.948208
vt 0.889860 0.954760
vt 0.700325 0.933453
vt 0.695752 0.930909
vt 0.687204 0.928998
vt 0.696505 0.944326
vt 0.706866 0.948051
vt 0.876773 0.951865
vt 0.885540 0.957679
vt 0.456234 0.924956
vt 0.476853 0.932795
vt 0.681111 0.963508
vt 0.180193 0.961617
vt 0.159491 0.940489
vt 0.163373 0.939446
vt 0.893710 0.919937
vt 0.892635 0.933907
vt 0.864658 0.936989
vt 0.868965 0.920764
vt 0.866465 0.923693
vt 0.924461 0.119759
vt 0.916172 0.120669
vt 0.929247 0.125304
vt 0.941057 0.098433
vt 0.652474 0.715420
vt 0.158602 0.935384
vt 0.185451 0.945645
vt 0.634873 0.693004
vt 0.622333 0.700538
vt 0.622258 0.696007
vt 0.864325 0.946139
vt 0.866864 0.952518
vt 0.861081 0.948581
vt 0.518594 0.471807
vt 0.518594 0.461799
vt 0.521673 0.469431
vt 0.916896 0.091581
vt 0.639613 0.692208
vt 0.653370 0.691139
vt 0.628895 0.686205
vt 0.653370 0.718545
vt 0.457472 0.920854
vt 0.474260 0.920279
vt 0.649644 0.708997
vt 0.910852 0.113607
vt 0.929318 0.080227
vt 0.626922 0.688593
vt 0.939042 0.093998
vt 0.925464 0.124440
vt 0.920741 0.123101
vt 0.680774 0.930180
vt 0.939334 0.125141
vt 0.183890 0.926025
vt 0.155905 0.926025
vt 0.161644 0.933864
vt 0.661590 0.568009
vt 0.658836 0.570260
vt 0.656721 0.567800
vt 0.745000 0.254409
vt 0.747987 0.255454
vt 0.745000 0.274901
vt 0.273739 0.698952
vt 0.270588 0.697980
vt 0.272006 0.695519
vt 0.606241 0.733216
vt 0.611175 0.732884
vt 0.607902 0.737160
vt 0.615975 0.560304
vt 0.619384 0.560195
vt 0.618199 0.562805
vt 0.268052 0.724471
vt 0.264239 0.725878
vt 0.265291 0.721794
vt 0.666271 0.751320
vt 0.663393 0.749187
vt 0.665646 0.747669
vt 0.251262 0.752947
vt 0.256189 0.741911
vt 0.255513 0.751702
vt 0.062799 0.539573
vt 0.064527 0.535960
vt 0.065870 0.538138
vt 0.633055 0.504883
vt 0.631716 0.501545
vt 0.637878 0.502510
vt 0.570052 0.732283
vt 0.567685 0.735559
vt 0.567143 0.731792
vt 0.625144 0.517434
vt 0.626606 0.523100
vt 0.621650 0.528651
vt 0.416598 0.743094
vt 0.412910 0.744512
vt 0.413981 0.740655
vt 0.379987 0.711531
vt 0.380552 0.716790
vt 0.376258 0.714047
vt 0.102810 0.509771
vt 0.101376 0.505567
vt 0.103882 0.507849
vt 0.258127 0.718491
vt 0.261554 0.717908
vt 0.260191 0.721668
vt 0.293745 0.739985
vt 0.292438 0.743501
vt 0.290016 0.741930
vt 0.677071 0.749863
vt 0.682562 0.754438
vt 0.660645 0.739344
vt 0.678243 0.557386
vt 0.664936 0.569116
vt 0.628670 0.733186
vt 0.624361 0.735183
vt 0.625814 0.733102
vt 0.104035 0.507562
vt 0.621871 0.563553
vt 0.617817 0.548338
vt 0.627774 0.517835
vt 0.680216 0.537275
vt 0.673223 0.513873
vt 0.676121 0.515125
vt 0.267271 0.728283
vt 0.416827 0.694885
vt 0.660433 0.797806
vt 0.099386 0.509150
vt 0.395206 0.759126
vt 0.415510 0.746045
vt 0.396128 0.762051
vt 0.173891 0.691728
vt 0.173891 0.668142
vt 0.834932 0.058497
vt 0.834932 0.077995
vt 0.834932 0.077995
vt 0.615975 0.533229
vt 0.616870 0.536883
vt 0.610749 0.685627
vt 0.607888 0.730355
vt 0.607495 0.685385
vt 0.579657 0.698083
vt 0.630578 0.504108
vt 0.251262 0.687061
vt 0.253044 0.684766
vt 0.268597 0.707019
vt 0.259798 0.714662
vt 0.282086 0.690834
vt 0.285771 0.688718
vt 0.313259 0.701030
vt 0.392442 0.760834
vt 0.409271 0.694060
vt 0.377653 0.708740
vt 0.606425 0.754380
vt 0.611001 0.736927
vt 0.609519 0.754205
vt 0.034553 0.518439
vt 0.058656 0.536932
vt 0.032308 0.521516
vt 0.575917 0.700598
vt 0.576084 0.714332
vt 0.572660 0.715396
vt 0.573892 0.736273
vt 0.655311 0.736143
vt 0.672745 0.569949
vt 0.626081 0.732799
vt 0.680220 0.551569
vt 0.084647 0.493733
vt 0.043473 0.314538
vt 0.589923 0.685385
vt 0.266164 0.684855
vt 0.661794 0.494200
vt 0.671589 0.510030
vt 0.561261 0.729139
vt 0.580761 0.694465
vt 0.371515 0.694060
vt 0.689171 0.791707
vt 0.663463 0.797852
vt 0.126582 0.539573
vt 0.624361 0.779716
vt 0.414194 0.695649
vt 0.594973 0.301529
vt 0.586385 0.297392
vt 0.587468 0.294104
vt 0.594271 0.306664
vt 0.598530 0.305423
vt 0.690429 0.323915
vt 0.690308 0.320616
vt 0.693668 0.319196
vt 0.721240 0.340738
vt 0.723339 0.336099
vt 0.723693 0.340485
vt 0.615409 0.629197
vt 0.614006 0.626206
vt 0.616708 0.623916
vt 0.714554 0.377190
vt 0.713068 0.374433
vt 0.715260 0.375345
vt 0.747832 0.166219
vt 0.746577 0.161085
vt 0.749265 0.164878
vt 0.561461 0.314796
vt 0.561776 0.315881
vt 0.558107 0.315597
vt 0.057249 0.655350
vt 0.051764 0.652780
vt 0.057382 0.653235
vt 0.640829 0.671725
vt 0.638989 0.674672
vt 0.637013 0.671555
vt 0.073805 0.656219
vt 0.071261 0.653967
vt 0.076206 0.654166
vt 0.718846 0.123251
vt 0.715820 0.125195
vt 0.716950 0.121431
vt 0.707706 0.313722
vt 0.712397 0.314569
vt 0.709524 0.316425
vt 0.674300 0.675106
vt 0.648139 0.675106
vt 0.677663 0.672065
vt 0.030947 0.630737
vt 0.033719 0.629813
vt 0.032978 0.633988
vt 0.260682 0.321604
vt 0.256285 0.360568
vt 0.259061 0.318655
vt 0.718853 0.334796
vt 0.692521 0.324874
vt 0.695512 0.321889
vt 0.710587 0.312096
vt 0.723693 0.306962
vt 0.086272 0.662320
vt 0.086959 0.659381
vt 0.102983 0.623781
vt 0.258347 0.297872
vt 0.256285 0.298218
vt 0.026624 0.612593
vt 0.028157 0.658315
vt 0.026664 0.649818
vt 0.028219 0.655188
vt 0.719089 0.129799
vt 0.601792 0.669108
vt 0.609070 0.615438
vt 0.611623 0.612318
vt 0.599577 0.310079
vt 0.600506 0.329881
vt 0.595043 0.307620
vt 0.604725 0.673877
vt 0.603548 0.670778
vt 0.613733 0.311912
vt 0.598357 0.299102
vt 0.746565 0.101041
vt 0.749265 0.098881
vt 0.553193 0.279167
vt 0.557017 0.310894
vt 0.557856 0.316218
vt 0.308145 0.061373
vt 0.604438 0.261672
vt 0.576592 0.247795
vt 0.553057 0.275197
vt 0.559881 0.320574
vt 0.612889 0.315760
vt 0.604050 0.328327
vt 0.612598 0.292082
vt 0.700145 0.368043
vt 0.044691 0.596726
vt 0.086038 0.596726
vt 0.101932 0.652825
vt 0.103567 0.627999
vt 0.649195 0.604438
vt 0.627712 0.610116
vt 0.613733 0.275253
vt 0.260836 0.344295
vt 0.257736 0.360215
vt 0.670875 0.609900
vt 0.027888 0.605345
vt 0.741854 0.160859
vt 0.721997 0.148739
vt 0.781426 0.775896
vt 0.784561 0.778154
vt 0.780128 0.781997
vt 0.795363 0.758706
vt 0.797136 0.755441
vt 0.799499 0.760078
vt 0.776005 0.746350
vt 0.781866 0.745011
vt 0.780200 0.748349
vt 0.727965 0.087613
vt 0.730321 0.090357
vt 0.726282 0.091295
vt 0.763847 0.795407
vt 0.760069 0.796048
vt 0.761595 0.792240
vt 0.697091 0.852427
vt 0.694822 0.851736
vt 0.698121 0.848552
vt 0.646032 0.865913
vt 0.642167 0.863818
vt 0.646351 0.860813
vt 0.836007 0.426418
vt 0.833791 0.422462
vt 0.838194 0.417785
vt 0.783921 0.870655
vt 0.786728 0.866702
vt 0.787441 0.870717
vt 0.675617 0.814941
vt 0.681367 0.813854
vt 0.678510 0.816661
vt 0.696089 0.080374
vt 0.701470 0.084165
vt 0.696866 0.084391
vt 0.818630 0.863776
vt 0.823004 0.866150
vt 0.818123 0.867049
vt 0.647542 0.860246
vt 0.651268 0.859451
vt 0.649402 0.864296
vt 0.650856 0.838640
vt 0.647578 0.837446
vt 0.650710 0.834685
vt 0.792454 0.458506
vt 0.790789 0.454551
vt 0.794481 0.453558
vt 0.797055 0.869803
vt 0.789992 0.870672
vt 0.798021 0.866447
vt 0.825778 0.894081
vt 0.829818 0.892451
vt 0.780430 0.808081
vt 0.776719 0.806644
vt 0.824062 0.860923
vt 0.826248 0.839727
vt 0.829818 0.841842
vt 0.784494 0.771599
vt 0.673233 0.087436
vt 0.688781 0.061110
vt 0.685073 0.063398
vt 0.647448 0.855867
vt 0.789776 0.876939
vt 0.787996 0.872584
vt 0.785264 0.875212
vt 0.834765 0.406131
vt 0.838768 0.408702
vt 0.831979 0.430559
vt 0.783498 0.401260
vt 0.039700 0.751027
vt 0.065209 0.784092
vt 0.063633 0.786609
vt 0.731365 0.085409
vt 0.726723 0.063255
vt 0.730467 0.066011
vt 0.010031 0.756103
vt 0.035331 0.748168
vt 0.006303 0.794596
vt 0.006303 0.757837
vt 0.702339 0.113364
vt 0.697741 0.113796
vt 0.660128 0.869382
vt 0.827697 0.454387
vt 0.824764 0.454865
vt 0.824271 0.458104
vt 0.800117 0.455747
vt 0.684889 0.820101
vt 0.015996 0.801681
vt 0.010019 0.797833
vt 0.719946 0.041752
vt 0.683207 0.041752
vt 0.701170 0.079932
vt 0.800410 0.743428
vt 0.738684 0.748012
vt 0.801897 0.879895
vt 0.794820 0.895027
vt 0.787031 0.398785
vt 0.827164 0.398785
vt 0.671221 0.868951
vt 0.045644 0.810639
vt 0.061404 0.792187
vt 0.648808 0.869455
vt 0.644862 0.811506
vt 0.663719 0.018968
vt 0.666804 0.020110
vt 0.664969 0.021656
vt 0.241657 0.671379
vt 0.240438 0.674358
vt 0.240132 0.671410
vt 0.135777 0.560086
vt 0.136094 0.557283
vt 0.138033 0.558965
vt 0.111342 0.588533
vt 0.115645 0.590718
vt 0.110577 0.590588
vt 0.430891 0.877023
vt 0.429983 0.879116
vt 0.428878 0.878291
vt 0.751009 0.691428
vt 0.753541 0.690028
vt 0.753255 0.692822
vt 0.741948 0.636420
vt 0.741395 0.632814
vt 0.742563 0.633679
vt 0.216569 0.672508
vt 0.215858 0.668652
vt 0.219003 0.668835
vt 0.418825 0.825614
vt 0.420224 0.827861
vt 0.418031 0.828131
vt 0.768356 0.594205
vt 0.765813 0.593688
vt 0.766891 0.592238
vt 0.793362 0.687403
vt 0.794187 0.690752
vt 0.791611 0.689749
vt 0.792905 0.717340
vt 0.795295 0.714480
vt 0.794678 0.718028
vt 0.108864 0.550121
vt 0.109549 0.552454
vt 0.105985 0.551590
vt 0.758914 0.676077
vt 0.759031 0.673252
vt 0.761837 0.674229
vt 0.140967 0.549336
vt 0.142929 0.550911
vt 0.139809 0.551161
vt 0.624988 0.065905
vt 0.621798 0.063532
vt 0.624389 0.062509
vt 0.394499 0.825614
vt 0.766455 0.595374
vt 0.749012 0.639098
vt 0.747584 0.641138
vt 0.730294 0.651797
vt 0.731770 0.653370
vt 0.731882 0.632531
vt 0.739471 0.636012
vt 0.730988 0.635752
vt 0.240153 0.627899
vt 0.391976 0.872718
vt 0.394332 0.828114
vt 0.393543 0.874197
vt 0.220049 0.671876
vt 0.621798 0.007725
vt 0.772280 0.650779
vt 0.772029 0.653370
vt 0.226764 0.688601
vt 0.230367 0.688145
vt 0.637389 0.081831
vt 0.622397 0.066342
vt 0.786755 0.687362
vt 0.213728 0.671719
vt 0.202190 0.690426
vt 0.198679 0.690449
vt 0.082460 0.566675
vt 0.073222 0.580904
vt 0.081044 0.564390
vt 0.085120 0.550898
vt 0.083449 0.550978
vt 0.085533 0.549336
vt 0.097093 0.584150
vt 0.103979 0.588895
vt 0.094954 0.585179
vt 0.671258 0.052190
vt 0.670080 0.058898
vt 0.187396 0.667595
vt 0.188233 0.670848
vt 0.176851 0.644226
vt 0.185292 0.666895
vt 0.667456 0.063164
vt 0.639420 0.080829
vt 0.751739 0.688544
vt 0.138455 0.586684
vt 0.140599 0.584601
vt 0.795295 0.672714
vt 0.792396 0.686606
vt 0.794343 0.671646
vt 0.107825 0.588591
vt 0.116938 0.551711
vt 0.416186 0.882241
vt 0.624396 0.006911
vt 0.074531 0.582845
vt 0.672125 0.042315
vt 0.743230 0.587011
vt 0.784453 0.666493
vt 0.157269 0.559811
vt 0.655346 0.081452
vt 0.642194 0.081260
vt 0.189364 0.617534
vt 0.239171 0.623553
vt 0.175518 0.635775
vt 0.751843 0.711998
vt 0.780383 0.730086
vt 0.195289 0.681751
vt 0.426967 0.809502
vt 0.427685 0.806875
vt 0.429268 0.809223
vt 0.728051 0.797019
vt 0.724869 0.799757
vt 0.725191 0.796478
vt 0.723929 0.784494
vt 0.726050 0.782806
vt 0.726798 0.784983
vt 0.861380 0.738156
vt 0.860649 0.741172
vt 0.858356 0.739081
vt 0.922712 0.232625
vt 0.920070 0.232346
vt 0.921531 0.230444
vt 0.035959 0.835680
vt 0.034456 0.833898
vt 0.039589 0.831744
vt 0.037470 0.859807
vt 0.033439 0.858591
vt 0.035969 0.857375
vt 0.064474 0.846083
vt 0.066016 0.849779
vt 0.063357 0.849563
vt 0.702611 0.787468
vt 0.700908 0.783929
vt 0.703073 0.785909
vt 0.447513 0.777557
vt 0.445334 0.777447
vt 0.446781 0.774452
vt 0.947603 0.238809
vt 0.947499 0.236839
vt 0.949537 0.237718
vt 0.062039 0.827253
vt 0.061688 0.824614
vt 0.064100 0.827238
vt 0.882241 0.759429
vt 0.879601 0.759604
vt 0.880578 0.756797
vt 0.705697 0.772175
vt 0.707907 0.771902
vt 0.707623 0.774711
vt 0.204111 0.822739
vt 0.205395 0.824729
vt 0.202345 0.826316
vt 0.431441 0.820867
vt 0.433696 0.820459
vt 0.404867 0.800556
vt 0.403067 0.802335
vt 0.447513 0.813945
vt 0.445446 0.782184
vt 0.843560 0.748323
vt 0.843842 0.745155
vt 0.863412 0.740103
vt 0.880215 0.763038
vt 0.856490 0.784220
vt 0.914049 0.199826
vt 0.915275 0.196763
vt 0.156697 0.833387
vt 0.157251 0.836439
vt 0.704439 0.761092
vt 0.700360 0.754960
vt 0.703492 0.758051
vt 0.154392 0.796948
vt 0.156733 0.794273
vt 0.924203 0.239100
vt 0.920709 0.237350
vt 0.707375 0.757613
vt 0.704349 0.758793
vt 0.942773 0.194140
vt 0.916195 0.194140
vt 0.947699 0.196753
vt 0.950007 0.196665
vt 0.033439 0.836547
vt 0.434236 0.759316
vt 0.437958 0.760061
vt 0.050563 0.872012
vt 0.035519 0.861756
vt 0.055762 0.871134
vt 0.185683 0.790102
vt 0.188469 0.792222
vt 0.066488 0.845751
vt 0.202570 0.808358
vt 0.199889 0.806289
vt 0.445445 0.816236
vt 0.719721 0.802028
vt 0.864122 0.782143
vt 0.858759 0.785522
vt 0.728808 0.754960
vt 0.849444 0.729852
vt 0.053267 0.870576
vt 0.882241 0.734475
vt 0.186175 0.848997
vt 0.162266 0.845712
vt 0.930147 0.235617
vt 0.058139 0.814135
vt 0.414249 0.762211
vt 0.712115 0.762707
vt 0.705187 0.815753
vt 0.448119 0.887070
vt 0.445347 0.888724
vt 0.444395 0.883041
vt 0.854356 0.625633
vt 0.850276 0.623463
vt 0.854673 0.620320
vt 0.600929 0.788292
vt 0.597329 0.789756
vt 0.597878 0.785270
vt 0.583735 0.830866
vt 0.582811 0.826091
vt 0.586851 0.829588
vt 0.368758 0.880661
vt 0.363619 0.880745
vt 0.365337 0.878053
vt 0.860236 0.552852
vt 0.854531 0.553199
vt 0.857476 0.548107
vt 0.627318 0.826531
vt 0.623434 0.830884
vt 0.625017 0.825842
vt 0.482242 0.869498
vt 0.483339 0.873551
vt 0.479064 0.872800
vt 0.612116 0.816057
vt 0.612300 0.823230
vt 0.608714 0.818095
vt 0.717142 0.877836
vt 0.711258 0.874674
vt 0.719202 0.873162
vt 0.472080 0.902620
vt 0.476668 0.902083
vt 0.475280 0.905667
vt 0.697541 0.889748
vt 0.701914 0.888312
vt 0.698859 0.892994
vt 0.878460 0.561194
vt 0.877237 0.557326
vt 0.879683 0.558907
vt 0.346304 0.878573
vt 0.341927 0.881248
vt 0.342642 0.870705
vt 0.463304 0.862278
vt 0.465442 0.857500
vt 0.469074 0.860699
vt 0.835696 0.633788
vt 0.833758 0.627729
vt 0.838598 0.626674
vt 0.360066 0.891780
vt 0.359026 0.887210
vt 0.363094 0.888632
vt 0.631633 0.810140
vt 0.628692 0.811791
vt 0.629256 0.805482
vt 0.695351 0.881440
vt 0.700213 0.883752
vt 0.696085 0.885031
vt 0.345091 0.843417
vt 0.345970 0.871952
vt 0.373354 0.876046
vt 0.372434 0.870988
vt 0.350619 0.876603
vt 0.355764 0.890508
vt 0.447192 0.869421
vt 0.443745 0.870910
vt 0.346696 0.895847
vt 0.342298 0.897584
vt 0.860396 0.621748
vt 0.861250 0.616090
vt 0.847751 0.604886
vt 0.850245 0.628510
vt 0.842868 0.628177
vt 0.717142 0.917067
vt 0.721136 0.876878
vt 0.721136 0.918832
vt 0.714833 0.923156
vt 0.701501 0.883267
vt 0.700315 0.884082
vt 0.700195 0.878846
vt 0.701078 0.872915
vt 0.590094 0.784451
vt 0.600775 0.841325
vt 0.606141 0.823742
vt 0.593030 0.840845
vt 0.596086 0.839513
vt 0.447719 0.864908
vt 0.461293 0.858915
vt 0.852980 0.638334
vt 0.848815 0.641708
vt 0.464436 0.902829
vt 0.449461 0.893147
vt 0.839046 0.636170
vt 0.847846 0.648385
vt 0.824069 0.652091
vt 0.821227 0.649193
vt 0.684650 0.913672
vt 0.686928 0.914983
vt 0.673293 0.887197
vt 0.874580 0.530243
vt 0.615959 0.819631
vt 0.492323 0.864976
vt 0.493936 0.868749
vt 0.875003 0.562009
vt 0.857322 0.557335
vt 0.849220 0.570371
vt 0.852005 0.574416
vt 0.849220 0.532718
vt 0.852730 0.529641
vt 0.870909 0.534967
vt 0.867545 0.531227
vt 0.872518 0.531229
vt 0.851991 0.600593
vt 0.451347 0.900361
vt 0.842739 0.633287
vt 0.869089 0.527628
vt 0.607044 0.782105
vt 0.582811 0.788243
vt 0.449504 0.855586
vt 0.454820 0.851139
vt 0.494456 0.891711
vt 0.486871 0.851139
vt 0.821227 0.597615
vt 0.845679 0.592906
vt 0.862820 0.584325
vt 0.957616 0.517048
vt 0.952966 0.517448
vt 0.955989 0.513610
vt 0.973566 0.083108
vt 0.972588 0.078183
vt 0.975579 0.079041
vt 0.945074 0.494895
vt 0.948423 0.496130
vt 0.944087 0.501299
vt 0.533380 0.962356
vt 0.530506 0.956136
vt 0.536267 0.958266
vt 0.944253 0.077280
vt 0.947780 0.080005
vt 0.945023 0.081427
vt 0.029408 0.948826
vt 0.025011 0.948214
vt 0.027178 0.945513
vt 0.023179 0.966589
vt 0.020667 0.960478
vt 0.025590 0.960859
vt 0.952009 0.069595
vt 0.952960 0.074048
vt 0.948948 0.071670
vt 0.519025 0.941549
vt 0.525460 0.943572
vt 0.525866 0.951082
vt 0.794714 0.976469
vt 0.797573 0.978764
vt 0.793238 0.980096
vt 0.960236 0.816630
vt 0.958584 0.819148
vt 0.956272 0.815919
vt 0.535970 0.940411
vt 0.539487 0.941548
vt 0.537818 0.943591
vt 0.943253 0.060006
vt 0.944336 0.061472
vt 0.942238 0.064541
vt 0.779636 0.973531
vt 0.783408 0.969734
vt 0.783141 0.976183
vt 0.950565 0.796312
vt 0.948471 0.793609
vt 0.952038 0.792256
vt 0.789254 0.983868
vt 0.792774 0.981132
vt 0.795087 0.984114
vt 0.430093 0.411073
vt 0.433449 0.413839
vt 0.431943 0.415548
vt 0.011841 0.955408
vt 0.009266 0.959169
vt 0.008934 0.955367
vt 0.527817 0.956973
vt 0.528095 0.961694
vt 0.524475 0.957731
vt 0.956246 0.798154
vt 0.958810 0.794069
vt 0.960236 0.797687
vt 0.528164 0.961672
vt 0.528035 0.961837
vt 0.519256 0.970211
vt 0.540034 0.975876
vt 0.952194 0.789340
vt 0.953977 0.792884
vt 0.939312 0.805150
vt 0.970465 0.503164
vt 0.968612 0.499901
vt 0.947900 0.505759
vt 0.954561 0.522324
vt 0.947858 0.523917
vt 0.944087 0.528066
vt 0.535355 0.954333
vt 0.522505 0.940411
vt 0.543809 0.946640
vt 0.544688 0.951222
vt 0.542162 0.948703
vt 0.952471 0.822146
vt 0.783141 0.984642
vt 0.789719 0.987688
vt 0.784370 0.988365
vt 0.960403 0.524423
vt 0.958497 0.072401
vt 0.970726 0.081371
vt 0.790799 0.978649
vt 0.797965 0.974035
vt 0.779636 0.984314
vt 0.016749 0.947398
vt 0.020252 0.965561
vt 0.021683 0.979415
vt 0.027268 0.965402
vt 0.953734 0.052466
vt 0.955884 0.053171
vt 0.433449 0.398903
vt 0.785492 0.959933
vt 0.780100 0.968704
vt 0.782130 0.959436
vt 0.975164 0.062808
vt 0.975579 0.067399
vt 0.964442 0.089503
vt 0.956090 0.526344
vt 0.950342 0.527667
vt 0.536496 0.976858
vt 0.523081 0.975473
vt 0.955971 0.490595
vt 0.512958 0.943387
vt 0.939702 0.810053
vt 0.948033 0.819936
vt 0.795129 0.962414
vt 0.015795 0.949919
vt 0.327324 0.263394
vt 0.970223 0.054557
vt 0.018627 0.979330
vt 0.029408 0.977920
vt 0.517217 0.940493
vt 0.006005 0.978639
vt 0.630265 0.895465
vt 0.630584 0.895720
vt 0.630212 0.895747
vt 0.941217 0.598355
vt 0.941312 0.598008
vt 0.941515 0.598118
vt 0.826951 0.954675
vt 0.827411 0.954645
vt 0.827071 0.955211
vt 0.948373 0.580679
vt 0.947755 0.580943
vt 0.948103 0.579993
vt 0.846314 0.968391
vt 0.846053 0.968133
vt 0.846440 0.968008
vt 0.976537 0.854763
vt 0.976424 0.854250
vt 0.976814 0.854382
vt 0.963888 0.833570
vt 0.964254 0.833235
vt 0.964329 0.833540
vt 0.651581 0.934968
vt 0.651219 0.935290
vt 0.651244 0.934836
vt 0.658504 0.951149
vt 0.658978 0.951381
vt 0.658655 0.951519
vt 0.948235 0.294392
vt 0.948728 0.294178
vt 0.948497 0.294547
vt 0.932686 0.285498
vt 0.932195 0.285729
vt 0.932148 0.285390
vt 0.964769 0.866897
vt 0.964679 0.866518
vt 0.965168 0.866619
vt 0.667136 0.943497
vt 0.667165 0.944018
vt 0.666750 0.943817
vt 0.955080 0.859093
vt 0.955505 0.858856
vt 0.955412 0.859336
vt 0.830105 0.962191
vt 0.830561 0.962145
vt 0.830364 0.962199
vt 0.631167 0.906923
vt 0.631116 0.907264
vt 0.630795 0.907022
vt 0.956153 0.606711
vt 0.956040 0.607091
vt 0.955781 0.606472
vt 0.923876 0.320008
vt 0.948432 0.579688
vt 0.961515 0.570009
vt 0.948522 0.580166
vt 0.937206 0.569725
vt 0.653023 0.894230
vt 0.630678 0.895368
vt 0.652798 0.893904
vt 0.658874 0.950898
vt 0.653147 0.905446
vt 0.653370 0.905086
vt 0.845916 0.936977
vt 0.846440 0.937110
vt 0.630568 0.928122
vt 0.630212 0.928271
vt 0.916325 0.284107
vt 0.915888 0.284412
vt 0.961393 0.608294
vt 0.985745 0.857347
vt 0.985808 0.856904
vt 0.937175 0.278040
vt 0.975888 0.854825
vt 0.941892 0.598806
vt 0.359289 0.204443
vt 0.351647 0.187831
vt 0.351847 0.187732
vt 0.202872 0.884798
vt 0.203299 0.884756
vt 0.203299 0.884756
vt 0.642547 0.932540
vt 0.642206 0.932912
vt 0.651875 0.935656
vt 0.827503 0.955112
vt 0.955018 0.863868
vt 0.662281 0.916299
vt 0.358974 0.183575
vt 0.359289 0.183818
vt 0.974690 0.834332
vt 0.974229 0.833561
vt 0.955235 0.864248
vt 0.955318 0.858156
vt 0.944803 0.322210
vt 0.915888 0.311598
vt 0.923525 0.319936
vt 0.637484 0.880191
vt 0.983886 0.850273
vt 0.202872 0.866336
vt 0.924289 0.281536
vt 0.643485 0.955352
vt 0.643732 0.956400
vt 0.955354 0.863928
vt 0.663018 0.915752
vt 0.667434 0.915366
vt 0.837230 0.971743
vt 0.955044 0.835338
vt 0.937668 0.278212
vt 0.948356 0.293960
vt 0.825541 0.968275
vt 0.317375 0.278525
vt 0.296465 0.299985
vt 0.317167 0.276879
vt 0.545750 0.126667
vt 0.545600 0.125610
vt 0.546912 0.125759
vt 0.305553 0.353936
vt 0.305428 0.353147
vt 0.306750 0.353669
vt 0.404263 0.588831
vt 0.403258 0.587798
vt 0.403687 0.587076
vt 0.661703 0.466262
vt 0.660727 0.466883
vt 0.660469 0.465350
vt 0.710907 0.419868
vt 0.708984 0.419808
vt 0.710463 0.418483
vt 0.662006 0.457174
vt 0.664619 0.445714
vt 0.665781 0.444863
vt 0.103163 0.873675
vt 0.103635 0.875206
vt 0.102616 0.874919
vt 0.675188 0.490524
vt 0.676332 0.490026
vt 0.676433 0.490986
vt 0.450560 0.601546
vt 0.449718 0.602293
vt 0.447631 0.601523
vt 0.911225 0.073217
vt 0.912502 0.073857
vt 0.911398 0.074159
vt 0.423337 0.588752
vt 0.425557 0.589725
vt 0.424508 0.590580
vt 0.555778 0.148668
vt 0.557137 0.148826
vt 0.556204 0.149956
vt 0.406589 0.551085
vt 0.407913 0.550410
vt 0.408736 0.552075
vt 0.102140 0.891904
vt 0.101146 0.891124
vt 0.102279 0.890259
vt 0.305065 0.349405
vt 0.305545 0.348666
vt 0.306391 0.349967
vt 0.125468 0.873469
vt 0.125616 0.871730
vt 0.126486 0.872686
vt 0.289326 0.309434
vt 0.290158 0.307201
vt 0.290121 0.309719
vt 0.411339 0.603042
vt 0.410635 0.601854
vt 0.421993 0.601676
vt 0.423270 0.602448
vt 0.150876 0.181563
vt 0.150876 0.175946
vt 0.150876 0.181563
vt 0.404090 0.603504
vt 0.098009 0.852528
vt 0.110745 0.841569
vt 0.112050 0.841762
vt 0.097309 0.853121
vt 0.452506 0.601655
vt 0.471802 0.583774
vt 0.472563 0.584872
vt 0.471445 0.582339
vt 0.912617 0.027709
vt 0.928271 0.039304
vt 0.928087 0.040578
vt 0.684887 0.423982
vt 0.661968 0.464130
vt 0.133347 0.859375
vt 0.134254 0.860282
vt 0.123505 0.873481
vt 0.092326 0.890649
vt 0.100772 0.892502
vt 0.102055 0.897584
vt 0.316901 0.349195
vt 0.289073 0.307313
vt 0.291294 0.303835
vt 0.290100 0.306616
vt 0.911225 0.027790
vt 0.912617 0.071086
vt 0.524968 0.164488
vt 0.526007 0.165489
vt 0.569039 0.191791
vt 0.710017 0.481431
vt 0.710907 0.480183
vt 0.556753 0.147343
vt 0.553911 0.106669
vt 0.520830 0.117209
vt 0.474364 0.603504
vt 0.317726 0.347773
vt 0.523683 0.162470
vt 0.570260 0.115491
vt 0.134254 0.890221
vt 0.518870 0.121181
vt 0.309833 0.358011
vt 0.392816 0.565099
vt 0.303031 0.135533
vt 0.682716 0.425461
vt 0.091544 0.889003
vt 0.595464 0.470781
vt 0.596023 0.464106
vt 0.601234 0.469106
vt 0.738937 0.232497
vt 0.735525 0.236265
vt 0.736160 0.231834
vt 0.570024 0.446493
vt 0.572557 0.442102
vt 0.571181 0.448051
vt 0.605506 0.368629
vt 0.600621 0.366210
vt 0.602330 0.363255
vt 0.742724 0.007083
vt 0.739790 0.012527
vt 0.738408 0.009692
vt 0.581974 0.347808
vt 0.586738 0.345660
vt 0.585818 0.349459
vt 0.901543 0.331261
vt 0.902698 0.336068
vt 0.896886 0.336311
vt 0.607262 0.396323
vt 0.589319 0.395284
vt 0.605940 0.392684
vt 0.884945 0.314462
vt 0.888112 0.315670
vt 0.885894 0.320552
vt 0.752468 0.048185
vt 0.756454 0.045011
vt 0.756934 0.049756
vt 0.724535 0.280009
vt 0.720571 0.280016
vt 0.723091 0.272233
vt 0.594834 0.422829
vt 0.598059 0.426110
vt 0.593003 0.425373
vt 0.576509 0.890477
vt 0.573874 0.890746
vt 0.573913 0.886158
vt 0.629076 0.370719
vt 0.736204 0.210240
vt 0.713692 0.224815
vt 0.733561 0.208314
vt 0.610062 0.391317
vt 0.739036 0.208030
vt 0.715252 0.230399
vt 0.739036 0.238082
vt 0.714559 0.247926
vt 0.894541 0.343726
vt 0.900105 0.340246
vt 0.897501 0.348458
vt 0.552045 0.387263
vt 0.553082 0.391643
vt 0.550685 0.382838
vt 0.581334 0.887775
vt 0.580173 0.892008
vt 0.613147 0.865189
vt 0.578037 0.884306
vt 0.611612 0.860521
vt 0.584040 0.888869
vt 0.610634 0.902492
vt 0.633697 0.479192
vt 0.603485 0.474851
vt 0.617069 0.426252
vt 0.609941 0.427861
vt 0.610548 0.423931
vt 0.882898 0.319939
vt 0.885606 0.321320
vt 0.887489 0.322867
vt 0.887957 0.328983
vt 0.748791 0.067891
vt 0.755609 0.057100
vt 0.752154 0.072881
vt 0.898305 0.301896
vt 0.902698 0.297281
vt 0.772017 0.024323
vt 0.602626 0.422765
vt 0.760683 0.010886
vt 0.761452 0.012016
vt 0.748395 0.018694
vt 0.744506 0.021998
vt 0.617568 0.875541
vt 0.616117 0.863307
vt 0.578217 0.482665
vt 0.598140 0.474339
vt 0.580781 0.486296
vt 0.738408 0.050508
vt 0.739700 0.051418
vt 0.740016 0.056455
vt 0.742397 0.055762
vt 0.751981 0.053324
vt 0.759459 0.032377
vt 0.772280 0.018559
vt 0.614514 0.876716
vt 0.615398 0.899633
vt 0.614146 0.501215
vt 0.634190 0.484384
vt 0.621551 0.432002
vt 0.572009 0.909091
vt 0.716910 0.226264
vt 0.570024 0.485739
vt 0.587409 0.425813
vt 0.588766 0.856069
vt 0.572009 0.860959
vt 0.599688 0.349560
vt 0.628520 0.375025
vt 0.597143 0.854483
vt 0.561414 0.342932
vt 0.596628 0.342932
vt 0.891556 0.336953
vt 0.561379 0.397648
vt 0.897380 0.329124
vt 0.108800 0.081893
vt 0.107293 0.079870
vt 0.108800 0.079399
vt 0.106361 0.081114
vt 0.106361 0.082655
vt 0.107293 0.083906
vt 0.108800 0.084388
vt 0.110308 0.083917
vt 0.111239 0.082673
vt 0.111239 0.081131
vt 0.110307 0.079881
vt 0.274603 0.793747
vt 0.276235 0.787081
vt 0.275958 0.794017
vt 0.379747 0.857925
vt 0.378314 0.850811
vt 0.379496 0.850792
vt 0.376766 0.857925
vt 0.378329 0.857947
vt 0.081889 0.870531
vt 0.082648 0.863834
vt 0.083110 0.870733
vt 0.080307 0.870531
vt 0.081631 0.863665
vt 0.078969 0.870733
vt 0.080313 0.863665
vt 0.324767 0.825982
vt 0.323248 0.818860
vt 0.324455 0.818874
vt 0.321768 0.825982
vt 0.323319 0.825965
vt 0.277537 0.794017
vt 0.278551 0.786855
vt 0.278737 0.793747
vt 0.277551 0.787081
vt 0.275447 0.782034
vt 0.276426 0.782229
vt 0.378305 0.845816
vt 0.379330 0.845800
vt 0.377011 0.850792
vt 0.082337 0.859002
vt 0.081456 0.858856
vt 0.079346 0.859002
vt 0.080313 0.858856
vt 0.324246 0.813899
vt 0.321956 0.818874
vt 0.323200 0.813886
vt 0.278433 0.782034
vt 0.277566 0.782229
vt 0.375911 0.217603
vt 0.375911 0.218737
vt 0.374254 0.218087
vt 0.375278 0.219622
vt 0.374254 0.219921
vt 0.373229 0.219519
vt 0.372596 0.218570
vt 0.372596 0.217437
vt 0.373229 0.216551
vt 0.374254 0.216253
vt 0.375278 0.216654
vt 0.105497 0.970726
vt 0.112513 0.965888
vt 0.113796 0.969080
vt 0.110141 0.963435
vt 0.107042 0.962094
vt 0.103689 0.962071
vt 0.100590 0.963367
vt 0.098218 0.965786
vt 0.096935 0.968960
vt 0.096935 0.972405
vt 0.098218 0.975598
vt 0.100590 0.978051
vt 0.103689 0.979391
vt 0.107042 0.979415
vt 0.110141 0.978119
vt 0.112513 0.975699
vt 0.113796 0.972525
vt 0.153833 0.966421
vt 0.156192 0.963419
vt 0.155824 0.966468
vt 0.154918 0.960894
vt 0.154214 0.963270
vt 0.148319 0.750312
vt 0.146256 0.747334
vt 0.148259 0.747171
vt 0.146313 0.753708
vt 0.146313 0.750374
vt 0.148259 0.756982
vt 0.148319 0.753757
vt 0.148149 0.759494
vt 0.146256 0.756828
vt 0.616004 0.338666
vt 0.614394 0.335546
vt 0.616290 0.335421
vt 0.614117 0.342018
vt 0.614117 0.338686
vt 0.616290 0.345225
vt 0.616004 0.342109
vt 0.584746 0.771002
vt 0.586798 0.768364
vt 0.586733 0.770754
vt 0.584838 0.765330
vt 0.584814 0.768532
vt 0.586798 0.761930
vt 0.586822 0.765266
vt 0.584746 0.758718
vt 0.584814 0.761884
vt 0.154214 0.973082
vt 0.156874 0.975331
vt 0.154918 0.975579
vt 0.153833 0.969867
vt 0.156192 0.972915
vt 0.155824 0.969803
vt 0.160370 0.967001
vt 0.156874 0.961120
vt 0.160628 0.964867
vt 0.142174 0.748819
vt 0.142214 0.750947
vt 0.142174 0.755465
vt 0.142214 0.753281
vt 0.138326 0.974389
vt 0.138651 0.969420
vt 0.140647 0.972189
vt 0.135266 0.975579
vt 0.137026 0.970960
vt 0.132551 0.971793
vt 0.134884 0.971793
vt 0.128835 0.974389
vt 0.131934 0.975579
vt 0.128708 0.969420
vt 0.130382 0.970960
vt 0.590702 0.766942
vt 0.590718 0.764773
vt 0.586733 0.758866
vt 0.590701 0.762439
vt 0.161105 0.973205
vt 0.160370 0.969335
vt 0.160628 0.971514
vt 0.134707 0.960846
vt 0.136876 0.961680
vt 0.133696 0.965703
vt 0.138550 0.963219
vt 0.139475 0.965231
vt 0.139511 0.967408
vt 0.127782 0.967409
vt 0.127747 0.965231
vt 0.128607 0.963219
vt 0.130232 0.961680
vt 0.132374 0.960846
vt 0.165791 0.379279
vt 0.164736 0.377863
vt 0.165791 0.377533
vt 0.164084 0.378733
vt 0.164084 0.379813
vt 0.164736 0.380688
vt 0.165791 0.381026
vt 0.166846 0.380696
vt 0.167498 0.379825
vt 0.167498 0.378746
vt 0.166846 0.377870
vt 0.426719 0.013876
vt 0.427861 0.009209
vt 0.427667 0.014065
vt 0.382304 0.397632
vt 0.381301 0.392652
vt 0.382128 0.392639
vt 0.380217 0.397632
vt 0.381312 0.397648
vt 0.492689 0.249187
vt 0.493220 0.244499
vt 0.493543 0.249329
vt 0.491582 0.249187
vt 0.492508 0.244381
vt 0.490645 0.249329
vt 0.491586 0.244381
vt 0.388697 0.340110
vt 0.387634 0.335125
vt 0.388479 0.335135
vt 0.386598 0.340110
vt 0.387684 0.340098
vt 0.428773 0.014065
vt 0.429483 0.009052
vt 0.429613 0.013876
vt 0.428783 0.009209
vt 0.427071 0.009052
vt 0.427995 0.005813
vt 0.382012 0.389145
vt 0.380389 0.392639
vt 0.381295 0.389156
vt 0.493003 0.241117
vt 0.492386 0.241015
vt 0.490805 0.244499
vt 0.491586 0.241015
vt 0.388333 0.331652
vt 0.386730 0.335135
vt 0.387601 0.331643
vt 0.429400 0.005677
vt 0.428793 0.005813
vt 0.031288 0.008668
vt 0.030827 0.008022
vt 0.032035 0.007718
vt 0.030827 0.007261
vt 0.031288 0.006673
vt 0.032035 0.006485
vt 0.032782 0.006767
vt 0.033244 0.007413
vt 0.033244 0.008175
vt 0.032782 0.008762
vt 0.032035 0.008950
vt 0.541435 0.725283
vt 0.546347 0.721896
vt 0.547245 0.724130
vt 0.544686 0.720179
vt 0.542517 0.719240
vt 0.540169 0.719224
vt 0.538000 0.720131
vt 0.536340 0.721825
vt 0.535442 0.724046
vt 0.535442 0.726458
vt 0.536340 0.728693
vt 0.538001 0.730410
vt 0.540170 0.731348
vt 0.542517 0.731365
vt 0.544686 0.730457
vt 0.546347 0.728764
vt 0.547245 0.726542
vt 0.447805 0.256056
vt 0.448931 0.258295
vt 0.447538 0.258261
vt 0.449666 0.254551
vt 0.449189 0.256160
vt 0.369477 0.762375
vt 0.368114 0.764617
vt 0.368074 0.762489
vt 0.369518 0.764574
vt 0.368114 0.766951
vt 0.369476 0.769243
vt 0.369518 0.766986
vt 0.369399 0.771002
vt 0.368074 0.769135
vt 0.841125 0.454430
vt 0.839998 0.452246
vt 0.841325 0.452158
vt 0.839804 0.456776
vt 0.839804 0.454444
vt 0.841325 0.459021
vt 0.841125 0.456840
vt 0.752805 0.542959
vt 0.754148 0.544514
vt 0.752757 0.544688
vt 0.754210 0.540673
vt 0.754194 0.542841
vt 0.752805 0.538305
vt 0.752821 0.540718
vt 0.752757 0.536089
vt 0.754194 0.538338
vt 0.448297 0.264672
vt 0.449189 0.262807
vt 0.449666 0.264499
vt 0.447805 0.262924
vt 0.448931 0.260629
vt 0.447538 0.260673
vt 0.452113 0.258667
vt 0.452628 0.256047
vt 0.452294 0.257173
vt 0.365245 0.765019
vt 0.365217 0.763529
vt 0.365245 0.766652
vt 0.049520 0.300919
vt 0.049747 0.297441
vt 0.051144 0.299379
vt 0.047378 0.301752
vt 0.048609 0.298518
vt 0.045045 0.301752
vt 0.047110 0.299102
vt 0.042876 0.300919
vt 0.045477 0.299102
vt 0.042787 0.297441
vt 0.043959 0.298518
vt 0.756937 0.540328
vt 0.756926 0.541846
vt 0.756926 0.538694
vt 0.754148 0.536193
vt 0.452628 0.263010
vt 0.452294 0.261826
vt 0.452113 0.260301
vt 0.046986 0.291439
vt 0.048504 0.292022
vt 0.046278 0.294838
vt 0.049677 0.293100
vt 0.050324 0.294508
vt 0.050349 0.296032
vt 0.042139 0.296032
vt 0.042114 0.294508
vt 0.042717 0.293100
vt 0.043854 0.292022
vt 0.045353 0.291439
vt 0.272877 0.305973
vt 0.270853 0.306683
vt 0.270853 0.305341
vt 0.271626 0.307754
vt 0.272877 0.308145
vt 0.274128 0.307706
vt 0.274901 0.306605
vt 0.274901 0.305263
vt 0.274128 0.304192
vt 0.272877 0.303801
vt 0.271626 0.304240
vt 0.521995 0.402533
vt 0.523382 0.396866
vt 0.523146 0.402762
vt 0.259631 0.497379
vt 0.260623 0.491298
vt 0.260836 0.497360
vt 0.258302 0.497360
vt 0.259618 0.491313
vt 0.502735 0.015171
vt 0.503380 0.009479
vt 0.503772 0.015343
vt 0.501390 0.015171
vt 0.502515 0.009336
vt 0.500447 0.009479
vt 0.501395 0.009336
vt 0.372123 0.503758
vt 0.373089 0.497731
vt 0.373354 0.503772
vt 0.370805 0.503772
vt 0.372063 0.497719
vt 0.524489 0.402762
vt 0.525351 0.396675
vt 0.525509 0.402533
vt 0.524500 0.396866
vt 0.522422 0.396675
vt 0.523544 0.392743
vt 0.260482 0.487054
vt 0.258511 0.491298
vt 0.259611 0.487068
vt 0.503116 0.005372
vt 0.501395 0.005248
vt 0.502366 0.005248
vt 0.372911 0.493501
vt 0.370965 0.497731
vt 0.372022 0.493491
vt 0.525250 0.392577
vt 0.524513 0.392743
vt 0.217364 0.416609
vt 0.217094 0.417534
vt 0.215896 0.416609
vt 0.216367 0.418105
vt 0.215459 0.418105
vt 0.214719 0.417534
vt 0.214428 0.416609
vt 0.214698 0.415684
vt 0.215425 0.415112
vt 0.216332 0.415112
vt 0.217073 0.415684
vt 0.793355 0.013072
vt 0.799319 0.008960
vt 0.800410 0.011673
vt 0.797303 0.006875
vt 0.794669 0.005735
vt 0.791818 0.005715
vt 0.789184 0.006817
vt 0.787168 0.008873
vt 0.786077 0.011571
vt 0.786077 0.014500
vt 0.787168 0.017213
vt 0.789184 0.019298
vt 0.791818 0.020437
vt 0.794669 0.020458
vt 0.797303 0.019356
vt 0.799319 0.017299
vt 0.800410 0.014602
vt 0.584861 0.100776
vt 0.586229 0.103495
vt 0.584537 0.103454
vt 0.585459 0.098757
vt 0.586542 0.100903
vt 0.359289 0.145629
vt 0.357536 0.143097
vt 0.359239 0.142958
vt 0.359289 0.148557
vt 0.357585 0.145681
vt 0.359239 0.151298
vt 0.357585 0.148515
vt 0.357445 0.153234
vt 0.357536 0.151167
vt 0.556195 0.008289
vt 0.554348 0.011064
vt 0.554584 0.008395
vt 0.555952 0.011047
vt 0.554348 0.013896
vt 0.556195 0.016622
vt 0.555952 0.013973
vt 0.350436 0.226772
vt 0.352066 0.228661
vt 0.350378 0.228871
vt 0.352142 0.223996
vt 0.352122 0.226629
vt 0.350456 0.224051
vt 0.352122 0.221161
vt 0.350378 0.218430
vt 0.350436 0.221121
vt 0.585459 0.111239
vt 0.586542 0.108975
vt 0.587121 0.111028
vt 0.584861 0.109117
vt 0.586229 0.106329
vt 0.584537 0.106383
vt 0.590093 0.103948
vt 0.590718 0.100765
vt 0.590312 0.102133
vt 0.354101 0.146168
vt 0.354066 0.144359
vt 0.354101 0.148152
vt 0.402068 0.501482
vt 0.402344 0.497259
vt 0.404041 0.499612
vt 0.399467 0.502494
vt 0.400963 0.498567
vt 0.396634 0.502494
vt 0.399142 0.499276
vt 0.394001 0.501482
vt 0.397159 0.499276
vt 0.393892 0.497258
vt 0.395316 0.498567
vt 0.355440 0.225421
vt 0.355440 0.221592
vt 0.355453 0.223577
vt 0.352066 0.218556
vt 0.590718 0.109221
vt 0.590312 0.107783
vt 0.590093 0.105932
vt 0.398991 0.489971
vt 0.400835 0.490679
vt 0.398132 0.494098
vt 0.402258 0.491988
vt 0.403045 0.493698
vt 0.403075 0.495549
vt 0.393106 0.495549
vt 0.393076 0.493698
vt 0.393807 0.491988
vt 0.395188 0.490679
vt 0.397009 0.489971
vt 0.182535 0.379404
vt 0.181555 0.378089
vt 0.182534 0.377782
vt 0.180949 0.378897
vt 0.180949 0.379899
vt 0.181555 0.380712
vt 0.182535 0.381026
vt 0.183514 0.380720
vt 0.184120 0.379911
vt 0.184120 0.378909
vt 0.183514 0.378096
vt 0.809230 0.102113
vt 0.810291 0.097780
vt 0.810111 0.102289
vt 0.200742 0.778659
vt 0.199810 0.774035
vt 0.200578 0.774023
vt 0.198804 0.778659
vt 0.199820 0.778673
vt 0.832375 0.271065
vt 0.831414 0.266471
vt 0.832075 0.266581
vt 0.831581 0.270934
vt 0.830557 0.266471
vt 0.830553 0.270934
vt 0.829832 0.266581
vt 0.784125 0.301741
vt 0.784864 0.297132
vt 0.785066 0.301752
vt 0.783117 0.301752
vt 0.784079 0.297123
vt 0.811137 0.102289
vt 0.811796 0.097634
vt 0.811917 0.102113
vt 0.811146 0.097780
vt 0.809779 0.094500
vt 0.810415 0.094627
vt 0.200470 0.770778
vt 0.199071 0.770778
vt 0.199805 0.770788
vt 0.831873 0.263440
vt 0.831300 0.263345
vt 0.830557 0.263345
vt 0.784728 0.293898
vt 0.783239 0.297132
vt 0.784048 0.293890
vt 0.811156 0.094627
vt 0.811719 0.094500
vt 0.007243 0.179535
vt 0.007672 0.180135
vt 0.006550 0.180418
vt 0.007672 0.180842
vt 0.007243 0.181388
vt 0.006550 0.181563
vt 0.005856 0.181300
vt 0.005427 0.180701
vt 0.005427 0.179994
vt 0.005856 0.179448
vt 0.006549 0.179273
vt 0.701677 0.987832
vt 0.706237 0.984687
vt 0.707071 0.986762
vt 0.704695 0.983093
vt 0.702681 0.982221
vt 0.700501 0.982206
vt 0.698487 0.983048
vt 0.696945 0.984621
vt 0.696111 0.986684
vt 0.696111 0.988924
vt 0.696945 0.990998
vt 0.698487 0.992593
vt 0.700501 0.993464
vt 0.702681 0.993480
vt 0.704695 0.992637
vt 0.706237 0.991064
vt 0.707071 0.989001
vt 0.271701 0.589110
vt 0.272747 0.591189
vt 0.271453 0.591158
vt 0.272158 0.587565
vt 0.272987 0.589207
vt 0.691728 0.505476
vt 0.690387 0.503540
vt 0.691689 0.503434
vt 0.691728 0.507715
vt 0.690424 0.505516
vt 0.690387 0.509711
vt 0.690424 0.507683
vt 0.691689 0.509811
vt 0.690318 0.511291
vt 0.203113 0.847291
vt 0.202067 0.845263
vt 0.203299 0.845182
vt 0.201887 0.849470
vt 0.201887 0.847304
vt 0.203299 0.851554
vt 0.203113 0.849529
vt 0.709627 0.398600
vt 0.710874 0.400044
vt 0.709583 0.400205
vt 0.709643 0.396519
vt 0.710917 0.398490
vt 0.709627 0.394278
vt 0.710932 0.396477
vt 0.710874 0.392317
vt 0.710917 0.394309
vt 0.272158 0.597111
vt 0.272987 0.595379
vt 0.273429 0.596950
vt 0.271701 0.595488
vt 0.272747 0.593356
vt 0.271453 0.593397
vt 0.275702 0.591535
vt 0.276180 0.589101
vt 0.275870 0.590148
vt 0.687760 0.505888
vt 0.687734 0.504505
vt 0.687760 0.507405
vt 0.646747 0.189739
vt 0.646957 0.186509
vt 0.648255 0.188309
vt 0.644758 0.190513
vt 0.645901 0.187510
vt 0.642591 0.190513
vt 0.644509 0.188052
vt 0.640577 0.189739
vt 0.642993 0.188052
vt 0.639023 0.188309
vt 0.641583 0.187510
vt 0.713464 0.396156
vt 0.713454 0.397566
vt 0.713454 0.394639
vt 0.276180 0.595568
vt 0.275702 0.593052
vt 0.275870 0.594468
vt 0.644394 0.180936
vt 0.645804 0.181478
vt 0.643737 0.184093
vt 0.646892 0.182479
vt 0.647494 0.183786
vt 0.647517 0.185202
vt 0.640495 0.186509
vt 0.639893 0.185202
vt 0.639870 0.183786
vt 0.640429 0.182479
vt 0.641485 0.181478
vt 0.642878 0.180936
vt 0.331931 0.359930
vt 0.330145 0.360557
vt 0.330145 0.359372
vt 0.330827 0.361502
vt 0.331931 0.361847
vt 0.333035 0.361459
vt 0.333717 0.360488
vt 0.333717 0.359304
vt 0.333035 0.358359
vt 0.331931 0.358014
vt 0.330827 0.358401
vt 0.101745 0.673625
vt 0.102969 0.668625
vt 0.102762 0.673827
vt 0.343946 0.648238
vt 0.342871 0.642903
vt 0.343757 0.642889
vt 0.341710 0.648238
vt 0.342882 0.648255
vt 0.276543 0.768293
vt 0.277112 0.763270
vt 0.277458 0.768444
vt 0.275357 0.768293
vt 0.276349 0.763143
vt 0.274353 0.768444
vt 0.275361 0.763143
vt 0.006586 0.667421
vt 0.007438 0.662104
vt 0.007672 0.667434
vt 0.005423 0.667434
vt 0.006533 0.662093
vt 0.103946 0.673827
vt 0.104706 0.668456
vt 0.104846 0.673625
vt 0.103956 0.668625
vt 0.102123 0.668456
vt 0.103113 0.664987
vt 0.343633 0.639145
vt 0.341894 0.642889
vt 0.342865 0.639157
vt 0.276879 0.759646
vt 0.276218 0.759537
vt 0.274524 0.763270
vt 0.275361 0.759537
vt 0.006496 0.658362
vt 0.007281 0.658372
vt 0.005564 0.662104
vt 0.104618 0.664840
vt 0.103968 0.664987
vt 0.433449 0.221482
vt 0.432977 0.222189
vt 0.432213 0.221094
vt 0.432213 0.222478
vt 0.431450 0.222238
vt 0.430978 0.221561
vt 0.430978 0.220705
vt 0.431450 0.219998
vt 0.432213 0.219710
vt 0.432977 0.219950
vt 0.433449 0.220627
vt 0.180452 0.985684
vt 0.185714 0.982056
vt 0.186677 0.984450
vt 0.183936 0.980216
vt 0.181612 0.979211
vt 0.179096 0.979193
vt 0.176772 0.980165
vt 0.174993 0.981980
vt 0.174031 0.984360
vt 0.174031 0.986944
vt 0.174993 0.989338
vt 0.176772 0.991178
vt 0.179096 0.992183
vt 0.181612 0.992201
vt 0.183936 0.991229
vt 0.185714 0.989414
vt 0.186677 0.987034
vt 0.985755 0.614730
vt 0.986962 0.617128
vt 0.985469 0.617093
vt 0.987749 0.613117
vt 0.987238 0.614842
vt 0.421897 0.614719
vt 0.420437 0.617121
vt 0.420394 0.614841
vt 0.421941 0.619659
vt 0.421941 0.617075
vt 0.421897 0.622077
vt 0.420437 0.619622
vt 0.421814 0.623962
vt 0.420394 0.621962
vt 0.024079 0.818506
vt 0.022872 0.816166
vt 0.024294 0.816072
vt 0.024079 0.821088
vt 0.022664 0.818521
vt 0.024294 0.823425
vt 0.022664 0.821020
vt 0.252522 0.638026
vt 0.254061 0.636048
vt 0.254012 0.637840
vt 0.252591 0.633773
vt 0.252573 0.636174
vt 0.252573 0.631188
vt 0.254079 0.633724
vt 0.252522 0.628813
vt 0.254061 0.631223
vt 0.986283 0.623962
vt 0.987238 0.621964
vt 0.987749 0.623776
vt 0.985469 0.619677
vt 0.985755 0.622089
vt 0.986962 0.619629
vt 0.990371 0.617528
vt 0.990565 0.615927
vt 0.417363 0.617551
vt 0.417333 0.615955
vt 0.417363 0.619302
vt 0.417333 0.620940
vt 0.991739 0.648641
vt 0.991982 0.644915
vt 0.993480 0.646991
vt 0.989444 0.649534
vt 0.990764 0.646069
vt 0.986945 0.649534
vt 0.989157 0.646694
vt 0.984621 0.648641
vt 0.987408 0.646694
vt 0.982827 0.646991
vt 0.985781 0.646069
vt 0.257001 0.633355
vt 0.256988 0.634982
vt 0.254012 0.628925
vt 0.256988 0.631604
vt 0.990923 0.622181
vt 0.990565 0.620912
vt 0.990371 0.619278
vt 0.989025 0.638484
vt 0.990651 0.639109
vt 0.988266 0.642126
vt 0.991907 0.640264
vt 0.992601 0.641773
vt 0.992628 0.643406
vt 0.984525 0.644915
vt 0.983831 0.643406
vt 0.983805 0.641773
vt 0.984450 0.640264
vt 0.985669 0.639109
vt 0.987275 0.638484
vt 0.542130 0.265925
vt 0.874196 0.135533
vt 0.017895 0.473086
vt 0.480992 0.388504
vt 0.010053 0.370666
vt 0.503772 0.684490
vt 0.920599 0.735923
vt 0.918710 0.753101
vt 0.918710 0.735331
vt 0.435973 0.687253
vt 0.807292 0.522794
vt 0.812937 0.026744
vt 0.783788 0.834463
vt 0.783788 0.852833
vt 0.781871 0.851638
vt 0.976858 0.035346
vt 0.975610 0.035801
vt 0.975610 0.005989
vt 0.329559 0.695845
vt 0.083130 0.383463
vt 0.326940 0.761059
vt 0.431686 0.135918
vt 0.260852 0.610837
vt 0.335897 0.479248
vt 0.202020 0.384328
vt 0.453486 0.239352
vt 0.146756 0.503392
vt 0.170635 0.482615
vt 0.245414 0.502814
vt 0.201135 0.410434
vt 0.303030 0.455390
vt 0.492898 0.105641
vt 0.447484 0.078318
vt 0.564552 0.224474
vt 0.896865 0.528066
vt 0.640003 0.095525
vt 0.635854 0.096667
vt 0.898055 0.477219
vt 0.063350 0.668442
vt 0.608618 0.050456
vt 0.015460 0.680981
vt 0.652516 0.170055
vt 0.662320 0.111048
vt 0.587295 0.086945
vt 0.983251 0.727529
vt 0.981325 0.716562
vt 0.983251 0.714165
vt 0.258279 0.206750
vt 0.257450 0.206182
vt 0.600148 0.916175
vt 0.258234 0.249329
vt 0.178357 0.859000
vt 0.549004 0.932106
vt 0.578488 0.957679
vt 0.248511 0.238874
vt 0.868302 0.802271
vt 0.883228 0.634723
vt 0.244214 0.301752
vt 0.244214 0.297276
vt 0.839216 0.183586
vt 0.213137 0.390613
vt 0.864162 0.650609
vt 0.065209 0.384568
vt 0.320797 0.884197
vt 0.154027 0.591996
vt 0.153583 0.590282
vt 0.930786 0.139940
vt 0.361847 0.005526
vt 0.361847 0.008950
vt 0.324767 0.880169
vt 0.314918 0.926992
vt 0.933231 0.968390
vt 0.915485 0.176273
vt 0.925710 0.948816
vt 0.368161 0.524870
vt 0.368025 0.519847
vt 0.370797 0.582600
vt 0.705256 0.515225
vt 0.133612 0.692309
vt 0.289518 0.595486
vt 0.292076 0.597197
vt 0.739036 0.516353
vt 0.080977 0.742910
vt 0.791731 0.338832
vt 0.792738 0.273475
vt 0.302300 0.875999
vt 0.872012 0.007364
vt 0.833633 0.160333
vt 0.265959 0.941057
vt 0.241903 0.899612
vt 0.239909 0.902744
vt 0.738141 0.811209
vt 0.785066 0.102803
vt 0.282573 0.895908
vt 0.918869 0.818310
vt 0.407877 0.937198
vt 0.374815 0.926635
vt 0.855071 0.874973
vt 0.850519 0.900502
vt 0.843906 0.920599
vt 0.824013 0.719976
vt 0.782482 0.197962
vt 0.249329 0.605826
vt 0.748335 0.180159
vt 0.652802 0.253333
vt 0.780604 0.240464
vt 0.778688 0.242709
vt 0.193021 0.585478
vt 0.665730 0.303989
vt 0.761870 0.245493
vt 0.704855 0.148058
vt 0.157410 0.620919
vt 0.158636 0.624744
vt 0.134724 0.771142
vt 0.701634 0.209711
vt 0.560238 0.572944
vt 0.310289 0.544475
vt 0.604782 0.591510
vt 0.123735 0.602796
vt 0.118568 0.675919
vt 0.159826 0.775715
vt 0.757102 0.448730
vt 0.774837 0.391178
vt 0.769853 0.385391
vt 0.724010 0.390377
vt 0.732589 0.888151
vt 0.836293 0.376355
vt 0.682286 0.408075
vt 0.519734 0.667763
vt 0.518985 0.670346
vt 0.525875 0.699334
vt 0.837752 0.370158
vt 0.893748 0.411218
vt 0.912844 0.532224
vt 0.718253 0.626974
vt 0.484088 0.701058
vt 0.258069 0.866243
vt 0.546716 0.745751
vt 0.817712 0.501491
vt 0.935942 0.553166
vt 0.522671 0.805376
vt 0.340027 0.916174
vt 0.822319 0.910837
vt 0.582765 0.534660
vt 0.961515 0.025597
vt 0.942066 0.023877
vt 0.599240 0.496309
vt 0.791103 0.908322
vt 0.942066 0.046030
vt 0.938465 0.874569
vt 0.798147 0.906269
vt 0.335932 0.957679
vt 0.825798 0.913924
vt 0.421069 0.937803
vt 0.573368 0.531408
vt 0.861241 0.928579
vt 0.914731 0.088448
vt 0.635097 0.721136
vt 0.178353 0.965350
vt 0.184127 0.962937
vt 0.484593 0.941798
vt 0.680774 0.966629
vt 0.890798 0.916713
vt 0.651201 0.686577
vt 0.745967 0.252031
vt 0.254111 0.754380
vt 0.681837 0.751293
vt 0.636258 0.500439
vt 0.374920 0.710343
vt 0.278772 0.688979
vt 0.313065 0.697652
vt 0.643614 0.675066
vt 0.746312 0.097907
vt 0.550925 0.276428
vt 0.721599 0.304809
vt 0.301752 0.266652
vt 0.301752 0.271065
vt 0.776586 0.743428
vt 0.007426 0.754000
vt 0.012122 0.752152
vt 0.676652 0.811506
vt 0.798654 0.459021
vt 0.675703 0.090901
vt 0.041614 0.748964
vt 0.666024 0.017934
vt 0.672549 0.056188
vt 0.241657 0.624293
vt 0.756869 0.675225
vt 0.187181 0.670084
vt 0.625200 0.005264
vt 0.698121 0.380627
vt 0.698121 0.404041
vt 0.696286 0.403927
vt 0.138370 0.589174
vt 0.855191 0.786345
vt 0.154392 0.833833
vt 0.205856 0.821212
vt 0.920985 0.238524
vt 0.158285 0.791906
vt 0.864340 0.618454
vt 0.496101 0.866116
vt 0.852476 0.645021
vt 0.467186 0.906534
vt 0.783629 0.253469
vt 0.786345 0.256075
vt 0.783629 0.262115
vt 0.873779 0.526866
vt 0.341927 0.846233
vt 0.696829 0.871440
vt 0.672623 0.883650
vt 0.953461 0.783440
vt 0.949031 0.783255
vt 0.799131 0.977550
vt 0.271065 0.202020
vt 0.271065 0.197112
vt 0.103567 0.245719
vt 0.103567 0.250608
vt 0.383583 0.571591
vt 0.383583 0.571591
vt 0.383583 0.584325
vt 0.974092 0.833235
vt 0.974352 0.833239
vt 0.827147 0.954260
vt 0.667434 0.943815
vt 0.961178 0.569725
vt 0.936790 0.569938
vt 0.961095 0.608618
vt 0.358877 0.204578
vt 0.947365 0.580754
vt 0.472841 0.583799
vt 0.318374 0.277743
vt 0.662006 0.457174
vt 0.912859 0.026484
vt 0.911342 0.026293
vt 0.318374 0.348857
vt 0.060095 0.204767
vt 0.060095 0.205856
vt 0.100701 0.897476
vt 0.570260 0.191591
vt 0.552656 0.106356
vt 0.521353 0.116354
vt 0.612506 0.859863
vt 0.711836 0.228733
vt 0.611334 0.394519
vt 0.748616 0.072837
vt 0.893930 0.349060
vt 0.883218 0.325045
vt 0.742642 0.006220
vt 0.598255 0.343476
vt 0.275106 0.786855
vt 0.079197 0.863834
vt 0.377176 0.845800
vt 0.322080 0.813899
vt 0.146149 0.759259
vt 0.614394 0.345033
vt 0.161105 0.963257
vt 0.126443 0.972189
vt 0.590656 0.760293
vt 0.427310 0.005677
vt 0.380505 0.389145
vt 0.490909 0.241117
vt 0.386817 0.331652
vt 0.448297 0.254392
vt 0.368000 0.770837
vt 0.839998 0.458887
vt 0.365217 0.768181
vt 0.041202 0.299379
vt 0.756893 0.537192
vt 0.500252 0.015343
vt 0.522712 0.392577
vt 0.258651 0.487054
vt 0.500574 0.005372
vt 0.371071 0.493501
vt 0.587121 0.098949
vt 0.359145 0.153433
vt 0.554584 0.016459
vt 0.354066 0.150008
vt 0.391967 0.499612
vt 0.355401 0.219769
vt 0.809557 0.097634
vt 0.198963 0.774023
vt 0.829683 0.271065
vt 0.829929 0.263440
vt 0.783320 0.293898
vt 0.273430 0.587712
vt 0.691618 0.511444
vt 0.202067 0.851430
vt 0.709583 0.392220
vt 0.687734 0.508825
vt 0.713424 0.393245
vt 0.102379 0.664840
vt 0.342018 0.639145
vt 0.274636 0.759646
vt 0.005657 0.658372
vt 0.986283 0.612948
vt 0.420314 0.623785
vt 0.022872 0.823281
vt 0.990923 0.614720
vt 0.256954 0.629995
s 0
usemtl MossbackGolem_Body
f 6/1/1 2/2/1 3/3/1
f 1/4/2 2/2/2 6/1/2
f 5/5/3 2/2/3 1/4/3
f 10/6/4 20/7/4 3/3/4
f 2/2/5 8/8/5 10/6/5
f 3/9/6 9/10/6 6/11/6
f 7/12/7 1/13/7 6/14/7
f 22/15/8 1/13/8 13/16/8
f 24/17/9 5/5/9 4/18/9
f 12/19/10 33/20/10 18/21/10
f 10/6/11 21/22/11 20/7/11
f 10/6/12 8/8/12 21/22/12
f 6/11/13 9/10/13 11/23/13
f 27/24/14 12/19/14 28/25/14
f 23/26/15 14/27/15 19/28/15
f 37/29/16 22/15/16 13/16/16
f 38/30/17 33/20/17 23/26/17
f 27/31/18 35/32/18 34/33/18
f 26/34/19 25/35/19 40/36/19
f 27/31/20 28/37/20 35/32/20
f 28/37/21 29/38/21 35/32/21
f 35/32/22 53/39/22 34/33/22
f 44/40/23 26/34/23 41/41/23
f 51/42/24 44/43/24 41/44/24
f 40/45/25 49/46/25 59/47/25
f 41/48/26 40/49/26 60/50/26
f 61/51/27 78/52/27 106/53/27
f 66/54/28 92/55/28 91/56/28
f 93/57/29 83/58/29 100/59/29
f 93/60/30 111/61/30 87/62/30
f 109/63/31 76/64/31 101/65/31
f 84/66/32 109/63/32 105/67/32
f 87/62/33 107/68/33 78/52/33
f 108/69/34 81/70/34 90/71/34
f 88/72/35 81/70/35 108/69/35
f 108/69/36 101/73/36 88/72/36
f 113/74/37 96/75/37 98/76/37
f 77/77/38 96/75/38 116/78/38
f 91/79/39 108/69/39 90/71/39
f 94/80/40 108/69/40 91/79/40
f 105/81/41 108/69/41 94/80/41
f 109/82/42 101/73/42 108/69/42
f 97/83/43 77/77/43 114/84/43
f 104/85/44 124/86/44 111/87/44
f 113/88/45 98/89/45 112/90/45
f 106/53/46 107/68/46 125/91/46
f 111/61/47 124/92/47 107/68/47
f 124/92/48 129/93/48 126/94/48
f 118/95/49 129/96/49 124/86/49
f 126/94/50 132/97/50 125/91/50
f 129/96/51 127/98/51 130/99/51
f 130/99/52 119/100/52 134/101/52
f 136/102/53 134/103/53 135/104/53
f 132/97/54 137/105/54 128/106/54
f 136/102/55 135/104/55 137/105/55
f 132/97/56 129/93/56 137/105/56
f 138/107/57 147/108/57 139/109/57
f 143/110/58 138/107/58 139/109/58
f 144/111/59 140/112/59 138/107/59
f 146/113/60 142/114/60 145/115/60
f 154/116/61 141/117/61 155/118/61
f 141/119/62 142/114/62 156/120/62
f 148/121/63 139/109/63 147/108/63
f 139/109/64 148/121/64 149/122/64
f 150/123/65 143/110/65 139/109/65
f 152/124/66 146/113/66 145/115/66
f 150/123/67 139/109/67 149/122/67
f 163/125/68 150/126/68 149/127/68
f 167/128/69 166/129/69 169/130/69
f 167/128/70 168/131/70 166/129/70
f 166/129/71 189/132/71 184/133/71
f 169/130/72 166/129/72 180/134/72
f 184/133/73 182/135/73 166/129/73
f 178/136/74 199/137/74 158/138/74
f 169/139/75 180/140/75 179/141/75
f 187/142/76 150/126/76 163/125/76
f 175/143/77 167/128/77 181/144/77
f 175/143/78 190/145/78 168/131/78
f 177/146/79 157/147/79 171/148/79
f 182/149/80 200/150/80 180/140/80
f 181/151/81 169/139/81 179/141/81
f 241/152/82 192/153/82 177/154/82
f 184/133/83 200/155/83 182/135/83
f 196/156/84 206/157/84 184/133/84
f 185/158/85 188/159/85 181/144/85
f 180/140/86 212/160/86 193/161/86
f 180/140/87 200/150/87 212/160/87
f 205/162/88 185/163/88 181/151/88
f 206/157/89 217/164/89 200/155/89
f 202/165/90 171/148/90 170/166/90
f 216/167/91 170/166/91 187/142/91
f 174/168/92 224/169/92 186/170/92
f 173/171/93 218/172/93 201/173/93
f 206/157/94 216/174/94 217/164/94
f 186/175/95 224/176/95 218/172/95
f 207/177/96 175/178/96 223/179/96
f 208/180/97 224/169/97 197/181/97
f 209/182/98 232/183/98 208/184/98
f 235/185/99 190/145/99 207/186/99
f 232/183/100 199/137/100 237/187/100
f 200/150/101 217/188/101 221/189/101
f 230/190/102 188/191/102 185/192/102
f 237/187/103 210/193/103 225/194/103
f 223/179/104 188/191/104 230/190/104
f 208/195/105 231/196/105 224/176/105
f 216/197/106 228/198/106 217/188/106
f 215/199/107 238/200/107 256/201/107
f 201/173/108 231/196/108 229/202/108
f 246/203/109 228/198/109 222/204/109
f 234/205/110 177/206/110 271/207/110
f 226/208/111 261/209/111 270/210/111
f 264/211/112 260/212/112 253/213/112
f 264/211/113 253/213/113 263/214/113
f 264/215/114 272/216/114 260/217/114
f 272/216/115 279/218/115 260/217/115
f 276/219/116 236/220/116 251/221/116
f 279/218/117 286/222/117 266/223/117
f 265/224/118 286/222/118 299/225/118
f 334/226/119 346/227/119 350/228/119
f 346/229/120 327/230/120 351/231/120
f 344/232/121 351/231/121 331/233/121
f 350/234/122 346/229/122 351/231/122
f 351/231/123 344/232/123 343/235/123
f 353/236/124 398/237/124 335/238/124
f 352/239/125 368/240/125 359/241/125
f 361/242/126 345/243/126 402/244/126
f 364/245/127 381/246/127 369/247/127
f 365/248/128 371/249/128 410/250/128
f 380/251/129 406/252/129 379/253/129
f 385/254/130 403/255/130 395/256/130
f 380/251/131 404/257/131 385/254/131
f 419/258/132 404/257/132 380/251/132
f 419/258/133 380/251/133 374/259/133
f 382/260/134 390/261/134 371/249/134
f 383/262/135 353/263/135 392/264/135
f 383/262/136 399/265/136 398/266/136
f 403/255/137 409/267/137 395/256/137
f 402/244/138 401/268/138 400/269/138
f 399/265/139 408/270/139 398/266/139
f 401/271/140 408/270/140 400/272/140
f 404/257/141 426/273/141 403/255/141
f 418/274/142 402/275/142 400/272/142
f 400/272/143 399/265/143 414/276/143
f 398/277/144 416/278/144 422/279/144
f 425/280/145 430/281/145 409/282/145
f 449/283/146 412/284/146 418/285/146
f 411/286/147 388/287/147 412/284/147
f 435/288/148 421/289/148 432/290/148
f 416/278/149 424/291/149 440/292/149
f 444/293/150 405/294/150 429/295/150
f 420/296/151 432/290/151 413/297/151
f 438/298/152 414/276/152 437/299/152
f 448/300/153 444/293/153 435/288/153
f 440/292/154 424/291/154 443/301/154
f 443/301/155 436/302/155 444/293/155
f 420/296/156 448/300/156 432/290/156
f 440/292/157 420/296/157 422/279/157
f 440/292/158 443/301/158 448/300/158
f 462/303/159 446/304/159 467/305/159
f 451/306/160 458/307/160 437/299/160
f 464/308/161 456/309/161 454/310/161
f 464/308/162 454/310/162 458/307/162
f 455/311/163 463/312/163 453/313/163
f 459/314/164 463/315/164 455/316/164
f 467/317/165 460/318/165 464/308/165
f 462/319/166 467/317/166 466/320/166
f 457/321/167 465/322/167 458/307/167
f 463/312/168 466/320/168 465/322/168
f 465/322/169 467/317/169 464/308/169
f 463/312/170 461/323/170 466/320/170
f 472/324/171 471/325/171 473/326/171
f 470/327/172 471/325/172 472/324/172
f 468/328/173 471/325/173 470/327/173
f 468/328/174 469/329/174 471/325/174
f 485/330/175 477/331/175 471/325/175
f 471/325/176 478/332/176 490/333/176
f 475/334/177 468/335/177 474/336/177
f 478/332/178 494/337/178 490/333/178
f 485/330/179 479/338/179 477/331/179
f 486/339/180 482/340/180 492/341/180
f 504/342/181 499/343/181 479/338/181
f 541/344/182 500/345/182 492/346/182
f 485/330/183 501/347/183 504/342/183
f 479/348/184 499/349/184 496/350/184
f 513/351/185 541/344/185 492/346/185
f 501/347/186 508/352/186 504/342/186
f 511/353/187 508/352/187 501/347/187
f 513/351/188 489/354/188 532/355/188
f 516/356/189 500/345/189 541/344/189
f 508/352/190 519/357/190 504/342/190
f 512/358/191 506/359/191 507/360/191
f 510/361/192 506/359/192 520/362/192
f 507/360/193 510/361/193 517/363/193
f 541/344/194 513/351/194 549/364/194
f 519/365/195 536/366/195 515/367/195
f 508/352/196 511/353/196 519/357/196
f 524/368/197 529/369/197 521/370/197
f 523/371/198 522/372/198 511/353/198
f 551/373/199 517/374/199 527/375/199
f 520/376/200 545/377/200 535/378/200
f 558/379/201 532/355/201 497/380/201
f 537/381/202 544/382/202 546/383/202
f 568/384/203 516/356/203 541/344/203
f 549/364/204 532/355/204 558/379/204
f 568/384/205 549/364/205 558/379/205
f 579/385/206 516/356/206 568/384/206
f 583/386/207 558/379/207 563/387/207
f 554/388/208 592/389/208 563/387/208
f 583/386/209 579/385/209 568/384/209
f 571/390/210 581/391/210 565/392/210
f 587/393/211 584/394/211 592/389/211
f 584/394/212 579/385/212 583/386/212
f 587/393/213 580/395/213 584/394/213
f 597/396/214 561/397/214 580/398/214
f 572/399/215 597/396/215 589/400/215
f 596/401/216 587/393/216 595/402/216
f 596/401/217 597/403/217 580/395/217
f 598/404/218 591/405/218 564/406/218
f 595/402/219 592/389/219 585/407/219
f 575/408/220 596/401/220 595/402/220
f 600/409/221 590/410/221 603/411/221
f 594/412/222 600/409/222 604/413/222
f 602/414/223 606/415/223 598/404/223
f 605/416/224 601/417/224 606/415/224
f 599/418/225 604/419/225 606/415/225
f 604/419/226 605/416/226 606/415/226
f 8/8/227 5/5/227 15/420/227
f 11/23/228 9/10/228 43/421/228
f 22/15/229 46/422/229 24/423/229
f 24/424/230 15/425/230 5/426/230
f 43/421/231 9/10/231 17/427/231
f 24/424/232 58/428/232 15/425/232
f 42/429/233 11/23/233 43/421/233
f 47/430/234 35/32/234 29/38/234
f 46/431/235 58/428/235 24/424/235
f 49/46/236 40/45/236 34/33/236
f 53/39/237 35/32/237 47/430/237
f 44/432/238 56/433/238 31/434/238
f 56/433/239 74/435/239 39/436/239
f 15/425/240 58/428/240 63/437/240
f 38/438/241 57/439/241 75/440/241
f 38/438/242 39/436/242 57/439/242
f 54/441/243 30/442/243 42/429/243
f 67/443/244 32/444/244 30/445/244
f 39/436/245 74/435/245 57/439/245
f 72/446/246 49/46/246 34/33/246
f 64/447/247 47/430/247 65/448/247
f 51/449/248 82/450/248 69/451/248
f 69/451/249 68/452/249 56/433/249
f 48/453/250 53/39/250 64/447/250
f 64/447/251 53/39/251 47/430/251
f 68/452/252 79/454/252 56/433/252
f 86/455/253 65/448/253 61/456/253
f 74/435/254 83/58/254 57/439/254
f 58/428/255 89/457/255 76/64/255
f 67/458/256 30/442/256 54/441/256
f 75/459/257 87/460/257 73/461/257
f 83/58/258 93/57/258 75/440/258
f 74/435/259 79/454/259 83/58/259
f 67/462/260 54/463/260 90/71/260
f 102/464/261 95/465/261 85/466/261
f 103/467/262 85/466/262 86/455/262
f 104/85/263 111/87/263 100/59/263
f 112/90/264 98/89/264 49/46/264
f 97/468/265 110/469/265 51/449/265
f 121/470/266 115/471/266 95/465/266
f 119/100/267 127/98/267 82/450/267
f 123/472/268 121/470/268 95/465/268
f 110/469/269 134/101/269 119/100/269
f 119/100/270 130/99/270 127/98/270
f 131/473/271 121/474/271 123/475/271
f 148/476/272 147/477/272 153/478/272
f 153/478/273 154/116/273 160/479/273
f 160/479/274 154/116/274 161/480/274
f 143/110/275 159/481/275 144/111/275
f 151/482/276 146/113/276 164/483/276
f 145/115/277 144/111/277 158/484/277
f 146/113/278 152/124/278 164/483/278
f 162/485/279 148/476/279 153/478/279
f 143/110/280 192/486/280 159/481/280
f 159/487/281 178/136/281 144/488/281
f 172/489/282 148/476/282 162/485/282
f 149/490/283 148/476/283 172/489/283
f 157/491/284 192/486/284 143/110/284
f 153/478/285 160/479/285 173/492/285
f 204/493/286 178/136/286 159/487/286
f 186/494/287 161/480/287 174/495/287
f 172/489/288 194/496/288 149/490/288
f 195/497/289 153/478/289 183/498/289
f 194/496/290 163/499/290 149/490/290
f 165/500/291 209/182/291 164/501/291
f 178/136/292 210/193/292 199/137/292
f 172/489/293 162/485/293 195/497/293
f 214/502/294 194/496/294 172/489/294
f 201/503/295 183/498/295 173/492/295
f 204/493/296 225/194/296 210/193/296
f 228/504/297 187/142/297 163/125/297
f 204/493/298 233/505/298 225/194/298
f 241/152/299 203/506/299 192/153/299
f 212/160/300 200/150/300 221/189/300
f 195/497/301 183/498/301 201/503/301
f 219/507/302 220/508/302 202/509/302
f 203/506/303 226/510/303 233/505/303
f 190/145/304 235/185/304 211/511/304
f 191/512/305 242/513/305 249/514/305
f 222/204/306 194/496/306 245/515/306
f 214/502/307 215/199/307 256/201/307
f 238/516/308 215/517/308 195/518/308
f 229/202/309 238/516/309 195/518/309
f 211/519/310 235/520/310 243/521/310
f 233/505/311 248/522/311 225/194/311
f 220/508/312 271/523/312 202/509/312
f 198/524/313 249/525/313 257/526/313
f 244/527/314 213/528/314 193/161/314
f 221/189/315 217/188/315 258/529/315
f 223/179/316 253/213/316 207/177/316
f 207/530/317 254/531/317 235/520/317
f 249/514/318 242/513/318 275/532/318
f 258/529/319 212/160/319 221/189/319
f 227/533/320 212/160/320 258/529/320
f 251/534/321 236/535/321 205/162/321
f 226/510/322 270/536/322 248/522/322
f 257/526/323 271/523/323 220/508/323
f 241/537/324 234/538/324 259/539/324
f 258/529/325 228/198/325 246/203/325
f 248/540/326 274/541/326 247/542/326
f 242/513/327 295/543/327 275/532/327
f 243/521/328 295/543/328 242/513/328
f 250/544/329 254/545/329 265/224/329
f 243/521/330 250/546/330 285/547/330
f 244/527/331 227/533/331 269/548/331
f 269/548/332 227/533/332 258/529/332
f 297/549/333 255/550/333 245/515/333
f 275/532/334 277/551/334 309/552/334
f 266/223/335 286/222/335 265/224/335
f 265/553/336 294/554/336 285/547/336
f 243/521/337 313/555/337 295/543/337
f 287/556/338 269/548/338 258/529/338
f 287/556/339 258/529/339 288/557/339
f 261/558/340 259/539/340 304/559/340
f 243/521/341 285/547/341 313/555/341
f 268/560/342 244/527/342 292/561/342
f 292/561/343 269/548/343 300/562/343
f 296/563/344 267/564/344 332/565/344
f 286/566/345 324/567/345 299/568/345
f 303/569/346 276/570/346 302/571/346
f 285/547/347 311/572/347 313/555/347
f 295/543/348 312/573/348 277/551/348
f 273/574/349 268/560/349 292/561/349
f 301/575/350 297/549/350 318/576/350
f 315/577/351 287/556/351 288/557/351
f 329/578/352 302/571/352 273/574/352
f 314/579/353 289/580/353 290/581/353
f 308/582/354 334/226/354 324/567/354
f 267/564/355 310/583/355 322/584/355
f 277/551/356 356/585/356 320/586/356
f 312/573/357 356/585/357 277/551/357
f 329/578/358 273/574/358 328/587/358
f 331/233/359 317/588/359 337/589/359
f 302/571/360 329/578/360 336/590/360
f 331/233/361 337/589/361 344/232/361
f 311/572/362 366/591/362 313/555/362
f 318/576/363 325/592/363 301/575/363
f 325/592/364 335/238/364 315/577/364
f 342/593/365 314/594/365 290/595/365
f 340/596/366 318/576/366 314/579/366
f 321/597/367 350/228/367 311/572/367
f 311/572/368 355/598/368 366/591/368
f 312/573/369 382/260/369 356/585/369
f 349/599/370 338/600/370 319/601/370
f 356/585/371 365/248/371 320/586/371
f 310/583/372 345/243/372 322/584/372
f 358/602/373 347/603/373 318/576/373
f 322/584/374 372/604/374 362/605/374
f 363/606/375 330/607/375 335/238/375
f 365/248/376 402/244/376 345/243/376
f 377/608/377 358/602/377 340/596/377
f 362/605/378 388/287/378 349/609/378
f 356/585/379 371/249/379 365/248/379
f 322/584/380 361/242/380 372/604/380
f 328/587/381 333/610/381 357/611/381
f 363/606/382 357/611/382 330/607/382
f 383/262/383 398/266/383 353/263/383
f 359/612/384 368/613/384 373/614/384
f 370/615/385 375/616/385 387/617/385
f 373/618/386 368/619/386 384/620/386
f 365/248/387 401/268/387 402/244/387
f 384/620/388 379/621/388 394/622/388
f 369/623/389 381/624/389 386/625/389
f 364/245/390 388/287/390 381/246/390
f 410/250/391 401/268/391 365/248/391
f 392/264/392 347/626/392 393/627/392
f 378/628/393 376/629/393 421/289/393
f 393/630/394 373/618/394 415/631/394
f 388/287/395 411/286/395 381/246/395
f 397/632/396 363/633/396 391/634/396
f 361/242/397 402/244/397 412/284/397
f 381/246/398 447/635/398 386/636/398
f 415/631/399 384/620/399 394/622/399
f 410/250/400 424/637/400 401/268/400
f 420/296/401 357/638/401 397/632/401
f 415/631/402 394/622/402 428/639/402
f 392/640/403 393/630/403 427/641/403
f 404/642/404 419/643/404 441/644/404
f 419/643/405 447/635/405 446/304/405
f 434/645/406 428/639/406 417/646/406
f 434/645/407 417/646/407 407/647/407
f 426/648/408 441/644/408 431/649/408
f 419/643/409 446/304/409 441/644/409
f 427/641/410 393/630/410 433/650/410
f 414/276/411 392/264/411 437/299/411
f 439/651/412 434/645/412 407/647/412
f 439/651/413 407/647/413 423/652/413
f 411/286/414 449/283/414 460/653/414
f 411/286/415 460/653/415 447/635/415
f 431/649/416 459/654/416 425/655/416
f 431/649/417 450/656/417 459/654/417
f 451/306/418 427/657/418 433/658/418
f 451/306/419 437/299/419 427/657/419
f 452/659/420 442/660/420 434/645/420
f 441/644/421 462/303/421 450/656/421
f 456/309/422 464/308/422 460/318/422
f 450/656/423 462/303/423 461/661/423
f 475/662/424 483/663/424 480/664/424
f 488/665/425 481/666/425 472/667/425
f 486/668/426 487/669/426 475/662/426
f 491/670/427 480/671/427 503/672/427
f 489/673/428 488/665/428 493/674/428
f 483/663/429 495/675/429 503/676/429
f 488/665/430 498/677/430 497/678/430
f 484/679/431 473/680/431 496/350/431
f 503/676/432 495/675/432 509/681/432
f 511/353/433 505/682/433 523/371/433
f 496/350/434 499/349/434 514/683/434
f 505/684/435 502/685/435 538/686/435
f 507/360/436 525/687/436 512/358/436
f 512/358/437 531/688/437 524/368/437
f 514/683/438 515/367/438 526/689/438
f 535/378/439 510/690/439 520/376/439
f 533/691/440 496/350/440 514/683/440
f 497/678/441 533/691/441 558/692/441
f 531/693/442 525/694/442 547/695/442
f 548/696/443 533/691/443 514/683/443
f 538/686/444 553/697/444 539/698/444
f 509/681/445 550/699/445 566/700/445
f 522/701/446 539/698/446 567/702/446
f 548/696/447 526/689/447 554/703/447
f 560/704/448 534/705/448 542/706/448
f 542/706/449 536/366/449 546/707/449
f 531/693/450 547/695/450 557/708/450
f 558/692/451 533/691/451 548/696/451
f 550/699/452 516/709/452 566/700/452
f 528/710/453 566/700/453 561/397/453
f 563/711/454 558/692/454 548/696/454
f 564/712/455 555/713/455 545/377/455
f 566/700/456 516/709/456 576/714/456
f 546/715/457 551/716/457 565/717/457
f 553/697/458 574/718/458 539/698/458
f 540/719/459 590/410/459 578/720/459
f 564/712/460 545/377/460 570/721/460
f 556/722/461 552/723/461 588/724/461
f 553/697/462 561/397/462 574/718/462
f 572/399/463 581/725/463 562/726/463
f 585/727/464 569/728/464 560/704/464
f 557/729/465 582/730/465 573/731/465
f 547/695/466 578/720/466 594/412/466
f 598/732/467 564/712/467 570/721/467
f 547/695/468 594/412/468 557/708/468
f 578/720/469 590/410/469 594/412/469
f 594/412/470 590/410/470 600/409/470
f 601/417/471 598/404/471 606/415/471
f 7/12/472 32/444/472 13/16/472
f 21/733/473 17/734/473 20/735/473
f 11/23/474 30/442/474 7/736/474
f 32/737/475 36/738/475 18/21/475
f 32/444/476 37/29/476 13/16/476
f 15/420/477 21/22/477 8/8/477
f 21/733/478 50/739/478 17/734/478
f 38/30/479 37/740/479 33/20/479
f 56/433/480 39/436/480 23/741/480
f 50/742/481 43/421/481 17/427/481
f 45/743/482 21/733/482 52/744/482
f 66/745/483 43/421/483 50/742/483
f 70/746/484 71/747/484 46/422/484
f 46/431/485 71/748/485 58/428/485
f 80/749/486 50/739/486 45/743/486
f 62/750/487 78/751/487 55/752/487
f 80/749/488 45/743/488 52/744/488
f 81/70/489 73/753/489 62/754/489
f 73/461/490 78/751/490 62/750/490
f 80/749/491 92/55/491 50/739/491
f 84/755/492 80/749/492 52/744/492
f 65/448/493 86/455/493 64/447/493
f 88/72/494 101/73/494 71/756/494
f 105/757/495 80/749/495 84/755/495
f 106/53/496 117/758/496 103/759/496
f 125/91/497 117/758/497 106/53/497
f 112/90/498 120/760/498 113/88/498
f 122/761/499 114/84/499 116/78/499
f 113/74/500 122/761/500 116/78/500
f 120/762/501 122/761/501 113/74/501
f 134/763/502 110/764/502 114/84/502
f 125/91/503 128/106/503 117/758/503
f 120/762/504 135/765/504 122/761/504
f 135/765/505 133/766/505 122/761/505
f 117/758/506 123/475/506 102/767/506
f 129/93/507 132/97/507 126/94/507
f 161/480/508 154/116/508 155/118/508
f 156/768/509 174/168/509 161/769/509
f 171/148/510 157/147/510 150/126/510
f 164/770/511 156/768/511 151/771/511
f 197/181/512 174/168/512 156/768/512
f 164/770/513 197/181/513 156/768/513
f 219/507/514 206/157/514 196/156/514
f 207/186/515 190/145/515 175/143/515
f 216/174/516 206/157/516 170/772/516
f 188/191/517 223/179/517 175/178/517
f 202/773/518 177/774/518 171/775/518
f 205/776/519 230/190/519 185/192/519
f 172/489/520 215/199/520 214/502/520
f 237/777/521 231/196/521 232/778/521
f 248/522/522 239/779/522 225/194/522
f 254/531/523 250/546/523 235/520/523
f 247/542/524 252/780/524 238/781/524
f 274/541/525 252/780/525 247/542/525
f 259/782/526 261/783/526 226/784/526
f 281/785/527 256/786/527 252/780/527
f 263/214/528 253/213/528 240/787/528
f 261/209/529 283/788/529 270/210/529
f 276/219/530 262/789/530 236/220/530
f 284/790/531 280/791/531 272/792/531
f 262/789/532 298/793/532 263/214/532
f 263/214/533 298/793/533 284/790/533
f 305/794/534 280/791/534 284/790/534
f 305/794/535 323/795/535 280/791/535
f 302/571/536 276/570/536 251/534/536
f 306/796/537 316/797/537 281/785/537
f 277/551/538 320/586/538 309/552/538
f 314/579/539 297/549/539 289/580/539
f 298/793/540 317/798/540 305/794/540
f 319/601/541 283/788/541 261/209/541
f 317/798/542 323/795/542 305/794/542
f 337/799/543 317/798/543 298/793/543
f 303/800/544 326/801/544 293/802/544
f 315/577/545 330/607/545 287/556/545
f 293/802/546 341/803/546 298/793/546
f 316/797/547 342/593/547 290/595/547
f 352/804/548 342/593/548 316/797/548
f 338/600/549 348/805/549 306/796/549
f 348/805/550 352/804/550 316/797/550
f 341/806/551 360/807/551 337/589/551
f 348/808/552 368/809/552 352/810/552
f 360/807/553 375/811/553 343/235/553
f 378/628/554 341/806/554 354/812/554
f 378/628/555 360/807/555 341/806/555
f 376/629/556 378/628/556 336/813/556
f 424/814/557 408/815/557 401/816/557
f 426/273/558 425/817/558 403/255/558
f 447/635/559 419/643/559 386/636/559
f 423/652/560 407/647/560 409/818/560
f 435/288/561 444/293/561 429/295/561
f 438/298/562 400/272/562 414/276/562
f 438/298/563 454/310/563 400/272/563
f 456/819/564 460/653/564 449/283/564
f 476/820/565 468/335/565 470/821/565
f 472/667/566 481/666/566 470/822/566
f 470/821/567 481/823/567 476/820/567
f 491/670/568 494/337/568 478/332/568
f 482/340/569 486/339/569 474/336/569
f 474/336/570 486/339/570 475/334/570
f 481/823/571 492/341/571 482/340/571
f 518/824/572 507/825/572 517/374/572
f 543/826/573 545/377/573 521/827/573
f 537/381/574 536/828/574 519/357/574
f 529/829/575 543/830/575 521/831/575
f 531/832/576 529/829/576 524/833/576
f 551/373/577 544/834/577 517/374/577
f 522/372/578 544/382/578 537/381/578
f 544/834/579 530/835/579 518/824/579
f 562/836/580 544/837/580 522/838/580
f 531/832/581 573/731/581 529/829/581
f 573/731/582 552/723/582 529/829/582
f 556/722/583 543/830/583 552/723/583
f 531/832/584 557/729/584 573/731/584
f 559/839/585 565/840/585 551/373/585
f 562/841/586 577/842/586 530/835/586
f 571/843/587 577/842/587 562/841/587
f 546/844/588 575/845/588 560/846/588
f 573/731/589 586/847/589 552/723/589
f 591/848/590 565/849/590 559/850/590
f 589/851/591 565/852/591 581/853/591
f 565/392/592 593/854/592 571/390/592
f 571/843/593 603/855/593 577/842/593
f 601/417/594 593/854/594 591/405/594
f 599/856/595 586/847/595 582/730/595
f 601/417/596 603/857/596 593/854/596
f 2/2/597 10/6/597 3/3/597
f 4/18/598 5/5/598 1/4/598
f 2/2/599 5/5/599 8/8/599
f 3/3/600 20/7/600 9/858/600
f 7/12/601 13/16/601 1/13/601
f 22/15/602 4/859/602 1/13/602
f 11/23/603 7/736/603 6/11/603
f 12/19/604 14/27/604 33/20/604
f 16/860/605 12/19/605 27/24/605
f 28/25/606 12/19/606 18/21/606
f 16/860/607 19/28/607 12/19/607
f 12/19/608 19/28/608 14/27/608
f 28/25/609 18/21/609 36/738/609
f 14/27/610 23/26/610 33/20/610
f 25/35/611 27/24/611 34/861/611
f 25/35/612 26/34/612 27/24/612
f 26/34/613 16/860/613 27/24/613
f 26/34/614 19/28/614 16/860/614
f 28/37/615 36/862/615 29/38/615
f 31/863/616 23/26/616 19/28/616
f 18/21/617 33/20/617 37/740/617
f 34/861/618 40/36/618 25/35/618
f 26/34/619 44/40/619 19/28/619
f 40/864/620 41/865/620 26/866/620
f 34/33/621 53/39/621 48/453/621
f 55/752/622 78/751/622 61/867/622
f 59/868/623 96/869/623 40/49/623
f 96/869/624 60/50/624 40/49/624
f 75/459/625 93/870/625 87/460/625
f 115/471/626 49/46/626 72/446/626
f 97/871/627 51/872/627 77/873/627
f 91/79/628 90/71/628 54/463/628
f 80/749/629 94/874/629 92/55/629
f 98/89/630 59/47/630 49/46/630
f 98/875/631 96/869/631 59/868/631
f 111/87/632 93/57/632 100/59/632
f 84/66/633 76/64/633 109/63/633
f 101/65/634 76/64/634 89/457/634
f 90/71/635 81/70/635 67/462/635
f 86/876/636 106/53/636 103/759/636
f 77/873/637 60/50/637 96/869/637
f 78/52/638 107/68/638 106/53/638
f 113/74/639 116/78/639 96/75/639
f 107/68/640 87/62/640 111/61/640
f 108/69/641 105/81/641 109/82/641
f 112/90/642 49/46/642 115/471/642
f 125/91/643 107/68/643 124/92/643
f 124/92/644 126/94/644 125/91/644
f 128/106/645 125/91/645 132/97/645
f 136/877/646 130/99/646 134/101/646
f 123/475/647 128/106/647 131/473/647
f 136/102/648 129/93/648 130/878/648
f 128/106/649 137/105/649 131/473/649
f 137/105/650 135/104/650 131/473/650
f 137/105/651 129/93/651 136/102/651
f 147/108/652 138/107/652 140/112/652
f 140/112/653 142/114/653 141/119/653
f 140/112/654 145/115/654 142/114/654
f 144/111/655 145/115/655 140/112/655
f 138/107/656 143/110/656 144/111/656
f 147/108/657 140/112/657 154/879/657
f 140/112/658 141/119/658 154/879/658
f 141/119/659 156/120/659 155/880/659
f 142/114/660 151/482/660 156/120/660
f 142/114/661 146/113/661 151/482/661
f 157/491/662 143/110/662 150/123/662
f 168/131/663 189/132/663 166/129/663
f 166/129/664 182/135/664 180/134/664
f 184/133/665 189/132/665 196/156/665
f 168/131/666 176/881/666 189/132/666
f 187/142/667 170/166/667 150/126/667
f 175/143/668 168/131/668 167/128/668
f 181/144/669 188/159/669 175/143/669
f 190/145/670 176/881/670 168/131/670
f 184/133/671 206/157/671 200/155/671
f 196/156/672 189/132/672 198/524/672
f 189/132/673 191/882/673 198/524/673
f 179/141/674 180/140/674 193/161/674
f 197/181/675 209/883/675 208/180/675
f 205/162/676 181/151/676 179/141/676
f 196/156/677 198/524/677 219/507/677
f 173/171/678 186/175/678 218/172/678
f 206/157/679 202/509/679 170/772/679
f 228/198/680 216/197/680 187/884/680
f 206/157/681 219/507/681 202/509/681
f 232/183/682 209/182/682 199/137/682
f 191/882/683 211/511/683 242/885/683
f 219/507/684 198/524/684 257/526/684
f 177/206/685 234/205/685 241/886/685
f 201/173/686 218/172/686 231/196/686
f 218/172/687 224/176/687 231/196/687
f 231/196/688 208/195/688 232/778/688
f 219/507/689 257/526/689 220/508/689
f 236/220/690 230/190/690 205/776/690
f 239/887/691 237/777/691 225/888/691
f 229/202/692 231/196/692 239/887/692
f 240/787/693 223/179/693 230/190/693
f 231/196/694 237/777/694 239/887/694
f 229/202/695 247/889/695 238/516/695
f 239/887/696 247/889/696 229/202/696
f 239/887/697 248/890/697 247/889/697
f 236/220/698 240/787/698 230/190/698
f 236/220/699 262/789/699 240/787/699
f 250/544/700 265/224/700 285/891/700
f 266/223/701 265/224/701 254/545/701
f 279/218/702 266/223/702 260/217/702
f 264/211/703 284/790/703 272/792/703
f 280/892/704 279/218/704 272/216/704
f 280/892/705 291/893/705 279/218/705
f 307/894/706 291/895/706 280/791/706
f 339/896/707 327/897/707 307/898/707
f 346/227/708 334/226/708 327/897/708
f 354/899/709 326/900/709 303/569/709
f 351/231/710 327/230/710 339/901/710
f 343/235/711 344/232/711 337/589/711
f 350/234/712 351/231/712 343/235/712
f 370/902/713 350/234/713 343/235/713
f 340/903/714 359/904/714 377/905/714
f 348/906/715 364/907/715 369/908/715
f 368/909/716 374/259/716 379/253/716
f 368/909/717 369/623/717 374/259/717
f 379/253/718 374/259/718 380/251/718
f 380/251/719 385/254/719 406/252/719
f 358/602/720 393/630/720 347/603/720
f 392/264/721 353/263/721 347/626/721
f 379/621/722 406/910/722 394/622/722
f 406/252/723 385/254/723 395/256/723
f 386/625/724 419/258/724 374/259/724
f 360/807/725 429/295/725 375/811/725
f 385/254/726 404/257/726 403/255/726
f 405/911/727 389/912/727 387/617/727
f 388/287/728 372/604/728 412/284/728
f 412/284/729 372/604/729 361/242/729
f 414/276/730 399/265/730 383/262/730
f 421/289/731 360/807/731 378/628/731
f 394/622/732 406/910/732 417/646/732
f 406/910/733 395/913/733 407/647/733
f 395/256/734 409/267/734 407/914/734
f 400/272/735 408/270/735 399/265/735
f 398/915/736 408/916/736 416/917/736
f 435/288/737 360/807/737 421/289/737
f 429/295/738 405/294/738 387/918/738
f 432/290/739 421/289/739 376/629/739
f 391/634/740 398/277/740 422/279/740
f 416/278/741 408/919/741 424/291/741
f 423/920/742 409/282/742 430/281/742
f 371/249/743 390/261/743 445/921/743
f 445/921/744 390/261/744 436/922/744
f 416/278/745 440/292/745 422/279/745
f 444/293/746 436/302/746 405/294/746
f 448/300/747 435/288/747 432/290/747
f 443/301/748 424/291/748 445/923/748
f 454/310/749 449/924/749 418/274/749
f 443/301/750 445/923/750 436/302/750
f 440/292/751 448/300/751 420/296/751
f 443/301/752 444/293/752 448/300/752
f 439/651/753 453/925/753 452/659/753
f 456/309/754 449/924/754 454/310/754
f 442/926/755 452/927/755 457/321/755
f 457/321/756 458/307/756 451/306/756
f 458/307/757 454/310/757 438/298/757
f 452/927/758 465/322/758 457/321/758
f 452/927/759 453/313/759 465/322/759
f 466/320/760 461/323/760 462/319/760
f 459/314/761 461/928/761 463/315/761
f 458/307/762 465/322/762 464/308/762
f 465/322/763 466/320/763 467/317/763
f 471/325/764 477/331/764 473/326/764
f 471/325/765 469/329/765 478/332/765
f 469/329/766 480/671/766 478/332/766
f 485/330/767 471/325/767 490/333/767
f 475/334/768 469/929/768 468/335/768
f 477/331/769 479/338/769 473/326/769
f 490/333/770 494/337/770 485/330/770
f 485/330/771 504/342/771 479/338/771
f 492/346/772 500/345/772 486/930/772
f 485/330/773 494/337/773 501/347/773
f 494/337/774 491/670/774 505/682/774
f 494/337/775 505/682/775 501/347/775
f 491/670/776 503/672/776 502/931/776
f 493/932/777 532/355/777 489/354/777
f 513/351/778 492/346/778 489/354/778
f 499/343/779 504/342/779 515/933/779
f 505/682/780 511/353/780 501/347/780
f 504/342/781 519/357/781 515/933/781
f 510/361/782 507/360/782 506/359/782
f 506/359/783 521/370/783 520/362/783
f 506/359/784 524/368/784 521/370/784
f 506/359/785 512/358/785 524/368/785
f 505/684/786 538/686/786 523/934/786
f 518/935/787 525/687/787 507/360/787
f 497/380/788 532/355/788 493/932/788
f 519/357/789 511/353/789 537/381/789
f 511/353/790 522/372/790 537/381/790
f 512/358/791 525/687/791 531/688/791
f 515/367/792 536/366/792 534/705/792
f 535/378/793 527/936/793 510/690/793
f 523/934/794 538/686/794 539/698/794
f 523/371/795 539/937/795 522/372/795
f 530/835/796 540/938/796 518/824/796
f 536/366/797 542/706/797 534/705/797
f 537/381/798 546/383/798 536/828/798
f 549/364/799 568/384/799 541/344/799
f 546/939/800 544/834/800 551/373/800
f 548/696/801 554/703/801 563/711/801
f 583/386/802 568/384/802 558/379/802
f 585/407/803 592/389/803 554/388/803
f 584/394/804 583/386/804 563/387/804
f 563/387/805 592/389/805 584/394/805
f 572/399/806 574/718/806 597/396/806
f 584/394/807 580/395/807 576/940/807
f 584/394/808 576/940/808 579/385/808
f 596/401/809 580/395/809 587/393/809
f 592/389/810 595/402/810 587/393/810
f 585/407/811 575/408/811 595/402/811
f 588/724/812 586/847/812 599/856/812
f 589/941/813 597/403/813 596/401/813
f 593/854/814 603/857/814 571/390/814
f 570/942/815 602/943/815 598/944/815
f 575/408/816 589/941/816 596/401/816
f 582/730/817 594/945/817 599/856/817
f 598/404/818 601/417/818 591/405/818
f 605/946/819 600/409/819 603/411/819
f 602/414/820 599/418/820 606/415/820
f 605/416/821 603/857/821 601/417/821
f 604/419/822 600/947/822 605/416/822
f 4/859/823 22/15/823 24/423/823
f 23/741/824 39/436/824 38/438/824
f 42/429/825 30/442/825 11/23/825
f 19/28/826 44/40/826 31/863/826
f 44/948/827 69/949/827 56/950/827
f 37/951/828 38/438/828 70/952/828
f 21/733/829 15/953/829 52/744/829
f 43/421/830 54/441/830 42/429/830
f 55/954/831 29/38/831 36/862/831
f 44/432/832 51/449/832 69/451/832
f 31/434/833 56/433/833 23/741/833
f 70/952/834 38/438/834 75/440/834
f 15/425/835 63/437/835 52/955/835
f 55/954/836 61/456/836 29/38/836
f 63/437/837 58/428/837 76/64/837
f 48/453/838 72/446/838 34/33/838
f 65/448/839 47/430/839 29/38/839
f 61/456/840 65/448/840 29/38/840
f 66/745/841 54/441/841 43/421/841
f 56/433/842 79/454/842 74/435/842
f 69/451/843 82/450/843 68/452/843
f 57/439/844 83/58/844 75/440/844
f 58/428/845 71/748/845 89/457/845
f 66/745/846 91/956/846 54/441/846
f 85/466/847 72/446/847 48/453/847
f 64/447/848 85/466/848 48/453/848
f 82/450/849 99/957/849 68/452/849
f 76/64/850 84/66/850 63/437/850
f 85/466/851 95/465/851 72/446/851
f 68/452/852 104/85/852 79/454/852
f 83/58/853 79/454/853 100/59/853
f 95/465/854 115/471/854 72/446/854
f 61/51/855 106/53/855 86/876/855
f 79/454/856 104/85/856 100/59/856
f 92/55/857 94/874/857 91/56/857
f 68/452/858 99/957/858 104/85/858
f 103/467/859 102/464/859 85/466/859
f 51/449/860 110/469/860 82/450/860
f 99/957/861 82/450/861 127/98/861
f 104/85/862 99/957/862 118/95/862
f 104/85/863 118/95/863 124/86/863
f 82/450/864 110/469/864 119/100/864
f 99/957/865 127/98/865 118/95/865
f 102/464/866 123/472/866 95/465/866
f 121/470/867 112/90/867 115/471/867
f 118/95/868 127/98/868 129/96/868
f 131/958/869 120/760/869 121/470/869
f 145/115/870 158/484/870 152/124/870
f 161/480/871 155/118/871 156/959/871
f 158/138/872 144/488/872 178/136/872
f 164/501/873 152/960/873 165/500/873
f 173/492/874 160/479/874 161/480/874
f 165/500/875 158/138/875 199/137/875
f 173/492/876 183/498/876 153/478/876
f 189/132/877 176/881/877 191/882/877
f 157/961/878 177/154/878 192/153/878
f 159/487/879 192/153/879 204/493/879
f 195/497/880 162/485/880 153/478/880
f 178/136/881 204/493/881 210/193/881
f 204/493/882 192/153/882 203/506/882
f 191/882/883 176/881/883 211/511/883
f 197/181/884 224/169/884 174/168/884
f 165/500/885 199/137/885 209/182/885
f 194/496/886 228/198/886 163/499/886
f 215/199/887 172/489/887 195/497/887
f 198/524/888 191/882/888 249/525/888
f 210/193/889 237/187/889 199/137/889
f 204/493/890 203/506/890 233/505/890
f 193/161/891 213/528/891 179/141/891
f 222/204/892 228/198/892 194/496/892
f 229/202/893 195/518/893 201/173/893
f 227/533/894 193/161/894 212/160/894
f 202/962/895 271/963/895 177/964/895
f 203/506/896 241/152/896 226/510/896
f 211/519/897 243/521/897 242/513/897
f 227/533/898 244/527/898 193/161/898
f 258/529/899 217/188/899 228/198/899
f 207/177/900 253/213/900 254/965/900
f 233/505/901 226/510/901 248/522/901
f 226/784/902 241/966/902 259/782/902
f 255/550/903 222/204/903 245/515/903
f 255/550/904 246/203/904 222/204/904
f 213/528/905 251/534/905 205/162/905
f 245/515/906 214/502/906 256/201/906
f 257/967/907 249/514/907 275/532/907
f 235/520/908 250/546/908 243/521/908
f 268/560/909 213/528/909 244/527/909
f 289/580/910 245/515/910 256/201/910
f 257/967/911 309/552/911 271/968/911
f 234/538/912 271/968/912 267/564/912
f 268/560/913 273/574/913 213/528/913
f 273/574/914 251/534/914 213/528/914
f 297/549/915 245/515/915 289/580/915
f 288/557/916 258/529/916 246/203/916
f 257/967/917 275/532/917 309/552/917
f 271/968/918 278/969/918 267/564/918
f 259/539/919 234/538/919 296/563/919
f 234/538/920 267/564/920 296/563/920
f 271/968/921 309/552/921 278/969/921
f 290/595/922 289/970/922 256/786/922
f 301/575/923 288/557/923 246/203/923
f 279/218/924 291/893/924 286/222/924
f 292/561/925 244/527/925 269/548/925
f 255/550/926 301/575/926 246/203/926
f 298/793/927 305/794/927 284/790/927
f 259/539/928 296/563/928 304/559/928
f 275/532/929 295/543/929 277/551/929
f 294/971/930 265/224/930 299/225/930
f 286/566/931 291/972/931 308/582/931
f 273/574/932 302/571/932 251/534/932
f 278/969/933 309/552/933 310/583/933
f 287/556/934 300/562/934 269/548/934
f 297/549/935 301/575/935 255/550/935
f 296/563/936 332/565/936 304/559/936
f 293/802/937 262/789/937 276/219/937
f 278/969/938 310/583/938 267/564/938
f 311/572/939 285/547/939 294/554/939
f 295/543/940 313/555/940 312/573/940
f 299/568/941 324/567/941 321/597/941
f 299/568/942 321/597/942 294/554/942
f 291/972/943 307/898/943 308/582/943
f 286/566/944 308/582/944 324/567/944
f 309/552/945 320/586/945 310/583/945
f 267/564/946 322/584/946 332/565/946
f 314/579/947 318/576/947 297/549/947
f 294/554/948 321/597/948 311/572/948
f 300/562/949 333/610/949 292/561/949
f 292/561/950 328/587/950 273/574/950
f 325/592/951 288/557/951 301/575/951
f 308/582/952 307/898/952 327/897/952
f 330/607/953 300/562/953 287/556/953
f 325/592/954 315/577/954 288/557/954
f 334/226/955 308/582/955 327/897/955
f 333/610/956 328/587/956 292/561/956
f 330/607/957 333/610/957 300/562/957
f 304/559/958 349/609/958 319/973/958
f 332/565/959 362/605/959 304/559/959
f 324/567/960 334/226/960 321/597/960
f 336/590/961 303/569/961 302/571/961
f 304/559/962 362/605/962 349/609/962
f 312/573/963 313/555/963 366/591/963
f 332/565/964 322/584/964 362/605/964
f 320/586/965 345/243/965 310/583/965
f 351/231/966 339/901/966 331/233/966
f 347/603/967 325/592/967 318/576/967
f 340/596/968 358/602/968 318/576/968
f 345/243/969 320/586/969 365/248/969
f 353/236/970 335/238/970 325/592/970
f 366/591/971 355/598/971 389/912/971
f 357/611/972 333/610/972 330/607/972
f 355/974/973 350/234/973 370/902/973
f 322/584/974 345/243/974 361/242/974
f 312/573/975 366/591/975 382/260/975
f 328/587/976 336/590/976 329/578/976
f 370/615/977 343/975/977 375/616/977
f 348/805/978 338/600/978 364/976/978
f 367/977/979 336/590/979 328/587/979
f 349/609/980 388/287/980 364/245/980
f 398/237/981 363/606/981 335/238/981
f 355/598/982 370/615/982 387/617/982
f 389/912/983 355/598/983 387/617/983
f 382/260/984 366/591/984 396/978/984
f 376/979/985 336/590/985 367/977/985
f 398/237/986 391/980/986 363/606/986
f 372/604/987 388/287/987 362/605/987
f 366/591/988 389/912/988 396/978/988
f 357/611/989 367/977/989 328/587/989
f 377/608/990 393/630/990 358/602/990
f 373/618/991 377/608/991 359/981/991
f 363/606/992 397/982/992 357/611/992
f 393/630/993 377/608/993 373/618/993
f 382/260/994 396/978/994 390/261/994
f 396/978/995 389/912/995 405/911/995
f 413/297/996 376/629/996 367/983/996
f 381/246/997 411/286/997 447/635/997
f 413/297/998 367/983/998 357/638/998
f 412/984/999 402/275/999 418/274/999
f 391/634/1000 422/279/1000 397/632/1000
f 390/261/1001 396/978/1001 436/922/1001
f 420/296/1002 413/297/1002 357/638/1002
f 422/279/1003 420/296/1003 397/632/1003
f 428/639/1004 394/622/1004 417/646/1004
f 371/249/1005 445/921/1005 424/637/1005
f 404/642/1006 441/644/1006 426/648/1006
f 433/650/1007 393/630/1007 415/631/1007
f 437/985/1008 392/640/1008 427/641/1008
f 411/286/1009 412/284/1009 449/283/1009
f 433/650/1010 415/631/1010 428/639/1010
f 442/660/1011 433/650/1011 428/639/1011
f 434/645/1012 442/660/1012 428/639/1012
f 452/659/1013 434/645/1013 439/651/1013
f 431/649/1014 441/644/1014 450/656/1014
f 442/926/1015 451/306/1015 433/658/1015
f 446/304/1016 460/653/1016 467/305/1016
f 450/656/1017 461/661/1017 459/654/1017
f 441/644/1018 446/304/1018 462/303/1018
f 457/321/1019 451/306/1019 442/926/1019
f 458/307/1020 438/298/1020 437/299/1020
f 469/986/1021 475/662/1021 480/664/1021
f 484/679/1022 472/667/1022 473/680/1022
f 484/679/1023 488/665/1023 472/667/1023
f 475/662/1024 487/669/1024 483/663/1024
f 489/673/1025 481/666/1025 488/665/1025
f 480/664/1026 483/663/1026 503/676/1026
f 498/677/1027 488/665/1027 484/679/1027
f 483/663/1028 487/669/1028 495/675/1028
f 492/346/1029 481/987/1029 489/354/1029
f 487/669/1030 486/668/1030 500/988/1030
f 496/350/1031 473/680/1031 479/348/1031
f 550/699/1032 487/669/1032 500/988/1032
f 497/678/1033 493/674/1033 488/665/1033
f 495/675/1034 487/669/1034 550/699/1034
f 505/682/1035 491/670/1035 502/931/1035
f 498/677/1036 484/679/1036 496/350/1036
f 550/699/1037 500/988/1037 516/709/1037
f 533/691/1038 497/678/1038 498/677/1038
f 496/350/1039 533/691/1039 498/677/1039
f 503/676/1040 528/710/1040 502/685/1040
f 503/676/1041 509/681/1041 528/710/1041
f 538/686/1042 502/685/1042 528/710/1042
f 518/935/1043 540/989/1043 525/687/1043
f 509/681/1044 495/675/1044 550/699/1044
f 540/719/1045 578/720/1045 525/694/1045
f 548/696/1046 514/683/1046 526/689/1046
f 560/704/1047 526/689/1047 534/705/1047
f 555/713/1048 535/378/1048 545/377/1048
f 535/378/1049 555/713/1049 527/936/1049
f 528/710/1050 509/681/1050 566/700/1050
f 562/990/1051 522/991/1051 567/992/1051
f 547/695/1052 525/694/1052 578/720/1052
f 560/704/1053 554/703/1053 526/689/1053
f 538/686/1054 528/710/1054 561/397/1054
f 553/697/1055 538/686/1055 561/397/1055
f 555/713/1056 559/850/1056 527/936/1056
f 546/707/1057 560/704/1057 542/706/1057
f 530/835/1058 577/842/1058 540/938/1058
f 569/728/1059 554/703/1059 560/704/1059
f 539/698/1060 574/718/1060 567/702/1060
f 570/721/1061 545/377/1061 556/993/1061
f 562/726/1062 567/702/1062 572/399/1062
f 567/702/1063 574/718/1063 572/399/1063
f 571/843/1064 562/841/1064 581/994/1064
f 590/410/1065 540/719/1065 577/995/1065
f 591/848/1066 559/850/1066 555/713/1066
f 575/996/1067 585/727/1067 560/704/1067
f 561/397/1068 576/714/1068 580/398/1068
f 572/997/1069 589/851/1069 581/853/1069
f 597/396/1070 574/718/1070 561/397/1070
f 591/848/1071 555/713/1071 564/712/1071
f 588/724/1072 570/942/1072 556/722/1072
f 588/724/1073 602/943/1073 570/942/1073
f 20/998/1074 17/427/1074 9/10/1074
f 18/21/1075 37/740/1075 32/737/1075
f 7/12/1076 30/445/1076 32/444/1076
f 21/733/1077 45/743/1077 50/739/1077
f 22/15/1078 37/29/1078 46/422/1078
f 37/29/1079 70/746/1079 46/422/1079
f 32/999/1080 55/752/1080 36/1000/1080
f 67/1001/1081 62/1002/1081 32/1003/1081
f 32/999/1082 62/750/1082 55/752/1082
f 60/50/1083 77/873/1083 41/48/1083
f 77/873/1084 51/872/1084 41/48/1084
f 73/1004/1085 71/1005/1085 70/1006/1085
f 50/739/1086 92/55/1086 66/54/1086
f 75/459/1087 73/461/1087 70/1007/1087
f 67/462/1088 81/70/1088 62/754/1088
f 73/1008/1089 88/1009/1089 71/1010/1089
f 63/437/1090 84/66/1090 52/955/1090
f 73/461/1091 87/460/1091 78/751/1091
f 71/748/1092 101/65/1092 89/457/1092
f 64/447/1093 86/455/1093 85/466/1093
f 81/70/1094 88/72/1094 73/753/1094
f 105/757/1095 94/874/1095 80/749/1095
f 103/759/1096 117/758/1096 102/767/1096
f 116/78/1097 114/84/1097 77/77/1097
f 114/84/1098 110/764/1098 97/83/1098
f 121/470/1099 120/760/1099 112/90/1099
f 122/761/1100 134/763/1100 114/84/1100
f 122/761/1101 133/766/1101 134/763/1101
f 131/473/1102 135/104/1102 120/1011/1102
f 117/758/1103 128/106/1103 123/475/1103
f 133/1012/1104 135/104/1104 134/103/1104
f 154/116/1105 153/478/1105 147/477/1105
f 158/138/1106 165/500/1106 152/960/1106
f 169/130/1107 181/144/1107 167/128/1107
f 170/166/1108 171/148/1108 150/126/1108
f 161/480/1109 186/494/1109 173/492/1109
f 209/883/1110 197/181/1110 164/770/1110
f 190/145/1111 211/511/1111 176/881/1111
f 179/141/1112 213/528/1112 205/162/1112
f 214/502/1113 245/515/1113 194/496/1113
f 238/781/1114 252/780/1114 256/786/1114
f 240/787/1115 253/213/1115 223/179/1115
f 270/210/1116 274/541/1116 248/540/1116
f 253/1013/1117 260/217/1117 254/545/1117
f 260/217/1118 266/223/1118 254/545/1118
f 252/780/1119 274/541/1119 281/785/1119
f 262/789/1120 263/214/1120 240/787/1120
f 270/210/1121 282/1014/1121 274/541/1121
f 281/785/1122 290/595/1122 256/786/1122
f 270/210/1123 283/788/1123 282/1014/1123
f 264/211/1124 263/214/1124 284/790/1124
f 274/541/1125 306/796/1125 281/785/1125
f 282/1014/1126 306/796/1126 274/541/1126
f 262/789/1127 293/802/1127 298/793/1127
f 276/219/1128 303/800/1128 293/802/1128
f 323/795/1129 307/894/1129 280/791/1129
f 316/797/1130 290/595/1130 281/785/1130
f 304/559/1131 319/973/1131 261/558/1131
f 319/601/1132 282/1014/1132 283/788/1132
f 331/233/1133 323/1015/1133 317/588/1133
f 307/894/1134 323/795/1134 339/1016/1134
f 341/803/1135 337/799/1135 298/793/1135
f 331/233/1136 339/901/1136 323/1015/1136
f 326/801/1137 341/803/1137 293/802/1137
f 338/600/1138 306/796/1138 282/1014/1138
f 319/601/1139 338/600/1139 282/1014/1139
f 334/226/1140 350/228/1140 321/597/1140
f 314/594/1141 342/593/1141 340/903/1141
f 336/590/1142 354/899/1142 303/569/1142
f 315/577/1143 335/238/1143 330/607/1143
f 306/796/1144 348/805/1144 316/797/1144
f 350/228/1145 355/598/1145 311/572/1145
f 347/603/1146 353/236/1146 325/592/1146
f 342/593/1147 352/804/1147 359/904/1147
f 337/589/1148 360/807/1148 343/235/1148
f 354/812/1149 341/806/1149 326/1017/1149
f 342/593/1150 359/904/1150 340/903/1150
f 349/599/1151 364/976/1151 338/600/1151
f 348/1018/1152 369/1019/1152 368/1020/1152
f 382/260/1153 371/249/1153 356/585/1153
f 336/813/1154 378/628/1154 354/812/1154
f 379/621/1155 384/620/1155 368/619/1155
f 369/623/1156 386/625/1156 374/259/1156
f 375/811/1157 429/295/1157 387/918/1157
f 392/264/1158 414/276/1158 383/262/1158
f 384/620/1159 415/631/1159 373/618/1159
f 407/647/1160 417/646/1160 406/910/1160
f 360/807/1161 435/288/1161 429/295/1161
f 403/255/1162 425/817/1162 409/267/1162
f 371/249/1163 424/637/1163 410/250/1163
f 396/978/1164 405/911/1164 436/922/1164
f 413/297/1165 432/290/1165 376/629/1165
f 426/648/1166 431/649/1166 425/655/1166
f 400/272/1167 454/310/1167 418/274/1167
f 455/316/1168 439/1021/1168 423/920/1168
f 423/920/1169 430/281/1169 455/316/1169
f 425/280/1170 459/314/1170 430/281/1170
f 447/635/1171 460/653/1171 446/304/1171
f 439/1021/1172 455/316/1172 453/1022/1172
f 459/314/1173 455/316/1173 430/281/1173
f 453/313/1174 463/312/1174 465/322/1174
f 476/820/1175 474/336/1175 468/335/1175
f 476/820/1176 482/340/1176 474/336/1176
f 480/671/1177 491/670/1177 478/332/1177
f 476/820/1178 481/823/1178 482/340/1178
f 532/355/1179 549/364/1179 513/351/1179
f 515/367/1180 514/683/1180 499/349/1180
f 534/705/1181 526/689/1181 515/367/1181
f 521/827/1182 545/377/1182 520/376/1182
f 510/1023/1183 527/375/1183 517/374/1183
f 517/374/1184 544/834/1184 518/824/1184
f 552/723/1185 543/830/1185 529/829/1185
f 543/826/1186 556/993/1186 545/377/1186
f 527/375/1187 559/839/1187 551/373/1187
f 544/834/1188 562/841/1188 530/835/1188
f 516/356/1189 579/385/1189 576/940/1189
f 546/1024/1190 565/1025/1190 575/1026/1190
f 566/700/1191 576/714/1191 561/397/1191
f 569/728/1192 585/727/1192 554/703/1192
f 552/723/1193 586/847/1193 588/724/1193
f 582/730/1194 586/847/1194 573/731/1194
f 565/852/1195 589/851/1195 575/1027/1195
f 594/412/1196 582/1028/1196 557/708/1196
f 591/405/1197 593/854/1197 565/392/1197
f 577/995/1198 603/411/1198 590/410/1198
f 588/724/1199 599/856/1199 602/943/1199
f 594/945/1200 604/1029/1200 599/856/1200
f 608/1030/1201 610/1031/1201 607/1032/1201
f 615/1033/1202 616/1034/1202 611/1035/1202
f 617/1036/1203 618/1037/1203 619/1038/1203
f 621/1039/1204 623/1040/1204 620/1041/1204
f 625/1042/1205 627/1043/1205 624/1044/1205
f 630/1045/1206 632/1046/1206 633/1047/1206
f 634/1048/1207 635/1049/1207 636/1050/1207
f 637/1051/1208 639/1052/1208 640/1053/1208
f 641/1054/1209 643/1055/1209 644/1056/1209
f 646/1057/1210 648/1058/1210 645/1059/1210
f 649/1060/1211 650/1061/1211 651/1062/1211
f 654/1063/1212 656/1064/1212 657/1065/1212
f 658/1066/1213 659/1067/1213 660/1068/1213
f 661/1069/1214 662/1070/1214 663/1071/1214
f 664/1072/1215 666/1073/1215 667/1074/1215
f 668/1075/1216 670/1076/1216 671/1077/1216
f 672/1078/1217 673/1079/1217 674/1080/1217
f 630/1045/1218 620/1081/1218 623/1082/1218
f 632/1083/1219 616/1034/1219 633/1084/1219
f 621/1039/1220 616/1034/1220 615/1033/1220
f 612/1085/1221 635/1086/1221 634/1087/1221
f 636/1050/1222 657/1088/1222 634/1048/1222
f 613/1089/1223 657/1065/1223 656/1064/1223
f 607/1090/1224 613/1089/1224 608/1091/1224
f 658/1066/1225 607/1092/1225 610/1093/1225
f 659/1067/1226 667/1094/1226 660/1068/1226
f 666/1073/1227 614/1095/1227 667/1074/1227
f 622/1096/1228 666/1073/1228 665/1097/1228
f 664/1098/1229 627/1043/1229 665/1099/1229
f 626/1100/1230 622/1101/1230 627/1043/1230
f 661/1069/1231 626/1102/1231 625/1103/1231
f 662/1070/1232 630/1045/1232 663/1071/1232
f 671/1077/1233 635/1049/1233 668/1075/1233
f 669/1104/1234 632/1046/1234 631/1105/1234
f 670/1106/1235 662/1070/1235 661/1069/1235
f 637/1051/1236 608/1030/1236 638/1107/1236
f 639/1108/1237 656/1109/1237 655/1110/1237
f 670/1076/1238 619/1038/1238 671/1077/1238
f 655/1110/1239 619/1038/1239 618/1037/1239
f 640/1053/1240 644/1056/1240 637/1051/1240
f 610/1093/1241 644/1111/1241 643/1112/1241
f 642/1113/1242 674/1080/1242 643/1112/1242
f 673/1079/1243 651/1062/1243 674/1080/1243
f 659/1067/1244 651/1062/1244 650/1061/1244
f 625/1042/1245 650/1061/1245 649/1060/1245
f 628/1114/1246 673/1115/1246 672/1116/1246
f 618/1117/1247 652/1118/1247 653/1119/1247
f 645/1059/1248 653/1119/1248 652/1118/1248
f 647/1120/1249 639/1052/1249 648/1121/1249
f 642/1122/1250 647/1123/1250 646/1057/1250
f 629/1124/1251 646/1057/1251 645/1059/1251
f 638/1125/1252 608/1091/1252 656/1064/1252
f 656/1064/1253 608/1091/1253 613/1089/1253
f 607/1090/1254 660/1126/1254 614/1095/1254
f 637/1051/1255 644/1056/1255 609/1127/1255
f 643/1112/1256 658/1066/1256 610/1093/1256
f 632/1128/1257 635/1049/1257 611/1129/1257
f 620/1041/1258 633/1084/1258 616/1034/1258
f 634/1087/1259 657/1065/1259 612/1085/1259
f 660/1126/1260 667/1074/1260 614/1095/1260
f 666/1073/1261 621/1039/1261 615/1033/1261
f 652/1118/1262 617/1130/1262 670/1131/1262
f 671/1077/1263 619/1038/1263 654/1132/1263
f 618/1037/1264 639/1108/1264 655/1110/1264
f 618/1037/1265 653/1133/1265 639/1108/1265
f 663/1071/1266 630/1045/1266 623/1082/1266
f 665/1099/1267 627/1043/1267 622/1101/1267
f 626/1102/1268 663/1071/1268 623/1082/1268
f 650/1061/1269 624/1044/1269 664/1098/1269
f 649/1134/1270 661/1069/1270 625/1103/1270
f 628/1114/1271 672/1116/1271 642/1122/1271
f 673/1115/1272 629/1124/1272 661/1135/1272
f 629/1124/1273 652/1118/1273 661/1135/1273
f 645/1059/1274 652/1118/1274 629/1124/1274
f 646/1057/1275 628/1114/1275 642/1122/1275
f 662/1070/1276 669/1104/1276 631/1105/1276
f 668/1075/1277 635/1049/1277 632/1128/1277
f 671/1077/1278 654/1132/1278 636/1050/1278
f 653/1133/1279 648/1136/1279 639/1108/1279
f 647/1123/1280 641/1137/1280 640/1138/1280
f 643/1112/1281 674/1080/1281 658/1066/1281
f 649/1139/1282 673/1115/1282 661/1135/1282
f 674/1080/1283 651/1062/1283 658/1066/1283
f 650/1061/1284 664/1098/1284 659/1067/1284
f 652/1118/1285 670/1131/1285 661/1135/1285
f 677/1140/1286 679/1141/1286 676/1142/1286
f 680/1143/1287 682/1144/1287 683/1145/1287
f 684/1146/1288 686/1147/1288 687/1148/1288
f 689/1149/1289 691/1150/1289 688/1151/1289
f 695/1152/1290 696/1153/1290 692/1154/1290
f 698/1155/1291 700/1156/1291 701/1157/1291
f 706/1158/1292 708/1159/1292 709/1160/1292
f 710/1161/1293 711/1162/1293 712/1163/1293
f 714/1164/1294 716/1165/1294 713/1166/1294
f 717/1167/1295 718/1168/1295 719/1169/1295
f 720/1170/1296 721/1171/1296 722/1172/1296
f 723/1173/1297 724/1174/1297 725/1175/1297
f 727/1176/1298 729/1177/1298 730/1178/1298
f 731/1179/1299 732/1180/1299 733/1181/1299
f 734/1182/1300 735/1183/1300 736/1184/1300
f 738/1185/1301 740/1186/1301 737/1187/1301
f 741/1188/1302 742/1189/1302 743/1190/1302
f 687/1148/1303 696/1153/1303 684/1146/1303
f 713/1166/1304 696/1153/1304 695/1152/1304
f 685/1191/1305 716/1165/1305 715/1192/1305
f 737/1187/1306 695/1152/1306 694/1193/1306
f 739/1194/1307 683/1145/1307 740/1195/1307
f 682/1196/1308 713/1197/1308 683/1198/1308
f 734/1182/1309 714/1164/1309 735/1183/1309
f 736/1184/1310 685/1191/1310 734/1182/1310
f 687/1199/1311 707/1200/1311 706/1158/1311
f 709/1160/1312 705/1201/1312 706/1158/1312
f 693/1202/1313 702/1203/1313 703/1204/1313
f 710/1161/1314 693/1202/1314 711/1162/1314
f 712/1163/1315 737/1187/1315 710/1161/1315
f 726/1205/1316 712/1163/1316 711/1162/1316
f 729/1177/1317 733/1181/1317 730/1178/1317
f 732/1180/1318 701/1206/1318 733/1181/1318
f 739/1194/1319 701/1157/1319 700/1156/1319
f 699/1207/1320 680/1143/1320 700/1156/1320
f 717/1167/1321 682/1144/1321 681/1208/1321
f 676/1142/1322 735/1209/1322 677/1140/1322
f 698/1155/1323 717/1167/1323 699/1207/1323
f 741/1188/1324 676/1210/1324 679/1211/1324
f 742/1189/1325 707/1200/1325 743/1190/1325
f 732/1180/1326 721/1212/1326 720/1213/1326
f 709/1214/1327 729/1215/1327 728/1214/1327
f 727/1216/1328 704/1217/1328 728/1218/1328
f 688/1219/1329 742/1189/1329 741/1188/1329
f 690/1220/1330 721/1171/1330 691/1150/1330
f 726/1205/1331 702/1203/1331 727/1221/1331
f 722/1222/1332 697/1223/1332 720/1224/1332
f 678/1225/1333 724/1226/1333 723/1227/1333
f 725/1175/1334 719/1228/1334 718/1229/1334
f 678/1225/1335 688/1230/1335 679/1141/1335
f 690/1220/1336 723/1173/1336 725/1175/1336
f 724/1226/1337 677/1140/1337 719/1231/1337
f 719/1231/1338 677/1140/1338 682/1232/1338
f 677/1140/1339 735/1209/1339 682/1232/1339
f 676/1210/1340 743/1190/1340 736/1233/1340
f 723/1227/1341 689/1234/1341 678/1225/1341
f 688/1219/1342 741/1188/1342 679/1211/1342
f 700/1156/1343 680/1143/1343 739/1194/1343
f 740/1186/1344 683/1235/1344 713/1166/1344
f 682/1232/1345 735/1209/1345 714/1236/1345
f 699/1207/1346 717/1167/1346 681/1208/1346
f 702/1203/1347 692/1154/1347 687/1148/1347
f 684/1146/1348 696/1153/1348 716/1165/1348
f 734/1182/1349 685/1191/1349 715/1192/1349
f 736/1233/1350 675/1237/1350 686/1238/1350
f 675/1237/1351 707/1200/1351 686/1238/1351
f 706/1158/1352 705/1201/1352 687/1199/1352
f 705/1239/1353 702/1203/1353 687/1148/1353
f 742/1189/1354 691/1240/1354 708/1159/1354
f 691/1150/1355 721/1171/1355 708/1241/1355
f 690/1220/1356 725/1175/1356 722/1172/1356
f 695/1152/1357 740/1186/1357 713/1166/1357
f 703/1204/1358 711/1162/1358 693/1202/1358
f 710/1161/1359 737/1187/1359 694/1193/1359
f 720/1213/1360 697/1242/1360 732/1180/1360
f 733/1243/1361 701/1157/1361 738/1244/1361
f 722/1172/1362 718/1229/1362 698/1245/1362
f 727/1221/1363 702/1203/1363 705/1239/1363
f 726/1205/1364 711/1162/1364 703/1204/1364
f 728/1246/1365 704/1246/1365 709/1246/1365
f 743/1190/1366 707/1200/1366 675/1237/1366
f 731/1179/1367 729/1177/1367 708/1247/1367
f 721/1212/1368 731/1179/1368 708/1247/1368
f 712/1248/1369 730/1178/1369 738/1249/1369
f 722/1172/1370 725/1175/1370 718/1229/1370
f 730/1178/1371 733/1181/1371 738/1249/1371
f 743/1190/1372 675/1237/1372 736/1233/1372
f 745/1250/1373 746/1251/1373 747/1252/1373
f 748/1253/1374 749/1254/1374 750/1255/1374
f 751/1256/1375 752/1257/1375 753/1258/1375
f 754/1259/1376 755/1260/1376 756/1261/1376
f 757/1262/1377 758/1263/1377 759/1264/1377
f 760/1265/1378 761/1266/1378 762/1267/1378
f 764/1268/1379 766/1269/1379 763/1270/1379
f 767/1271/1380 768/1272/1380 769/1273/1380
f 772/1274/1381 773/1275/1381 774/1276/1381
f 775/1277/1382 777/1278/1382 778/1279/1382
f 780/1280/1383 782/1281/1383 783/1282/1383
f 784/1283/1384 785/1284/1384 786/1285/1384
f 788/1286/1385 790/1287/1385 787/1288/1385
f 791/1289/1386 793/1290/1386 794/1291/1386
f 795/1292/1387 796/1293/1387 797/1294/1387
f 802/1295/1388 803/1296/1388 804/1297/1388
f 805/1298/1389 806/1299/1389 807/1300/1389
f 808/1301/1390 809/1302/1390 810/1303/1390
f 779/1304/1391 792/1305/1391 791/1289/1391
f 782/1306/1392 762/1307/1392 783/1308/1392
f 805/1298/1393 782/1281/1393 781/1309/1393
f 808/1310/1394 807/1300/1394 806/1299/1394
f 809/1302/1395 760/1265/1395 810/1303/1395
f 753/1258/1396 750/1255/1396 751/1256/1396
f 762/1267/1397 750/1255/1397 749/1254/1397
f 748/1253/1398 778/1311/1398 749/1254/1398
f 793/1290/1399 778/1279/1399 777/1278/1399
f 787/1288/1400 777/1278/1400 776/1312/1400
f 794/1291/1401 790/1287/1401 789/1313/1401
f 767/1271/1402 789/1314/1402 788/1315/1402
f 768/1316/1403 794/1291/1403 769/1317/1403
f 767/1271/1404 766/1269/1404 768/1272/1404
f 765/1318/1405 747/1252/1405 766/1269/1405
f 746/1251/1406 779/1319/1406 747/1252/1406
f 781/1309/1407 785/1284/1407 784/1283/1407
f 786/1285/1408 805/1298/1408 784/1283/1408
f 757/1320/1409 786/1285/1409 785/1284/1409
f 809/1302/1410 799/1321/1410 798/1322/1410
f 752/1323/1411 798/1324/1411 799/1325/1411
f 770/1326/1412 755/1327/1412 754/1328/1412
f 756/1261/1413 753/1329/1413 752/1323/1413
f 776/1330/1414 774/1276/1414 773/1275/1414
f 772/1274/1415 787/1331/1415 773/1275/1415
f 771/1332/1416 763/1333/1416 772/1274/1416
f 770/1326/1417 797/1334/1417 771/1332/1417
f 765/1335/1418 797/1294/1418 796/1293/1418
f 800/1336/1419 758/1263/1419 801/1337/1419
f 746/1338/1420 758/1263/1420 757/1262/1420
f 796/1293/1421 754/1259/1421 756/1261/1421
f 796/1293/1422 745/1339/1422 765/1335/1422
f 766/1269/1423 747/1252/1423 779/1319/1423
f 746/1251/1424 785/1340/1424 780/1341/1424
f 802/1295/1425 745/1339/1425 796/1293/1425
f 757/1342/1426 785/1340/1426 746/1251/1426
f 801/1337/1427 758/1263/1427 745/1339/1427
f 775/1343/1428 748/1344/1428 753/1345/1428
f 751/1256/1429 750/1255/1429 761/1266/1429
f 749/1346/1430 792/1305/1430 762/1307/1430
f 749/1346/1431 778/1279/1431 792/1305/1431
f 798/1322/1432 751/1256/1432 809/1302/1432
f 809/1302/1433 751/1256/1433 761/1266/1433
f 800/1336/1434 752/1323/1434 799/1325/1434
f 774/1276/1435 775/1343/1435 753/1345/1435
f 755/1327/1436 774/1276/1436 753/1345/1436
f 803/1296/1437 752/1323/1437 804/1297/1437
f 795/1347/1438 770/1326/1438 754/1328/1438
f 802/1295/1439 756/1261/1439 803/1296/1439
f 786/1285/1440 759/1348/1440 806/1299/1440
f 759/1264/1441 808/1349/1441 806/1350/1441
f 759/1264/1442 744/1351/1442 808/1349/1442
f 800/1336/1443 799/1325/1443 759/1264/1443
f 799/1325/1444 744/1351/1444 759/1264/1444
f 782/1352/1445 807/1353/1445 760/1265/1445
f 792/1305/1446 783/1308/1446 762/1307/1446
f 807/1353/1447 810/1303/1447 760/1265/1447
f 763/1270/1448 767/1271/1448 788/1315/1448
f 768/1272/1449 766/1269/1449 779/1319/1449
f 772/1354/1450 763/1270/1450 788/1315/1450
f 771/1332/1451 797/1334/1451 764/1355/1451
f 789/1313/1452 769/1317/1452 794/1291/1452
f 768/1272/1453 779/1319/1453 791/1356/1453
f 773/1275/1454 787/1331/1454 776/1330/1454
f 777/1278/1455 790/1287/1455 793/1290/1455
f 784/1283/1456 805/1298/1456 781/1309/1456
f 744/1351/1457 799/1325/1457 808/1349/1457
f 816/1357/1458 818/1358/1458 819/1359/1458
f 820/1360/1459 821/1361/1459 822/1362/1459
f 825/1363/1460 827/1364/1460 828/1365/1460
f 831/1366/1461 832/1367/1461 833/1368/1461
f 836/1369/1462 838/1370/1462 840/1371/1462
f 844/1372/1463 845/1373/1463 846/1374/1463
f 850/1375/1464 847/1376/1464 849/1377/1464
f 854/1378/1465 855/1379/1465 856/1380/1465
f 857/1381/1466 858/1382/1466 859/1383/1466
f 861/1384/1467 862/1385/1467 864/1386/1467
f 869/1387/1468 870/1388/1468 865/1389/1468
f 873/1390/1469 874/1391/1469 875/1392/1469
f 877/1393/1470 879/1394/1470 876/1395/1470
f 880/1396/1471 881/1397/1471 882/1398/1471
f 883/1399/1472 884/1400/1472 885/1401/1472
f 819/1359/1473 813/1402/1473 816/1357/1473
f 857/1403/1474 856/1380/1474 858/1404/1474
f 855/1379/1475 812/1405/1475 856/1380/1475
f 860/1406/1476 855/1379/1476 854/1378/1476
f 863/1407/1477 835/1408/1477 864/1409/1477
f 817/1410/1478 866/1411/1478 865/1412/1478
f 867/1413/1479 835/1408/1479 834/1414/1479
f 862/1385/1480 867/1415/1480 863/1416/1480
f 819/1417/1481 859/1383/1481 858/1382/1481
f 817/1418/1482 833/1368/1482 818/1419/1482
f 842/1420/1483 865/1389/1483 870/1388/1483
f 845/1373/1484 829/1421/1484 846/1374/1484
f 871/1422/1485 852/1423/1485 872/1424/1485
f 873/1425/1486 857/1403/1486 859/1426/1486
f 874/1427/1487 833/1368/1487 832/1367/1487
f 875/1392/1488 841/1428/1488 871/1422/1488
f 854/1429/1489 841/1428/1489 840/1371/1489
f 839/1430/1490 860/1431/1490 840/1432/1490
f 883/1399/1491 839/1430/1491 838/1433/1491
f 862/1385/1492 885/1401/1492 884/1400/1492
f 876/1395/1493 884/1400/1493 883/1399/1493
f 869/1387/1494 879/1434/1494 878/1435/1494
f 870/1388/1495 815/1436/1495 814/1437/1495
f 815/1436/1496 842/1420/1496 814/1437/1496
f 820/1438/1497 845/1373/1497 844/1372/1497
f 821/1361/1498 830/1439/1498 822/1362/1498
f 832/1440/1499 848/1441/1499 847/1376/1499
f 851/1442/1500 874/1391/1500 847/1376/1500
f 843/1443/1501 877/1444/1501 844/1445/1501
f 837/1446/1502 851/1442/1502 850/1375/1502
f 824/1447/1503 837/1448/1503 823/1449/1503
f 821/1361/1504 826/1450/1504 825/1363/1504
f 876/1451/1505 826/1450/1505 877/1452/1505
f 828/1365/1506 848/1453/1506 825/1363/1506
f 824/1454/1507 881/1397/1507 880/1396/1507
f 882/1398/1508 850/1455/1508 849/1456/1508
f 880/1396/1509 828/1365/1509 827/1364/1509
f 819/1359/1510 811/1457/1510 812/1405/1510
f 835/1408/1511 816/1357/1511 813/1402/1511
f 811/1457/1512 858/1404/1512 812/1405/1512
f 858/1404/1513 856/1380/1513 812/1405/1513
f 855/1379/1514 864/1409/1514 813/1402/1514
f 864/1409/1515 835/1408/1515 813/1402/1515
f 815/1436/1516 878/1435/1516 843/1443/1516
f 878/1435/1517 815/1436/1517 869/1387/1517
f 814/1458/1518 842/1458/1518 870/1458/1518
f 866/1411/1519 816/1357/1519 835/1408/1519
f 865/1459/1520 846/1374/1520 817/1418/1520
f 858/1404/1521 811/1457/1521 819/1359/1521
f 833/1368/1522 859/1383/1522 818/1419/1522
f 846/1374/1523 829/1421/1523 817/1418/1523
f 877/1452/1524 820/1360/1524 844/1460/1524
f 845/1373/1525 822/1461/1525 830/1462/1525
f 821/1361/1526 848/1453/1526 831/1463/1526
f 826/1450/1527 820/1360/1527 877/1452/1527
f 825/1363/1528 848/1453/1528 821/1361/1528
f 881/1397/1529 823/1464/1529 850/1455/1529
f 850/1375/1530 823/1465/1530 837/1446/1530
f 824/1447/1531 876/1395/1531 838/1433/1531
f 824/1447/1532 827/1466/1532 876/1395/1532
f 880/1396/1533 827/1364/1533 824/1454/1533
f 828/1365/1534 882/1398/1534 849/1456/1534
f 833/1368/1535 873/1467/1535 859/1383/1535
f 847/1376/1536 874/1391/1536 832/1440/1536
f 863/1407/1537 867/1413/1537 834/1414/1537
f 851/1442/1538 836/1369/1538 875/1392/1538
f 871/1422/1539 841/1428/1539 853/1468/1539
f 840/1432/1540 860/1431/1540 854/1469/1540
f 839/1430/1541 885/1401/1541 861/1384/1541
f 876/1395/1542 883/1399/1542 838/1433/1542
f 872/1470/1543 852/1471/1543 857/1403/1543
f 884/1400/1544 879/1394/1544 862/1385/1544
f 879/1394/1545 868/1472/1545 862/1385/1545
f 889/1473/1546 886/1474/1546 888/1475/1546
f 891/1476/1547 892/1477/1547 893/1478/1547
f 894/1479/1548 895/1480/1548 896/1481/1548
f 898/1482/1549 900/1483/1549 897/1484/1549
f 902/1485/1550 904/1486/1550 901/1487/1550
f 908/1488/1551 905/1489/1551 907/1490/1551
f 912/1491/1552 913/1492/1552 914/1493/1552
f 915/1494/1553 916/1495/1553 917/1496/1553
f 921/1497/1554 918/1498/1554 920/1499/1554
f 924/1500/1555 926/1501/1555 923/1502/1555
f 930/1503/1556 931/1504/1556 927/1505/1556
f 932/1506/1557 933/1507/1557 934/1508/1557
f 935/1509/1558 936/1510/1558 937/1511/1558
f 938/1512/1559 940/1513/1559 941/1514/1559
f 945/1515/1560 947/1516/1560 944/1517/1560
f 948/1518/1561 949/1519/1561 950/1520/1561
f 951/1521/1562 952/1522/1562 953/1523/1562
f 901/1487/1563 887/1524/1563 886/1525/1563
f 903/1526/1564 937/1511/1564 904/1486/1564
f 936/1510/1565 887/1524/1565 937/1511/1565
f 902/1527/1566 909/1528/1566 903/1529/1566
f 936/1510/1567 909/1530/1567 908/1488/1567
f 915/1494/1568 908/1531/1568 907/1532/1568
f 944/1517/1569 922/1533/1569 945/1515/1569
f 886/1474/1570 922/1533/1570 921/1497/1570
f 946/1534/1571 890/1535/1571 889/1473/1571
f 920/1536/1572 901/1537/1572 921/1538/1572
f 932/1506/1573 917/1496/1573 916/1495/1573
f 933/1507/1574 888/1539/1574 934/1508/1574
f 932/1540/1575 946/1534/1575 933/1541/1575
f 919/1542/1576 893/1543/1576 920/1499/1576
f 892/1477/1577 943/1544/1577 893/1478/1577
f 906/1545/1578 949/1519/1578 948/1518/1578
f 950/1520/1579 931/1504/1579 948/1518/1579
f 907/1546/1580 931/1504/1580 930/1503/1580
f 929/1547/1581 915/1494/1581 930/1548/1581
f 894/1549/1582 926/1550/1582 895/1551/1582
f 925/1552/1583 947/1516/1583 926/1501/1583
f 919/1542/1584 925/1552/1584 924/1500/1584
f 923/1553/1585 941/1514/1585 924/1554/1585
f 892/1555/1586 941/1514/1586 940/1513/1586
f 900/1483/1587 914/1556/1587 897/1484/1587
f 943/1544/1588 914/1493/1588 913/1492/1588
f 939/1557/1589 897/1484/1589 940/1513/1589
f 910/1558/1590 913/1559/1590 912/1560/1590
f 950/1520/1591 911/1561/1591 910/1562/1591
f 928/1563/1592 900/1483/1592 899/1564/1592
f 898/1482/1593 953/1523/1593 899/1564/1593
f 952/1522/1594 928/1563/1594 953/1523/1594
f 951/1521/1595 895/1480/1595 952/1522/1595
f 894/1479/1596 939/1557/1596 938/1512/1596
f 921/1565/1597 901/1487/1597 886/1525/1597
f 945/1515/1598 922/1533/1598 890/1535/1598
f 933/1541/1599 946/1534/1599 889/1473/1599
f 887/1524/1600 904/1486/1600 937/1511/1600
f 917/1566/1601 888/1567/1601 936/1510/1601
f 917/1566/1602 934/1568/1602 888/1567/1602
f 924/1500/1603 891/1569/1603 919/1542/1603
f 920/1536/1604 893/1478/1604 902/1527/1604
f 893/1478/1605 943/1544/1605 902/1527/1605
f 924/1500/1606 941/1570/1606 891/1569/1606
f 940/1513/1607 942/1571/1607 892/1555/1607
f 952/1572/1608 895/1551/1608 929/1547/1608
f 929/1547/1609 895/1551/1609 916/1495/1609
f 895/1551/1610 926/1550/1610 916/1495/1610
f 951/1521/1611 898/1482/1611 896/1481/1611
f 898/1482/1612 939/1557/1612 896/1481/1612
f 938/1512/1613 923/1553/1613 894/1479/1613
f 910/1558/1614 912/1560/1614 900/1483/1614
f 910/1562/1615 900/1573/1615 927/1505/1615
f 899/1564/1616 953/1523/1616 928/1563/1616
f 897/1484/1617 914/1556/1617 942/1571/1617
f 940/1513/1618 897/1484/1618 942/1571/1618
f 903/1526/1619 909/1530/1619 935/1509/1619
f 943/1544/1620 949/1574/1620 902/1527/1620
f 949/1574/1621 905/1575/1621 902/1527/1621
f 908/1488/1622 917/1566/1622 936/1510/1622
f 948/1518/1623 931/1504/1623 906/1545/1623
f 930/1548/1624 915/1494/1624 907/1532/1624
f 913/1492/1625 911/1576/1625 949/1574/1625
f 910/1562/1626 927/1505/1626 950/1520/1626
f 913/1492/1627 949/1574/1627 943/1544/1627
f 926/1550/1628 932/1506/1628 916/1495/1628
f 925/1552/1629 918/1498/1629 944/1517/1629
f 932/1540/1630 926/1501/1630 947/1516/1630
f 954/1577/1631 956/1578/1631 957/1579/1631
f 958/1580/1632 960/1581/1632 961/1582/1632
f 963/1583/1633 965/1584/1633 962/1585/1633
f 970/1586/1634 972/1587/1634 973/1588/1634
f 976/1589/1635 977/1590/1635 978/1591/1635
f 979/1592/1636 980/1593/1636 981/1594/1636
f 983/1595/1637 985/1596/1637 982/1597/1637
f 987/1598/1638 989/1599/1638 986/1600/1638
f 993/1601/1639 990/1602/1639 992/1603/1639
f 997/1604/1640 998/1605/1640 999/1606/1640
f 1002/1607/1641 1003/1608/1641 1004/1609/1641
f 1006/1610/1642 1008/1611/1642 1005/1612/1642
f 1009/1613/1643 1010/1614/1643 1011/1615/1643
f 1012/1616/1644 1013/1617/1644 1014/1618/1644
f 973/1588/1645 999/1619/1645 970/1586/1645
f 971/1620/1646 1006/1610/1646 1005/1612/1646
f 998/1621/1647 1011/1615/1647 999/1619/1647
f 1007/1622/1648 1011/1615/1648 1010/1614/1648
f 982/1623/1649 1007/1622/1649 983/1624/1649
f 986/1600/1650 982/1597/1650 985/1596/1650
f 1005/1612/1651 989/1625/1651 988/1626/1651
f 1019/1627/1652 971/1628/1652 1020/1629/1652
f 1014/1618/1653 961/1582/1653 1012/1616/1653
f 973/1630/1654 961/1582/1654 960/1581/1654
f 959/1631/1655 1004/1632/1655 960/1581/1655
f 1003/1608/1656 995/1633/1656 1004/1609/1656
f 1002/1607/1657 965/1584/1657 1003/1608/1657
f 997/1604/1658 1017/1634/1658 1018/1635/1658
f 998/1636/1659 966/1637/1659 967/1638/1659
f 1000/1639/1660 967/1638/1660 966/1637/1660
f 1000/1639/1661 957/1579/1661 1001/1640/1661
f 1010/1641/1662 957/1579/1662 956/1578/1662
f 955/1642/1663 983/1643/1663 956/1578/1663
f 979/1592/1664 985/1596/1664 984/1644/1664
f 1015/1645/1665 981/1594/1665 980/1593/1665
f 987/1598/1666 1016/1646/1666 1015/1645/1666
f 1012/1647/1667 987/1598/1667 1013/1648/1667
f 979/1592/1668 994/1649/1668 980/1593/1668
f 1014/1618/1669 994/1650/1669 993/1651/1669
f 964/1652/1670 993/1601/1670 992/1603/1670
f 959/1631/1671 963/1653/1671 962/1654/1671
f 974/1655/1672 992/1603/1672 991/1656/1672
f 977/1590/1673 964/1652/1673 978/1591/1673
f 1018/1635/1674 977/1657/1674 976/1658/1674
f 955/1642/1675 976/1659/1675 975/1660/1675
f 974/1655/1676 969/1661/1676 975/1662/1676
f 991/1663/1677 969/1664/1677 968/1663/1677
f 954/1577/1678 1000/1639/1678 966/1637/1678
f 1001/1640/1679 957/1579/1679 1009/1665/1679
f 956/1578/1680 983/1643/1680 1010/1641/1680
f 955/1642/1681 979/1666/1681 984/1667/1681
f 975/1660/1682 969/1668/1682 955/1642/1682
f 976/1659/1683 954/1577/1683 966/1637/1683
f 969/1668/1684 979/1666/1684 955/1642/1684
f 963/1653/1685 958/1580/1685 1014/1618/1685
f 1012/1616/1686 961/1582/1686 972/1669/1686
f 960/1670/1687 1004/1609/1687 973/1671/1687
f 962/1654/1688 1002/1672/1688 959/1631/1688
f 1003/1608/1689 965/1584/1689 996/1673/1689
f 965/1584/1690 1017/1634/1690 996/1673/1690
f 992/1603/1691 978/1591/1691 964/1652/1691
f 993/1651/1692 963/1653/1692 1014/1618/1692
f 977/1657/1693 1017/1634/1693 965/1584/1693
f 976/1659/1694 966/1637/1694 1018/1674/1694
f 1018/1674/1695 966/1637/1695 997/1675/1695
f 967/1676/1696 1009/1613/1696 998/1621/1696
f 967/1638/1697 1001/1640/1697 1009/1665/1697
f 968/1677/1698 974/1677/1698 991/1677/1698
f 969/1668/1699 990/1678/1699 979/1666/1699
f 1004/1609/1700 995/1633/1700 973/1671/1700
f 970/1586/1701 999/1619/1701 1006/1610/1701
f 988/1626/1702 971/1620/1702 1005/1612/1702
f 988/1626/1703 1020/1679/1703 971/1620/1703
f 1019/1627/1704 1012/1616/1704 972/1669/1704
f 981/1594/1705 1016/1646/1705 986/1600/1705
f 1015/1645/1706 980/1593/1706 1013/1648/1706
f 980/1593/1707 994/1649/1707 1013/1648/1707
f 981/1594/1708 986/1600/1708 985/1596/1708
f 1010/1641/1709 983/1643/1709 1007/1680/1709
f 982/1597/1710 989/1599/1710 1008/1681/1710
f 1015/1645/1711 1013/1648/1711 987/1598/1711
f 1012/1616/1712 1020/1629/1712 988/1682/1712
f 999/1619/1713 1011/1615/1713 1006/1610/1713
f 1022/1683/1714 1024/1684/1714 1021/1685/1714
f 1025/1686/1715 1026/1687/1715 1027/1688/1715
f 1030/1689/1716 1031/1690/1716 1032/1691/1716
f 1035/1692/1717 1036/1693/1717 1037/1694/1717
f 1040/1695/1718 1041/1696/1718 1042/1697/1718
f 1043/1698/1719 1044/1699/1719 1045/1700/1719
f 1050/1701/1720 1051/1702/1720 1052/1703/1720
f 1053/1704/1721 1054/1705/1721 1055/1706/1721
f 1056/1707/1722 1057/1708/1722 1058/1709/1722
f 1059/1710/1723 1061/1711/1723 1062/1712/1723
f 1064/1713/1724 1066/1714/1724 1068/1715/1724
f 1069/1716/1725 1070/1717/1725 1071/1718/1725
f 1076/1719/1726 1077/1720/1726 1072/1721/1726
f 1079/1722/1727 1081/1723/1727 1078/1724/1727
f 1084/1725/1728 1085/1726/1728 1086/1727/1728
f 1030/1689/1729 1046/1728/1729 1047/1729/1729
f 1047/1730/1730 1060/1731/1730 1059/1732/1730
f 1062/1712/1731 1083/1733/1731 1059/1710/1731
f 1084/1725/1732 1030/1689/1732 1085/1726/1732
f 1021/1685/1733 1084/1684/1733 1086/1734/1733
f 1023/1735/1734 1031/1736/1734 1024/1736/1734
f 1028/1737/1735 1023/1738/1735 1022/1683/1735
f 1021/1685/1736 1081/1739/1736 1022/1683/1736
f 1053/1704/1737 1068/1740/1737 1054/1705/1737
f 1067/1741/1738 1028/1737/1738 1068/1715/1738
f 1061/1742/1739 1067/1741/1739 1066/1714/1739
f 1065/1743/1740 1042/1744/1740 1066/1745/1740
f 1062/1712/1741 1042/1697/1741 1041/1696/1741
f 1083/1733/1742 1041/1696/1742 1040/1695/1742
f 1033/1746/1743 1040/1695/1743 1039/1747/1743
f 1036/1693/1744 1027/1748/1744 1037/1694/1744
f 1086/1727/1745 1027/1749/1745 1026/1750/1745
f 1025/1686/1746 1078/1751/1746 1026/1687/1746
f 1050/1701/1747 1080/1752/1747 1051/1702/1747
f 1036/1693/1748 1080/1753/1748 1079/1754/1748
f 1052/1703/1749 1054/1705/1749 1050/1701/1749
f 1053/1704/1750 1070/1717/1750 1069/1716/1750
f 1071/1755/1751 1063/1756/1751 1069/1757/1751
f 1043/1698/1752 1052/1758/1752 1051/1759/1752
f 1070/1760/1753 1077/1720/1753 1071/1755/1753
f 1065/1743/1754 1077/1720/1754 1076/1719/1754
f 1039/1761/1755 1076/1719/1755 1075/1762/1755
f 1074/1763/1756 1049/1764/1756 1075/1765/1756
f 1048/1766/1757 1033/1767/1757 1049/1764/1757
f 1034/1768/1758 1058/1709/1758 1035/1692/1758
f 1057/1708/1759 1043/1698/1759 1058/1709/1759
f 1074/1763/1760 1057/1708/1760 1056/1707/1760
f 1045/1700/1761 1073/1769/1761 1072/1770/1761
f 1026/1771/1762 1021/1685/1762 1086/1734/1762
f 1084/1772/1365 1024/1772/1365 1031/1772/1365
f 1023/1738/1763 1029/1773/1763 1032/1774/1763
f 1022/1775/1764 1081/1723/1764 1028/1776/1764
f 1026/1771/1765 1078/1777/1765 1021/1685/1765
f 1025/1778/1766 1036/1693/1766 1079/1754/1766
f 1037/1779/1767 1027/1749/1767 1085/1726/1767
f 1032/1774/1768 1029/1773/1768 1046/1780/1768
f 1029/1773/1769 1060/1731/1769 1046/1780/1769
f 1081/1723/1770 1054/1705/1770 1028/1776/1770
f 1054/1781/1771 1068/1715/1771 1028/1737/1771
f 1067/1741/1772 1060/1731/1772 1029/1773/1772
f 1083/1733/1773 1030/1689/1773 1047/1729/1773
f 1083/1733/1774 1085/1726/1774 1030/1689/1774
f 1049/1782/1775 1033/1746/1775 1039/1747/1775
f 1040/1695/1776 1037/1779/1776 1083/1733/1776
f 1037/1779/1777 1085/1726/1777 1083/1733/1777
f 1035/1692/1778 1051/1759/1778 1080/1753/1778
f 1048/1766/1779 1056/1707/1779 1034/1768/1779
f 1058/1709/1780 1051/1759/1780 1035/1692/1780
f 1076/1719/1781 1038/1783/1781 1065/1743/1781
f 1066/1714/1782 1042/1784/1782 1061/1742/1782
f 1041/1696/1783 1082/1785/1783 1062/1712/1783
f 1075/1765/1784 1049/1764/1784 1039/1786/1784
f 1072/1787/1785 1070/1717/1785 1045/1788/1785
f 1045/1788/1786 1070/1717/1786 1055/1706/1786
f 1052/1703/1787 1045/1788/1787 1055/1706/1787
f 1058/1709/1788 1043/1698/1788 1051/1759/1788
f 1057/1708/1789 1073/1769/1789 1044/1699/1789
f 1059/1710/1790 1083/1733/1790 1047/1729/1790
f 1056/1707/1791 1048/1766/1791 1074/1763/1791
f 1050/1701/1792 1054/1705/1792 1081/1723/1792
f 1069/1716/1793 1063/1789/1793 1053/1704/1793
f 1071/1755/1794 1077/1720/1794 1064/1790/1794
f 1089/1791/1795 1091/1792/1795 1088/1793/1795
f 1093/1794/1796 1095/1795/1796 1092/1796/1796
f 1097/1797/1797 1099/1798/1797 1096/1799/1797
f 1100/1800/1798 1101/1801/1798 1102/1802/1798
f 1103/1803/1799 1104/1804/1799 1105/1805/1799
f 1107/1806/1800 1109/1807/1800 1106/1808/1800
f 1110/1809/1801 1112/1810/1801 1113/1811/1801
f 1116/1812/1802 1117/1813/1802 1118/1814/1802
f 1119/1815/1803 1121/1816/1803 1122/1817/1803
f 1125/1818/1804 1126/1819/1804 1127/1820/1804
f 1129/1821/1805 1131/1822/1805 1128/1823/1805
f 1132/1824/1806 1133/1825/1806 1134/1826/1806
f 1135/1827/1807 1137/1828/1807 1138/1829/1807
f 1140/1830/1808 1142/1831/1808 1139/1832/1808
f 1147/1833/1809 1148/1834/1809 1149/1835/1809
f 1150/1836/1810 1152/1837/1810 1153/1838/1810
f 1154/1839/1811 1155/1840/1811 1156/1841/1811
f 1128/1823/1812 1153/1842/1812 1129/1821/1812
f 1114/1843/1813 1153/1838/1813 1152/1837/1813
f 1132/1824/1814 1128/1823/1814 1131/1822/1814
f 1133/1825/1815 1149/1844/1815 1134/1826/1815
f 1148/1834/1816 1150/1836/1816 1149/1835/1816
f 1092/1796/1817 1148/1834/1817 1147/1833/1817
f 1094/1845/1818 1151/1846/1818 1095/1795/1818
f 1110/1847/1819 1124/1848/1819 1123/1849/1819
f 1115/1850/1820 1113/1851/1820 1112/1852/1820
f 1111/1853/1821 1109/1807/1821 1112/1810/1821
f 1108/1854/1822 1129/1855/1822 1109/1856/1822
f 1107/1857/1823 1118/1858/1823 1108/1859/1823
f 1117/1860/1824 1130/1861/1824 1118/1861/1824
f 1096/1862/1825 1117/1813/1825 1116/1812/1825
f 1098/1863/1826 1156/1864/1826 1099/1798/1826
f 1133/1825/1827 1156/1841/1827 1155/1840/1827
f 1154/1839/1828 1105/1865/1828 1155/1840/1828
f 1146/1866/1829 1105/1805/1829 1104/1804/1829
f 1147/1867/1830 1101/1868/1830 1100/1869/1830
f 1093/1870/1831 1100/1800/1831 1102/1802/1831
f 1135/1827/1832 1093/1870/1832 1136/1871/1832
f 1107/1806/1833 1120/1872/1833 1119/1873/1833
f 1121/1874/1834 1111/1853/1834 1110/1809/1834
f 1122/1817/1835 1096/1799/1835 1119/1815/1835
f 1139/1832/1836 1091/1875/1836 1140/1830/1836
f 1097/1797/1837 1140/1830/1837 1098/1863/1837
f 1104/1804/1838 1091/1876/1838 1090/1877/1838
f 1142/1831/1839 1122/1817/1839 1121/1816/1839
f 1089/1791/1840 1101/1801/1840 1090/1878/1840
f 1088/1793/1841 1144/1879/1841 1089/1791/1841
f 1139/1880/1842 1144/1879/1842 1143/1881/1842
f 1088/1793/1843 1139/1880/1843 1143/1881/1843
f 1140/1830/1844 1091/1875/1844 1098/1863/1844
f 1091/1875/1845 1103/1882/1845 1098/1863/1845
f 1090/1877/1846 1101/1868/1846 1104/1804/1846
f 1137/1828/1847 1102/1802/1847 1089/1791/1847
f 1144/1879/1848 1137/1828/1848 1089/1791/1848
f 1100/1883/1849 1092/1796/1849 1147/1833/1849
f 1148/1834/1850 1095/1795/1850 1151/1846/1850
f 1094/1845/1851 1114/1843/1851 1152/1837/1851
f 1125/1884/1852 1114/1885/1852 1094/1886/1852
f 1102/1802/1853 1136/1871/1853 1093/1870/1853
f 1135/1827/1854 1125/1884/1854 1094/1886/1854
f 1096/1799/1855 1116/1887/1855 1107/1888/1855
f 1117/1813/1856 1099/1889/1856 1131/1822/1856
f 1099/1889/1857 1132/1824/1857 1131/1822/1857
f 1099/1889/1858 1156/1841/1858 1132/1824/1858
f 1122/1817/1859 1141/1890/1859 1097/1797/1859
f 1119/1815/1860 1096/1799/1860 1107/1888/1860
f 1103/1882/1861 1154/1891/1861 1098/1863/1861
f 1104/1804/1862 1101/1868/1862 1146/1866/1862
f 1155/1840/1863 1105/1865/1863 1133/1825/1863
f 1105/1865/1864 1145/1892/1864 1133/1825/1864
f 1120/1872/1865 1106/1808/1865 1111/1853/1865
f 1112/1852/1866 1109/1893/1866 1115/1850/1866
f 1109/1893/1867 1129/1894/1867 1115/1850/1867
f 1108/1895/1868 1118/1895/1868 1130/1895/1868
f 1087/1896/1869 1110/1847/1869 1123/1849/1869
f 1124/1848/1870 1113/1897/1870 1114/1885/1870
f 1087/1896/1871 1121/1898/1871 1110/1847/1871
f 1115/1850/1872 1129/1894/1872 1153/1838/1872
f 1142/1899/1873 1121/1898/1873 1087/1896/1873
f 1127/1900/1874 1135/1827/1874 1144/1879/1874
f 1087/1896/1875 1127/1900/1875 1144/1879/1875
f 1128/1823/1876 1134/1826/1876 1150/1901/1876
f 1134/1826/1877 1149/1844/1877 1150/1901/1877
f 1144/1879/1878 1142/1899/1878 1087/1896/1878
f 1158/1902/1879 1159/1903/1879 1160/1904/1879
f 1161/1905/1880 1162/1906/1880 1163/1907/1880
f 1164/1908/1881 1165/1909/1881 1166/1910/1881
f 1167/1911/1882 1168/1912/1882 1169/1913/1882
f 1171/1914/1883 1172/1911/1883 1173/1915/1883
f 1175/1916/1884 1176/1917/1884 1177/1918/1884
f 1178/1919/1885 1179/1920/1885 1180/1921/1885
f 1181/1911/1886 1182/1922/1886 1183/1923/1886
f 1184/1924/1887 1185/1925/1887 1186/1926/1887
f 1188/1927/1888 1190/1928/1888 1187/1929/1888
f 1194/1930/1889 1191/1931/1889 1193/1932/1889
f 1197/1933/1890 1199/1934/1890 1196/1935/1890
f 1200/1936/1891 1201/1937/1891 1202/1938/1891
f 1203/1939/1892 1205/1940/1892 1206/1941/1892
f 1208/1942/1893 1210/1943/1893 1211/1944/1893
f 1213/1945/1894 1215/1946/1894 1212/1947/1894
f 1217/1948/1895 1219/1949/1895 1216/1950/1895
f 1223/1951/1896 1220/1952/1896 1222/1953/1896
f 1226/1954/1897 1228/1955/1897 1229/1956/1897
f 1207/1957/1898 1204/1958/1898 1203/1959/1898
f 1210/1943/1899 1166/1960/1899 1211/1944/1899
f 1206/1941/1900 1229/1956/1900 1203/1939/1900
f 1228/1955/1901 1207/1961/1901 1229/1956/1901
f 1227/1962/1902 1195/1963/1902 1228/1955/1902
f 1209/1964/1903 1195/1965/1903 1194/1966/1903
f 1193/1967/1904 1174/1968/1904 1194/1966/1904
f 1173/1969/1905 1209/1964/1905 1174/1968/1905
f 1180/1921/1906 1204/1970/1906 1178/1919/1906
f 1165/1909/1907 1178/1919/1907 1166/1910/1907
f 1181/1971/1908 1173/1972/1908 1172/1971/1908
f 1165/1973/1909 1183/1923/1909 1182/1922/1909
f 1167/1974/1910 1182/1975/1910 1181/1976/1910
f 1196/1935/1911 1169/1913/1911 1168/1912/1911
f 1206/1941/1912 1217/1948/1912 1216/1950/1912
f 1226/1954/1913 1216/1950/1913 1219/1949/1913
f 1227/1962/1914 1221/1977/1914 1220/1978/1914
f 1224/1979/1915 1191/1931/1915 1220/1952/1915
f 1161/1905/1916 1224/1979/1916 1223/1951/1916
f 1162/1906/1917 1192/1980/1917 1163/1907/1917
f 1184/1924/1918 1162/1906/1918 1161/1905/1918
f 1185/1981/1919 1170/1982/1919 1186/1983/1919
f 1167/1911/1920 1171/1914/1920 1168/1912/1920
f 1212/1984/1921 1199/1934/1921 1198/1985/1921
f 1214/1986/1922 1179/1920/1922 1215/1987/1922
f 1158/1902/1923 1214/1988/1923 1213/1945/1923
f 1184/1924/1924 1190/1928/1924 1185/1925/1924
f 1189/1989/1925 1196/1935/1925 1190/1990/1925
f 1188/1991/1926 1177/1918/1926 1189/1992/1926
f 1198/1993/1927 1177/1918/1927 1176/1917/1927
f 1175/1916/1928 1212/1947/1928 1176/1917/1928
f 1218/1994/1929 1160/1904/1929 1159/1903/1929
f 1200/1936/1930 1159/1903/1930 1158/1902/1930
f 1201/1937/1931 1218/1994/1931 1202/1938/1931
f 1200/1936/1932 1221/1995/1932 1201/1937/1932
f 1223/1951/1933 1188/1927/1933 1187/1929/1933
f 1175/1916/1934 1158/1902/1934 1213/1945/1934
f 1214/1986/1935 1160/1996/1935 1180/1921/1935
f 1160/1996/1936 1157/1997/1936 1180/1921/1936
f 1160/1996/1937 1217/1998/1937 1157/1997/1937
f 1159/1903/1938 1202/1938/1938 1218/1994/1938
f 1175/1916/1939 1200/1936/1939 1158/1902/1939
f 1187/1929/1940 1161/1905/1940 1223/1951/1940
f 1224/1979/1941 1163/1907/1941 1192/1980/1941
f 1162/1906/1942 1186/1926/1942 1193/1932/1942
f 1187/1929/1943 1184/1924/1943 1161/1905/1943
f 1178/1919/1944 1204/1970/1944 1166/1910/1944
f 1182/1922/1945 1169/1913/1945 1165/1973/1945
f 1169/1913/1946 1199/1934/1946 1165/1973/1946
f 1199/1999/1947 1179/1920/1947 1165/1909/1947
f 1166/1910/1948 1204/1970/1948 1211/2000/1948
f 1173/1969/1949 1164/2001/1949 1210/1943/1949
f 1173/1969/1950 1183/2002/1950 1164/2001/1950
f 1167/2003/1951 1181/2003/1951 1172/2003/1951
f 1196/1935/1952 1168/1912/1952 1171/1914/1952
f 1186/1926/1953 1170/2004/1953 1193/1932/1953
f 1194/1966/1954 1174/1968/1954 1209/1964/1954
f 1185/1981/1955 1196/1935/1955 1171/1914/1955
f 1175/1916/1956 1188/1991/1956 1222/2005/1956
f 1189/1992/1957 1177/1918/1957 1197/2006/1957
f 1176/1917/1958 1212/1947/1958 1198/1993/1958
f 1200/1936/1959 1175/1916/1959 1222/2005/1959
f 1180/1921/1960 1157/1997/1960 1205/2007/1960
f 1199/1999/1961 1215/1987/1961 1179/1920/1961
f 1185/1981/1962 1190/1990/1962 1196/1935/1962
f 1220/1952/1963 1191/1931/1963 1227/2008/1963
f 1228/1955/1964 1195/1963/1964 1208/2009/1964
f 1201/2010/1965 1221/1977/1965 1219/1949/1965
f 1203/1939/1966 1229/1956/1966 1207/1961/1966
f 1216/1950/1967 1225/2011/1967 1206/1941/1967
f 1157/1997/1968 1217/1998/1968 1205/2007/1968
f 1219/1949/1969 1221/1977/1969 1226/1954/1969
f 1230/2012/1970 1232/2013/1970 1233/2014/1970
f 1236/2015/1971 1238/2016/1971 1239/2017/1971
f 1240/2018/1972 1242/2019/1972 1243/2020/1972
f 1244/2021/1973 1246/2022/1973 1247/2023/1973
f 1248/2024/1974 1250/2025/1974 1251/2026/1974
f 1252/2027/1975 1253/2028/1975 1254/2029/1975
f 1256/2030/1976 1258/2031/1976 1255/2032/1976
f 1264/2033/1977 1266/2034/1977 1263/2035/1977
f 1267/2036/1978 1269/2037/1978 1270/2038/1978
f 1271/2039/1979 1272/2040/1979 1273/2041/1979
f 1274/2042/1980 1275/2043/1980 1276/2044/1980
f 1277/2045/1981 1279/2046/1981 1280/2047/1981
f 1281/2048/1982 1283/2049/1982 1284/2050/1982
f 1287/2051/1983 1288/2052/1983 1289/2053/1983
f 1292/2054/1984 1293/2055/1984 1294/2056/1984
f 1296/2057/1985 1298/2058/1985 1300/2059/1985
f 1301/2060/1986 1302/2061/1986 1303/2062/1986
f 1255/2032/1987 1243/2063/1987 1256/2030/1987
f 1274/2042/1988 1256/2064/1988 1275/2043/1988
f 1242/2019/1989 1280/2065/1989 1243/2020/1989
f 1276/2044/1990 1280/2047/1990 1279/2046/1990
f 1295/2066/1991 1262/2067/1991 1261/2068/1991
f 1299/2069/1992 1276/2044/1992 1300/2059/1992
f 1258/2031/1993 1299/2070/1993 1298/2071/1993
f 1241/2072/1994 1286/2073/1994 1285/2074/1994
f 1287/2051/1995 1255/2032/1995 1258/2031/1995
f 1289/2075/1996 1270/2038/1996 1285/2076/1996
f 1242/2019/1997 1270/2038/1997 1269/2037/1997
f 1271/2077/1998 1269/2037/1998 1268/2078/1998
f 1278/2079/1999 1273/2080/1999 1272/2081/1999
f 1230/2012/2000 1278/2082/2000 1231/2083/2000
f 1263/2035/2001 1230/2012/2001 1233/2014/2001
f 1265/2084/2002 1262/2067/2002 1266/2034/2002
f 1264/2033/2003 1295/2066/2003 1265/2084/2003
f 1288/2052/2004 1291/2085/2004 1290/2086/2004
f 1297/2087/2005 1291/2088/2005 1298/2089/2005
f 1263/2035/2006 1251/2090/2006 1264/2033/2006
f 1250/2025/2007 1239/2091/2007 1251/2026/2007
f 1297/2087/2008 1239/2017/2008 1238/2016/2008
f 1237/2092/2009 1292/2054/2009 1238/2016/2009
f 1252/2027/2010 1290/2093/2010 1294/2094/2010
f 1253/2028/2011 1288/2095/2011 1254/2029/2011
f 1244/2021/2012 1253/2028/2012 1252/2027/2012
f 1268/2096/2013 1247/2023/2013 1246/2022/2013
f 1260/2097/2014 1284/2050/2014 1259/2098/2014
f 1283/2049/2015 1271/2039/2015 1284/2050/2015
f 1232/2099/2016 1283/2049/2016 1282/2100/2016
f 1281/2048/2017 1249/2101/2017 1282/2100/2017
f 1233/2102/2018 1249/2101/2018 1248/2024/2018
f 1301/2103/2019 1237/2104/2019 1236/2105/2019
f 1302/2061/2020 1293/2106/2020 1303/2062/2020
f 1259/2098/2021 1235/2107/2021 1260/2097/2021
f 1245/2108/2022 1302/2061/2022 1301/2060/2022
f 1234/2109/2023 1245/2110/2023 1235/2107/2023
f 1283/2049/2024 1231/2111/2024 1272/2040/2024
f 1272/2112/2025 1231/2083/2025 1278/2082/2025
f 1230/2012/2026 1266/2034/2026 1279/2046/2026
f 1282/2100/2027 1249/2101/2027 1232/2099/2027
f 1248/2113/2028 1263/2035/2028 1233/2014/2028
f 1234/2109/2029 1259/2098/2029 1246/2114/2029
f 1260/2097/2030 1235/2107/2030 1236/2105/2030
f 1235/2107/2031 1301/2103/2031 1236/2105/2031
f 1301/2103/2032 1235/2107/2032 1245/2110/2032
f 1260/2097/2033 1236/2105/2033 1250/2025/2033
f 1251/2115/2034 1239/2017/2034 1296/2116/2034
f 1238/2016/2035 1292/2054/2035 1297/2087/2035
f 1237/2092/2036 1303/2117/2036 1293/2055/2036
f 1286/2073/2037 1240/2118/2037 1255/2032/2037
f 1256/2064/2038 1243/2119/2038 1275/2043/2038
f 1243/2119/2039 1280/2047/2039 1275/2043/2039
f 1285/2076/2040 1270/2038/2040 1241/2120/2040
f 1269/2037/2041 1277/2121/2041 1242/2019/2041
f 1302/2061/2042 1244/2021/2042 1252/2027/2042
f 1253/2028/2043 1247/2023/2043 1267/2122/2043
f 1246/2114/2044 1259/2098/2044 1268/2123/2044
f 1264/2124/2045 1251/2115/2045 1296/2116/2045
f 1281/2048/2046 1260/2097/2046 1250/2025/2046
f 1302/2061/2047 1252/2027/2047 1294/2094/2047
f 1290/2093/2048 1254/2029/2048 1288/2095/2048
f 1253/2028/2049 1267/2122/2049 1289/2125/2049
f 1299/2069/2050 1257/2126/2050 1274/2042/2050
f 1298/2071/2051 1287/2051/2051 1258/2031/2051
f 1259/2098/2052 1284/2050/2052 1268/2123/2052
f 1266/2034/2053 1262/2067/2053 1279/2046/2053
f 1279/2046/2054 1262/2067/2054 1276/2044/2054
f 1262/2067/2055 1300/2059/2055 1276/2044/2055
f 1265/2084/2056 1295/2066/2056 1261/2068/2056
f 1269/2037/2057 1273/2080/2057 1277/2121/2057
f 1284/2127/2058 1271/2077/2058 1268/2078/2058
f 1291/2085/2059 1287/2051/2059 1298/2071/2059
f 1306/2128/2060 1308/2129/2060 1305/2130/2060
f 1311/2131/2061 1313/2132/2061 1314/2133/2061
f 1317/2134/2062 1318/2135/2062 1319/2136/2062
f 1320/2137/2063 1322/2138/2063 1323/2139/2063
f 1324/2140/2064 1326/2141/2064 1327/2142/2064
f 1328/2143/2065 1329/2144/2065 1330/2145/2065
f 1331/2146/2066 1332/2147/2066 1333/2148/2066
f 1335/2149/2067 1337/2150/2067 1334/2151/2067
f 1342/2152/2068 1344/2153/2068 1345/2154/2068
f 1347/2155/2069 1349/2156/2069 1346/2157/2069
f 1351/2158/2070 1353/2159/2070 1350/2160/2070
f 1356/2161/2071 1357/2162/2071 1358/2163/2071
f 1359/2164/2072 1360/2165/2072 1361/2166/2072
f 1363/2167/2073 1365/2168/2073 1366/2169/2073
f 1361/2166/2074 1327/2142/2074 1359/2164/2074
f 1326/2170/2075 1355/2171/2075 1327/2172/2075
f 1325/2173/2076 1342/2174/2076 1345/2175/2076
f 1333/2148/2077 1325/2176/2077 1331/2146/2077
f 1341/2177/2078 1337/2150/2078 1340/2178/2078
f 1336/2179/2079 1354/2180/2079 1337/2150/2079
f 1360/2165/2080 1336/2181/2080 1335/2182/2080
f 1334/2183/2081 1349/2156/2081 1335/2184/2081
f 1362/2185/2082 1349/2156/2082 1348/2186/2082
f 1361/2166/2083 1366/2169/2083 1365/2168/2083
f 1343/2187/2084 1365/2168/2084 1364/2188/2084
f 1328/2143/2085 1358/2163/2085 1329/2144/2085
f 1343/2189/2086 1329/2144/2086 1344/2190/2086
f 1345/2191/2087 1351/2158/2087 1350/2160/2087
f 1332/2147/2088 1350/2160/2088 1353/2159/2088
f 1363/2192/2089 1330/2145/2089 1364/2193/2089
f 1352/2194/2090 1323/2139/2090 1353/2159/2090
f 1333/2148/2091 1323/2139/2091 1322/2138/2091
f 1309/2195/2092 1305/2196/2092 1308/2197/2092
f 1306/2198/2093 1341/2177/2093 1340/2178/2093
f 1307/2199/2094 1322/2200/2094 1321/2201/2094
f 1338/2202/2095 1310/2203/2095 1309/2204/2095
f 1347/2205/2096 1339/2206/2096 1338/2202/2096
f 1348/2186/2097 1312/2207/2097 1311/2131/2097
f 1314/2133/2098 1362/2185/2098 1311/2131/2098
f 1357/2208/2099 1314/2133/2099 1313/2132/2099
f 1315/2209/2100 1313/2210/2100 1312/2211/2100
f 1318/2212/2101 1357/2162/2101 1319/2213/2101
f 1352/2214/2102 1318/2212/2102 1317/2215/2102
f 1316/2216/2103 1320/2217/2103 1317/2134/2103
f 1315/2209/2104 1307/2199/2104 1316/2216/2104
f 1338/2202/2105 1309/2204/2105 1308/2129/2105
f 1305/2196/2106 1310/2218/2106 1341/2177/2106
f 1322/2219/2107 1306/2198/2107 1340/2178/2107
f 1316/2216/2108 1307/2199/2108 1321/2201/2108
f 1315/2209/2109 1338/2202/2109 1308/2129/2109
f 1310/2218/2110 1334/2151/2110 1341/2177/2110
f 1310/2218/2111 1339/2220/2111 1334/2151/2111
f 1315/2209/2112 1312/2211/2112 1338/2202/2112
f 1338/2202/2113 1312/2211/2113 1347/2205/2113
f 1311/2131/2114 1362/2185/2114 1348/2186/2114
f 1314/2133/2115 1356/2221/2115 1363/2222/2115
f 1313/2210/2116 1319/2136/2116 1357/2223/2116
f 1318/2212/2117 1351/2224/2117 1358/2163/2117
f 1317/2225/2118 1320/2137/2118 1352/2194/2118
f 1353/2159/2119 1323/2139/2119 1332/2147/2119
f 1322/2138/2120 1340/2226/2120 1333/2148/2120
f 1361/2166/2121 1342/2174/2121 1324/2140/2121
f 1355/2171/2122 1359/2227/2122 1327/2172/2122
f 1345/2175/2123 1331/2228/2123 1325/2173/2123
f 1333/2229/2124 1354/2180/2124 1326/2170/2124
f 1356/2221/2125 1328/2230/2125 1363/2222/2125
f 1329/2144/2126 1358/2163/2126 1344/2190/2126
f 1364/2193/2127 1330/2145/2127 1343/2189/2127
f 1350/2160/2128 1331/2146/2128 1345/2191/2128
f 1333/2229/2129 1340/2178/2129 1354/2180/2129
f 1340/2178/2130 1337/2150/2130 1354/2180/2130
f 1336/2179/2131 1304/2231/2131 1355/2171/2131
f 1304/2231/2132 1336/2179/2132 1359/2227/2132
f 1335/2182/2133 1349/2232/2133 1360/2165/2133
f 1339/2220/2134 1346/2233/2134 1334/2151/2134
f 1365/2168/2135 1342/2174/2135 1361/2166/2135
f 1358/2163/2136 1351/2224/2136 1344/2190/2136
f 1349/2232/2137 1366/2169/2137 1360/2165/2137
f 1304/2231/2138 1359/2227/2138 1355/2171/2138
f 1368/2234/2139 1370/2235/2139 1367/2236/2139
f 1372/2237/2140 1374/2238/2140 1371/2239/2140
f 1376/2240/2141 1378/2241/2141 1379/2242/2141
f 1382/2243/2142 1384/2244/2142 1385/2245/2142
f 1387/2246/2143 1389/2247/2143 1386/2248/2143
f 1391/2249/2144 1393/2250/2144 1394/2251/2144
f 1396/2252/2145 1398/2253/2145 1395/2254/2145
f 1399/2255/2146 1401/2256/2146 1402/2257/2146
f 1403/2258/2147 1404/2259/2147 1405/2260/2147
f 1406/2261/2148 1408/2262/2148 1409/2263/2148
f 1410/2264/2149 1412/2265/2149 1413/2266/2149
f 1416/2267/2150 1417/2268/2150 1418/2269/2150
f 1421/2270/2151 1423/2271/2151 1424/2272/2151
f 1425/2273/2152 1426/2274/2152 1427/2275/2152
f 1428/2276/2153 1430/2277/2153 1431/2278/2153
f 1432/2279/2154 1434/2280/2154 1435/2281/2154
f 1436/2282/2155 1437/2283/2155 1438/2284/2155
f 1440/2285/2156 1442/2286/2156 1439/2287/2156
f 1375/2288/2157 1381/2289/2157 1376/2240/2157
f 1414/2290/2158 1381/2289/2158 1380/2291/2158
f 1417/2268/2159 1442/2292/2159 1418/2269/2159
f 1436/2293/2160 1417/2268/2160 1416/2267/2160
f 1437/2283/2161 1439/2287/2161 1438/2284/2161
f 1441/2294/2162 1425/2273/2162 1427/2275/2162
f 1432/2295/2163 1441/2294/2163 1433/2296/2163
f 1435/2281/2164 1376/2297/2164 1432/2279/2164
f 1379/2242/2165 1396/2252/2165 1395/2254/2165
f 1406/2261/2166 1378/2298/2166 1377/2299/2166
f 1419/2300/2167 1395/2254/2167 1398/2253/2167
f 1419/2300/2168 1415/2301/2168 1420/2302/2168
f 1375/2288/2169 1415/2301/2169 1414/2290/2169
f 1407/2303/2170 1435/2281/2170 1434/2280/2170
f 1386/2248/2171 1436/2304/2171 1387/2246/2171
f 1389/2247/2172 1413/2305/2172 1386/2248/2172
f 1426/2306/2173 1413/2266/2173 1412/2265/2173
f 1427/2307/2174 1400/2308/2174 1399/2309/2174
f 1402/2257/2175 1433/2310/2175 1399/2255/2175
f 1401/2256/2176 1407/2303/2176 1402/2257/2176
f 1371/2239/2177 1408/2311/2177 1372/2237/2177
f 1367/2236/2178 1371/2239/2178 1374/2238/2178
f 1397/2312/2179 1370/2235/2179 1369/2313/2179
f 1368/2314/2180 1431/2278/2180 1369/2315/2180
f 1430/2277/2181 1397/2316/2181 1431/2278/2181
f 1388/2317/2182 1430/2277/2182 1429/2318/2182
f 1428/2276/2183 1424/2272/2183 1429/2318/2183
f 1389/2247/2184 1424/2272/2184 1423/2271/2184
f 1411/2319/1365 1404/2320/1365 1403/2319/1365
f 1390/2321/2185 1411/2322/2185 1391/2249/2185
f 1401/2323/2186 1390/2321/2186 1394/2251/2186
f 1373/2324/2187 1394/2325/2187 1393/2326/2187
f 1392/2327/2188 1385/2328/2188 1393/2250/2188
f 1384/2244/2189 1373/2324/2189 1385/2245/2189
f 1383/2329/2190 1367/2236/2190 1384/2244/2190
f 1422/2330/2191 1383/2331/2191 1382/2332/2191
f 1391/2333/2192 1422/2330/2192 1392/2334/2192
f 1384/2244/2193 1367/2236/2193 1374/2238/2193
f 1371/2239/2194 1370/2235/2194 1409/2335/2194
f 1370/2235/2195 1396/2336/2195 1409/2335/2195
f 1369/2313/2196 1431/2337/2196 1397/2312/2196
f 1383/2331/2197 1421/2270/2197 1368/2314/2197
f 1421/2270/2198 1428/2276/2198 1368/2314/2198
f 1394/2338/2199 1372/2339/2199 1401/2256/2199
f 1401/2256/2200 1372/2339/2200 1408/2262/2200
f 1393/2326/2201 1385/2245/2201 1373/2324/2201
f 1414/2290/2202 1380/2291/2202 1375/2288/2202
f 1376/2240/2203 1381/2289/2203 1442/2292/2203
f 1432/2279/2204 1376/2297/2204 1442/2340/2204
f 1435/2281/2205 1406/2261/2205 1377/2299/2205
f 1395/2254/2206 1420/2302/2206 1379/2242/2206
f 1409/2335/2207 1396/2336/2207 1378/2341/2207
f 1420/2302/2208 1415/2301/2208 1379/2242/2208
f 1381/2289/2209 1418/2269/2209 1442/2292/2209
f 1382/2332/2210 1392/2334/2210 1422/2330/2210
f 1387/2246/2211 1419/2342/2211 1398/2343/2211
f 1419/2300/2212 1387/2344/2212 1416/2267/2212
f 1387/2344/2213 1436/2293/2213 1416/2267/2213
f 1386/2248/2214 1413/2305/2214 1437/2345/2214
f 1429/2318/2215 1424/2272/2215 1388/2317/2215
f 1430/2277/2216 1387/2246/2216 1398/2343/2216
f 1423/2271/2217 1404/2346/2217 1389/2247/2217
f 1404/2346/2218 1410/2347/2218 1389/2247/2218
f 1403/2348/2219 1423/2271/2219 1391/2333/2219
f 1403/2349/2220 1391/2350/2220 1411/2349/2220
f 1390/2321/2221 1400/2308/2221 1412/2265/2221
f 1412/2265/2222 1400/2308/2222 1426/2306/2222
f 1399/2351/2223 1433/2296/2223 1427/2275/2223
f 1402/2257/2224 1407/2303/2224 1434/2280/2224
f 1413/2352/2225 1425/2273/2225 1437/2283/2225
f 1417/2268/2226 1438/2353/2226 1439/2354/2226
f 1437/2283/2227 1425/2273/2227 1440/2285/2227
f 1427/2275/2228 1433/2296/2228 1441/2294/2228
f 1444/2355/2229 1446/2356/2229 1443/2357/2229
f 1447/2358/2230 1449/2359/2230 1450/2360/2230
f 1453/2361/2231 1454/2362/2231 1455/2363/2231
f 1458/2364/2232 1459/2365/2232 1460/2366/2232
f 1461/2367/2233 1462/2368/2233 1463/2369/2233
f 1464/2370/2234 1465/2371/2234 1466/2372/2234
f 1467/2373/2235 1469/2374/2235 1470/2375/2235
f 1472/2376/2236 1473/2377/2236 1474/2378/2236
f 1476/2379/2237 1478/2380/2237 1479/2381/2237
f 1480/2382/2238 1481/2383/2238 1482/2384/2238
f 1483/2385/2239 1484/2386/2239 1485/2387/2239
f 1488/2388/2240 1489/2389/2240 1490/2390/2240
f 1494/2391/2241 1495/2392/2241 1491/2393/2241
f 1496/2394/2242 1497/2395/2242 1498/2396/2242
f 1499/2397/2243 1501/2398/2243 1502/2399/2243
f 1505/2400/2244 1506/2401/2244 1507/2402/2244
f 1508/2403/2245 1509/2404/2245 1510/2405/2245
f 1511/2406/2246 1512/2407/2246 1513/2408/2246
f 1517/2409/2247 1518/2410/2247 1514/2411/2247
f 1486/2412/2248 1467/2373/2248 1470/2375/2248
f 1489/2389/2249 1495/2392/2249 1490/2390/2249
f 1468/2413/2250 1495/2392/2250 1494/2391/2250
f 1447/2414/2251 1489/2389/2251 1488/2388/2251
f 1492/2415/2252 1450/2360/2252 1449/2359/2252
f 1448/2416/2253 1446/2356/2253 1449/2359/2253
f 1445/2417/2254 1492/2415/2254 1446/2356/2254
f 1444/2355/2255 1518/2410/2255 1445/2417/2255
f 1494/2418/2256 1518/2410/2256 1517/2409/2256
f 1516/2419/2257 1502/2399/2257 1517/2420/2257
f 1501/2421/2258 1468/2413/2258 1502/2422/2258
f 1480/2423/2259 1469/2374/2259 1481/2424/2259
f 1457/2425/2260 1480/2382/2260 1482/2384/2260
f 1487/2426/2261 1497/2395/2261 1496/2394/2261
f 1498/2396/2262 1475/2427/2262 1496/2394/2262
f 1488/2428/2263 1475/2427/2263 1474/2378/2263
f 1503/2429/2264 1474/2378/2264 1473/2377/2264
f 1506/2430/2265 1447/2431/2265 1507/2432/2265
f 1444/2355/2266 1506/2401/2266 1505/2400/2266
f 1451/2433/2267 1505/2434/2267 1504/2435/2267
f 1515/2436/2268 1455/2437/2268 1454/2438/2268
f 1508/2439/2269 1454/2362/2269 1453/2361/2269
f 1509/2404/2270 1515/2440/2270 1510/2405/2270
f 1513/2408/2271 1479/2381/2271 1511/2406/2271
f 1501/2398/2272 1479/2381/2272 1478/2380/2272
f 1512/2407/2273 1500/2441/2273 1499/2397/2273
f 1513/2408/2274 1509/2404/2274 1508/2403/2274
f 1461/2367/2275 1478/2442/2275 1477/2443/2275
f 1462/2368/2276 1481/2383/2276 1463/2369/2276
f 1483/2385/2277 1462/2368/2277 1461/2367/2277
f 1484/2386/2278 1497/2444/2278 1485/2387/2278
f 1472/2376/2279 1484/2445/2279 1483/2446/2279
f 1473/2377/2280 1465/2447/2280 1464/2448/2280
f 1466/2449/2281 1503/2429/2281 1464/2448/2281
f 1465/2371/2282 1451/2433/2282 1466/2372/2282
f 1476/2450/2283 1452/2451/2283 1477/2452/2283
f 1506/2401/2284 1443/2357/2284 1448/2416/2284
f 1449/2359/2285 1446/2356/2285 1492/2415/2285
f 1445/2417/2286 1518/2410/2286 1493/2453/2286
f 1505/2400/2287 1455/2437/2287 1444/2355/2287
f 1455/2437/2288 1514/2411/2288 1444/2355/2288
f 1474/2378/2289 1447/2431/2289 1488/2428/2289
f 1489/2389/2290 1450/2454/2290 1491/2393/2290
f 1474/2378/2291 1507/2432/2291 1447/2431/2291
f 1466/2372/2292 1451/2433/2292 1504/2435/2292
f 1454/2362/2293 1510/2455/2293 1515/2456/2293
f 1465/2371/2294 1483/2457/2294 1452/2451/2294
f 1461/2458/2295 1477/2452/2295 1452/2451/2295
f 1483/2457/2296 1461/2458/2296 1452/2451/2296
f 1476/2450/2297 1513/2459/2297 1453/2361/2297
f 1513/2459/2298 1508/2439/2298 1453/2361/2298
f 1462/2368/2299 1457/2425/2299 1482/2384/2299
f 1480/2382/2300 1456/2460/2300 1470/2461/2300
f 1460/2366/2301 1470/2461/2301 1456/2460/2301
f 1459/2365/2302 1486/2462/2302 1460/2366/2302
f 1485/2387/2303 1457/2425/2303 1462/2368/2303
f 1497/2444/2304 1458/2364/2304 1485/2387/2304
f 1478/2442/2305 1463/2369/2305 1481/2383/2305
f 1483/2457/2306 1465/2371/2306 1472/2463/2306
f 1464/2448/2307 1503/2429/2307 1473/2377/2307
f 1467/2373/2308 1490/2390/2308 1495/2392/2308
f 1502/2422/2309 1468/2413/2309 1494/2391/2309
f 1501/2464/2310 1481/2465/2310 1469/2466/2310
f 1484/2386/2311 1471/2467/2311 1498/2468/2311
f 1496/2394/2312 1475/2427/2312 1487/2426/2312
f 1511/2406/2313 1479/2381/2313 1500/2441/2313
f 1478/2442/2314 1481/2383/2314 1501/2469/2314
f 1517/2420/2315 1502/2399/2315 1494/2470/2315
f 1509/2404/2316 1499/2397/2316 1516/2419/2316
f 1509/2404/2317 1512/2407/2317 1499/2397/2317
f 1519/2471/2318 1520/2472/2318 1521/2473/2318
f 1522/2474/2319 1524/2475/2319 1525/2476/2319
f 1527/2477/2320 1528/2478/2320 1529/2479/2320
f 1531/2480/2321 1532/2481/2321 1533/2482/2321
f 1534/2483/2322 1535/2484/2322 1536/2485/2322
f 1537/2486/2323 1539/2487/2323 1540/2488/2323
f 1541/2489/2324 1542/2490/2324 1543/2491/2324
f 1548/2492/2325 1549/2493/2325 1545/2494/2325
f 1553/2495/2326 1554/2496/2326 1555/2497/2326
f 1558/2498/2327 1559/2499/2327 1560/2500/2327
f 1561/2501/2328 1563/2502/2328 1564/2503/2328
f 1566/2504/2329 1568/2505/2329 1569/2506/2329
f 1572/2507/2330 1573/2508/2330 1574/2509/2330
f 1575/2510/2331 1576/2511/2331 1577/2512/2331
f 1581/2513/2332 1582/2514/2332 1579/2515/2332
f 1586/2516/2333 1587/2517/2333 1588/2518/2333
f 1590/2519/2334 1592/2520/2334 1589/2521/2334
f 1544/2522/2335 1543/2491/2335 1545/2523/2335
f 1542/2524/2336 1583/2525/2336 1543/2526/2336
f 1546/2527/2337 1583/2525/2337 1582/2514/2337
f 1540/2488/2338 1578/2528/2338 1537/2486/2338
f 1580/2529/2339 1535/2484/2339 1534/2483/2339
f 1536/2485/2340 1533/2530/2340 1534/2483/2340
f 1532/2481/2341 1580/2531/2341 1533/2482/2341
f 1582/2514/2342 1566/2532/2342 1565/2533/2342
f 1547/2534/2343 1565/2535/2343 1569/2506/2343
f 1544/2522/2344 1590/2519/2344 1589/2521/2344
f 1561/2501/2345 1549/2536/2345 1548/2537/2345
f 1542/2490/2346 1589/2521/2346 1592/2520/2346
f 1568/2505/2347 1555/2497/2347 1569/2506/2347
f 1554/2496/2348 1547/2534/2348 1555/2497/2348
f 1562/2538/2349 1554/2539/2349 1553/2540/2349
f 1538/2541/2350 1592/2520/2350 1591/2542/2350
f 1570/2543/2351 1584/2544/2351 1588/2518/2351
f 1573/2508/2352 1539/2487/2352 1574/2509/2352
f 1572/2507/2353 1535/2484/2353 1573/2508/2353
f 1522/2474/2354 1591/2542/2354 1590/2519/2354
f 1524/2545/2355 1538/2546/2355 1525/2547/2355
f 1585/2548/2356 1524/2475/2356 1523/2549/2356
f 1575/2510/2357 1531/2550/2357 1576/2511/2357
f 1567/2551/2358 1575/2510/2358 1577/2512/2358
f 1526/2552/2359 1567/2551/2359 1527/2553/2359
f 1551/2554/2360 1526/2555/2360 1530/2556/2360
f 1564/2503/2361 1523/2549/2361 1522/2474/2361
f 1562/2538/2362 1585/2557/2362 1563/2558/2362
f 1587/2517/2363 1553/2540/2363 1552/2559/2363
f 1558/2498/2364 1530/2556/2364 1529/2479/2364
f 1559/2499/2365 1551/2554/2365 1560/2500/2365
f 1588/2518/2366 1559/2499/2366 1558/2498/2366
f 1571/2560/2367 1556/2561/2367 1557/2562/2367
f 1519/2563/2368 1571/2564/2368 1520/2565/2368
f 1577/2512/2369 1519/2471/2369 1521/2473/2369
f 1520/2472/2370 1527/2553/2370 1521/2473/2370
f 1529/2479/2371 1557/2562/2371 1556/2561/2371
f 1520/2566/2372 1557/2562/2372 1528/2478/2372
f 1557/2562/2373 1520/2566/2373 1571/2560/2373
f 1519/2563/2374 1576/2567/2374 1572/2507/2374
f 1521/2473/2375 1527/2553/2375 1577/2512/2375
f 1522/2474/2376 1590/2519/2376 1564/2503/2376
f 1591/2542/2377 1525/2476/2377 1538/2541/2377
f 1524/2545/2378 1584/2568/2378 1539/2487/2378
f 1585/2548/2379 1523/2549/2379 1563/2502/2379
f 1577/2512/2380 1527/2553/2380 1567/2551/2380
f 1526/2569/2381 1550/2570/2381 1568/2505/2381
f 1530/2556/2382 1560/2500/2382 1551/2554/2382
f 1556/2561/2383 1558/2498/2383 1529/2479/2383
f 1576/2511/2384 1531/2550/2384 1536/2571/2384
f 1534/2572/2385 1533/2482/2385 1580/2531/2385
f 1532/2481/2386 1566/2532/2386 1581/2513/2386
f 1575/2573/2387 1566/2532/2387 1532/2481/2387
f 1573/2508/2388 1535/2484/2388 1540/2488/2388
f 1540/2488/2389 1535/2484/2389 1579/2574/2389
f 1572/2507/2390 1576/2567/2390 1536/2485/2390
f 1592/2520/2391 1537/2575/2391 1542/2490/2391
f 1542/2490/2392 1537/2575/2392 1578/2576/2392
f 1584/2568/2393 1574/2509/2393 1539/2487/2393
f 1589/2521/2394 1541/2489/2394 1544/2522/2394
f 1545/2577/2395 1543/2526/2395 1583/2525/2395
f 1564/2503/2396 1590/2519/2396 1549/2536/2396
f 1554/2496/2397 1561/2578/2397 1548/2492/2397
f 1565/2533/2398 1546/2527/2398 1582/2514/2398
f 1569/2506/2399 1555/2497/2399 1547/2534/2399
f 1553/2540/2400 1586/2516/2400 1562/2538/2400
f 1559/2499/2401 1587/2517/2401 1552/2559/2401
f 1558/2498/2402 1556/2561/2402 1588/2518/2402
f 1556/2561/2403 1570/2543/2403 1588/2518/2403
f 1596/2579/2404 1597/2580/2404 1598/2581/2404
f 1599/2582/2405 1600/2583/2405 1601/2584/2405
f 1602/2585/2406 1603/2586/2406 1604/2587/2406
f 1605/2588/2407 1606/2589/2407 1607/2590/2407
f 1609/2591/2408 1611/2592/2408 1608/2593/2408
f 1612/2594/2409 1613/2595/2409 1614/2596/2409
f 1616/2597/2410 1618/2598/2410 1615/2599/2410
f 1622/2600/2411 1619/2601/2411 1621/2602/2411
f 1625/2603/2412 1627/2604/2412 1624/2605/2412
f 1628/2606/2413 1629/2607/2413 1630/2608/2413
f 1632/2609/2414 1634/2610/2414 1631/2611/2414
f 1635/2612/2415 1637/2613/2415 1638/2614/2415
f 1639/2615/2416 1640/2616/2416 1641/2617/2416
f 1643/2618/2417 1645/2619/2417 1642/2620/2417
f 1648/2621/2418 1649/2622/2418 1650/2623/2418
f 1652/2624/2419 1654/2625/2419 1651/2617/2419
f 1656/2626/2420 1658/2627/2420 1655/2628/2420
f 1659/2629/2421 1660/2630/2421 1661/2631/2421
f 1598/2581/2422 1661/2632/2422 1594/2633/2422
f 1660/2630/2423 1634/2610/2423 1661/2631/2423
f 1619/2634/2424 1660/2635/2424 1659/2636/2424
f 1632/2609/2425 1623/2637/2425 1622/2600/2425
f 1621/2602/2426 1638/2614/2426 1622/2600/2426
f 1633/2638/2427 1638/2614/2427 1637/2613/2427
f 1624/2639/2428 1633/2638/2428 1625/2640/2428
f 1595/2641/2429 1624/2605/2429 1627/2604/2429
f 1599/2582/2430 1627/2604/2430 1626/2642/2430
f 1600/2583/2431 1595/2641/2431 1601/2584/2431
f 1597/2580/1365 1652/2624/1365 1651/2617/1365
f 1654/2643/1365 1641/2643/1365 1651/2643/1365
f 1640/2616/2432 1597/2580/2432 1641/2617/2432
f 1620/2644/2433 1640/2616/2433 1639/2615/2433
f 1612/2594/2434 1620/2645/2434 1613/2595/2434
f 1605/2588/2435 1612/2594/2435 1614/2596/2435
f 1606/2589/2436 1604/2587/2436 1607/2590/2436
f 1636/2646/2437 1604/2587/2437 1603/2586/2437
f 1615/2599/2438 1603/2586/2438 1602/2585/2438
f 1608/2593/2439 1618/2647/2439 1617/2648/2439
f 1637/2649/2440 1611/2592/2440 1610/2650/2440
f 1626/2651/2441 1610/2650/2441 1609/2591/2441
f 1653/2652/2442 1643/2618/2442 1642/2620/2442
f 1644/2653/2443 1600/2654/2443 1599/2655/2443
f 1655/2628/2444 1644/2653/2444 1656/2626/2444
f 1645/2619/2445 1630/2608/2445 1642/2620/2445
f 1654/2656/2446 1630/2608/2446 1629/2607/2446
f 1628/2657/2447 1613/2595/2447 1629/2658/2447
f 1615/2599/2448 1605/2588/2448 1616/2597/2448
f 1656/2659/2449 1608/2593/2449 1657/2660/2449
f 1658/2661/2450 1617/2648/2450 1616/2662/2450
f 1655/2628/2451 1647/2663/2451 1646/2664/2451
f 1619/2634/2452 1659/2636/2452 1598/2581/2452
f 1594/2665/2453 1661/2631/2453 1634/2610/2453
f 1624/2605/2454 1594/2666/2454 1634/2667/2454
f 1627/2604/2455 1601/2584/2455 1595/2641/2455
f 1600/2654/2456 1652/2668/2456 1596/2669/2456
f 1651/2643/1365 1641/2643/1365 1597/2643/1365
f 1640/2616/2457 1619/2634/2457 1598/2581/2457
f 1609/2670/2458 1599/2655/2458 1626/2671/2458
f 1609/2670/2459 1593/2672/2459 1599/2655/2459
f 1643/2618/2460 1652/2668/2460 1600/2654/2460
f 1593/2672/2461 1656/2626/2461 1599/2655/2461
f 1656/2626/2462 1644/2653/2462 1599/2655/2462
f 1615/2599/2463 1602/2585/2463 1606/2589/2463
f 1607/2590/2464 1604/2587/2464 1621/2673/2464
f 1604/2587/2465 1635/2674/2465 1621/2673/2465
f 1603/2675/2466 1618/2647/2466 1636/2676/2466
f 1648/2621/2467 1614/2596/2467 1649/2622/2467
f 1612/2594/2468 1607/2590/2468 1621/2673/2468
f 1647/2677/2469 1605/2588/2469 1648/2621/2469
f 1657/2660/2470 1608/2593/2470 1617/2648/2470
f 1618/2647/2471 1611/2592/2471 1636/2676/2471
f 1610/2678/2472 1625/2640/2472 1637/2613/2472
f 1656/2626/2473 1593/2672/2473 1609/2670/2473
f 1629/2679/2474 1613/2680/2474 1639/2615/2474
f 1639/2615/2475 1613/2680/2475 1620/2644/2475
f 1628/2657/2476 1649/2622/2476 1614/2596/2476
f 1647/2677/2477 1658/2681/2477 1616/2597/2477
f 1660/2630/2478 1623/2637/2478 1631/2611/2478
f 1622/2600/2479 1638/2614/2479 1632/2609/2479
f 1637/2613/2480 1625/2640/2480 1633/2638/2480
f 1646/2664/2481 1628/2606/2481 1645/2619/2481
f 1642/2620/2482 1630/2608/2482 1653/2652/2482
f 1629/2679/2483 1639/2615/2483 1654/2625/2483
f 1655/2628/2484 1646/2664/2484 1645/2619/2484
f 1663/2682/2485 1664/2683/2485 1665/2684/2485
f 1669/2685/2486 1670/2686/2486 1671/2687/2486
f 1672/2688/2487 1673/2689/2487 1674/2690/2487
f 1676/2691/2488 1677/2692/2488 1678/2693/2488
f 1681/2694/2489 1683/2695/2489 1680/2696/2489
f 1685/2697/2490 1687/2698/2490 1684/2699/2490
f 1689/2700/2491 1691/2701/2491 1688/2702/2491
f 1692/2703/2492 1694/2704/2492 1695/2705/2492
f 1696/2706/2493 1698/2707/2493 1699/2708/2493
f 1702/2709/2494 1704/2710/2494 1705/2711/2494
f 1706/2712/2495 1707/2713/2495 1708/2714/2495
f 1711/2715/2496 1712/2716/2496 1713/2717/2496
f 1716/2718/2497 1717/2719/2497 1718/2720/2497
f 1722/2721/2498 1724/2722/2498 1725/2723/2498
f 1726/2724/2499 1728/2725/2499 1729/2726/2499
f 1730/2727/2500 1731/2728/2500 1732/2729/2500
f 1702/2709/2501 1719/2730/2501 1720/2731/2501
f 1720/2731/2502 1721/2732/2502 1725/2723/2502
f 1666/2733/2503 1705/2711/2503 1704/2710/2503
f 1670/2734/2504 1721/2732/2504 1671/2735/2504
f 1675/2736/2505 1670/2686/2505 1669/2685/2505
f 1723/2737/2506 1679/2738/2506 1678/2693/2506
f 1677/2692/2507 1665/2684/2507 1678/2693/2507
f 1664/2683/2508 1723/2737/2508 1665/2684/2508
f 1726/2739/2509 1724/2722/2509 1727/2740/2509
f 1714/2741/2510 1726/2739/2510 1729/2742/2510
f 1717/2743/2511 1702/2709/2511 1718/2744/2511
f 1709/2745/2512 1717/2719/2512 1716/2718/2512
f 1712/2716/2513 1703/2746/2513 1713/2717/2513
f 1667/2747/2514 1712/2716/2514 1711/2715/2514
f 1676/2748/2515 1706/2712/2515 1708/2714/2515
f 1668/2749/2516 1706/2712/2516 1669/2685/2516
f 1710/2750/2517 1732/2729/2517 1711/2715/2517
f 1731/2728/2518 1667/2747/2518 1732/2729/2518
f 1677/2692/2519 1689/2700/2519 1688/2702/2519
f 1664/2683/2520 1688/2702/2520 1691/2701/2520
f 1692/2703/2521 1680/2696/2521 1683/2695/2521
f 1729/2726/2522 1695/2705/2522 1694/2704/2522
f 1727/2751/2523 1680/2696/2523 1728/2725/2523
f 1715/2752/2524 1694/2753/2524 1693/2754/2524
f 1682/2755/2525 1691/2756/2525 1690/2757/2525
f 1692/2758/2526 1699/2708/2526 1693/2754/2526
f 1698/2707/2527 1715/2752/2527 1699/2708/2527
f 1697/2759/2528 1701/2760/2528 1698/2707/2528
f 1710/2761/2529 1701/2760/2529 1700/2762/2529
f 1684/2763/2530 1731/2728/2530 1730/2727/2530
f 1686/2764/2531 1707/2765/2531 1687/2698/2531
f 1685/2697/2532 1674/2690/2532 1686/2764/2532
f 1690/2766/2533 1674/2690/2533 1673/2689/2533
f 1672/2688/2534 1682/2767/2534 1673/2689/2534
f 1685/2697/2535 1697/2768/2535 1696/2769/2535
f 1688/2702/2536 1663/2682/2536 1677/2692/2536
f 1678/2693/2537 1665/2684/2537 1723/2737/2537
f 1664/2770/2538 1727/2751/2538 1724/2771/2538
f 1691/2756/2539 1727/2751/2539 1664/2770/2539
f 1712/2716/2540 1666/2772/2540 1704/2773/2540
f 1705/2711/2541 1671/2735/2541 1721/2732/2541
f 1670/2774/2542 1679/2738/2542 1722/2775/2542
f 1711/2715/2543 1732/2729/2543 1667/2747/2543
f 1706/2712/2544 1675/2736/2544 1669/2685/2544
f 1731/2728/2545 1707/2713/2545 1668/2749/2545
f 1672/2688/2546 1685/2697/2546 1696/2769/2546
f 1686/2764/2547 1674/2690/2547 1708/2776/2547
f 1674/2690/2548 1689/2777/2548 1708/2776/2548
f 1673/2778/2549 1682/2755/2549 1690/2757/2549
f 1672/2688/2550 1696/2769/2550 1683/2779/2550
f 1708/2776/2551 1689/2777/2551 1676/2780/2551
f 1662/2781/2552 1692/2782/2552 1683/2779/2552
f 1696/2769/2553 1662/2781/2553 1683/2779/2553
f 1680/2696/2554 1695/2705/2554 1728/2725/2554
f 1691/2756/2555 1681/2694/2555 1727/2751/2555
f 1700/2783/2556 1684/2763/2556 1730/2727/2556
f 1731/2728/2557 1687/2784/2557 1707/2713/2557
f 1684/2699/2558 1700/2785/2558 1697/2768/2558
f 1694/2704/2559 1714/2786/2559 1729/2726/2559
f 1693/2754/2560 1699/2708/2560 1715/2752/2560
f 1662/2781/2561 1696/2769/2561 1692/2782/2561
f 1698/2707/2562 1701/2760/2562 1716/2718/2562
f 1701/2760/2563 1709/2745/2563 1716/2718/2563
f 1700/2783/2564 1730/2727/2564 1710/2750/2564
f 1718/2744/2565 1702/2709/2565 1720/2731/2565
f 1719/2730/2566 1705/2711/2566 1721/2732/2566
f 1717/2719/2567 1713/2787/2567 1703/2788/2567
f 1726/2739/2568 1718/2744/2568 1725/2723/2568
f 1718/2744/2569 1720/2731/2569 1725/2723/2569
f 1736/2789/2570 1737/2790/2570 1738/2791/2570
f 1739/2792/2571 1740/2793/2571 1741/2794/2571
f 1745/2795/2572 1747/2796/2572 1744/2797/2572
f 1749/2798/2573 1751/2799/2573 1748/2800/2573
f 1752/2801/2574 1753/2802/2574 1754/2803/2574
f 1756/2804/2575 1758/2805/2575 1755/2806/2575
f 1760/2807/2576 1762/2808/2576 1759/2809/2576
f 1765/2810/2577 1766/2811/2577 1767/2812/2577
f 1768/2813/2578 1770/2814/2578 1771/2815/2578
f 1773/2816/2579 1775/2817/2579 1772/2818/2579
f 1776/2819/2580 1778/2820/2580 1779/2821/2580
f 1780/2822/2581 1781/2823/2581 1782/2824/2581
f 1784/2825/2582 1786/2826/2582 1783/2827/2582
f 1789/2828/2583 1790/2829/2583 1791/2830/2583
f 1793/2831/2584 1795/2832/2584 1792/2833/2584
f 1799/2834/2585 1796/2835/2585 1798/2836/2585
f 1805/2837/2586 1806/2838/2586 1802/2839/2586
f 1808/2840/2587 1810/2841/2587 1811/2842/2587
f 1758/2843/1365 1811/2844/1365 1755/2844/1365
f 1810/2845/1365 1771/2845/1365 1811/2845/1365
f 1770/2846/2588 1755/2847/2588 1771/2847/2588
f 1769/2848/2589 1740/2793/2589 1739/2792/2589
f 1741/2794/2590 1800/2849/2590 1739/2792/2590
f 1770/2814/2591 1800/2849/2591 1799/2850/2591
f 1801/2851/2592 1751/2799/2592 1802/2839/2592
f 1750/2852/2593 1757/2853/2593 1751/2799/2593
f 1803/2854/2594 1757/2855/2594 1756/2804/2594
f 1804/2856/2595 1799/2834/2595 1798/2836/2595
f 1808/2857/2596 1750/2858/2596 1749/2859/2596
f 1809/2860/2597 1745/2795/2597 1744/2797/2597
f 1787/2861/2598 1744/2862/2598 1747/2863/2598
f 1790/2829/2599 1809/2864/2599 1791/2830/2599
f 1741/2794/2600 1790/2865/2600 1789/2866/2600
f 1788/2867/2601 1754/2803/2601 1789/2828/2601
f 1797/2868/2602 1754/2869/2602 1753/2870/2602
f 1792/2833/2603 1797/2868/2603 1793/2831/2603
f 1742/2871/2604 1792/2833/2604 1795/2832/2604
f 1742/2871/2605 1804/2856/2605 1743/2872/2605
f 1794/2873/2606 1782/2874/2606 1795/2832/2606
f 1759/2809/2607 1782/2824/2607 1781/2823/2607
f 1761/2875/2608 1805/2837/2608 1762/2876/2608
f 1783/2827/2609 1761/2877/2609 1760/2807/2609
f 1801/2851/2610 1786/2878/2610 1785/2879/2610
f 1749/2859/2611 1785/2880/2611 1784/2881/2611
f 1783/2882/2612 1767/2883/2612 1784/2881/2612
f 1766/2884/2613 1745/2795/2613 1767/2883/2613
f 1734/2885/2614 1766/2811/2614 1765/2810/2614
f 1737/2790/2615 1746/2886/2615 1738/2791/2615
f 1788/2867/2616 1737/2790/2616 1736/2789/2616
f 1772/2818/2617 1736/2789/2617 1735/2887/2617
f 1774/2888/2618 1752/2801/2618 1775/2817/2618
f 1794/2873/2619 1774/2889/2619 1773/2890/2619
f 1772/2891/2620 1779/2892/2620 1773/2890/2620
f 1781/2823/2621 1779/2821/2621 1778/2820/2621
f 1765/2810/2622 1778/2820/2622 1777/2893/2622
f 1763/2894/2623 1759/2809/2623 1764/2895/2623
f 1735/2896/2624 1777/2893/2624 1776/2819/2624
f 1777/2893/2625 1734/2885/2625 1765/2810/2625
f 1766/2884/2626 1738/2897/2626 1746/2898/2626
f 1737/2790/2627 1787/2861/2627 1747/2863/2627
f 1736/2789/2628 1775/2817/2628 1788/2867/2628
f 1776/2899/2629 1772/2818/2629 1735/2887/2629
f 1790/2865/2630 1740/2793/2630 1810/2900/2630
f 1810/2900/2631 1740/2793/2631 1768/2813/2631
f 1739/2792/2632 1800/2849/2632 1769/2848/2632
f 1789/2866/2633 1754/2901/2633 1741/2794/2633
f 1754/2901/2634 1796/2902/2634 1741/2794/2634
f 1742/2871/2635 1795/2832/2635 1805/2903/2635
f 1792/2833/2636 1743/2872/2636 1798/2836/2636
f 1743/2872/2637 1804/2856/2637 1798/2836/2637
f 1767/2883/2638 1745/2795/2638 1749/2859/2638
f 1749/2859/2639 1745/2795/2639 1808/2857/2639
f 1744/2862/2640 1791/2830/2640 1809/2864/2640
f 1785/2879/2641 1748/2800/2641 1801/2851/2641
f 1802/2839/2642 1751/2799/2642 1757/2853/2642
f 1750/2904/2643 1733/2905/2643 1758/2906/2643
f 1733/2905/2644 1750/2904/2644 1807/2907/2644
f 1784/2881/2645 1767/2883/2645 1749/2859/2645
f 1775/2817/2646 1752/2801/2646 1788/2867/2646
f 1753/2870/2647 1793/2831/2647 1797/2868/2647
f 1774/2889/2648 1793/2831/2648 1753/2870/2648
f 1733/2905/2649 1807/2907/2649 1758/2906/2649
f 1755/2845/1365 1811/2845/1365 1771/2845/1365
f 1799/2850/2650 1756/2804/2650 1770/2814/2650
f 1799/2850/2651 1803/2854/2651 1756/2804/2651
f 1764/2895/2652 1759/2809/2652 1781/2823/2652
f 1782/2874/2653 1762/2908/2653 1805/2903/2653
f 1761/2875/2654 1786/2878/2654 1806/2838/2654
f 1763/2909/2655 1783/2882/2655 1760/2910/2655
f 1778/2820/2656 1764/2895/2656 1781/2823/2656
f 1773/2890/2657 1780/2911/2657 1794/2873/2657
f 1773/2890/2658 1779/2892/2658 1780/2911/2658
f 1795/2832/2659 1782/2874/2659 1805/2903/2659
f 1814/2912/2660 1816/2913/2660 1817/2914/2660
f 1821/2915/2661 1822/2916/2661 1823/2917/2661
f 1826/2918/2662 1827/2919/2662 1828/2920/2662
f 1831/2921/2663 1832/2922/2663 1833/2923/2663
f 1834/2924/2664 1836/2925/2664 1837/2926/2664
f 1838/2927/2665 1840/2928/2665 1841/2929/2665
f 1842/2930/2666 1843/2931/2666 1844/2932/2666
f 1845/2933/2667 1847/2934/2667 1848/2935/2667
f 1850/2936/2668 1852/2937/2668 1849/2938/2668
f 1853/2939/2669 1854/2940/2669 1855/2941/2669
f 1857/2942/2670 1859/2943/2670 1856/2944/2670
f 1860/2945/2671 1861/2946/2671 1862/2947/2671
f 1866/2948/2672 1863/2949/2672 1865/2950/2672
f 1869/2951/2673 1871/2952/2673 1868/2953/2673
f 1872/2954/2674 1873/2955/2674 1874/2956/2674
f 1875/2957/2675 1876/2958/2675 1877/2959/2675
f 1880/2960/2676 1881/2961/2676 1882/2962/2676
f 1868/2953/2677 1864/2963/2677 1863/2964/2677
f 1870/2965/2678 1841/2929/2678 1871/2966/2678
f 1840/2928/2679 1864/2967/2679 1841/2929/2679
f 1839/2968/2680 1835/2969/2680 1834/2924/2680
f 1853/2939/2681 1834/2924/2681 1837/2926/2681
f 1854/2940/2682 1882/2962/2682 1855/2941/2682
f 1840/2928/2683 1882/2962/2683 1881/2961/2683
f 1813/2970/2684 1867/2971/2684 1814/2912/2684
f 1824/2972/2685 1867/2973/2685 1866/2948/2685
f 1817/2914/2686 1868/2953/2686 1813/2970/2686
f 1880/2960/2687 1848/2974/2687 1881/2961/2687
f 1847/2934/2688 1865/2950/2688 1848/2935/2688
f 1825/2975/2689 1847/2976/2689 1846/2977/2689
f 1860/2945/2690 1835/2978/2690 1861/2946/2690
f 1862/2947/2691 1870/2979/2691 1869/2951/2691
f 1818/2980/2692 1817/2914/2692 1816/2913/2692
f 1822/2981/2693 1862/2947/2693 1823/2982/2693
f 1849/2938/2694 1822/2916/2694 1821/2915/2694
f 1851/2983/2695 1836/2984/2695 1852/2937/2695
f 1854/2985/2696 1851/2983/2696 1850/2936/2696
f 1849/2938/2697 1844/2932/2697 1850/2936/2697
f 1843/2931/2698 1874/2986/2698 1844/2932/2698
f 1815/2987/2699 1875/2957/2699 1877/2959/2699
f 1827/2919/2700 1875/2957/2700 1828/2920/2700
f 1856/2944/2701 1846/2977/2701 1845/2988/2701
f 1858/2989/2702 1825/2975/2702 1859/2943/2702
f 1829/2990/2703 1858/2991/2703 1857/2992/2703
f 1832/2922/2704 1826/2918/2704 1833/2923/2704
f 1877/2959/2705 1832/2922/2705 1831/2921/2705
f 1878/2993/2706 1815/2994/2706 1879/2995/2706
f 1879/2996/2707 1818/2997/2707 1878/2998/2707
f 1820/2999/2708 1842/2930/2708 1821/2915/2708
f 1830/3000/2709 1819/3001/2709 1831/2921/2709
f 1829/2990/2710 1872/3002/2710 1830/3000/2710
f 1857/2942/2711 1874/2956/2711 1873/2955/2711
f 1875/2957/2712 1814/3003/2712 1828/2920/2712
f 1828/3004/2713 1814/3005/2713 1867/2973/2713
f 1813/2970/2714 1868/2953/2714 1863/2964/2714
f 1817/2914/2715 1823/2982/2715 1869/2951/2715
f 1877/2959/2716 1879/3006/2716 1815/2987/2716
f 1878/2993/2717 1818/2980/2717 1816/2913/2717
f 1823/2982/2718 1862/2947/2718 1869/2951/2718
f 1822/2916/2719 1852/2937/2719 1836/2984/2719
f 1860/3007/2720 1822/2916/2720 1836/2984/2720
f 1879/3006/2721 1831/2921/2721 1819/3001/2721
f 1842/2930/2722 1849/2938/2722 1821/2915/2722
f 1830/3008/2723 1843/2931/2723 1820/2999/2723
f 1858/2991/2724 1833/2923/2724 1826/2918/2724
f 1832/2922/2725 1876/2958/2725 1827/2919/2725
f 1847/2934/2726 1824/2972/2726 1866/2948/2726
f 1846/2977/2727 1859/2943/2727 1825/2975/2727
f 1829/2990/2728 1857/2992/2728 1873/3009/2728
f 1831/2921/2729 1879/3006/2729 1877/2959/2729
f 1830/3008/2730 1872/3010/2730 1843/2931/2730
f 1861/2946/2731 1835/2978/2731 1870/2979/2731
f 1870/2965/2732 1835/2969/2732 1838/2927/2732
f 1834/2924/2733 1855/2941/2733 1839/2968/2733
f 1851/2983/2734 1853/3011/2734 1837/3012/2734
f 1864/2967/2735 1871/2966/2735 1841/2929/2735
f 1855/2941/2736 1882/2962/2736 1839/2968/2736
f 1881/2961/2737 1865/3013/2737 1840/2928/2737
f 1850/2936/2738 1844/2932/2738 1880/3014/2738
f 1844/3015/2739 1874/2956/2739 1880/3016/2739
f 1812/3017/2740 1845/2988/2740 1880/3016/2740
f 1881/2961/2741 1848/2974/2741 1865/3013/2741
f 1812/3017/2742 1856/2944/2742 1845/2988/2742
f 1850/2936/2743 1880/3014/2743 1854/2985/2743
f 1856/2944/2744 1812/3017/2744 1874/2956/2744
f 1874/2956/2745 1812/3017/2745 1880/3016/2745
f 1886/3018/2746 1883/3019/2746 1885/3020/2746
f 1889/3021/2747 1891/3022/2747 1888/3023/2747
f 1893/3024/2748 1895/3025/2748 1892/3026/2748
f 1899/3027/2749 1896/3028/2749 1898/3029/2749
f 1901/3030/2750 1903/3031/2750 1904/3032/2750
f 1906/3033/2751 1908/3034/2751 1905/3035/2751
f 1909/3036/2752 1910/3037/2752 1911/3038/2752
f 1914/3039/2753 1915/3040/2753 1916/3041/2753
f 1917/3042/2754 1919/3043/2754 1920/3044/2754
f 1924/3045/2755 1921/3046/2755 1923/3047/2755
f 1927/3048/2756 1929/3049/2756 1926/3050/2756
f 1931/3051/2757 1933/3052/2757 1930/3053/2757
f 1937/3054/2758 1939/3055/2758 1936/3056/2758
f 1942/3057/2759 1943/3058/2759 1944/3059/2759
f 1946/3060/2760 1948/3061/2760 1945/3062/2760
f 1950/3063/2761 1952/3064/2761 1949/3065/2761
f 1953/3066/2762 1955/3067/2762 1956/3068/2762
f 1909/3036/2763 1913/3069/2763 1912/3070/2763
f 1910/3037/2764 1887/3071/2764 1911/3038/2764
f 1886/3018/2765 1913/3072/2765 1887/3073/2765
f 1884/3074/2766 1946/3075/2766 1945/3076/2766
f 1948/3061/2767 1904/3077/2767 1945/3062/2767
f 1903/3031/2768 1884/3078/2768 1904/3032/2768
f 1902/3079/2769 1933/3052/2769 1903/3031/2769
f 1886/3018/2770 1933/3052/2770 1932/3080/2770
f 1915/3081/2771 1950/3082/2771 1949/3083/2771
f 1905/3035/2772 1949/3065/2772 1952/3064/2772
f 1907/3084/2773 1915/3040/2773 1908/3034/2773
f 1906/3033/2774 1956/3068/2774 1907/3084/2774
f 1955/3067/2775 1916/3041/2775 1956/3068/2775
f 1936/3056/2776 1920/3085/2776 1937/3054/2776
f 1909/3036/2777 1937/3086/2777 1910/3037/2777
f 1947/3087/2778 1920/3044/2778 1919/3043/2778
f 1954/3088/2779 1938/3089/2779 1955/3090/2779
f 1948/3091/2780 1889/3092/2780 1888/3091/2780
f 1891/3093/2781 1901/3094/2781 1888/3095/2781
f 1890/3096/2782 1930/3053/2782 1891/3097/2782
f 1889/3098/2783 1900/3099/2783 1890/3100/2783
f 1921/3101/2784 1900/3099/2784 1899/3027/2784
f 1932/3080/2785 1925/3102/2785 1924/3045/2785
f 1923/3047/2786 1950/3082/2786 1924/3045/2786
f 1892/3026/2787 1923/3103/2787 1922/3104/2787
f 1894/3105/2788 1951/3106/2788 1895/3025/2788
f 1906/3033/2789 1894/3105/2789 1893/3024/2789
f 1892/3026/2790 1929/3107/2790 1893/3024/2790
f 1928/3108/2791 1944/3109/2791 1929/3107/2791
f 1943/3058/2792 1953/3110/2792 1944/3059/2792
f 1936/3056/2793 1943/3058/2793 1942/3057/2793
f 1918/3111/2794 1942/3057/2794 1941/3112/2794
f 1940/3113/2795 1897/3114/2795 1941/3115/2795
f 1896/3116/2796 1918/3117/2796 1897/3118/2796
f 1922/3119/2797 1934/3120/2797 1935/3121/2797
f 1899/3027/2798 1928/3122/2798 1927/3048/2798
f 1935/3121/2799 1927/3048/2799 1926/3050/2799
f 1910/3037/2800 1946/3075/2800 1883/3123/2800
f 1913/3072/2801 1911/3124/2801 1887/3073/2801
f 1945/3076/2802 1904/3125/2802 1884/3074/2802
f 1903/3031/2803 1933/3052/2803 1885/3020/2803
f 1932/3080/2804 1950/3082/2804 1886/3018/2804
f 1950/3082/2805 1914/3126/2805 1886/3018/2805
f 1896/3116/2806 1889/3127/2806 1919/3043/2806
f 1919/3043/2807 1889/3127/2807 1947/3087/2807
f 1888/3128/2808 1901/3128/2808 1948/3128/2808
f 1891/3097/2809 1930/3053/2809 1902/3079/2809
f 1890/3100/2810 1900/3099/2810 1931/3129/2810
f 1935/3130/2811 1892/3026/2811 1922/3104/2811
f 1923/3047/2812 1895/3131/2812 1951/3132/2812
f 1894/3105/2813 1905/3035/2813 1952/3064/2813
f 1893/3024/2814 1953/3066/2814 1906/3033/2814
f 1893/3024/2815 1929/3107/2815 1953/3066/2815
f 1935/3121/2816 1926/3050/2816 1892/3133/2816
f 1900/3099/2817 1925/3134/2817 1931/3129/2817
f 1940/3113/2818 1928/3122/2818 1898/3029/2818
f 1941/3112/2819 1897/3135/2819 1918/3111/2819
f 1934/3120/2820 1921/3101/2820 1899/3027/2820
f 1927/3048/2821 1934/3120/2821 1899/3027/2821
f 1949/3065/2822 1908/3034/2822 1915/3040/2822
f 1907/3084/2823 1956/3068/2823 1916/3041/2823
f 1955/3136/2824 1909/3036/2824 1912/3070/2824
f 1955/3136/2825 1938/3137/2825 1909/3036/2825
f 1920/3044/2826 1946/3060/2826 1910/3138/2826
f 1937/3086/2827 1920/3139/2827 1910/3037/2827
f 1942/3057/2828 1917/3140/2828 1936/3056/2828
f 1924/3045/2829 1950/3082/2829 1932/3080/2829
f 1929/3107/2830 1944/3109/2830 1953/3066/2830
f 1943/3058/2831 1939/3055/2831 1954/3088/2831
f 1958/3141/2832 1959/3142/2832 1960/3143/2832
f 1963/3144/2833 1964/3141/2833 1965/3145/2833
f 1968/3146/2834 1969/3147/2834 1970/3148/2834
f 1971/3149/2835 1973/3150/2835 1974/3151/2835
f 1975/3152/2836 1976/3153/2836 1977/3154/2836
f 1980/3155/2837 1981/3156/2837 1982/3157/2837
f 1983/3158/2838 1985/3159/2838 1986/3160/2838
f 1987/3161/2839 1988/3162/2839 1989/3163/2839
f 1990/3164/2840 1991/3165/2840 1992/3166/2840
f 1994/3167/2841 1996/3168/2841 1993/3169/2841
f 1999/3170/2842 2000/3171/2842 2001/3172/2842
f 2003/3173/2843 2005/3174/2843 2002/3175/2843
f 2006/3176/2844 2008/3177/2844 2009/3178/2844
f 2011/3179/2845 2012/3180/2845 2013/3181/2845
f 2017/3182/2846 2018/3183/2846 2019/3184/2846
f 2016/3185/2847 1982/3186/2847 2015/3187/2847
f 1981/3156/2848 1974/3151/2848 1982/3157/2848
f 1972/3188/2849 1967/3189/2849 1966/3190/2849
f 2006/3176/2850 1966/3190/2850 1970/3148/2850
f 2008/3177/2851 1972/3188/2851 2009/3178/2851
f 2007/3191/2852 1979/3192/2852 2008/3177/2852
f 1978/3193/2853 2001/3172/2853 1979/3194/2853
f 1974/3195/2854 2001/3172/2854 2000/3171/2854
f 1986/3196/2855 2015/3187/2855 1983/3197/2855
f 1984/3198/2856 2018/3183/2856 2017/3182/2856
f 1990/3164/2857 2000/3171/2857 1999/3170/2857
f 1991/3165/2858 2018/3183/2858 1992/3166/2858
f 2002/3199/2859 1991/3165/2859 1990/3164/2859
f 2004/3200/2860 2019/3184/2860 2005/3201/2860
f 1985/3159/2861 2004/3202/2861 2003/3173/2861
f 1975/3152/2862 1994/3167/2862 1993/3169/2862
f 1975/3152/2863 1967/3203/2863 1976/3153/2863
f 1977/3154/2864 1981/3204/2864 1980/3205/2864
f 1961/3206/2865 1969/3207/2865 1962/3208/2865
f 1993/3169/2866 1969/3209/2866 1968/3210/2866
f 2007/3211/2867 1961/3206/2867 1965/3145/2867
f 1964/3141/2868 1998/3212/2868 1965/3145/2868
f 2002/3175/2869 2014/3213/2869 2003/3173/2869
f 2013/3214/2870 1985/3159/2870 2014/3213/2870
f 2012/3180/2871 1994/3167/2871 2013/3181/2871
f 1997/3141/2872 1960/3143/2872 1998/3212/2872
f 2011/3215/2873 1960/3143/2873 1959/3142/2873
f 1987/3161/2874 2012/3216/2874 2011/3215/2874
f 1988/3162/2875 1995/3217/2875 1989/3163/2875
f 1963/3144/2876 1988/3162/2876 1987/3161/2876
f 1958/3141/2877 1963/3144/2877 1959/3142/2877
f 1958/3218/1365 1997/3218/1365 1964/3218/1365
f 1998/3212/2878 1960/3143/2878 1990/3219/2878
f 1960/3143/2879 2002/3220/2879 1990/3219/2879
f 1960/3143/2880 2010/3221/2880 2002/3220/2880
f 1959/3142/2881 1987/3161/2881 2011/3215/2881
f 1987/3161/2882 1959/3142/2882 1963/3144/2882
f 1988/3162/2883 1962/3208/2883 1996/3222/2883
f 1996/3222/2884 1962/3208/2884 1969/3207/2884
f 1961/3206/2885 2006/3223/2885 1970/3224/2885
f 1965/3145/2886 1978/3225/2886 2007/3211/2886
f 1965/3145/2887 1998/3212/2887 1978/3225/2887
f 1976/3226/2888 1967/3189/2888 1981/3156/2888
f 1981/3156/2889 1967/3189/2889 1971/3149/2889
f 1966/3190/2890 2009/3178/2890 1972/3188/2890
f 1975/3152/2891 1993/3169/2891 1968/3210/2891
f 2015/3227/2892 1982/3228/2892 1974/3195/2892
f 2018/3183/2893 2015/3227/2893 1974/3195/2893
f 2008/3229/2894 1979/3194/2894 1973/3230/2894
f 1979/3194/2895 2001/3172/2895 1973/3230/2895
f 2000/3171/2896 2018/3183/2896 1974/3195/2896
f 1994/3167/2897 1977/3154/2897 2016/3231/2897
f 1977/3154/2898 1957/3232/2898 2016/3231/2898
f 1957/3232/2899 1977/3154/2899 1980/3205/2899
f 1998/3212/2900 1999/3233/2900 1978/3225/2900
f 1957/3234/2901 1980/3235/2901 2016/3185/2901
f 1986/3236/2902 1994/3167/2902 2016/3231/2902
f 2013/3181/2903 1994/3167/2903 1986/3236/2903
f 1983/3237/2904 2015/3227/2904 2018/3183/2904
f 2004/3202/2905 1984/3238/2905 2017/3239/2905
f 2003/3173/2906 2014/3213/2906 1985/3159/2906
f 2012/3216/2907 1989/3163/2907 1995/3217/2907
f 1998/3212/2908 1990/3219/2908 1999/3233/2908
f 2000/3171/2909 1992/3166/2909 2018/3183/2909
f 1991/3165/2910 2005/3201/2910 2019/3184/2910
f 2022/3240/2911 2024/3241/2911 2021/3242/2911
f 2025/3243/2912 2026/3244/2912 2027/3245/2912
f 2029/3246/2913 2031/3247/2913 2028/3248/2913
f 2035/3249/2914 2037/3250/2914 2034/3251/2914
f 2038/3252/2915 2039/3253/2915 2040/3254/2915
f 2041/3255/2916 2042/3256/2916 2043/3257/2916
f 2045/3258/2917 2047/3259/2917 2044/3260/2917
f 2049/3261/2918 2051/3262/2918 2048/3263/2918
f 2052/3264/2919 2053/3265/2919 2054/3266/2919
f 2058/3267/2920 2055/3268/2920 2057/3269/2920
f 2061/3270/2921 2063/3271/2921 2060/3272/2921
f 2065/3273/2922 2067/3274/2922 2064/3275/2922
f 2068/3276/2923 2069/3277/2923 2070/3278/2923
f 2072/3279/2924 2074/3280/2924 2071/3281/2924
f 2077/3282/2925 2078/3283/2925 2079/3284/2925
f 2080/3285/2926 2081/3286/2926 2082/3287/2926
f 2033/3288/2927 2067/3274/2927 2032/3289/2927
f 2021/3242/2928 2067/3290/2928 2066/3291/2928
f 2082/3287/2929 2064/3275/2929 2080/3285/2929
f 2066/3292/2930 2039/3293/2930 2038/3294/2930
f 2040/3254/2931 2021/3242/2931 2038/3252/2931
f 2023/3295/2932 2027/3245/2932 2024/3241/2932
f 2023/3295/2933 2029/3246/2933 2028/3248/2933
f 2026/3244/2934 2028/3248/2934 2031/3247/2934
f 2060/3272/2935 2074/3296/2935 2061/3270/2935
f 2032/3297/2936 2061/3270/2936 2033/3298/2936
f 2073/3299/2937 2047/3259/2937 2074/3280/2937
f 2081/3286/2938 2047/3300/2938 2046/3301/2938
f 2052/3264/2939 2046/3301/2939 2045/3302/2939
f 2053/3265/2940 2081/3286/2940 2054/3266/2940
f 2048/3263/2941 2053/3303/2941 2052/3304/2941
f 2050/3305/2942 2079/3284/2942 2051/3262/2942
f 2040/3306/2943 2079/3284/2943 2078/3283/2943
f 2030/3307/2944 2078/3308/2944 2077/3309/2944
f 2063/3271/2945 2035/3249/2945 2034/3251/2945
f 2036/3310/2946 2027/3311/2946 2026/3312/2946
f 2037/3313/2947 2031/3314/2947 2030/3307/2947
f 2037/3313/2948 2059/3315/2948 2034/3316/2948
f 2060/3272/2949 2059/3317/2949 2058/3318/2949
f 2057/3269/2950 2071/3281/2950 2058/3267/2950
f 2073/3299/2951 2069/3277/2951 2068/3276/2951
f 2070/3278/2952 2044/3260/2952 2068/3276/2952
f 2069/3277/2953 2048/3319/2953 2070/3278/2953
f 2050/3305/2954 2042/3320/2954 2041/3321/2954
f 2043/3322/2955 2075/3323/2955 2041/3321/2955
f 2042/3256/2956 2056/3324/2956 2043/3257/2956
f 2077/3309/2957 2056/3325/2957 2055/3326/2957
f 2027/3311/2958 2032/3297/2958 2024/3327/2958
f 2028/3248/2959 2025/3243/2959 2023/3295/2959
f 2024/3327/2960 2032/3297/2960 2067/3328/2960
f 2038/3252/2961 2021/3242/2961 2066/3291/2961
f 2040/3254/2962 2029/3246/2962 2022/3240/2962
f 2027/3311/2963 2062/3329/2963 2032/3297/2963
f 2035/3249/2964 2062/3329/2964 2027/3311/2964
f 2031/3247/2965 2036/3330/2965 2026/3244/2965
f 2078/3331/2966 2029/3246/2966 2040/3254/2966
f 2077/3309/2967 2037/3313/2967 2030/3307/2967
f 2033/3288/2968 2020/3332/2968 2064/3275/2968
f 2074/3333/2969 2047/3300/2969 2033/3288/2969
f 2061/3270/2970 2074/3296/2970 2033/3298/2970
f 2047/3300/2971 2020/3332/2971 2033/3288/2971
f 2034/3251/2972 2059/3317/2972 2063/3271/2972
f 2055/3326/2973 2037/3313/2973 2077/3309/2973
f 2053/3303/2974 2039/3334/2974 2082/3335/2974
f 2082/3287/2975 2039/3293/2975 2065/3273/2975
f 2053/3303/2976 2051/3262/2976 2039/3334/2976
f 2051/3262/2977 2079/3284/2977 2039/3334/2977
f 2042/3256/2978 2069/3277/2978 2057/3269/2978
f 2069/3277/2979 2042/3256/2979 2049/3336/2979
f 2041/3321/2980 2075/3323/2980 2050/3305/2980
f 2043/3337/2981 2056/3325/2981 2076/3338/2981
f 2068/3276/2982 2044/3260/2982 2073/3299/2982
f 2047/3300/2983 2080/3285/2983 2020/3332/2983
f 2046/3301/2984 2054/3266/2984 2081/3286/2984
f 2070/3278/2985 2052/3339/2985 2045/3258/2985
f 2070/3278/2986 2048/3319/2986 2052/3339/2986
f 2058/3267/2987 2071/3281/2987 2060/3340/2987
f 2057/3269/2988 2069/3277/2988 2072/3279/2988
f 2020/3332/2989 2080/3285/2989 2064/3275/2989
f 2084/3341/2990 2086/3342/2990 2087/3343/2990
f 2088/3344/2991 2089/3345/2991 2090/3346/2991
f 2091/3347/2992 2092/3348/2992 2093/3349/2992
f 2095/3350/2993 2096/3351/2993 2097/3352/2993
f 2099/3353/2994 2100/3354/2994 2101/3355/2994
f 2104/3356/2995 2106/3357/2995 2107/3358/2995
f 2109/3359/2996 2111/3360/2996 2108/3361/2996
f 2113/3362/2997 2115/3363/2997 2116/3364/2997
f 2119/3365/2998 2121/3366/2998 2122/3367/2998
f 2124/3368/2999 2126/3369/2999 2123/3370/2999
f 2129/3371/3000 2130/3372/3000 2131/3373/3000
f 2132/3374/3001 2133/3375/3001 2134/3376/3001
f 2137/3377/3002 2139/3378/3002 2140/3379/3002
f 2142/3380/3003 2144/3381/3003 2141/3382/3003
f 2145/3383/3004 2147/3384/3004 2148/3385/3004
f 2149/3386/3005 2151/3387/3005 2152/3388/3005
f 2122/3367/3006 2126/3389/3006 2119/3365/3006
f 2125/3390/3007 2111/3360/3007 2126/3369/3007
f 2109/3359/3008 2102/3391/3008 2103/3392/3008
f 2134/3393/3009 2109/3359/3009 2132/3394/3009
f 2088/3395/3010 2110/3396/3010 2089/3397/3010
f 2120/3398/3011 2088/3344/3011 2090/3346/3011
f 2099/3353/3012 2122/3367/3012 2121/3366/3012
f 2084/3399/3013 2123/3400/3013 2085/3401/3013
f 2112/3402/3014 2090/3346/3014 2089/3345/3014
f 2115/3363/3015 2120/3398/3015 2116/3364/3015
f 2087/3343/3016 2152/3388/3016 2084/3341/3016
f 2125/3403/3017 2152/3388/3017 2151/3387/3017
f 2103/3392/3018 2151/3404/3018 2150/3405/3018
f 2133/3406/3019 2112/3402/3019 2134/3407/3019
f 2149/3386/3020 2107/3408/3020 2150/3409/3020
f 2127/3410/3021 2107/3358/3021 2106/3357/3021
f 2133/3375/3022 2131/3373/3022 2130/3372/3022
f 2114/3411/3023 2130/3412/3023 2129/3413/3023
f 2136/3414/3024 2085/3415/3024 2135/3416/3024
f 2100/3417/3025 2135/3416/3025 2101/3418/3025
f 2140/3379/3026 2099/3419/3026 2137/3377/3026
f 2117/3420/3027 2098/3421/3027 2118/3422/3027
f 2087/3343/3028 2098/3423/3028 2097/3424/3028
f 2145/3425/3029 2114/3411/3029 2146/3426/3029
f 2138/3427/3030 2145/3425/3030 2148/3428/3030
f 2096/3429/3031 2104/3430/3031 2097/3424/3031
f 2141/3382/3032 2127/3410/3032 2142/3380/3032
f 2105/3431/3033 2142/3380/3033 2106/3357/3033
f 2144/3432/3034 2096/3351/3034 2095/3350/3034
f 2091/3347/3035 2141/3433/3035 2144/3432/3035
f 2148/3385/3036 2093/3349/3036 2092/3348/3036
f 2146/3434/3037 2128/3435/3037 2147/3436/3037
f 2139/3378/3038 2094/3437/3038 2140/3379/3038
f 2091/3347/3039 2138/3438/3039 2092/3348/3039
f 2135/3439/3040 2085/3401/3040 2101/3355/3040
f 2101/3355/3041 2085/3401/3041 2122/3367/3041
f 2085/3401/3042 2123/3400/3042 2122/3367/3042
f 2084/3341/3043 2152/3388/3043 2124/3440/3043
f 2136/3414/3044 2118/3422/3044 2086/3441/3044
f 2118/3442/3045 2098/3423/3045 2086/3342/3045
f 2097/3424/3046 2149/3386/3046 2087/3343/3046
f 2112/3402/3047 2089/3345/3047 2134/3407/3047
f 2134/3393/3048 2089/3397/3048 2110/3396/3048
f 2088/3395/3049 2119/3443/3049 2111/3360/3049
f 2090/3346/3050 2116/3364/3050 2120/3398/3050
f 2091/3347/3051 2144/3432/3051 2139/3378/3051
f 2141/3382/3052 2093/3444/3052 2128/3435/3052
f 2093/3349/3053 2147/3384/3053 2128/3445/3053
f 2148/3385/3054 2092/3348/3054 2138/3438/3054
f 2094/3437/3055 2117/3420/3055 2136/3414/3055
f 2097/3424/3056 2104/3430/3056 2149/3386/3056
f 2096/3429/3057 2143/3446/3057 2105/3447/3057
f 2144/3432/3058 2095/3350/3058 2139/3378/3058
f 2140/3379/3059 2094/3437/3059 2136/3414/3059
f 2140/3379/3060 2136/3414/3060 2100/3417/3060
f 2115/3363/3061 2099/3448/3061 2121/3449/3061
f 2115/3363/3062 2137/3450/3062 2099/3448/3062
f 2151/3404/3063 2102/3391/3063 2125/3390/3063
f 2125/3390/3064 2102/3391/3064 2108/3361/3064
f 2103/3392/3065 2132/3394/3065 2109/3359/3065
f 2150/3451/3066 2132/3374/3066 2103/3452/3066
f 2150/3451/3067 2107/3358/3067 2132/3374/3067
f 2107/3358/3068 2131/3373/3068 2132/3374/3068
f 2142/3380/3069 2127/3410/3069 2106/3357/3069
f 2119/3443/3070 2126/3369/3070 2111/3360/3070
f 2130/3412/3071 2113/3362/3071 2133/3406/3071
f 2129/3413/3072 2083/3453/3072 2114/3411/3072
f 2083/3453/3073 2146/3426/3073 2114/3411/3073
f 2145/3425/3074 2137/3450/3074 2115/3363/3074
f 2146/3426/3075 2083/3453/3075 2129/3413/3075
f 2156/3454/3076 2157/3455/3076 2158/3456/3076
f 2160/3457/3077 2162/3458/3077 2159/3459/3077
f 2163/3460/3078 2164/3461/3078 2165/3462/3078
f 2167/3463/3079 2169/3464/3079 2166/3465/3079
f 2171/3466/3080 2173/3467/3080 2170/3468/3080
f 2175/3469/3081 2177/3470/3081 2174/3471/3081
f 2179/3472/3082 2181/3473/3082 2178/3474/3082
f 2182/3475/3083 2184/3476/3083 2185/3477/3083
f 2188/3478/3084 2190/3479/3084 2191/3480/3084
f 2192/3481/3085 2194/3482/3085 2195/3483/3085
f 2196/3484/3086 2197/3485/3086 2198/3486/3086
f 2199/3487/3087 2200/3488/3087 2201/3489/3087
f 2203/3490/3088 2205/3491/3088 2202/3492/3088
f 2206/3493/3089 2208/3494/3089 2209/3495/3089
f 2211/3496/3090 2213/3497/3090 2210/3498/3090
f 2159/3459/3091 2165/3462/3091 2160/3457/3091
f 2164/3499/3092 2158/3456/3092 2165/3500/3092
f 2188/3478/3093 2159/3459/3093 2162/3458/3093
f 2190/3479/3094 2209/3495/3094 2191/3480/3094
f 2164/3461/3095 2209/3495/3095 2208/3494/3095
f 2198/3501/3096 2156/3454/3096 2196/3502/3096
f 2161/3503/3097 2193/3504/3097 2192/3481/3097
f 2157/3455/3098 2193/3504/3098 2158/3456/3098
f 2166/3465/3099 2192/3505/3099 2195/3506/3099
f 2202/3492/3100 2169/3464/3100 2168/3507/3100
f 2204/3508/3101 2161/3509/3101 2205/3491/3101
f 2170/3468/3102 2210/3510/3102 2213/3511/3102
f 2189/3512/3103 2210/3498/3103 2190/3513/3103
f 2207/3514/3104 2173/3515/3104 2172/3516/3104
f 2189/3512/3105 2204/3517/3105 2203/3518/3105
f 2186/3519/3106 2172/3520/3106 2171/3466/3106
f 2186/3521/3107 2207/3514/3107 2187/3522/3107
f 2197/3485/3108 2171/3466/3108 2170/3468/3108
f 2174/3523/3109 2213/3511/3109 2212/3524/3109
f 2198/3486/3110 2177/3525/3110 2176/3526/3110
f 2178/3474/3111 2176/3527/3111 2175/3469/3111
f 2195/3483/3112 2181/3528/3112 2180/3529/3112
f 2179/3472/3113 2166/3530/3113 2180/3531/3113
f 2178/3474/3114 2185/3477/3114 2179/3472/3114
f 2168/3532/3115 2185/3477/3115 2184/3476/3115
f 2203/3518/3116 2184/3533/3116 2183/3534/3116
f 2199/3487/3117 2183/3535/3117 2182/3475/3117
f 2200/3536/3118 2211/3496/3118 2201/3537/3118
f 2199/3487/3119 2174/3471/3119 2200/3488/3119
f 2193/3504/3120 2160/3538/3120 2158/3456/3120
f 2158/3456/3121 2160/3538/3121 2165/3500/3121
f 2196/3502/3122 2156/3454/3122 2164/3499/3122
f 2198/3501/3123 2194/3482/3123 2157/3455/3123
f 2159/3459/3124 2191/3480/3124 2163/3460/3124
f 2192/3505/3125 2169/3464/3125 2161/3509/3125
f 2155/3539/3126 2188/3478/3126 2162/3458/3126
f 2169/3464/3127 2205/3491/3127 2161/3509/3127
f 2204/3508/3128 2155/3540/3128 2162/3541/3128
f 2191/3480/3129 2209/3495/3129 2163/3460/3129
f 2208/3494/3130 2196/3542/3130 2164/3461/3130
f 2180/3543/3131 2166/3465/3131 2195/3506/3131
f 2179/3472/3132 2185/3477/3132 2167/3544/3132
f 2184/3545/3133 2202/3492/3133 2168/3507/3133
f 2170/3468/3134 2213/3511/3134 2197/3485/3134
f 2210/3498/3135 2173/3546/3135 2190/3513/3135
f 2173/3546/3136 2206/3547/3136 2190/3513/3136
f 2172/3516/3137 2187/3522/3137 2207/3514/3137
f 2154/3548/3138 2186/3519/3138 2171/3466/3138
f 2154/3548/3139 2171/3466/3139 2196/3484/3139
f 2200/3488/3140 2174/3471/3140 2212/3549/3140
f 2213/3511/3141 2177/3525/3141 2197/3485/3141
f 2176/3550/3142 2181/3528/3142 2198/3501/3142
f 2199/3487/3143 2178/3474/3143 2175/3469/3143
f 2181/3528/3144 2194/3482/3144 2198/3501/3144
f 2199/3487/3145 2182/3475/3145 2178/3474/3145
f 2183/3534/3146 2201/3537/3146 2203/3518/3146
f 2186/3521/3147 2153/3551/3147 2208/3494/3147
f 2153/3551/3148 2186/3521/3148 2196/3542/3148
f 2186/3519/3149 2154/3548/3149 2196/3484/3149
f 2155/3539/3150 2204/3552/3150 2188/3478/3150
f 2203/3518/3151 2211/3496/3151 2189/3512/3151
f 2153/3551/3152 2196/3542/3152 2208/3494/3152
f 2201/3537/3153 2211/3496/3153 2203/3518/3153
f 2214/3553/3154 2216/3554/3154 2217/3555/3154
f 2218/3556/3155 2220/3557/3155 2221/3558/3155
f 2224/3559/3156 2225/3560/3156 2226/3561/3156
f 2227/3562/3157 2228/3563/3157 2229/3564/3157
f 2230/3565/3158 2231/3566/3158 2232/3567/3158
f 2233/3568/3159 2235/3569/3159 2236/3570/3159
f 2238/3571/3160 2240/3572/3160 2237/3573/3160
f 2241/3574/3161 2242/3575/3161 2243/3576/3161
f 2247/3577/3162 2244/3578/3162 2246/3579/3162
f 2250/3580/3163 2252/3581/3163 2253/3582/3163
f 2256/3583/3164 2257/3584/3164 2258/3585/3164
f 2260/3586/3165 2262/3587/3165 2259/3588/3165
f 2263/3589/3166 2265/3590/3166 2266/3591/3166
f 2270/3592/3167 2271/3593/3167 2267/3594/3167
f 2274/3595/3168 2276/3596/3168 2273/3597/3168
f 2279/3598/3169 2280/3599/3169 2281/3600/3169
f 2284/3601/3170 2286/3602/3170 2283/3603/3170
f 2289/3604/3171 2290/3605/3171 2291/3606/3171
f 2293/3607/3172 2295/3608/3172 2292/3609/3172
f 2267/3594/3173 2253/3610/3173 2268/3611/3173
f 2227/3612/3174 2232/3567/3174 2228/3613/3174
f 2269/3614/3175 2232/3567/3175 2231/3566/3175
f 2283/3603/3176 2231/3566/3176 2230/3565/3176
f 2270/3592/3177 2286/3602/3177 2285/3615/3177
f 2284/3616/3178 2217/3555/3178 2285/3617/3178
f 2271/3593/3179 2217/3618/3179 2216/3619/3179
f 2215/3620/3180 2221/3558/3180 2216/3621/3180
f 2272/3622/3181 2221/3558/3181 2220/3557/3181
f 2219/3623/3182 2282/3624/3182 2220/3557/3182
f 2281/3600/3183 2272/3622/3183 2282/3624/3183
f 2280/3625/3184 2249/3626/3184 2281/3627/3184
f 2259/3588/3185 2280/3625/3185 2279/3628/3185
f 2251/3629/3186 2262/3587/3186 2261/3630/3186
f 2292/3609/3187 2261/3630/3187 2260/3586/3187
f 2294/3631/3188 2251/3629/3188 2295/3608/3188
f 2293/3607/3189 2226/3632/3189 2294/3631/3189
f 2225/3560/3190 2252/3633/3190 2226/3561/3190
f 2273/3634/3191 2245/3635/3191 2244/3578/3191
f 2275/3636/3192 2229/3564/3192 2276/3637/3192
f 2228/3563/3193 2245/3635/3193 2229/3564/3193
f 2247/3577/3194 2225/3560/3194 2224/3559/3194
f 2274/3595/3195 2283/3638/3195 2275/3639/3195
f 2219/3623/3196 2255/3640/3196 2254/3641/3196
f 2214/3553/3197 2255/3642/3197 2215/3643/3197
f 2273/3597/3198 2243/3576/3198 2274/3595/3198
f 2257/3584/3199 2243/3576/3199 2242/3575/3199
f 2278/3644/3200 2254/3641/3200 2258/3645/3200
f 2279/3598/3201 2264/3646/3201 2263/3647/3201
f 2266/3648/3202 2259/3588/3202 2263/3649/3202
f 2287/3650/3203 2293/3607/3203 2292/3609/3203
f 2265/3590/3204 2287/3651/3204 2266/3591/3204
f 2290/3605/3205 2247/3577/3205 2291/3606/3205
f 2237/3573/3206 2244/3578/3206 2248/3652/3206
f 2238/3571/3207 2290/3605/3207 2289/3604/3207
f 2242/3575/3208 2240/3653/3208 2239/3654/3208
f 2233/3568/3209 2264/3655/3209 2234/3656/3209
f 2257/3657/3210 2234/3656/3210 2258/3658/3210
f 2236/3570/3211 2239/3659/3211 2238/3660/3211
f 2236/3570/3212 2223/3661/3212 2233/3568/3212
f 2222/3662/3213 2288/3663/3213 2223/3661/3213
f 2274/3595/3214 2214/3553/3214 2284/3616/3214
f 2285/3615/3215 2217/3618/3215 2270/3592/3215
f 2216/3621/3216 2221/3558/3216 2271/3664/3216
f 2274/3595/3217 2243/3576/3217 2214/3553/3217
f 2255/3642/3218 2218/3665/3218 2215/3643/3218
f 2243/3576/3219 2256/3583/3219 2214/3553/3219
f 2220/3557/3220 2282/3624/3220 2272/3622/3220
f 2254/3641/3221 2277/3666/3221 2219/3623/3221
f 2222/3662/3222 2236/3570/3222 2238/3660/3222
f 2233/3568/3223 2223/3661/3223 2265/3590/3223
f 2223/3661/3224 2288/3663/3224 2265/3590/3224
f 2222/3662/3225 2238/3660/3225 2289/3667/3225
f 2291/3606/3226 2224/3559/3226 2293/3668/3226
f 2294/3631/3227 2226/3632/3227 2252/3581/3227
f 2225/3560/3228 2228/3563/3228 2253/3669/3228
f 2225/3560/3229 2246/3579/3229 2228/3563/3229
f 2291/3606/3230 2247/3577/3230 2224/3559/3230
f 2253/3610/3231 2228/3613/3231 2268/3611/3231
f 2228/3613/3232 2232/3567/3232 2268/3611/3232
f 2275/3639/3233 2230/3670/3233 2227/3671/3233
f 2245/3635/3234 2276/3637/3234 2229/3564/3234
f 2231/3566/3235 2286/3602/3235 2269/3614/3235
f 2275/3639/3236 2283/3638/3236 2230/3670/3236
f 2234/3656/3237 2264/3655/3237 2258/3658/3237
f 2242/3575/3238 2235/3672/3238 2257/3584/3238
f 2239/3654/3239 2235/3672/3239 2242/3575/3239
f 2240/3653/3240 2241/3574/3240 2273/3597/3240
f 2240/3653/3241 2273/3597/3241 2244/3673/3241
f 2290/3605/3242 2237/3573/3242 2248/3652/3242
f 2281/3600/3243 2249/3674/3243 2267/3675/3243
f 2280/3625/3244 2262/3587/3244 2250/3580/3244
f 2261/3630/3245 2295/3608/3245 2251/3629/3245
f 2258/3658/3246 2264/3655/3246 2278/3676/3246
f 2263/3649/3247 2259/3588/3247 2279/3628/3247
f 2266/3648/3248 2292/3609/3248 2260/3586/3248
f 2266/3648/3249 2287/3650/3249 2292/3609/3249
f 2296/3677/3250 2298/3678/3250 2299/3679/3250
f 2301/3680/3251 2303/3681/3251 2300/3682/3251
f 2304/3683/3252 2306/3684/3252 2308/3685/3252
f 2313/3686/3253 2310/3687/3253 2312/3688/3253
f 2315/3689/3254 2316/3690/3254 2317/3691/3254
f 2319/3692/3255 2321/3693/3255 2318/3694/3255
f 2323/3695/3256 2325/3696/3256 2322/3697/3256
f 2326/3698/3257 2328/3699/3257 2329/3700/3257
f 2331/3701/3258 2333/3702/3258 2330/3703/3258
f 2334/3704/3259 2335/3705/3259 2336/3706/3259
f 2337/3707/3260 2338/3708/3260 2339/3709/3260
f 2340/3710/3261 2341/3711/3261 2342/3712/3261
f 2343/3713/3262 2344/3714/3262 2345/3715/3262
f 2349/3716/3263 2346/3717/3263 2348/3718/3263
f 2351/3719/3264 2352/3720/3264 2353/3721/3264
f 2355/3722/3265 2356/3723/3265 2357/3724/3265
f 2359/3725/3266 2360/3726/3266 2361/3727/3266
f 2362/3728/3267 2363/3729/3267 2364/3730/3267
f 2365/3731/3268 2366/3732/3268 2367/3733/3268
f 2369/3734/3269 2371/3735/3269 2368/3736/3269
f 2365/3731/3270 2314/3737/3270 2366/3732/3270
f 2313/3686/3271 2309/3738/3271 2314/3737/3271
f 2367/3733/3272 2309/3738/3272 2308/3739/3272
f 2368/3740/3273 2313/3686/3273 2312/3688/3273
f 2305/3741/3274 2371/3735/3274 2370/3742/3274
f 2351/3719/3275 2370/3742/3275 2369/3734/3275
f 2352/3720/3276 2305/3741/3276 2353/3721/3276
f 2351/3719/3277 2317/3743/3277 2352/3720/3277
f 2316/3744/3278 2299/3679/3278 2317/3745/3278
f 2307/3746/3279 2299/3679/3279 2298/3678/3279
f 2297/3747/3280 2358/3748/3280 2298/3678/3280
f 2308/3685/3281 2358/3748/3281 2357/3749/3281
f 2330/3703/3282 2367/3733/3282 2331/3701/3282
f 2311/3750/3283 2330/3703/3283 2333/3702/3283
f 2340/3710/3284 2333/3702/3284 2332/3751/3284
f 2362/3752/3285 2342/3712/3285 2341/3711/3285
f 2363/3753/3286 2311/3750/3286 2364/3754/3286
f 2339/3709/3287 2368/3736/3287 2337/3707/3287
f 2343/3755/3288 2339/3709/3288 2338/3708/3288
f 2326/3698/3289 2345/3715/3289 2344/3714/3289
f 2316/3690/3290 2329/3700/3290 2328/3699/3290
f 2300/3756/3291 2354/3757/3291 2301/3758/3291
f 2302/3759/3292 2297/3747/3292 2296/3677/3292
f 2327/3760/3293 2302/3761/3293 2328/3699/3293
f 2334/3704/3294 2347/3762/3294 2346/3717/3294
f 2357/3724/3295 2336/3706/3295 2335/3705/3295
f 2355/3722/3296 2347/3762/3296 2356/3723/3296
f 2332/3763/3297 2335/3705/3297 2334/3704/3297
f 2303/3764/3298 2348/3718/3298 2300/3756/3298
f 2321/3693/3299 2340/3765/3299 2318/3694/3299
f 2320/3697/3300 2325/3696/3300 2321/3693/3300
f 2363/3729/3301 2325/3696/3301 2324/3766/3301
f 2338/3767/3302 2324/3766/3302 2323/3695/3302
f 2322/3697/3303 2361/3768/3303 2323/3695/3303
f 2344/3714/3304 2361/3769/3304 2360/3770/3304
f 2359/3725/3305 2319/3771/3305 2360/3726/3305
f 2318/3772/3306 2350/3773/3306 2319/3774/3306
f 2327/3760/3307 2350/3775/3307 2349/3776/3307
f 2328/3699/3308 2296/3777/3308 2316/3690/3308
f 2317/3745/3309 2299/3679/3309 2306/3684/3309
f 2298/3678/3310 2358/3748/3310 2307/3746/3310
f 2328/3699/3311 2302/3761/3311 2296/3777/3311
f 2301/3778/3312 2354/3779/3312 2297/3747/3312
f 2300/3756/3313 2348/3718/3313 2355/3722/3313
f 2349/3776/3314 2303/3681/3314 2327/3760/3314
f 2313/3686/3315 2371/3780/3315 2304/3781/3315
f 2366/3732/3316 2314/3737/3316 2309/3738/3316
f 2370/3742/3317 2353/3721/3317 2305/3741/3317
f 2352/3782/3318 2317/3745/3318 2306/3684/3318
f 2357/3783/3319 2367/3733/3319 2308/3739/3319
f 2330/3703/3320 2310/3687/3320 2365/3731/3320
f 2333/3702/3321 2342/3712/3321 2311/3750/3321
f 2342/3712/3322 2364/3754/3322 2311/3750/3322
f 2363/3753/3323 2368/3740/3323 2312/3688/3323
f 2339/3709/3324 2315/3784/3324 2351/3719/3324
f 2339/3709/3325 2345/3785/3325 2315/3784/3325
f 2345/3715/3326 2329/3700/3326 2315/3689/3326
f 2318/3772/3327 2334/3704/3327 2346/3717/3327
f 2334/3704/3328 2318/3772/3328 2332/3763/3328
f 2318/3772/3329 2340/3786/3329 2332/3763/3329
f 2321/3693/3330 2362/3728/3330 2341/3787/3330
f 2321/3693/3331 2325/3696/3331 2362/3728/3331
f 2359/3788/3332 2322/3788/3332 2320/3788/3332
f 2360/3770/3333 2319/3789/3333 2326/3698/3333
f 2319/3789/3334 2350/3775/3334 2326/3698/3334
f 2324/3766/3335 2337/3790/3335 2363/3729/3335
f 2323/3695/3336 2343/3791/3336 2338/3767/3336
f 2323/3695/3337 2361/3768/3337 2343/3791/3337
f 2360/3770/3338 2326/3698/3338 2344/3714/3338
f 2335/3792/3339 2331/3701/3339 2357/3783/3339
f 2357/3783/3340 2331/3701/3340 2367/3733/3340
f 2347/3762/3341 2336/3706/3341 2356/3723/3341
f 2363/3729/3342 2337/3790/3342 2368/3793/3342
f 2339/3709/3343 2351/3719/3343 2369/3734/3343
f 2372/3794/3344 2374/3795/3344 2375/3796/3344
f 2377/3797/3345 2379/3798/3345 2380/3799/3345
f 2384/3800/3346 2381/3801/3346 2383/3802/3346
f 2388/3803/3347 2389/3804/3347 2390/3805/3347
f 2391/3806/3348 2392/3807/3348 2393/3808/3348
f 2394/3809/3349 2396/3810/3349 2397/3811/3349
f 2398/3812/3350 2399/3813/3350 2400/3814/3350
f 2402/3815/3351 2404/3816/3351 2401/3817/3351
f 2407/3818/3352 2409/3819/3352 2410/3820/3352
f 2411/3821/3353 2413/3822/3353 2414/3823/3353
f 2415/3824/3354 2416/3825/3354 2417/3826/3354
f 2418/3827/3355 2419/3828/3355 2420/3829/3355
f 2422/3830/3356 2424/3831/3356 2421/3832/3356
f 2426/3833/3357 2428/3834/3357 2425/3835/3357
f 2429/3836/3358 2430/3837/3358 2431/3838/3358
f 2432/3839/3359 2433/3840/3359 2434/3841/3359
f 2435/3842/3360 2436/3843/3360 2437/3844/3360
f 2372/3845/3361 2411/3821/3361 2414/3823/3361
f 2432/3839/3362 2375/3796/3362 2374/3795/3362
f 2386/3846/3363 2372/3847/3363 2387/3848/3363
f 2390/3805/3364 2410/3849/3364 2386/3846/3364
f 2409/3850/3365 2373/3851/3365 2410/3852/3365
f 2415/3824/3366 2411/3821/3366 2416/3825/3366
f 2408/3853/3367 2424/3831/3367 2409/3819/3367
f 2423/3854/3368 2432/3839/3368 2424/3855/3368
f 2381/3801/3369 2423/3856/3369 2422/3857/3369
f 2434/3841/3370 2385/3858/3370 2384/3859/3370
f 2383/3860/3371 2416/3825/3371 2384/3861/3371
f 2414/3862/3372 2436/3843/3372 2435/3842/3372
f 2412/3863/3373 2397/3811/3373 2413/3864/3373
f 2388/3803/3374 2435/3842/3374 2437/3844/3374
f 2418/3865/3375 2415/3824/3375 2417/3826/3375
f 2395/3866/3376 2420/3829/3376 2419/3828/3376
f 2376/3867/3377 2437/3844/3377 2436/3843/3377
f 2389/3804/3378 2380/3799/3378 2379/3798/3378
f 2405/3868/3379 2379/3869/3379 2378/3870/3379
f 2405/3871/3380 2389/3872/3380 2406/3873/3380
f 2398/3874/3381 2404/3816/3381 2399/3875/3381
f 2403/3876/3382 2407/3818/3382 2404/3816/3382
f 2422/3830/3383 2403/3876/3383 2402/3815/3383
f 2382/3877/3384 2429/3836/3384 2383/3802/3384
f 2425/3835/3385 2393/3878/3385 2426/3833/3385
f 2382/3877/3386 2393/3808/3386 2392/3807/3386
f 2427/3879/3387 2402/3815/3387 2401/3817/3387
f 2378/3870/3388 2400/3880/3388 2399/3881/3388
f 2376/3882/3389 2396/3810/3389 2377/3883/3389
f 2392/3884/3390 2419/3828/3390 2418/3827/3390
f 2428/3834/3391 2395/3866/3391 2425/3835/3391
f 2427/3885/3392 2400/3814/3392 2428/3834/3392
f 2414/3823/3393 2387/3886/3393 2372/3845/3393
f 2434/3887/3394 2411/3821/3394 2375/3888/3394
f 2386/3889/3395 2410/3852/3395 2373/3851/3395
f 2409/3850/3396 2432/3839/3396 2374/3795/3396
f 2376/3882/3397 2436/3890/3397 2397/3811/3397
f 2437/3844/3398 2380/3799/3398 2388/3803/3398
f 2379/3891/3399 2406/3873/3399 2389/3872/3399
f 2399/3881/3400 2405/3868/3400 2378/3870/3400
f 2400/3814/3401 2377/3883/3401 2396/3810/3401
f 2393/3808/3402 2381/3801/3402 2422/3857/3402
f 2423/3854/3403 2385/3858/3403 2433/3840/3403
f 2384/3861/3404 2416/3825/3404 2434/3887/3404
f 2383/3860/3405 2429/3892/3405 2417/3826/3405
f 2392/3807/3406 2430/3837/3406 2382/3877/3406
f 2435/3842/3407 2387/3848/3407 2414/3862/3407
f 2405/3893/3408 2407/3818/3408 2390/3894/3408
f 2391/3895/3409 2425/3835/3409 2395/3866/3409
f 2426/3896/3410 2393/3897/3410 2422/3830/3410
f 2430/3837/3411 2418/3898/3411 2431/3838/3411
f 2419/3828/3412 2391/3895/3412 2395/3866/3412
f 2428/3834/3413 2400/3814/3413 2396/3810/3413
f 2397/3811/3414 2436/3890/3414 2413/3864/3414
f 2420/3829/3415 2394/3809/3415 2412/3863/3415
f 2405/3893/3416 2399/3875/3416 2407/3818/3416
f 2399/3875/3417 2404/3816/3417 2407/3818/3417
f 2427/3885/3418 2401/3899/3418 2398/3812/3418
f 2403/3876/3419 2421/3832/3419 2408/3853/3419
f 2402/3815/3420 2426/3896/3420 2422/3830/3420
f 2409/3850/3421 2424/3855/3421 2432/3839/3421
f 2416/3825/3422 2411/3821/3422 2434/3887/3422
f 2415/3824/3423 2420/3900/3423 2412/3901/3423
f 2429/3836/3424 2418/3898/3424 2417/3902/3424
f 2440/3903/3425 2441/3904/3425 2442/3905/3425
f 2443/3906/3426 2444/3907/3426 2445/3908/3426
f 2446/3909/3427 2447/3910/3427 2448/3911/3427
f 2449/3912/3428 2450/3913/3428 2451/3914/3428
f 2456/3915/3429 2457/3916/3429 2458/3917/3429
f 2461/3918/3430 2462/3919/3430 2463/3920/3430
f 2464/3921/3431 2465/3922/3431 2466/3923/3431
f 2467/3924/3432 2468/3925/3432 2469/3926/3432
f 2470/3927/3433 2471/3928/3433 2472/3929/3433
f 2473/3930/3434 2475/3931/3434 2476/3932/3434
f 2478/3933/3435 2480/3934/3435 2477/3935/3435
f 2481/3936/3436 2482/3937/3436 2483/3938/3436
f 2484/3939/3437 2486/3940/3437 2487/3941/3437
f 2489/3942/3438 2491/3943/3438 2488/3944/3438
f 2492/3945/3439 2494/3946/3439 2495/3947/3439
f 2496/3948/3440 2497/3949/3440 2498/3950/3440
f 2500/3951/3441 2502/3952/3441 2499/3953/3441
f 2503/3954/3442 2504/3955/3442 2505/3956/3442
f 2464/3957/3443 2453/3958/3443 2465/3959/3443
f 2481/3936/3444 2449/3912/3444 2451/3914/3444
f 2482/3937/3445 2476/3932/3445 2483/3938/3445
f 2466/3960/3446 2476/3932/3446 2475/3931/3446
f 2464/3961/3447 2455/3962/3447 2454/3963/3447
f 2453/3958/3448 2454/3957/3448 2458/3964/3448
f 2450/3965/3449 2458/3966/3449 2457/3967/3449
f 2451/3968/3450 2467/3924/3450 2469/3926/3450
f 2488/3944/3451 2481/3936/3451 2489/3942/3451
f 2474/3969/3452 2439/3970/3452 2438/3971/3452
f 2440/3972/3453 2488/3944/3453 2491/3943/3453
f 2459/3973/3454 2438/3974/3454 2442/3975/3454
f 2462/3919/3455 2474/3976/3455 2463/3920/3455
f 2461/3918/3456 2455/3977/3456 2462/3919/3456
f 2499/3953/3457 2470/3978/3457 2472/3979/3457
f 2471/3928/3458 2457/3916/3458 2456/3915/3458
f 2501/3980/3459 2467/3924/3459 2502/3952/3459
f 2492/3945/3460 2501/3980/3460 2500/3951/3460
f 2469/3926/3461 2495/3947/3461 2494/3946/3461
f 2490/3981/3462 2494/3946/3462 2493/3982/3462
f 2446/3983/3463 2493/3982/3463 2492/3945/3463
f 2447/3910/3464 2498/3950/3464 2448/3911/3464
f 2497/3949/3465 2490/3984/3465 2498/3950/3465
f 2496/3948/3466 2505/3956/3466 2497/3949/3466
f 2441/3904/3467 2505/3956/3467 2504/3955/3467
f 2477/3985/3468 2504/3955/3468 2503/3954/3468
f 2479/3986/3469 2441/3904/3469 2480/3987/3469
f 2460/3988/3470 2479/3989/3470 2478/3933/3470
f 2477/3990/3471 2487/3941/3471 2478/3991/3471
f 2486/3940/3472 2460/3992/3472 2487/3941/3472
f 2485/3993/3473 2471/3928/3473 2486/3994/3473
f 2443/3906/3474 2485/3995/3474 2484/3939/3474
f 2444/3907/3475 2499/3996/3475 2445/3908/3475
f 2447/3997/3476 2444/3907/3476 2443/3906/3476
f 2438/3971/3477 2463/3998/3477 2474/3969/3477
f 2504/3955/3478 2480/3987/3478 2441/3904/3478
f 2479/3989/3479 2459/3973/3479 2442/3975/3479
f 2439/3970/3480 2473/3930/3480 2482/3937/3480
f 2488/3944/3481 2439/3970/3481 2482/3937/3481
f 2505/3956/3482 2440/3903/3482 2491/3999/3482
f 2443/3906/3483 2484/3939/3483 2503/4000/3483
f 2485/3995/3484 2445/3908/3484 2472/4001/3484
f 2445/3908/3485 2499/3996/3485 2472/4001/3485
f 2444/4002/3486 2492/3945/3486 2500/3951/3486
f 2444/4002/3487 2446/3983/3487 2492/3945/3487
f 2443/3906/3488 2496/4003/3488 2447/3997/3488
f 2443/3906/3489 2503/4000/3489 2496/4003/3489
f 2493/4004/3490 2448/3911/3490 2490/3984/3490
f 2448/3911/3491 2498/3950/3491 2490/3984/3491
f 2458/3964/3492 2449/3912/3492 2453/3958/3492
f 2453/3958/3493 2449/3912/3493 2465/3959/3493
f 2449/3912/3494 2483/3938/3494 2465/3959/3494
f 2457/3967/3495 2467/3924/3495 2450/3965/3495
f 2469/4005/3496 2489/3942/3496 2451/3914/3496
f 2489/3942/3497 2481/3936/3497 2451/3914/3497
f 2454/4006/1365 2452/4006/1365 2464/4006/1365
f 2462/3919/3498 2455/3977/3498 2475/4007/3498
f 2475/4007/3499 2455/3977/3499 2466/3923/3499
f 2461/3918/3500 2471/3928/3500 2456/3915/3500
f 2502/3952/3501 2467/3924/3501 2457/3967/3501
f 2470/3978/3502 2502/3952/3502 2457/3967/3502
f 2478/3991/3503 2487/3941/3503 2460/3992/3503
f 2486/3994/3504 2471/3928/3504 2461/3918/3504
f 2483/3938/3505 2476/3932/3505 2465/3959/3505
f 2501/3980/3506 2495/3947/3506 2468/3925/3506
f 2494/3946/3507 2489/4008/3507 2469/3926/3507
f 2484/3939/3508 2477/3990/3508 2503/4000/3508
f 2497/3949/3509 2505/3956/3509 2491/3999/3509
f 2511/4009/3510 2512/4010/3510 2513/4011/3510
f 2515/4012/3511 2517/4013/3511 2518/4014/3511
f 2519/4015/3512 2521/4016/3512 2522/4017/3512
f 2523/4018/3513 2524/4019/3513 2525/4020/3513
f 2527/4021/3514 2528/4022/3514 2529/4023/3514
f 2531/4024/3515 2532/4025/3515 2533/4026/3515
f 2537/4027/3516 2538/4028/3516 2534/4029/3516
f 2547/4030/3517 2548/4031/3517 2549/4032/3517
f 2551/4033/3518 2553/4034/3518 2554/4035/3518
f 2556/4036/3519 2557/4037/3519 2558/4038/3519
f 2560/4039/3520 2562/4040/3520 2563/4041/3520
f 2564/4042/3521 2566/4043/3521 2567/4044/3521
f 2572/4045/3522 2573/4046/3522 2574/4047/3522
f 2570/4048/3523 2523/4018/3523 2525/4020/3523
f 2573/4049/3524 2550/4050/3524 2574/4051/3524
f 2549/4032/3525 2523/4018/3525 2550/4052/3525
f 2515/4012/3526 2573/4049/3526 2572/4053/3526
f 2547/4054/3527 2518/4014/3527 2517/4013/3527
f 2516/4055/3528 2563/4041/3528 2517/4013/3528
f 2548/4056/3529 2563/4041/3529 2562/4040/3529
f 2561/4057/3530 2539/4058/3530 2562/4059/3530
f 2538/4060/3531 2548/4031/3531 2539/4061/3531
f 2531/4024/3532 2538/4060/3532 2537/4062/3532
f 2525/4020/3533 2533/4026/3533 2532/4025/3533
f 2571/4063/3534 2541/4064/3534 2572/4045/3534
f 2530/4065/3535 2570/4066/3535 2526/4067/3535
f 2540/4068/3536 2514/4069/3536 2541/4064/3536
f 2516/4070/3537 2514/4071/3537 2513/4011/3537
f 2561/4072/3538 2544/4073/3538 2545/4074/3538
f 2567/4075/3539 2554/4035/3539 2564/4076/3539
f 2553/4034/3540 2535/4077/3540 2554/4035/3540
f 2565/4078/3541 2535/4077/3541 2534/4029/3541
f 2552/4079/3542 2559/4080/3542 2553/4081/3542
f 2537/4027/3543 2559/4082/3543 2558/4083/3543
f 2557/4037/3544 2531/4084/3544 2558/4038/3544
f 2544/4073/3545 2565/4085/3545 2545/4074/3545
f 2527/4021/3546 2569/4086/3546 2568/4087/3546
f 2528/4022/3547 2508/4088/3547 2509/4089/3547
f 2542/4090/3548 2530/4065/3548 2529/4091/3548
f 2542/4092/3549 2510/4093/3549 2543/4094/3549
f 2522/4095/3550 2528/4022/3550 2519/4096/3550
f 2566/4043/3551 2512/4010/3551 2567/4044/3551
f 2522/4017/3552 2512/4010/3552 2511/4009/3552
f 2552/4079/3553 2521/4097/3553 2520/4098/3553
f 2519/4096/3554 2555/4099/3554 2520/4098/3554
f 2557/4037/3555 2509/4089/3555 2508/4088/3555
f 2508/4088/3556 2507/4100/3556 2557/4037/3556
f 2507/4100/3557 2508/4088/3557 2532/4101/3557
f 2508/4088/3558 2527/4021/3558 2532/4101/3558
f 2509/4089/3559 2519/4096/3559 2528/4022/3559
f 2519/4096/3560 2509/4089/3560 2556/4036/3560
f 2543/4102/3561 2510/4103/3561 2540/4068/3561
f 2541/4104/3562 2514/4071/3562 2515/4105/3562
f 2513/4011/3563 2560/4106/3563 2516/4070/3563
f 2513/4011/3564 2544/4073/3564 2560/4106/3564
f 2542/4092/3565 2522/4017/3565 2511/4009/3565
f 2566/4043/3566 2544/4073/3566 2513/4011/3566
f 2521/4016/3567 2567/4044/3567 2512/4010/3567
f 2541/4064/3568 2515/4107/3568 2572/4045/3568
f 2573/4049/3569 2518/4014/3569 2546/4108/3569
f 2517/4013/3570 2563/4041/3570 2547/4054/3570
f 2522/4017/3571 2542/4092/3571 2529/4109/3571
f 2521/4016/3572 2551/4110/3572 2567/4044/3572
f 2520/4098/3573 2555/4099/3573 2552/4079/3573
f 2506/4111/3574 2570/4066/3574 2525/4112/3574
f 2532/4025/3575 2506/4113/3575 2525/4020/3575
f 2523/4018/3576 2574/4114/3576 2550/4052/3576
f 2538/4060/3577 2524/4019/3577 2549/4032/3577
f 2538/4060/3578 2533/4026/3578 2524/4019/3578
f 2569/4115/3579 2526/4067/3579 2506/4111/3579
f 2506/4111/3580 2526/4067/3580 2570/4066/3580
f 2530/4065/3581 2540/4068/3581 2571/4063/3581
f 2527/4021/3582 2568/4087/3582 2532/4101/3582
f 2530/4065/3583 2543/4102/3583 2540/4068/3583
f 2558/4116/3584 2531/4024/3584 2537/4062/3584
f 2557/4037/3585 2507/4100/3585 2532/4101/3585
f 2568/4117/3586 2506/4113/3586 2532/4025/3586
f 2545/4118/3587 2534/4029/3587 2561/4057/3587
f 2562/4119/3588 2539/4061/3588 2548/4031/3588
f 2545/4118/3589 2565/4078/3589 2534/4029/3589
f 2553/4034/3590 2559/4082/3590 2536/4120/3590
f 2564/4076/3591 2554/4035/3591 2535/4077/3591
f 2575/4121/3592 2577/4122/3592 2576/4123/3592
f 2575/4121/3592 2578/4124/3592 2577/4122/3592
f 2575/4121/3592 2579/4125/3592 2578/4124/3592
f 2575/4121/3592 2580/4126/3592 2579/4125/3592
f 2575/4121/3592 2581/4127/3592 2580/4126/3592
f 2575/4121/3592 2582/4128/3592 2581/4127/3592
f 2575/4121/3592 2583/4129/3592 2582/4128/3592
f 2575/4121/3592 2584/4130/3592 2583/4129/3592
f 2575/4121/3592 2585/4131/3592 2584/4130/3592
f 2575/4121/3592 2576/4123/3592 2585/4131/3592
f 2577/4132/3593 2586/4133/3593 2576/4134/3593
f 2577/4135/3594 2588/4136/3594 2587/4137/3594
f 2579/4138/3595 2588/4136/3595 2578/4139/3595
f 2580/4140/3596 2589/4141/3596 2579/4142/3596
f 2581/4143/3597 2590/4144/3597 2580/4140/3597
f 2582/4145/3598 2591/4146/3598 2581/4143/3598
f 2582/4147/3599 2593/4148/3599 2592/4149/3599
f 2584/4150/3600 2593/4148/3600 2583/4151/3600
f 2585/4152/3601 2594/4153/3601 2584/4154/3601
f 2576/4134/3602 2595/4155/3602 2585/4152/3602
f 2586/4133/3603 2597/4156/3603 2596/4157/3603
f 2587/4137/3604 2598/4158/3604 2597/4159/3604
f 2589/4160/3605 2598/4158/3605 2588/4136/3605
f 2590/4144/3606 2599/4161/3606 2589/4141/3606
f 2591/4146/3607 2600/4162/3607 2590/4144/3607
f 2591/4146/3608 2602/4163/3608 2601/4164/3608
f 2593/4148/3609 2602/4165/3609 2592/4149/3609
f 2594/4166/3610 2603/4167/3610 2593/4148/3610
f 2595/4155/3611 2604/4168/3611 2594/4153/3611
f 2586/4133/3612 2605/4169/3612 2595/4155/3612
f 2596/4170/1365 2597/4171/1365 2606/4172/1365
f 2597/4171/1365 2598/4173/1365 2606/4172/1365
f 2598/4173/1365 2599/4174/1365 2606/4172/1365
f 2599/4174/1365 2600/4175/1365 2606/4172/1365
f 2600/4175/1365 2601/4176/1365 2606/4172/1365
f 2601/4176/1365 2602/4177/1365 2606/4172/1365
f 2602/4177/1365 2603/4178/1365 2606/4172/1365
f 2603/4178/1365 2604/4179/1365 2606/4172/1365
f 2604/4179/1365 2605/4180/1365 2606/4172/1365
f 2605/4180/1365 2596/4170/1365 2606/4172/1365
f 2607/4181/3613 2609/4182/3613 2608/4183/3613
f 2607/4181/3614 2610/4184/3614 2609/4182/3614
f 2607/4181/3615 2611/4185/3615 2610/4184/3615
f 2607/4181/3616 2612/4186/3616 2611/4185/3616
f 2607/4181/3617 2613/4187/3617 2612/4186/3617
f 2607/4181/3618 2614/4188/3618 2613/4187/3618
f 2607/4181/3619 2615/4189/3619 2614/4188/3619
f 2607/4181/3620 2616/4190/3620 2615/4189/3620
f 2607/4181/3621 2617/4191/3621 2616/4190/3621
f 2607/4181/3622 2618/4192/3622 2617/4191/3622
f 2607/4181/3623 2619/4193/3623 2618/4192/3623
f 2607/4181/3624 2620/4194/3624 2619/4193/3624
f 2607/4181/3625 2621/4195/3625 2620/4194/3625
f 2607/4181/3626 2622/4196/3626 2621/4195/3626
f 2607/4181/3627 2623/4197/3627 2622/4196/3627
f 2607/4181/3628 2608/4183/3628 2623/4197/3628
f 2608/4198/3629 2625/4199/3629 2624/4200/3629
f 2610/4201/3630 2625/4199/3630 2609/4202/3630
f 2611/4203/3631 2626/4204/3631 2610/4205/3631
f 2611/4203/3632 2628/4206/3632 2627/4207/3632
f 2613/4208/3633 2628/4206/3633 2612/4209/3633
f 2614/4210/3634 2629/4211/3634 2613/4208/3634
f 2615/4212/3635 2630/4213/3635 2614/4214/3635
f 2615/4212/3636 2632/4215/3636 2631/4216/3636
f 2617/4217/3637 2632/4215/3637 2616/4218/3637
f 2617/4219/3638 2634/4220/3638 2633/4221/3638
f 2619/4222/3639 2634/4220/3639 2618/4223/3639
f 2619/4222/3640 2636/4224/3640 2635/4225/3640
f 2621/4226/3641 2636/4224/3641 2620/4227/3641
f 2622/4228/3642 2637/4229/3642 2621/4230/3642
f 2623/4231/3643 2638/4232/3643 2622/4228/3643
f 2608/4198/3644 2639/4233/3644 2623/4231/3644
f 2625/4199/3645 2640/4234/3645 2624/4200/3645
f 2626/4235/3646 2641/4236/3646 2625/4199/3646
f 2627/4207/3647 2642/4237/3647 2626/4204/3647
f 2628/4206/3648 2643/4238/3648 2627/4207/3648
f 2628/4206/3649 2645/4239/3649 2644/4240/3649
f 2630/4241/3650 2645/4242/3650 2629/4243/3650
f 2631/4244/3651 2646/4245/3651 2630/4241/3651
f 2631/4244/3652 2648/4246/3652 2647/4247/3652
f 2633/4248/3653 2648/4246/3653 2632/4249/3653
f 2633/4248/3654 2650/4250/3654 2649/4251/3654
f 2635/4225/3655 2650/4252/3655 2634/4220/3655
f 2636/4224/3656 2651/4253/3656 2635/4225/3656
f 2637/4254/3657 2652/4255/3657 2636/4224/3657
f 2638/4232/3658 2653/4256/3658 2637/4229/3658
f 2638/4232/3659 2655/4257/3659 2654/4258/3659
f 2639/4233/3660 2640/4234/3660 2655/4257/3660
f 2640/4259/3661 2641/4260/3661 2656/4261/3661
f 2641/4260/3662 2642/4262/3662 2656/4261/3662
f 2642/4262/3663 2643/4263/3663 2656/4261/3663
f 2643/4263/3664 2644/4264/3664 2656/4261/3664
f 2644/4264/3665 2645/4242/3665 2656/4261/3665
f 2645/4242/3666 2646/4245/3666 2656/4261/3666
f 2646/4245/3667 2647/4247/3667 2656/4261/3667
f 2647/4247/3668 2648/4246/3668 2656/4261/3668
f 2648/4246/3669 2649/4251/3669 2656/4261/3669
f 2649/4251/3670 2650/4250/3670 2656/4261/3670
f 2650/4250/3671 2651/4265/3671 2656/4261/3671
f 2651/4265/3672 2652/4266/3672 2656/4261/3672
f 2652/4266/3673 2653/4267/3673 2656/4261/3673
f 2653/4267/3674 2654/4268/3674 2656/4261/3674
f 2654/4268/3675 2655/4269/3675 2656/4261/3675
f 2655/4269/3676 2640/4259/3676 2656/4261/3676
f 2657/4270/3592 2659/4271/3592 2658/4272/3592
f 2657/4270/3592 2660/4273/3592 2659/4271/3592
f 2657/4270/3592 2661/4274/3592 2660/4273/3592
f 2657/4270/3592 2662/4275/3592 2661/4274/3592
f 2657/4270/3592 2663/4276/3592 2662/4275/3592
f 2657/4270/3592 2664/4277/3592 2663/4276/3592
f 2657/4270/3592 2665/4278/3592 2664/4277/3592
f 2657/4270/3592 2666/4279/3592 2665/4278/3592
f 2657/4270/3592 2667/4280/3592 2666/4279/3592
f 2657/4270/3592 2658/4272/3592 2667/4280/3592
f 2659/4281/3593 2668/4282/3593 2658/4283/3593
f 2659/4284/3594 2670/4285/3594 2669/4286/3594
f 2661/4287/3595 2670/4285/3595 2660/4288/3595
f 2662/4289/3596 2671/4290/3596 2661/4291/3596
f 2663/4292/3597 2672/4293/3597 2662/4289/3597
f 2664/4294/3598 2673/4295/3598 2663/4292/3598
f 2664/4296/3599 2675/4297/3599 2674/4298/3599
f 2666/4299/3600 2675/4297/3600 2665/4300/3600
f 2667/4301/3601 2676/4302/3601 2666/4303/3601
f 2658/4283/3602 2677/4304/3602 2667/4301/3602
f 2669/4305/3603 2678/4306/3603 2668/4282/3603
f 2670/4285/3604 2679/4307/3604 2669/4286/3604
f 2671/4308/3605 2680/4309/3605 2670/4285/3605
f 2672/4293/3606 2681/4310/3606 2671/4290/3606
f 2673/4295/3607 2682/4311/3607 2672/4293/3607
f 2674/4312/3608 2683/4313/3608 2673/4295/3608
f 2675/4297/3609 2684/4314/3609 2674/4298/3609
f 2676/4315/3610 2685/4316/3610 2675/4297/3610
f 2677/4304/3611 2686/4317/3611 2676/4302/3611
f 2668/4282/3677 2687/4318/3677 2677/4304/3677
f 2678/4319/1365 2679/4320/1365 2688/4321/1365
f 2679/4320/1365 2680/4322/1365 2688/4321/1365
f 2680/4322/1365 2681/4323/1365 2688/4321/1365
f 2681/4323/1365 2682/4324/1365 2688/4321/1365
f 2682/4324/1365 2683/4325/1365 2688/4321/1365
f 2683/4325/1365 2684/4326/1365 2688/4321/1365
f 2684/4326/1365 2685/4327/1365 2688/4321/1365
f 2685/4327/1365 2686/4328/1365 2688/4321/1365
f 2686/4328/1365 2687/4329/1365 2688/4321/1365
f 2687/4329/1365 2678/4319/1365 2688/4321/1365
f 2689/4330/3613 2691/4331/3613 2690/4332/3613
f 2689/4330/3614 2692/4333/3614 2691/4331/3614
f 2689/4330/3615 2693/4334/3615 2692/4333/3615
f 2689/4330/3616 2694/4335/3616 2693/4334/3616
f 2689/4330/3617 2695/4336/3617 2694/4335/3617
f 2689/4330/3618 2696/4337/3618 2695/4336/3618
f 2689/4330/3619 2697/4338/3619 2696/4337/3619
f 2689/4330/3620 2698/4339/3620 2697/4338/3620
f 2689/4330/3621 2699/4340/3621 2698/4339/3621
f 2689/4330/3622 2700/4341/3622 2699/4340/3622
f 2689/4330/3623 2701/4342/3623 2700/4341/3623
f 2689/4330/3624 2702/4343/3624 2701/4342/3624
f 2689/4330/3625 2703/4344/3625 2702/4343/3625
f 2689/4330/3626 2704/4345/3626 2703/4344/3626
f 2689/4330/3627 2705/4346/3627 2704/4345/3627
f 2689/4330/3628 2690/4332/3628 2705/4346/3628
f 2691/4347/3629 2706/4348/3629 2690/4349/3629
f 2691/4347/3630 2708/4350/3630 2707/4351/3630
f 2692/4352/3631 2709/4353/3631 2708/4354/3631
f 2693/4355/3632 2710/4356/3632 2709/4353/3632
f 2695/4357/3633 2710/4356/3633 2694/4358/3633
f 2696/4359/3634 2711/4360/3634 2695/4357/3634
f 2697/4361/3635 2712/4362/3635 2696/4363/3635
f 2697/4361/3636 2714/4364/3636 2713/4365/3636
f 2699/4366/3637 2714/4364/3637 2698/4367/3637
f 2700/4368/3638 2715/4369/3638 2699/4370/3638
f 2700/4368/3639 2717/4371/3639 2716/4372/3639
f 2702/4373/3640 2717/4371/3640 2701/4374/3640
f 2703/4375/3641 2718/4376/3641 2702/4373/3641
f 2703/4377/3642 2720/4378/3642 2719/4379/3642
f 2704/4380/3643 2721/4381/3643 2720/4378/3643
f 2690/4349/3644 2721/4381/3644 2705/4382/3644
f 2707/4351/3645 2722/4383/3645 2706/4348/3645
f 2707/4351/3678 2724/4384/3678 2723/4385/3678
f 2708/4354/3679 2725/4386/3679 2724/4387/3679
f 2710/4356/3648 2725/4386/3648 2709/4353/3648
f 2711/4360/3649 2726/4388/3649 2710/4356/3649
f 2712/4389/3650 2727/4390/3650 2711/4391/3650
f 2713/4392/3651 2728/4393/3651 2712/4389/3651
f 2714/4394/3652 2729/4395/3652 2713/4392/3652
f 2715/4396/3653 2730/4397/3653 2714/4394/3653
f 2715/4396/3680 2732/4398/3680 2731/4399/3680
f 2716/4372/3681 2733/4400/3681 2732/4401/3681
f 2717/4371/3656 2734/4402/3656 2733/4400/3656
f 2719/4403/3657 2734/4402/3657 2718/4376/3657
f 2720/4378/3658 2735/4404/3658 2719/4379/3658
f 2721/4381/3659 2736/4405/3659 2720/4378/3659
f 2706/4348/3660 2737/4406/3660 2721/4381/3660
f 2722/4407/3661 2723/4408/3661 2738/4409/3661
f 2723/4408/3682 2724/4410/3682 2738/4409/3682
f 2724/4410/3683 2725/4411/3683 2738/4409/3683
f 2725/4411/3664 2726/4412/3664 2738/4409/3664
f 2726/4412/3665 2727/4390/3665 2738/4409/3665
f 2727/4390/3684 2728/4393/3684 2738/4409/3684
f 2728/4393/3667 2729/4395/3667 2738/4409/3667
f 2729/4395/3668 2730/4397/3668 2738/4409/3668
f 2730/4397/3669 2731/4399/3669 2738/4409/3669
f 2731/4399/3670 2732/4398/3670 2738/4409/3670
f 2732/4398/3685 2733/4413/3685 2738/4409/3685
f 2733/4413/3672 2734/4414/3672 2738/4409/3672
f 2734/4414/3673 2735/4415/3673 2738/4409/3673
f 2735/4415/3686 2736/4416/3686 2738/4409/3686
f 2736/4416/3687 2737/4417/3687 2738/4409/3687
f 2737/4417/3676 2722/4407/3676 2738/4409/3676
f 2739/4418/3592 2741/4419/3592 2740/4420/3592
f 2739/4418/3592 2742/4421/3592 2741/4419/3592
f 2739/4418/3592 2743/4422/3592 2742/4421/3592
f 2739/4418/3592 2744/4423/3592 2743/4422/3592
f 2739/4418/3592 2745/4424/3592 2744/4423/3592
f 2739/4418/3592 2746/4425/3592 2745/4424/3592
f 2739/4418/3592 2747/4426/3592 2746/4425/3592
f 2739/4418/3592 2748/4427/3592 2747/4426/3592
f 2739/4418/3592 2749/4428/3592 2748/4427/3592
f 2739/4418/3592 2740/4420/3592 2749/4428/3592
f 2741/4429/3593 2750/4430/3593 2740/4431/3593
f 2742/4432/3594 2751/4433/3594 2741/4434/3594
f 2743/4435/3595 2752/4436/3595 2742/4432/3595
f 2744/4437/3596 2753/4438/3596 2743/4439/3596
f 2745/4440/3597 2754/4441/3597 2744/4437/3597
f 2745/4440/3598 2756/4442/3598 2755/4443/3598
f 2747/4444/3599 2756/4445/3599 2746/4446/3599
f 2748/4447/3600 2757/4448/3600 2747/4444/3600
f 2749/4449/3601 2758/4450/3601 2748/4451/3601
f 2740/4431/3602 2759/4452/3602 2749/4449/3602
f 2751/4453/3603 2760/4454/3603 2750/4430/3603
f 2752/4436/3604 2761/4455/3604 2751/4433/3604
f 2753/4456/3605 2762/4457/3605 2752/4436/3605
f 2754/4441/3606 2763/4458/3606 2753/4438/3606
f 2754/4441/3607 2765/4459/3607 2764/4460/3607
f 2756/4442/3688 2765/4459/3688 2755/4443/3688
f 2757/4448/3609 2766/4461/3609 2756/4445/3609
f 2758/4462/3610 2767/4463/3610 2757/4448/3610
f 2759/4452/3611 2768/4464/3611 2758/4450/3611
f 2759/4452/3612 2760/4454/3612 2769/4465/3612
f 2760/4466/1365 2761/4467/1365 2770/4468/1365
f 2761/4467/1365 2762/4469/1365 2770/4468/1365
f 2762/4469/1365 2763/4470/1365 2770/4468/1365
f 2763/4470/1365 2764/4471/1365 2770/4468/1365
f 2764/4471/1365 2765/4472/1365 2770/4468/1365
f 2765/4472/1365 2766/4473/1365 2770/4468/1365
f 2766/4473/1365 2767/4474/1365 2770/4468/1365
f 2767/4474/1365 2768/4475/1365 2770/4468/1365
f 2768/4475/1365 2769/4476/1365 2770/4468/1365
f 2769/4476/1365 2760/4466/1365 2770/4468/1365
f 2771/4477/3613 2773/4478/3613 2772/4479/3613
f 2771/4477/3614 2774/4480/3614 2773/4478/3614
f 2771/4477/3615 2775/4481/3615 2774/4480/3615
f 2771/4477/3616 2776/4482/3616 2775/4481/3616
f 2771/4477/3617 2777/4483/3617 2776/4482/3617
f 2771/4477/3618 2778/4484/3618 2777/4483/3618
f 2771/4477/3619 2779/4485/3619 2778/4484/3619
f 2771/4477/3620 2780/4486/3620 2779/4485/3620
f 2771/4477/3621 2781/4487/3621 2780/4486/3621
f 2771/4477/3622 2782/4488/3622 2781/4487/3622
f 2771/4477/3623 2783/4489/3623 2782/4488/3623
f 2771/4477/3624 2784/4490/3624 2783/4489/3624
f 2771/4477/3625 2785/4491/3625 2784/4490/3625
f 2771/4477/3626 2786/4492/3626 2785/4491/3626
f 2771/4477/3627 2787/4493/3627 2786/4492/3627
f 2771/4477/3628 2772/4479/3628 2787/4493/3628
f 2773/4494/3689 2788/4495/3689 2772/4496/3689
f 2774/4497/3630 2789/4498/3630 2773/4494/3630
f 2775/4499/3631 2790/4500/3631 2774/4501/3631
f 2776/4502/3632 2791/4503/3632 2775/4499/3632
f 2777/4504/3633 2792/4505/3633 2776/4502/3633
f 2777/4504/3634 2794/4506/3634 2793/4507/3634
f 2778/4508/3635 2795/4509/3635 2794/4510/3635
f 2779/4511/3636 2796/4512/3636 2795/4509/3636
f 2781/4513/3690 2796/4512/3690 2780/4514/3690
f 2782/4515/3638 2797/4516/3638 2781/4517/3638
f 2782/4515/3639 2799/4518/3639 2798/4519/3639
f 2783/4520/3640 2800/4521/3640 2799/4518/3640
f 2785/4522/3641 2800/4521/3641 2784/4523/3641
f 2785/4524/3642 2802/4525/3642 2801/4526/3642
f 2786/4527/3643 2803/4528/3643 2802/4525/3643
f 2772/4496/3644 2803/4528/3644 2787/4529/3644
f 2789/4498/3645 2804/4530/3645 2788/4495/3645
f 2789/4498/3646 2806/4531/3646 2805/4532/3646
f 2790/4500/3647 2807/4533/3647 2806/4534/3647
f 2791/4503/3648 2808/4535/3648 2807/4533/3648
f 2793/4507/3649 2808/4535/3649 2792/4505/3649
f 2794/4536/3650 2809/4537/3650 2793/4538/3650
f 2795/4539/3651 2810/4540/3651 2794/4536/3651
f 2796/4541/3652 2811/4542/3652 2795/4539/3652
f 2797/4543/3653 2812/4544/3653 2796/4541/3653
f 2797/4543/3654 2814/4545/3654 2813/4546/3654
f 2799/4518/3655 2814/4547/3655 2798/4519/3655
f 2799/4518/3656 2816/4548/3656 2815/4549/3656
f 2801/4550/3657 2816/4548/3657 2800/4521/3657
f 2802/4525/3658 2817/4551/3658 2801/4526/3658
f 2803/4528/3659 2818/4552/3659 2802/4525/3659
f 2803/4528/3660 2804/4530/3660 2819/4553/3660
f 2804/4554/3661 2805/4555/3661 2820/4556/3661
f 2805/4555/3682 2806/4557/3682 2820/4556/3682
f 2806/4557/3683 2807/4558/3683 2820/4556/3683
f 2807/4558/3664 2808/4559/3664 2820/4556/3664
f 2808/4559/3665 2809/4537/3665 2820/4556/3665
f 2809/4537/3684 2810/4540/3684 2820/4556/3684
f 2810/4540/3691 2811/4542/3691 2820/4556/3691
f 2811/4542/3668 2812/4544/3668 2820/4556/3668
f 2812/4544/3669 2813/4546/3669 2820/4556/3669
f 2813/4546/3670 2814/4545/3670 2820/4556/3670
f 2814/4545/3685 2815/4560/3685 2820/4556/3685
f 2815/4560/3672 2816/4561/3672 2820/4556/3672
f 2816/4561/3673 2817/4562/3673 2820/4556/3673
f 2817/4562/3686 2818/4563/3686 2820/4556/3686
f 2818/4563/3675 2819/4564/3675 2820/4556/3675
f 2819/4564/3676 2804/4554/3676 2820/4556/3676
f 2821/4565/3592 2823/4566/3592 2822/4567/3592
f 2821/4565/3592 2824/4568/3592 2823/4566/3592
f 2821/4565/3592 2825/4569/3592 2824/4568/3592
f 2821/4565/3592 2826/4570/3592 2825/4569/3592
f 2821/4565/3592 2827/4571/3592 2826/4570/3592
f 2821/4565/3592 2828/4572/3592 2827/4571/3592
f 2821/4565/3592 2829/4573/3592 2828/4572/3592
f 2821/4565/3592 2830/4574/3592 2829/4573/3592
f 2821/4565/3592 2831/4575/3592 2830/4574/3592
f 2821/4565/3592 2822/4567/3592 2831/4575/3592
f 2823/4576/3593 2832/4577/3593 2822/4578/3593
f 2823/4579/3594 2834/4580/3594 2833/4581/3594
f 2825/4582/3595 2834/4580/3595 2824/4583/3595
f 2825/4584/3596 2836/4585/3596 2835/4586/3596
f 2826/4587/3597 2837/4588/3597 2836/4585/3597
f 2827/4589/3598 2838/4590/3598 2837/4588/3598
f 2829/4591/3599 2838/4592/3599 2828/4593/3599
f 2830/4594/3600 2839/4595/3600 2829/4591/3600
f 2831/4596/3601 2840/4597/3601 2830/4598/3601
f 2831/4596/3602 2832/4577/3602 2841/4599/3602
f 2832/4577/3603 2843/4600/3603 2842/4601/3603
f 2834/4580/3604 2843/4602/3604 2833/4581/3604
f 2834/4580/3605 2845/4603/3605 2844/4604/3605
f 2836/4585/3606 2845/4605/3606 2835/4586/3606
f 2837/4588/3607 2846/4606/3607 2836/4585/3607
f 2838/4590/3608 2847/4607/3608 2837/4588/3608
f 2839/4595/3609 2848/4608/3609 2838/4592/3609
f 2840/4609/3610 2849/4610/3610 2839/4595/3610
f 2840/4597/3611 2851/4611/3611 2850/4612/3611
f 2832/4577/3612 2851/4611/3612 2841/4599/3612
f 2842/4613/1365 2843/4614/1365 2852/4615/1365
f 2843/4614/1365 2844/4616/1365 2852/4615/1365
f 2844/4616/1365 2845/4617/1365 2852/4615/1365
f 2845/4617/1365 2846/4618/1365 2852/4615/1365
f 2846/4618/1365 2847/4619/1365 2852/4615/1365
f 2847/4619/1365 2848/4620/1365 2852/4615/1365
f 2848/4620/1365 2849/4621/1365 2852/4615/1365
f 2849/4621/1365 2850/4622/1365 2852/4615/1365
f 2850/4622/1365 2851/4623/1365 2852/4615/1365
f 2851/4623/1365 2842/4613/1365 2852/4615/1365
f 2853/4624/3613 2855/4625/3613 2854/4626/3613
f 2853/4624/3614 2856/4627/3614 2855/4625/3614
f 2853/4624/3615 2857/4628/3615 2856/4627/3615
f 2853/4624/3616 2858/4629/3616 2857/4628/3616
f 2853/4624/3617 2859/4630/3617 2858/4629/3617
f 2853/4624/3618 2860/4631/3618 2859/4630/3618
f 2853/4624/3619 2861/4632/3619 2860/4631/3619
f 2853/4624/3620 2862/4633/3620 2861/4632/3620
f 2853/4624/3621 2863/4634/3621 2862/4633/3621
f 2853/4624/3622 2864/4635/3622 2863/4634/3622
f 2853/4624/3623 2865/4636/3623 2864/4635/3623
f 2853/4624/3624 2866/4637/3624 2865/4636/3624
f 2853/4624/3625 2867/4638/3625 2866/4637/3625
f 2853/4624/3626 2868/4639/3626 2867/4638/3626
f 2853/4624/3627 2869/4640/3627 2868/4639/3627
f 2853/4624/3628 2854/4626/3628 2869/4640/3628
f 2855/4641/3629 2870/4642/3629 2854/4643/3629
f 2856/4644/3630 2871/4645/3630 2855/4641/3630
f 2857/4646/3631 2872/4647/3631 2856/4648/3631
f 2858/4649/3632 2873/4650/3632 2857/4646/3632
f 2858/4649/3633 2875/4651/3633 2874/4652/3633
f 2859/4653/3634 2876/4654/3634 2875/4651/3634
f 2861/4655/3635 2876/4656/3635 2860/4657/3635
f 2861/4655/3636 2878/4658/3636 2877/4659/3636
f 2863/4660/3637 2878/4658/3637 2862/4661/3637
f 2864/4662/3638 2879/4663/3638 2863/4664/3638
f 2865/4665/3639 2880/4666/3639 2864/4662/3639
f 2866/4667/3640 2881/4668/3640 2865/4665/3640
f 2866/4667/3641 2883/4669/3641 2882/4670/3641
f 2867/4671/3642 2884/4672/3642 2883/4673/3642
f 2868/4674/3643 2885/4675/3643 2884/4672/3643
f 2869/4676/3644 2870/4642/3644 2885/4675/3644
f 2871/4645/3645 2886/4677/3645 2870/4642/3645
f 2871/4645/3646 2888/4678/3646 2887/4679/3646
f 2872/4647/3647 2889/4680/3647 2888/4681/3647
f 2873/4650/3648 2890/4682/3648 2889/4680/3648
f 2875/4651/3649 2890/4682/3649 2874/4652/3649
f 2876/4683/3650 2891/4684/3650 2875/4685/3650
f 2877/4686/3651 2892/4687/3651 2876/4683/3651
f 2878/4688/3652 2893/4689/3652 2877/4686/3652
f 2879/4690/3653 2894/4691/3653 2878/4688/3653
f 2880/4692/3654 2895/4693/3654 2879/4690/3654
f 2880/4666/3655 2897/4694/3655 2896/4695/3655
f 2882/4670/3656 2897/4694/3656 2881/4668/3656
f 2883/4669/3657 2898/4696/3657 2882/4670/3657
f 2884/4672/3658 2899/4697/3658 2883/4673/3658
f 2884/4672/3659 2901/4698/3659 2900/4699/3659
f 2885/4675/3660 2886/4677/3660 2901/4698/3660
f 2886/4700/3661 2887/4701/3661 2902/4702/3661
f 2887/4701/3682 2888/4703/3682 2902/4702/3682
f 2888/4703/3683 2889/4704/3683 2902/4702/3683
f 2889/4704/3664 2890/4705/3664 2902/4702/3664
f 2890/4705/3665 2891/4684/3665 2902/4702/3665
f 2891/4684/3666 2892/4687/3666 2902/4702/3666
f 2892/4687/3691 2893/4689/3691 2902/4702/3691
f 2893/4689/3668 2894/4691/3668 2902/4702/3668
f 2894/4691/3669 2895/4693/3669 2902/4702/3669
f 2895/4693/3670 2896/4706/3670 2902/4702/3670
f 2896/4706/3671 2897/4707/3671 2902/4702/3671
f 2897/4707/3672 2898/4708/3672 2902/4702/3672
f 2898/4708/3673 2899/4709/3673 2902/4702/3673
f 2899/4709/3686 2900/4710/3686 2902/4702/3686
f 2900/4710/3675 2901/4711/3675 2902/4702/3675
f 2901/4711/3676 2886/4700/3676 2902/4702/3676
f 2903/4712/3592 2905/4713/3592 2904/4714/3592
f 2903/4712/3592 2906/4715/3592 2905/4713/3592
f 2903/4712/3592 2907/4716/3592 2906/4715/3592
f 2903/4712/3592 2908/4717/3592 2907/4716/3592
f 2903/4712/3592 2909/4718/3592 2908/4717/3592
f 2903/4712/3592 2910/4719/3592 2909/4718/3592
f 2903/4712/3592 2911/4720/3592 2910/4719/3592
f 2903/4712/3592 2912/4721/3592 2911/4720/3592
f 2903/4712/3592 2913/4722/3592 2912/4721/3592
f 2903/4712/3592 2904/4714/3592 2913/4722/3592
f 2905/4723/3593 2914/4724/3593 2904/4725/3593
f 2905/4726/3594 2916/4727/3594 2915/4728/3594
f 2907/4729/3595 2916/4727/3595 2906/4730/3595
f 2908/4731/3596 2917/4732/3596 2907/4733/3596
f 2909/4734/3597 2918/4735/3597 2908/4731/3597
f 2910/4736/3598 2919/4737/3598 2909/4734/3598
f 2911/4738/3599 2920/4739/3599 2910/4740/3599
f 2912/4741/3600 2921/4742/3600 2911/4738/3600
f 2913/4743/3601 2922/4744/3601 2912/4745/3601
f 2904/4725/3602 2923/4746/3602 2913/4743/3602
f 2915/4747/3603 2924/4748/3603 2914/4724/3603
f 2916/4727/3604 2925/4749/3604 2915/4728/3604
f 2917/4750/3605 2926/4751/3605 2916/4727/3605
f 2918/4735/3606 2927/4752/3606 2917/4732/3606
f 2919/4737/3607 2928/4753/3607 2918/4735/3607
f 2920/4754/3608 2929/4755/3608 2919/4737/3608
f 2920/4739/3609 2931/4756/3609 2930/4757/3609
f 2922/4758/3610 2931/4756/3610 2921/4742/3610
f 2923/4746/3611 2932/4759/3611 2922/4744/3611
f 2914/4724/3612 2933/4760/3612 2923/4746/3612
f 2924/4761/1365 2925/4762/1365 2934/4763/1365
f 2925/4762/1365 2926/4764/1365 2934/4763/1365
f 2926/4764/1365 2927/4765/1365 2934/4763/1365
f 2927/4765/1365 2928/4766/1365 2934/4763/1365
f 2928/4766/1365 2929/4767/1365 2934/4763/1365
f 2929/4767/1365 2930/4768/1365 2934/4763/1365
f 2930/4768/1365 2931/4769/1365 2934/4763/1365
f 2931/4769/1365 2932/4770/1365 2934/4763/1365
f 2932/4770/1365 2933/4771/1365 2934/4763/1365
f 2933/4771/1365 2924/4761/1365 2934/4763/1365
f 2935/4772/3613 2937/4773/3613 2936/4774/3613
f 2935/4772/3614 2938/4775/3614 2937/4773/3614
f 2935/4772/3615 2939/4776/3615 2938/4775/3615
f 2935/4772/3616 2940/4777/3616 2939/4776/3616
f 2935/4772/3617 2941/4778/3617 2940/4777/3617
f 2935/4772/3618 2942/4779/3618 2941/4778/3618
f 2935/4772/3619 2943/4780/3619 2942/4779/3619
f 2935/4772/3620 2944/4781/3620 2943/4780/3620
f 2935/4772/3621 2945/4782/3621 2944/4781/3621
f 2935/4772/3622 2946/4783/3622 2945/4782/3622
f 2935/4772/3623 2947/4784/3623 2946/4783/3623
f 2935/4772/3624 2948/4785/3624 2947/4784/3624
f 2935/4772/3625 2949/4786/3625 2948/4785/3625
f 2935/4772/3626 2950/4787/3626 2949/4786/3626
f 2935/4772/3627 2951/4788/3627 2950/4787/3627
f 2935/4772/3628 2936/4774/3628 2951/4788/3628
f 2937/4789/3629 2952/4790/3629 2936/4791/3629
f 2937/4789/3630 2954/4792/3630 2953/4793/3630
f 2938/4794/3631 2955/4795/3631 2954/4796/3631
f 2940/4797/3632 2955/4795/3632 2939/4798/3632
f 2941/4799/3633 2956/4800/3633 2940/4797/3633
f 2942/4801/3634 2957/4802/3634 2941/4799/3634
f 2943/4803/3635 2958/4804/3635 2942/4805/3635
f 2944/4806/3636 2959/4807/3636 2943/4803/3636
f 2945/4808/3637 2960/4809/3637 2944/4806/3637
f 2945/4810/3638 2962/4811/3638 2961/4812/3638
f 2947/4813/3639 2962/4811/3639 2946/4814/3639
f 2948/4815/3640 2963/4816/3640 2947/4813/3640
f 2949/4817/3641 2964/4818/3641 2948/4815/3641
f 2949/4819/3642 2966/4820/3642 2965/4821/3642
f 2951/4822/3643 2966/4820/3643 2950/4823/3643
f 2936/4791/3644 2967/4824/3644 2951/4822/3644
f 2953/4793/3692 2968/4825/3692 2952/4790/3692
f 2954/4792/3646 2969/4826/3646 2953/4793/3646
f 2954/4796/3647 2971/4827/3647 2970/4828/3647
f 2955/4795/3648 2972/4829/3648 2971/4827/3648
f 2956/4800/3649 2973/4830/3649 2972/4829/3649
f 2958/4831/3650 2973/4832/3650 2957/4833/3650
f 2959/4834/3651 2974/4835/3651 2958/4831/3651
f 2960/4836/3693 2975/4837/3693 2959/4834/3693
f 2961/4838/3694 2976/4839/3694 2960/4836/3694
f 2962/4840/3654 2977/4841/3654 2961/4838/3654
f 2962/4811/3655 2979/4842/3655 2978/4843/3655
f 2964/4818/3656 2979/4842/3656 2963/4816/3656
f 2965/4844/3657 2980/4845/3657 2964/4818/3657
f 2966/4820/3658 2981/4846/3658 2965/4821/3658
f 2967/4824/3659 2982/4847/3659 2966/4820/3659
f 2952/4790/3695 2983/4848/3695 2967/4824/3695
f 2968/4849/3661 2969/4850/3661 2984/4851/3661
f 2969/4850/3682 2970/4852/3682 2984/4851/3682
f 2970/4852/3663 2971/4853/3663 2984/4851/3663
f 2971/4853/3664 2972/4854/3664 2984/4851/3664
f 2972/4854/3665 2973/4832/3665 2984/4851/3665
f 2973/4832/3666 2974/4835/3666 2984/4851/3666
f 2974/4835/3691 2975/4837/3691 2984/4851/3691
f 2975/4837/3668 2976/4839/3668 2984/4851/3668
f 2976/4839/3669 2977/4841/3669 2984/4851/3669
f 2977/4841/3670 2978/4855/3670 2984/4851/3670
f 2978/4855/3671 2979/4856/3671 2984/4851/3671
f 2979/4856/3672 2980/4857/3672 2984/4851/3672
f 2980/4857/3673 2981/4858/3673 2984/4851/3673
f 2981/4858/3674 2982/4859/3674 2984/4851/3674
f 2982/4859/3675 2983/4860/3675 2984/4851/3675
f 2983/4860/3676 2968/4849/3676 2984/4851/3676
f 608/1030/3696 609/1127/3696 610/1031/3696
f 611/1035/3697 612/1085/3697 613/1089/3697
f 613/1089/3698 614/1095/3698 611/1035/3698
f 614/1095/3699 615/1033/3699 611/1035/3699
f 621/1039/3700 622/1096/3700 623/1040/3700
f 625/1042/3701 626/1100/3701 627/1043/3701
f 630/1045/3702 631/1105/3702 632/1046/3702
f 637/1051/3703 638/1107/3703 639/1052/3703
f 641/1137/3704 642/1122/3704 643/4861/3704
f 646/1057/3705 647/1123/3705 648/1058/3705
f 654/1132/3706 655/1110/3706 656/1109/3706
f 664/1072/3707 665/1097/3707 666/1073/3707
f 668/4862/3708 669/1104/3708 670/1106/3708
f 630/1045/3709 633/1047/3709 620/1081/3709
f 632/1083/3710 611/1035/3710 616/1034/3710
f 621/1039/1220 620/1041/1220 616/1034/1220
f 612/1085/3711 611/1035/3711 635/1086/3711
f 636/1050/3712 654/1132/3712 657/1088/3712
f 613/1089/3713 612/1085/3713 657/1065/3713
f 607/1090/3714 614/1095/3714 613/1089/3714
f 658/1066/3715 660/1068/3715 607/1092/3715
f 659/1067/3716 664/1098/3716 667/1094/3716
f 666/1073/3717 615/1033/3717 614/1095/3717
f 622/1096/1228 621/1039/1228 666/1073/1228
f 664/1098/3718 624/1044/3718 627/1043/3718
f 626/1100/3719 623/4863/3719 622/1101/3719
f 661/1069/3720 663/1071/3720 626/1102/3720
f 662/1070/1232 631/1105/1232 630/1045/1232
f 671/1077/3721 636/1050/3721 635/1049/3721
f 669/1104/3722 668/4862/3722 632/1046/3722
f 670/1106/3723 669/1104/3723 662/1070/3723
f 637/1051/3724 609/1127/3724 608/1030/3724
f 639/1108/3725 638/4864/3725 656/1109/3725
f 670/1076/3726 617/1036/3726 619/1038/3726
f 655/1110/3727 654/1132/3727 619/1038/3727
f 640/1053/1240 641/1054/1240 644/1056/1240
f 610/1093/3728 609/4865/3728 644/1111/3728
f 642/1113/3729 672/1078/3729 674/1080/3729
f 673/1079/3730 649/1060/3730 651/1062/3730
f 659/1067/3731 658/1066/3731 651/1062/3731
f 625/1042/3732 624/1044/3732 650/1061/3732
f 628/1114/3733 629/1124/3733 673/1115/3733
f 618/1117/3734 617/1130/3734 652/1118/3734
f 645/1059/3735 648/1058/3735 653/1119/3735
f 647/1120/3736 640/1053/3736 639/1052/3736
f 642/1122/3737 641/1137/3737 647/1123/3737
f 629/1124/3738 628/1114/3738 646/1057/3738
f 677/1140/3739 678/1225/3739 679/1141/3739
f 680/1143/3740 681/1208/3740 682/1144/3740
f 684/1146/3741 685/1191/3741 686/1147/3741
f 689/1149/3742 690/1220/3742 691/1150/3742
f 692/1154/3743 693/1202/3743 695/1152/3743
f 693/1202/3744 694/1193/3744 695/1152/3744
f 701/1157/3745 697/1223/3745 698/1155/3745
f 698/1155/3746 699/1207/3746 700/1156/3746
f 706/1158/3747 707/1200/3747 708/1159/3747
f 714/1164/3748 715/1192/3748 716/1165/3748
f 730/4866/3749 726/1205/3749 727/1221/3749
f 727/4867/3750 728/4868/3750 729/4869/3750
f 738/1244/3751 739/1194/3751 740/1195/3751
f 687/1148/3752 692/1154/3752 696/1153/3752
f 713/1166/3753 716/1165/3753 696/1153/3753
f 685/1191/1305 684/1146/1305 716/1165/1305
f 737/1187/3754 740/1186/3754 695/1152/3754
f 739/1194/3755 680/1143/3755 683/1145/3755
f 682/4870/3756 714/1164/3756 713/1166/3756
f 734/1182/3757 715/1192/3757 714/1164/3757
f 736/1184/3758 686/1147/3758 685/1191/3758
f 687/1199/3759 686/1238/3759 707/1200/3759
f 709/1246/1365 704/1246/1365 705/1246/1365
f 693/1202/3760 692/1154/3760 702/1203/3760
f 710/1161/3761 694/1193/3761 693/1202/3761
f 712/1163/3762 738/1185/3762 737/1187/3762
f 726/1205/3763 730/4866/3763 712/1163/3763
f 729/1177/3764 731/1179/3764 733/1181/3764
f 732/1180/3765 697/1242/3765 701/1206/3765
f 739/1194/3766 738/1244/3766 701/1157/3766
f 699/1207/1320 681/1208/1320 680/1143/1320
f 717/1167/3767 719/1169/3767 682/1144/3767
f 676/1142/3768 736/4871/3768 735/1209/3768
f 698/1155/3769 718/1168/3769 717/1167/3769
f 741/1188/3770 743/1190/3770 676/1210/3770
f 742/1189/3771 708/1159/3771 707/1200/3771
f 732/1180/3772 731/1179/3772 721/1212/3772
f 709/4872/3773 708/1247/3773 729/1177/3773
f 727/4873/3774 705/4874/3774 704/4875/3774
f 688/1219/3775 691/1240/3775 742/1189/3775
f 690/1220/3776 722/1172/3776 721/1171/3776
f 726/1205/3777 703/1204/3777 702/1203/3777
f 722/1222/3778 698/1155/3778 697/1223/3778
f 678/1225/3779 677/1140/3779 724/1226/3779
f 725/4876/3780 724/4877/3780 719/4878/3780
f 678/1225/1335 689/1234/1335 688/1230/1335
f 690/1220/3781 689/1149/3781 723/1173/3781
f 764/1268/3782 765/1318/3782 766/1269/3782
f 774/1276/3783 770/1326/3783 771/1332/3783
f 771/1332/3784 772/1274/3784 774/1276/3784
f 775/1277/3785 776/1312/3785 777/1278/3785
f 783/1282/3786 779/4879/3786 780/1280/3786
f 780/1280/3787 781/1309/3787 782/1281/3787
f 788/1286/3788 789/1313/3788 790/1287/3788
f 791/1289/3789 792/1305/3789 793/1290/3789
f 804/1297/3790 800/1336/3790 801/1337/3790
f 801/1337/3791 802/1295/3791 804/1297/3791
f 779/1304/3792 783/1308/3792 792/1305/3792
f 782/1306/3793 760/4880/3793 762/1307/3793
f 805/1298/3794 807/1300/3794 782/1281/3794
f 808/1310/3795 810/4881/3795 807/1300/3795
f 809/1302/3796 761/1266/3796 760/1265/3796
f 753/1258/3797 748/1253/3797 750/1255/3797
f 762/1267/3798 761/1266/3798 750/1255/3798
f 748/1253/3799 775/4882/3799 778/1311/3799
f 793/1290/3800 792/1305/3800 778/1279/3800
f 787/1288/1400 790/1287/1400 777/1278/1400
f 794/1291/1401 793/1290/1401 790/1287/1401
f 767/1271/3801 769/1273/3801 789/1314/3801
f 768/1316/3802 791/1289/3802 794/1291/3802
f 767/1271/3803 763/1270/3803 766/1269/3803
f 765/1318/3804 745/1250/3804 747/1252/3804
f 746/1251/3805 780/1341/3805 779/1319/3805
f 781/1309/3806 780/1280/3806 785/1284/3806
f 786/1285/3807 806/1299/3807 805/1298/3807
f 757/1320/3808 759/1348/3808 786/1285/3808
f 809/1302/3809 808/1301/3809 799/1321/3809
f 752/1257/3810 751/1256/3810 798/1322/3810
f 770/1326/3811 774/1276/3811 755/1327/3811
f 756/1261/3812 755/1260/3812 753/1329/3812
f 776/1330/3813 775/1343/3813 774/1276/3813
f 772/1274/3814 788/4883/3814 787/1331/3814
f 771/1332/3815 764/1355/3815 763/1333/3815
f 770/1326/3816 795/1347/3816 797/1334/3816
f 765/1335/3817 764/4884/3817 797/1294/3817
f 800/1336/3818 759/1264/3818 758/1263/3818
f 746/1338/3819 745/1339/3819 758/1263/3819
f 796/1293/3820 795/1292/3820 754/1259/3820
f 802/1295/1425 801/1337/1425 745/1339/1425
f 800/1336/3821 804/1297/3821 752/1323/3821
f 803/1296/1437 756/1261/1437 752/1323/1437
f 802/1295/3822 796/1293/3822 756/1261/3822
f 816/1357/3823 817/1410/3823 818/1358/3823
f 825/1363/3824 826/1450/3824 827/1364/3824
f 833/1368/3825 829/1421/3825 831/1366/3825
f 829/1421/3826 830/1462/3826 831/1366/3826
f 836/1369/3827 837/1446/3827 838/1370/3827
f 838/1433/3828 839/1430/3828 840/1432/3828
f 840/1371/3829 841/1428/3829 836/1369/3829
f 846/4885/3830 842/1420/3830 843/1443/3830
f 843/1443/3831 844/1445/3831 846/4885/3831
f 851/1442/3832 847/1376/3832 850/1375/3832
f 847/4886/3833 848/1453/3833 849/1456/3833
f 856/1380/3834 852/1471/3834 853/4887/3834
f 853/4887/3835 854/1378/3835 856/1380/3835
f 864/1386/3836 860/1431/3836 861/1384/3836
f 862/4888/3837 863/1407/3837 864/1409/3837
f 865/1412/3838 866/1411/3838 868/4889/3838
f 866/1411/3839 867/1413/3839 868/4889/3839
f 868/4890/3840 869/1387/3840 865/1389/3840
f 875/1392/3841 871/1422/3841 872/1424/3841
f 872/1424/3842 873/1390/3842 875/1392/3842
f 877/1393/3843 878/4891/3843 879/1394/3843
f 819/1359/3844 812/1405/3844 813/1402/3844
f 857/1403/3845 852/1471/3845 856/1380/3845
f 855/1379/3846 813/1402/3846 812/1405/3846
f 860/1406/3847 864/1409/3847 855/1379/3847
f 863/1407/3848 834/1414/3848 835/1408/3848
f 817/1410/3849 816/1357/3849 866/1411/3849
f 867/1413/3850 866/1411/3850 835/1408/3850
f 862/1385/3851 868/1472/3851 867/1415/3851
f 819/1417/3852 818/1419/3852 859/1383/3852
f 817/1418/3853 829/1421/3853 833/1368/3853
f 842/4892/3854 846/1374/3854 865/1459/3854
f 845/1373/3855 830/1462/3855 829/1421/3855
f 871/1422/1485 853/1468/1485 852/1423/1485
f 873/1425/3856 872/1470/3856 857/1403/3856
f 874/1427/3857 873/1467/3857 833/1368/3857
f 875/1392/1488 836/1369/1488 841/1428/1488
f 854/1429/1489 853/1468/1489 841/1428/1489
f 839/1430/1490 861/1384/1490 860/1431/1490
f 883/1399/1491 885/1401/1491 839/1430/1491
f 862/1385/3858 861/1384/3858 885/1401/3858
f 876/1395/3859 879/1394/3859 884/1400/3859
f 869/1387/3860 868/4890/3860 879/1434/3860
f 870/1388/3861 869/1387/3861 815/1436/3861
f 815/1436/3862 843/1443/3862 842/1420/3862
f 820/1438/3863 822/1461/3863 845/1373/3863
f 821/4893/3864 831/1366/3864 830/1462/3864
f 832/1440/3865 831/4894/3865 848/1441/3865
f 851/1442/1500 875/1392/1500 874/1391/1500
f 843/1443/3866 878/1435/3866 877/1444/3866
f 837/1446/3867 836/1369/3867 851/1442/3867
f 824/1447/3868 838/1433/3868 837/1448/3868
f 821/1361/3869 820/1360/3869 826/1450/3869
f 876/1451/3870 827/1364/3870 826/1450/3870
f 828/1365/3871 849/1456/3871 848/1453/3871
f 824/1454/3872 823/1464/3872 881/1397/3872
f 882/1398/3873 881/1397/3873 850/1455/3873
f 880/1396/3874 882/1398/3874 828/1365/3874
f 890/1535/3875 886/1474/3875 889/1473/3875
f 886/1525/3876 887/1524/3876 888/1567/3876
f 898/1482/3877 899/1564/3877 900/1483/3877
f 902/1485/3878 903/1526/3878 904/1486/3878
f 909/1530/3879 905/1489/3879 908/1488/3879
f 905/4895/3880 906/1545/3880 907/1546/3880
f 922/1533/3881 918/1498/3881 921/1497/3881
f 918/1498/3882 919/1542/3882 920/1499/3882
f 924/1500/3883 925/1552/3883 926/1501/3883
f 927/4896/3884 928/1563/3884 929/4897/3884
f 929/4898/3885 930/1503/3885 927/1505/3885
f 938/1512/3886 939/1557/3886 940/1513/3886
f 945/1515/3887 946/1534/3887 947/1516/3887
f 901/1487/1563 904/1486/1563 887/1524/1563
f 903/1526/3888 935/1509/3888 937/1511/3888
f 936/1510/3889 888/1567/3889 887/1524/3889
f 902/1527/3890 905/1575/3890 909/1528/3890
f 936/1510/3891 935/1509/3891 909/1530/3891
f 915/1494/3892 917/1496/3892 908/1531/3892
f 944/1517/1569 918/1498/1569 922/1533/1569
f 886/1474/1570 890/1535/1570 922/1533/1570
f 946/1534/1571 945/1515/1571 890/1535/1571
f 920/1536/3893 902/1527/3893 901/1537/3893
f 932/1506/3894 934/1508/3894 917/1496/3894
f 933/1507/3895 889/4899/3895 888/1539/3895
f 932/1540/3896 947/1516/3896 946/1534/3896
f 919/1542/3897 891/1569/3897 893/1543/3897
f 892/1477/3898 942/4900/3898 943/1544/3898
f 906/1545/3899 905/4895/3899 949/1519/3899
f 950/1520/3900 927/1505/3900 931/1504/3900
f 907/1546/1580 906/1545/1580 931/1504/1580
f 929/1547/3901 916/1495/3901 915/1494/3901
f 894/1549/3902 923/4901/3902 926/1550/3902
f 925/1552/3903 944/1517/3903 947/1516/3903
f 919/1542/3904 918/1498/3904 925/1552/3904
f 923/1553/3905 938/1512/3905 941/1514/3905
f 892/1555/3906 891/4902/3906 941/1514/3906
f 900/1483/3907 912/1560/3907 914/1556/3907
f 943/1544/3908 942/4900/3908 914/1493/3908
f 939/1557/3909 898/1482/3909 897/1484/3909
f 910/1558/3910 911/4903/3910 913/1559/3910
f 950/4904/3911 949/1574/3911 911/1576/3911
f 928/1563/3912 927/4896/3912 900/1483/3912
f 898/1482/3913 951/1521/3913 953/1523/3913
f 952/1522/3914 929/4897/3914 928/1563/3914
f 951/4905/3915 896/4906/3915 895/4907/3915
f 894/1479/3916 896/1481/3916 939/1557/3916
f 954/1577/3917 955/1642/3917 956/1578/3917
f 958/1580/3918 959/1631/3918 960/1581/3918
f 963/4908/3919 964/1652/3919 965/4909/3919
f 970/1586/3920 971/1620/3920 972/1587/3920
f 978/1591/3921 974/1655/3921 975/1662/3921
f 975/1662/3922 976/1589/3922 978/1591/3922
f 983/1595/3923 984/1644/3923 985/1596/3923
f 987/1598/3924 988/4910/3924 989/1599/3924
f 994/4911/3925 990/1602/3925 993/1601/3925
f 990/1602/3926 991/1656/3926 992/1603/3926
f 999/1606/3927 995/1633/3927 996/1673/3927
f 996/1673/3928 997/1604/3928 999/1606/3928
f 1006/1610/3929 1007/1622/3929 1008/1611/3929
f 973/1588/3930 995/4912/3930 999/1619/3930
f 971/1620/3931 970/1586/3931 1006/1610/3931
f 998/1621/3932 1009/1613/3932 1011/1615/3932
f 1007/1622/3933 1006/1610/3933 1011/1615/3933
f 982/1623/3934 1008/1611/3934 1007/1622/3934
f 986/1600/3935 989/1599/3935 982/1597/3935
f 1005/1612/3936 1008/1611/3936 989/1625/3936
f 1019/1627/3937 972/1669/3937 971/1628/3937
f 1014/1618/3938 958/1580/3938 961/1582/3938
f 973/1630/1654 972/1669/1654 961/1582/1654
f 959/1631/3939 1002/1672/3939 1004/1632/3939
f 1003/1608/3940 996/1673/3940 995/1633/3940
f 1002/1607/3941 962/1585/3941 965/1584/3941
f 997/1604/3942 996/1673/3942 1017/1634/3942
f 998/1636/3943 997/1675/3943 966/1637/3943
f 1000/1639/3944 1001/1640/3944 967/1638/3944
f 1000/1639/3945 954/1577/3945 957/1579/3945
f 1010/1641/3946 1009/1665/3946 957/1579/3946
f 955/1642/3947 984/1667/3947 983/1643/3947
f 979/1592/3948 981/1594/3948 985/1596/3948
f 1015/1645/3949 1016/1646/3949 981/1594/3949
f 987/1598/3950 986/1600/3950 1016/1646/3950
f 1012/1616/3951 988/1682/3951 987/4913/3951
f 979/1592/3952 990/4914/3952 994/1649/3952
f 1014/1618/3953 1013/1617/3953 994/1650/3953
f 964/1652/3954 963/4908/3954 993/1601/3954
f 959/1631/3955 958/1580/3955 963/1653/3955
f 974/1655/3956 978/1591/3956 992/1603/3956
f 977/1590/3957 965/4909/3957 964/1652/3957
f 1018/1635/3958 1017/1634/3958 977/1657/3958
f 955/1642/3959 954/1577/3959 976/1659/3959
f 974/1655/3960 968/4915/3960 969/1661/3960
f 991/1656/3961 990/1602/3961 969/1661/3961
f 1012/1616/3962 1019/1627/3962 1020/1629/3962
f 1022/1683/3963 1023/1738/3963 1024/1684/3963
f 1037/1694/3964 1033/1767/3964 1034/1768/3964
f 1034/1768/3965 1035/1692/3965 1037/1694/3965
f 1042/1697/3966 1038/4916/3966 1039/1747/3966
f 1039/1747/3967 1040/1695/3967 1042/1697/3967
f 1059/1732/3968 1060/1731/3968 1061/1742/3968
f 1068/1740/3969 1063/1789/3969 1064/4917/3969
f 1064/1790/3970 1065/1743/3970 1066/1745/3970
f 1066/1714/3971 1067/1741/3971 1068/1715/3971
f 1072/1770/3972 1073/1769/3972 1074/1763/3972
f 1074/1763/3973 1075/1765/3973 1072/1770/3973
f 1075/1762/3974 1076/1719/3974 1072/1721/3974
f 1079/1722/3975 1080/1752/3975 1081/1723/3975
f 1030/1689/3976 1032/1691/3976 1046/1728/3976
f 1047/1730/3977 1046/1780/3977 1060/1731/3977
f 1062/1712/3978 1082/1785/3978 1083/1733/3978
f 1084/1725/3979 1031/1690/3979 1030/1689/3979
f 1021/4918/3980 1024/4919/3980 1084/4919/3980
f 1023/1738/3981 1032/1774/3981 1031/4920/3981
f 1028/1737/3982 1029/1773/3982 1023/1738/3982
f 1021/1685/3983 1078/1777/3983 1081/1739/3983
f 1053/1704/3984 1063/1789/3984 1068/1740/3984
f 1067/1741/3985 1029/1773/3985 1028/1737/3985
f 1061/1742/3986 1060/1731/3986 1067/1741/3986
f 1065/1743/1740 1038/1783/1740 1042/1744/1740
f 1062/1712/3987 1061/1711/3987 1042/1697/3987
f 1083/1733/3988 1082/1785/3988 1041/1696/3988
f 1033/1746/3989 1037/1779/3989 1040/1695/3989
f 1036/1693/3990 1025/1778/3990 1027/1748/3990
f 1086/1727/3991 1085/1726/3991 1027/1749/3991
f 1025/1686/3992 1079/4921/3992 1078/1751/3992
f 1050/1701/3993 1081/1723/3993 1080/1752/3993
f 1036/1693/3994 1035/1692/3994 1080/1753/3994
f 1052/1703/3995 1055/1706/3995 1054/1705/3995
f 1053/1704/3996 1055/1706/3996 1070/1717/3996
f 1071/1755/1751 1064/1790/1751 1063/1756/1751
f 1043/4922/3997 1045/1788/3997 1052/1703/3997
f 1070/1760/3998 1072/1721/3998 1077/1720/3998
f 1065/1743/1754 1064/1790/1754 1077/1720/1754
f 1039/1761/3999 1038/1783/3999 1076/1719/3999
f 1074/1763/4000 1048/1766/4000 1049/1764/4000
f 1048/1766/4001 1034/1768/4001 1033/1767/4001
f 1034/1768/4002 1056/1707/4002 1058/1709/4002
f 1057/1708/4003 1044/1699/4003 1043/1698/4003
f 1074/1763/4004 1073/1769/4004 1057/1708/4004
f 1045/1700/4005 1044/1699/4005 1073/1769/4005
f 1089/1791/4006 1090/1878/4006 1091/1792/4006
f 1093/1794/4007 1094/1845/4007 1095/1795/4007
f 1097/1797/4008 1098/1863/4008 1099/1798/4008
f 1107/4923/4009 1108/1854/4009 1109/1856/4009
f 1110/1809/4010 1111/1853/4010 1112/1810/4010
f 1119/1873/4011 1120/1872/4011 1121/1874/4011
f 1127/1900/4012 1123/1849/4012 1124/1848/4012
f 1124/1848/4013 1125/1884/4013 1127/1900/4013
f 1129/1821/4014 1130/4924/4014 1131/1822/4014
f 1135/1827/4015 1136/1871/4015 1137/1828/4015
f 1140/1830/4016 1141/1890/4016 1142/1831/4016
f 1149/4925/4017 1145/4926/4017 1146/1866/4017
f 1146/4927/4018 1147/1833/4018 1149/1835/4018
f 1150/1836/4019 1151/1846/4019 1152/1837/4019
f 1128/1823/4020 1150/1901/4020 1153/1842/4020
f 1114/1843/4021 1115/1850/4021 1153/1838/4021
f 1132/1824/4022 1134/1826/4022 1128/1823/4022
f 1133/1825/4023 1145/1892/4023 1149/1844/4023
f 1148/1834/4024 1151/1846/4024 1150/1836/4024
f 1092/1796/1817 1095/1795/1817 1148/1834/1817
f 1094/1845/4025 1152/1837/4025 1151/1846/4025
f 1110/1847/4026 1113/1897/4026 1124/1848/4026
f 1115/1850/4027 1114/1843/4027 1113/1851/4027
f 1111/1853/4028 1106/1808/4028 1109/1807/4028
f 1108/4928/4029 1130/4928/4029 1129/4929/4029
f 1107/4930/4030 1116/1812/4030 1118/1814/4030
f 1117/1813/4031 1131/1822/4031 1130/4924/4031
f 1096/1862/4032 1099/1889/4032 1117/1813/4032
f 1098/1863/4033 1154/1891/4033 1156/1864/4033
f 1133/1825/4034 1132/1824/4034 1156/1841/4034
f 1154/1839/4035 1103/4931/4035 1105/1865/4035
f 1146/1866/4036 1145/4926/4036 1105/1805/4036
f 1147/1867/4037 1146/1866/4037 1101/1868/4037
f 1093/1870/4038 1092/4932/4038 1100/1800/4038
f 1135/1827/4039 1094/1886/4039 1093/1870/4039
f 1107/1806/4040 1106/1808/4040 1120/1872/4040
f 1121/1874/4041 1120/1872/4041 1111/1853/4041
f 1122/1817/4042 1097/1797/4042 1096/1799/4042
f 1139/1832/4043 1088/4933/4043 1091/1875/4043
f 1097/1797/4044 1141/1890/4044 1140/1830/4044
f 1104/1804/4045 1103/1803/4045 1091/1876/4045
f 1142/1831/4046 1141/1890/4046 1122/1817/4046
f 1089/1791/4047 1102/1802/4047 1101/1801/4047
f 1088/1793/4048 1143/1881/4048 1144/1879/4048
f 1139/1880/4049 1142/1899/4049 1144/1879/4049
f 1137/1828/1847 1136/1871/1847 1102/1802/1847
f 1144/1879/4050 1138/1829/4050 1137/1828/4050
f 1125/1884/1852 1124/1848/1852 1114/1885/1852
f 1135/1827/4051 1126/4934/4051 1125/1884/4051
f 1126/4934/4052 1135/1827/4052 1127/1900/4052
f 1135/1827/4053 1138/1829/4053 1144/1879/4053
f 1087/1896/4054 1123/1849/4054 1127/1900/4054
f 1174/1968/4055 1170/4935/4055 1173/1969/4055
f 1170/4935/4056 1171/4936/4056 1173/1969/4056
f 1188/1991/4057 1189/1992/4057 1190/4937/4057
f 1195/4938/4058 1191/1931/4058 1194/1930/4058
f 1191/1931/4059 1192/1980/4059 1193/1932/4059
f 1197/1933/4060 1198/1985/4060 1199/1934/4060
f 1203/1939/4061 1204/4939/4061 1205/1940/4061
f 1211/1944/4062 1207/1957/4062 1208/1942/4062
f 1208/1942/4063 1209/1964/4063 1210/1943/4063
f 1213/1945/4064 1214/1988/4064 1215/1946/4064
f 1217/4940/4065 1218/1994/4065 1219/4941/4065
f 1224/1979/4066 1220/1952/4066 1223/1951/4066
f 1220/1952/4067 1221/4942/4067 1222/1953/4067
f 1229/1956/4068 1225/2011/4068 1226/1954/4068
f 1226/1954/4069 1227/1962/4069 1228/1955/4069
f 1207/1957/4070 1211/1944/4070 1204/1958/4070
f 1210/1943/4071 1164/2001/4071 1166/1960/4071
f 1206/1941/1900 1225/2011/1900 1229/1956/1900
f 1228/1955/1901 1208/2009/1901 1207/1961/1901
f 1227/1962/1902 1191/4943/1902 1195/1963/1902
f 1209/1964/1903 1208/1942/1903 1195/1965/1903
f 1193/1967/1904 1170/4935/1904 1174/1968/1904
f 1173/1969/4072 1210/1943/4072 1209/1964/4072
f 1180/1921/4073 1205/2007/4073 1204/1970/4073
f 1165/1909/4074 1179/1920/4074 1178/1919/4074
f 1181/1911/4075 1183/1923/4075 1173/1915/4075
f 1165/1973/4076 1164/4944/4076 1183/1923/4076
f 1167/1911/4077 1169/1913/4077 1182/1922/4077
f 1196/1935/4078 1199/1934/4078 1169/1913/4078
f 1206/1941/4079 1205/1940/4079 1217/1948/4079
f 1226/1954/4080 1225/2011/4080 1216/1950/4080
f 1227/1962/4081 1226/1954/4081 1221/1977/4081
f 1224/1979/1915 1192/1980/1915 1191/1931/1915
f 1161/1905/4082 1163/1907/4082 1224/1979/4082
f 1162/1906/1917 1193/1932/1917 1192/1980/1917
f 1184/1924/4083 1186/1926/4083 1162/1906/4083
f 1185/1981/4084 1171/1914/4084 1170/1982/4084
f 1167/1911/4085 1172/1911/4085 1171/1914/4085
f 1212/1984/4086 1215/4945/4086 1199/1934/4086
f 1214/1986/4087 1180/1921/4087 1179/1920/4087
f 1158/1902/4088 1160/1904/4088 1214/1988/4088
f 1184/1924/4089 1187/1929/4089 1190/1928/4089
f 1189/1989/4090 1197/1933/4090 1196/1935/4090
f 1188/1991/4091 1175/1916/4091 1177/1918/4091
f 1198/1993/1927 1197/2006/1927 1177/1918/1927
f 1175/1916/4092 1213/1945/4092 1212/1947/4092
f 1218/1994/4093 1217/4940/4093 1160/1904/4093
f 1200/1936/4094 1202/1938/4094 1159/1903/4094
f 1201/1937/4095 1219/4941/4095 1218/1994/4095
f 1200/1936/4096 1222/2005/4096 1221/1995/4096
f 1223/1951/4097 1222/1953/4097 1188/1927/4097
f 1230/2012/4098 1231/2083/4098 1232/2013/4098
f 1236/2015/4099 1237/2092/4099 1238/2016/4099
f 1240/2018/4100 1241/2120/4100 1242/2019/4100
f 1244/2021/4101 1245/2108/4101 1246/2022/4101
f 1248/2024/4102 1249/2101/4102 1250/2025/4102
f 1256/2030/4103 1257/4946/4103 1258/2031/4103
f 1264/2033/4104 1265/2084/4104 1266/2034/4104
f 1267/2036/4105 1268/2078/4105 1269/2037/4105
f 1277/2045/4106 1278/2082/4106 1279/2046/4106
f 1281/2048/4107 1282/2100/4107 1283/2049/4107
f 1289/2053/4108 1285/2074/4108 1287/2051/4108
f 1285/2074/4109 1286/2073/4109 1287/2051/4109
f 1294/2056/4110 1290/4947/4110 1292/2054/4110
f 1290/4947/4111 1291/2088/4111 1292/2054/4111
f 1300/2059/4112 1295/2066/4112 1296/2057/4112
f 1296/2116/4113 1297/2087/4113 1298/2089/4113
f 1298/2058/4114 1299/2069/4114 1300/2059/4114
f 1255/2032/4115 1240/2118/4115 1243/2063/4115
f 1274/2042/4116 1257/2126/4116 1256/2064/4116
f 1242/2019/4117 1277/2121/4117 1280/2065/4117
f 1276/2044/4118 1275/2043/4118 1280/2047/4118
f 1295/2066/4119 1300/2059/4119 1262/2067/4119
f 1299/2069/4120 1274/2042/4120 1276/2044/4120
f 1258/2031/4121 1257/4946/4121 1299/2070/4121
f 1241/2072/1994 1240/2118/1994 1286/2073/1994
f 1287/2051/4122 1286/2073/4122 1255/2032/4122
f 1289/2075/4123 1267/2036/4123 1270/2038/4123
f 1242/2019/4124 1241/2120/4124 1270/2038/4124
f 1271/2077/4125 1273/2080/4125 1269/2037/4125
f 1278/2079/4126 1277/2121/4126 1273/2080/4126
f 1230/2012/4127 1279/2046/4127 1278/2082/4127
f 1263/2035/4128 1266/2034/4128 1230/2012/4128
f 1265/2084/4129 1261/2068/4129 1262/2067/4129
f 1264/2033/2003 1296/2057/2003 1295/2066/2003
f 1288/2052/4130 1287/2051/4130 1291/2085/4130
f 1297/2087/4131 1292/2054/4131 1291/2088/4131
f 1263/2035/4132 1248/2113/4132 1251/2090/4132
f 1250/2025/4133 1236/2105/4133 1239/2091/4133
f 1297/2087/4134 1296/2116/4134 1239/2017/4134
f 1237/2092/2009 1293/2055/2009 1292/2054/2009
f 1252/2027/4135 1254/2029/4135 1290/2093/4135
f 1253/2028/4136 1289/2125/4136 1288/2095/4136
f 1244/2021/4137 1247/2023/4137 1253/2028/4137
f 1268/2096/4138 1267/2122/4138 1247/2023/4138
f 1260/2097/4139 1281/2048/4139 1284/2050/4139
f 1283/2049/4140 1272/2040/4140 1271/2039/4140
f 1232/2099/4141 1231/2111/4141 1283/2049/4141
f 1281/2048/4142 1250/2025/4142 1249/2101/4142
f 1233/2102/2018 1232/2099/2018 1249/2101/2018
f 1301/2103/4143 1303/4948/4143 1237/2104/4143
f 1302/2061/4144 1294/2094/4144 1293/2106/4144
f 1259/2098/4145 1234/2109/4145 1235/2107/4145
f 1245/2108/4146 1244/2021/4146 1302/2061/4146
f 1234/2109/4147 1246/2114/4147 1245/2110/4147
f 1306/2128/4148 1307/2199/4148 1308/2129/4148
f 1311/2131/4149 1312/2207/4149 1313/2132/4149
f 1319/2136/4150 1315/2209/4150 1317/2134/4150
f 1315/2209/4151 1316/2216/4151 1317/2134/4151
f 1320/2137/4152 1321/4949/4152 1322/2138/4152
f 1324/4950/4153 1325/2176/4153 1326/4951/4153
f 1335/2149/4154 1336/2179/4154 1337/2150/4154
f 1342/2174/4155 1343/2187/4155 1344/4952/4155
f 1347/2155/4156 1348/2186/4156 1349/2156/4156
f 1351/2158/4157 1352/2194/4157 1353/2159/4157
f 1366/4953/4158 1362/2185/4158 1363/2222/4158
f 1363/2167/4159 1364/2188/4159 1365/2168/4159
f 1361/2166/4160 1324/2140/4160 1327/2142/4160
f 1326/2170/4161 1354/2180/4161 1355/2171/4161
f 1325/2173/4162 1324/2140/4162 1342/2174/4162
f 1333/2148/4163 1326/4951/4163 1325/2176/4163
f 1341/2177/4164 1334/2151/4164 1337/2150/4164
f 1336/2179/4165 1355/2171/4165 1354/2180/4165
f 1360/2165/4166 1359/2164/4166 1336/2181/4166
f 1334/2183/4167 1346/2157/4167 1349/2156/4167
f 1362/2185/4168 1366/4953/4168 1349/2156/4168
f 1361/2166/4169 1360/2165/4169 1366/2169/4169
f 1343/2187/4170 1342/2174/4170 1365/2168/4170
f 1328/2143/4171 1356/2161/4171 1358/2163/4171
f 1343/2189/4172 1330/2145/4172 1329/2144/4172
f 1345/2191/4173 1344/4954/4173 1351/2158/4173
f 1332/2147/4174 1331/2146/4174 1350/2160/4174
f 1363/2192/4175 1328/2143/4175 1330/2145/4175
f 1352/2194/2090 1320/2137/2090 1323/2139/2090
f 1333/2148/4176 1332/2147/4176 1323/2139/4176
f 1309/2195/4177 1310/2218/4177 1305/2196/4177
f 1306/2198/4178 1305/2196/4178 1341/2177/4178
f 1307/2199/4179 1306/2128/4179 1322/2200/4179
f 1338/2202/4180 1339/2206/4180 1310/2203/4180
f 1347/2205/4181 1346/4955/4181 1339/2206/4181
f 1348/2186/4182 1347/2155/4182 1312/2207/4182
f 1314/2133/4183 1363/2222/4183 1362/2185/4183
f 1357/2208/4184 1356/2221/4184 1314/2133/4184
f 1315/2209/4185 1319/2136/4185 1313/2210/4185
f 1318/2212/4186 1358/2163/4186 1357/2162/4186
f 1352/2214/4187 1351/2224/4187 1318/2212/4187
f 1316/2216/2103 1321/2201/2103 1320/2217/2103
f 1315/2209/4188 1308/2129/4188 1307/2199/4188
f 1368/2234/4189 1369/2313/4189 1370/2235/4189
f 1372/2237/4190 1373/2324/4190 1374/2238/4190
f 1379/2242/4191 1375/2288/4191 1376/2240/4191
f 1376/2240/4192 1377/4956/4192 1378/2241/4192
f 1382/2243/4193 1383/2329/4193 1384/2244/4193
f 1387/2246/4194 1388/2317/4194 1389/2247/4194
f 1394/2251/4195 1390/2321/4195 1391/2249/4195
f 1391/2249/4196 1392/2327/4196 1393/2250/4196
f 1396/2252/4197 1397/4957/4197 1398/2253/4197
f 1399/2309/4198 1400/2308/4198 1401/2323/4198
f 1406/2261/4199 1407/2303/4199 1408/2262/4199
f 1410/2264/4200 1411/2322/4200 1412/2265/4200
f 1418/2269/4201 1414/2290/4201 1415/2301/4201
f 1415/2301/4202 1416/2267/4202 1418/2269/4202
f 1421/2270/4203 1422/2330/4203 1423/2271/4203
f 1428/2276/4204 1429/2318/4204 1430/2277/4204
f 1432/2279/4205 1433/2310/4205 1434/2280/4205
f 1440/2285/4206 1441/2294/4206 1442/2286/4206
f 1375/2288/4207 1380/2291/4207 1381/2289/4207
f 1414/2290/4208 1418/2269/4208 1381/2289/4208
f 1417/2268/4209 1439/2354/4209 1442/2292/4209
f 1436/2293/4210 1438/2353/4210 1417/2268/4210
f 1437/2283/4211 1440/2285/4211 1439/2287/4211
f 1441/2294/4212 1440/2285/4212 1425/2273/4212
f 1432/2295/4213 1442/2286/4213 1441/2294/4213
f 1435/2281/4214 1377/2299/4214 1376/2297/4214
f 1379/2242/4215 1378/2241/4215 1396/2252/4215
f 1406/2261/4216 1409/2263/4216 1378/2298/4216
f 1419/2300/4217 1420/2302/4217 1395/2254/4217
f 1419/2300/4218 1416/2267/4218 1415/2301/4218
f 1375/2288/4219 1379/2242/4219 1415/2301/4219
f 1407/2303/4220 1406/2261/4220 1435/2281/4220
f 1386/2248/4221 1437/2345/4221 1436/2304/4221
f 1389/2247/4222 1410/2347/4222 1413/2305/4222
f 1426/2306/4223 1425/4958/4223 1413/2266/4223
f 1427/2307/4224 1426/2306/4224 1400/2308/4224
f 1402/2257/4225 1434/2280/4225 1433/2310/4225
f 1401/2256/4226 1408/2262/4226 1407/2303/4226
f 1371/2239/4227 1409/2335/4227 1408/2311/4227
f 1367/2236/4228 1370/2235/4228 1371/2239/4228
f 1397/2312/4229 1396/2336/4229 1370/2235/4229
f 1368/2314/4230 1428/2276/4230 1431/2278/4230
f 1430/2277/4231 1398/2343/4231 1397/2316/4231
f 1388/2317/4232 1387/2246/4232 1430/2277/4232
f 1428/2276/4233 1421/2270/4233 1424/2272/4233
f 1389/2247/4234 1388/2317/4234 1424/2272/4234
f 1411/2322/4235 1410/2264/4235 1404/4959/4235
f 1390/2321/4236 1412/2265/4236 1411/2322/4236
f 1401/2323/4237 1400/2308/4237 1390/2321/4237
f 1373/2324/4238 1372/2237/4238 1394/2325/4238
f 1392/2327/2188 1382/4960/2188 1385/2328/2188
f 1384/2244/4239 1374/2238/4239 1373/2324/4239
f 1383/2329/4240 1368/2234/4240 1367/2236/4240
f 1422/2330/4241 1421/2270/4241 1383/2331/4241
f 1391/2333/4242 1423/2271/4242 1422/2330/4242
f 1423/2271/2217 1405/4961/2217 1404/2346/2217
f 1403/2348/2219 1405/4961/2219 1423/2271/2219
f 1444/2355/4243 1445/2417/4243 1446/2356/4243
f 1447/2358/4244 1448/2416/4244 1449/2359/4244
f 1455/2363/4245 1451/2433/4245 1452/2451/4245
f 1452/2451/4246 1453/2361/4246 1455/2363/4246
f 1460/2366/4247 1456/2460/4247 1457/2425/4247
f 1457/2425/4248 1458/2364/4248 1460/2366/4248
f 1467/2373/4249 1468/2413/4249 1469/2374/4249
f 1475/2427/4250 1471/4962/4250 1474/2378/4250
f 1471/4962/4251 1472/2376/4251 1474/2378/4251
f 1476/2379/4252 1477/4963/4252 1478/2380/4252
f 1490/2390/4253 1486/2412/4253 1488/2388/4253
f 1486/4964/4254 1487/2426/4254 1488/2428/4254
f 1491/4965/4255 1492/2415/4255 1493/2453/4255
f 1493/2453/4256 1494/2418/4256 1491/4965/4256
f 1499/2397/4257 1500/2441/4257 1501/2398/4257
f 1507/2432/4258 1503/2429/4258 1504/4966/4258
f 1504/4966/4259 1505/4967/4259 1507/2432/4259
f 1514/4968/4260 1515/2440/4260 1516/2419/4260
f 1516/4969/4261 1517/2409/4261 1514/2411/4261
f 1486/2412/4262 1490/2390/4262 1467/2373/4262
f 1489/2389/2249 1491/2393/2249 1495/2392/2249
f 1468/2413/4263 1467/2373/4263 1495/2392/4263
f 1447/2414/4264 1450/2454/4264 1489/2389/4264
f 1492/2415/2252 1491/4965/2252 1450/2360/2252
f 1448/2416/4265 1443/2357/4265 1446/2356/4265
f 1445/2417/2254 1493/2453/2254 1492/2415/2254
f 1444/2355/4266 1514/2411/4266 1518/2410/4266
f 1494/2418/4267 1493/2453/4267 1518/2410/4267
f 1516/2419/4268 1499/2397/4268 1502/2399/4268
f 1501/2421/4269 1469/2374/4269 1468/2413/4269
f 1480/2423/4270 1470/2375/4270 1469/2374/4270
f 1457/2425/4271 1456/2460/4271 1480/2382/4271
f 1487/2426/4272 1486/4964/4272 1497/2395/4272
f 1498/2396/2262 1471/4962/2262 1475/2427/2262
f 1488/2428/4273 1487/2426/4273 1475/2427/4273
f 1503/2429/4274 1507/2432/4274 1474/2378/4274
f 1506/2430/4275 1448/4970/4275 1447/2431/4275
f 1444/2355/4276 1443/2357/4276 1506/2401/4276
f 1451/2433/4277 1455/2363/4277 1505/2434/4277
f 1515/2436/4278 1514/2411/4278 1455/2437/4278
f 1508/2439/4279 1510/2455/4279 1454/2362/4279
f 1509/2404/4280 1516/2419/4280 1515/2440/4280
f 1513/2408/4281 1476/2379/4281 1479/2381/4281
f 1501/2398/4282 1500/2441/4282 1479/2381/4282
f 1512/2407/4283 1511/2406/4283 1500/2441/4283
f 1513/2408/4284 1512/2407/4284 1509/2404/4284
f 1461/2367/4285 1463/2369/4285 1478/2442/4285
f 1462/2368/4286 1482/2384/4286 1481/2383/4286
f 1483/2385/4287 1485/2387/4287 1462/2368/4287
f 1484/2386/4288 1498/2468/4288 1497/2444/4288
f 1472/2376/4289 1471/4962/4289 1484/2445/4289
f 1473/2377/4290 1472/2376/4290 1465/2447/4290
f 1466/2449/2281 1504/4966/2281 1503/2429/2281
f 1465/2371/4291 1452/2451/4291 1451/2433/4291
f 1476/2450/4292 1453/2361/4292 1452/2451/4292
f 1460/2366/2301 1486/2462/2301 1470/2461/2301
f 1459/2365/2302 1497/2444/2302 1486/2462/2302
f 1485/2387/2303 1458/2364/2303 1457/2425/2303
f 1497/2444/2304 1459/2365/2304 1458/2364/2304
f 1522/2474/4293 1523/2549/4293 1524/2475/4293
f 1530/2556/4294 1526/2555/4294 1529/2479/4294
f 1526/2555/4295 1527/2477/4295 1529/2479/4295
f 1537/2486/4296 1538/2546/4296 1539/2487/4296
f 1549/2536/4297 1544/2522/4297 1545/2523/4297
f 1545/2494/4298 1546/4971/4298 1548/2492/4298
f 1546/4971/4299 1547/2534/4299 1548/2492/4299
f 1555/4972/4300 1550/4973/4300 1553/2540/4300
f 1550/4973/4301 1551/2554/4301 1552/2559/4301
f 1553/2540/4302 1550/4973/4302 1552/2559/4302
f 1561/2501/4303 1562/4974/4303 1563/2502/4303
f 1569/2506/4304 1565/2535/4304 1566/2504/4304
f 1566/2504/4305 1567/4975/4305 1568/2505/4305
f 1574/2509/4306 1570/4976/4306 1572/2507/4306
f 1570/4976/4307 1571/2564/4307 1572/2507/4307
f 1583/2525/4308 1578/4977/4308 1582/2514/4308
f 1578/4977/4309 1579/2515/4309 1582/2514/4309
f 1579/2515/4310 1580/2531/4310 1581/2513/4310
f 1588/2518/4311 1584/2544/4311 1586/2516/4311
f 1584/2544/4312 1585/2557/4312 1586/2516/4312
f 1590/2519/4313 1591/2542/4313 1592/2520/4313
f 1544/2522/2335 1541/2489/2335 1543/2491/2335
f 1542/2524/4314 1578/4977/4314 1583/2525/4314
f 1546/2527/2337 1545/2577/2337 1583/2525/2337
f 1540/2488/4315 1579/2574/4315 1578/2528/4315
f 1580/2529/4316 1579/2574/4316 1535/2484/4316
f 1536/2485/4317 1531/4978/4317 1533/2530/4317
f 1532/2481/4318 1581/2513/4318 1580/2531/4318
f 1582/2514/4319 1581/2513/4319 1566/2532/4319
f 1547/2534/2343 1546/4971/2343 1565/2535/2343
f 1544/2522/2344 1549/2536/2344 1590/2519/2344
f 1561/2501/4320 1564/2503/4320 1549/2536/4320
f 1542/2490/4321 1541/2489/4321 1589/2521/4321
f 1568/2505/2347 1550/2570/2347 1555/2497/2347
f 1554/2496/2348 1548/2492/2348 1547/2534/2348
f 1562/2538/2349 1561/4979/2349 1554/2539/2349
f 1538/2541/4322 1537/2575/4322 1592/2520/4322
f 1570/2543/4323 1574/4980/4323 1584/2544/4323
f 1573/2508/4324 1540/2488/4324 1539/2487/4324
f 1572/2507/2353 1536/2485/2353 1535/2484/2353
f 1522/2474/4325 1525/2476/4325 1591/2542/4325
f 1524/2545/4326 1539/2487/4326 1538/2546/4326
f 1585/2548/4327 1584/4981/4327 1524/2475/4327
f 1575/2510/4328 1532/4982/4328 1531/2550/4328
f 1567/2551/4329 1566/4983/4329 1575/2510/4329
f 1526/2552/4330 1568/4984/4330 1567/2551/4330
f 1551/2554/2360 1550/4973/2360 1526/2555/2360
f 1564/2503/4331 1563/2502/4331 1523/2549/4331
f 1562/2538/4332 1586/2516/4332 1585/2557/4332
f 1587/2517/2363 1586/2516/2363 1553/2540/2363
f 1558/2498/4333 1560/2500/4333 1530/2556/4333
f 1559/2499/2365 1552/2559/2365 1551/2554/2365
f 1588/2518/4334 1587/2517/4334 1559/2499/4334
f 1571/2560/4335 1570/2543/4335 1556/2561/4335
f 1519/2563/4336 1572/2507/4336 1571/2564/4336
f 1577/2512/4337 1576/2511/4337 1519/2471/4337
f 1520/2472/4338 1528/4985/4338 1527/2553/4338
f 1529/2479/4339 1528/2478/4339 1557/2562/4339
f 1598/2581/4340 1594/2633/4340 1596/2579/4340
f 1594/2666/4341 1595/2641/4341 1596/4986/4341
f 1609/2591/4342 1610/2650/4342 1611/2592/4342
f 1616/2662/4343 1617/2648/4343 1618/2647/4343
f 1623/2637/4344 1619/2601/4344 1622/2600/4344
f 1619/2634/4345 1620/2644/4345 1621/4987/4345
f 1625/2603/4346 1626/2642/4346 1627/2604/4346
f 1632/2609/4347 1633/2638/4347 1634/2610/4347
f 1635/2612/4348 1636/4988/4348 1637/2613/4348
f 1643/2618/4349 1644/2653/4349 1645/2619/4349
f 1650/4989/4350 1646/2664/4350 1648/4990/4350
f 1646/2664/4351 1647/2663/4351 1648/4990/4351
f 1652/2668/4352 1653/2652/4352 1654/2656/4352
f 1656/2626/4353 1657/4991/4353 1658/2627/4353
f 1598/2581/4354 1659/2636/4354 1661/2632/4354
f 1660/2630/4355 1631/2611/4355 1634/2610/4355
f 1619/2634/4356 1623/4992/4356 1660/2635/4356
f 1632/2609/2425 1631/2611/2425 1623/2637/2425
f 1621/2602/4357 1635/2612/4357 1638/2614/4357
f 1633/2638/4358 1632/2609/4358 1638/2614/4358
f 1624/2639/4359 1634/2610/4359 1633/2638/4359
f 1595/2641/4360 1594/2666/4360 1624/2605/4360
f 1599/2582/4361 1601/2584/4361 1627/2604/4361
f 1600/2583/4362 1596/4986/4362 1595/2641/4362
f 1597/2580/4363 1596/2579/4363 1652/2624/4363
f 1654/2625/4364 1639/2615/4364 1641/2617/4364
f 1640/2616/4365 1598/2581/4365 1597/2580/4365
f 1620/2644/4366 1619/2634/4366 1640/2616/4366
f 1612/2594/4367 1621/2673/4367 1620/2645/4367
f 1605/2588/4368 1607/2590/4368 1612/2594/4368
f 1606/2589/4369 1602/2585/4369 1604/2587/4369
f 1636/2646/4370 1635/2674/4370 1604/2587/4370
f 1615/2599/4371 1618/2598/4371 1603/2586/4371
f 1608/2593/4372 1611/2592/4372 1618/2647/4372
f 1637/2649/4373 1636/2676/4373 1611/2592/4373
f 1626/2651/4374 1625/4993/4374 1610/2650/4374
f 1653/2652/4375 1652/2668/4375 1643/2618/4375
f 1644/2653/4376 1643/2618/4376 1600/2654/4376
f 1655/2628/4377 1645/2619/4377 1644/2653/4377
f 1645/2619/4378 1628/2606/4378 1630/2608/4378
f 1654/2656/4379 1653/2652/4379 1630/2608/4379
f 1628/2657/4380 1614/2596/4380 1613/2595/4380
f 1615/2599/4381 1606/2589/4381 1605/2588/4381
f 1656/2659/4382 1609/2591/4382 1608/2593/4382
f 1658/2661/4383 1657/2660/4383 1617/2648/4383
f 1655/2628/2451 1658/2627/2451 1647/2663/2451
f 1648/2621/2467 1605/2588/2467 1614/2596/2467
f 1647/2677/2469 1616/2597/2469 1605/2588/2469
f 1628/2657/2476 1650/2623/2476 1649/2622/2476
f 1646/2664/2481 1650/4989/2481 1628/2606/2481
f 1671/2687/4384 1666/2772/4384 1668/2749/4384
f 1666/2772/4385 1667/2747/4385 1668/2749/4385
f 1668/2749/4386 1669/2685/4386 1671/2687/4386
f 1679/2738/4387 1675/4994/4387 1678/2693/4387
f 1675/4994/4388 1676/2691/4388 1678/2693/4388
f 1681/2694/4389 1682/2755/4389 1683/2695/4389
f 1685/2697/4390 1686/2764/4390 1687/2698/4390
f 1689/2777/4391 1690/2766/4391 1691/4995/4391
f 1692/2703/4392 1693/4996/4392 1694/2704/4392
f 1696/2706/4393 1697/2759/4393 1698/2707/4393
f 1702/2709/4394 1703/4997/4394 1704/2710/4394
f 1713/2717/4395 1709/4998/4395 1711/2715/4395
f 1709/4998/4396 1710/2750/4396 1711/2715/4396
f 1718/2720/4397 1714/4999/4397 1716/2718/4397
f 1714/4999/4398 1715/2752/4398 1716/2718/4398
f 1725/2723/4399 1721/2732/4399 1722/2721/4399
f 1722/2775/4400 1723/2737/4400 1724/5000/4400
f 1726/2724/4401 1727/2751/4401 1728/2725/4401
f 1702/2709/4402 1705/2711/4402 1719/2730/4402
f 1720/2731/4403 1719/2730/4403 1721/2732/4403
f 1666/2733/4404 1671/2735/4404 1705/2711/4404
f 1670/2734/4405 1722/2721/4405 1721/2732/4405
f 1675/2736/2505 1679/5001/2505 1670/2686/2505
f 1723/2737/2506 1722/2775/2506 1679/2738/2506
f 1677/2692/2507 1663/2682/2507 1665/2684/2507
f 1664/2683/4406 1724/5000/4406 1723/2737/4406
f 1726/2739/4407 1725/2723/4407 1724/2722/4407
f 1714/2741/4408 1718/2744/4408 1726/2739/4408
f 1717/2743/4409 1703/4997/4409 1702/2709/4409
f 1709/2745/4410 1713/2787/4410 1717/2719/4410
f 1712/2716/2513 1704/2773/2513 1703/2746/2513
f 1667/2747/2514 1666/2772/2514 1712/2716/2514
f 1676/2748/4411 1675/2736/4411 1706/2712/4411
f 1668/2749/4412 1707/2713/4412 1706/2712/4412
f 1710/2750/4413 1730/2727/4413 1732/2729/4413
f 1731/2728/4414 1668/2749/4414 1667/2747/4414
f 1677/2692/4415 1676/2691/4415 1689/2700/4415
f 1664/2683/4416 1663/2682/4416 1688/2702/4416
f 1692/2703/4417 1695/2705/4417 1680/2696/4417
f 1729/2726/2522 1728/2725/2522 1695/2705/2522
f 1727/2751/4418 1681/2694/4418 1680/2696/4418
f 1715/2752/2524 1714/4999/2524 1694/2753/2524
f 1682/2755/4419 1681/2694/4419 1691/2756/4419
f 1692/2758/4420 1696/2706/4420 1699/2708/4420
f 1698/2707/4421 1716/2718/4421 1715/2752/4421
f 1697/2759/4422 1700/2762/4422 1701/2760/4422
f 1710/2761/4423 1709/2745/4423 1701/2760/4423
f 1684/2763/4424 1687/2784/4424 1731/2728/4424
f 1686/2764/4425 1708/2776/4425 1707/2765/4425
f 1685/2697/4426 1672/2688/4426 1674/2690/4426
f 1690/2766/4427 1689/2777/4427 1674/2690/4427
f 1672/2688/4428 1683/2779/4428 1682/2767/4428
f 1685/2697/4429 1684/2699/4429 1697/2768/4429
f 1738/2791/4430 1734/5002/4430 1736/2789/4430
f 1734/5002/4431 1735/2887/4431 1736/2789/4431
f 1745/2795/4432 1746/2898/4432 1747/2796/4432
f 1749/2859/4433 1750/2858/4433 1751/5003/4433
f 1756/2804/4434 1757/2855/4434 1758/2805/4434
f 1760/2807/4435 1761/2877/4435 1762/2808/4435
f 1767/2812/4436 1763/2894/4436 1764/2895/4436
f 1764/2895/4437 1765/2810/4437 1767/2812/4437
f 1768/2813/4438 1769/2848/4438 1770/2814/4438
f 1773/2890/4439 1774/2889/4439 1775/5004/4439
f 1776/2819/4440 1777/2893/4440 1778/2820/4440
f 1784/5005/4441 1785/2879/4441 1786/2878/4441
f 1791/2830/4442 1787/2861/4442 1788/2867/4442
f 1788/2867/4443 1789/2828/4443 1791/2830/4443
f 1793/2831/4444 1794/2873/4444 1795/2832/4444
f 1800/2849/4445 1796/2902/4445 1799/2850/4445
f 1796/2835/4446 1797/2868/4446 1798/2836/4446
f 1806/2838/4447 1801/2851/4447 1802/2839/4447
f 1802/2839/4448 1803/5006/4448 1805/2837/4448
f 1803/5007/4449 1804/2856/4449 1805/2903/4449
f 1811/2842/4450 1807/2907/4450 1808/2840/4450
f 1808/2857/4451 1809/2860/4451 1810/5008/4451
f 1758/2906/4452 1807/2907/4452 1811/2842/4452
f 1810/2900/4453 1768/2813/4453 1771/2815/4453
f 1770/2814/4454 1756/2804/4454 1755/2806/4454
f 1769/2848/4455 1768/2813/4455 1740/2793/4455
f 1741/2794/2590 1796/2902/2590 1800/2849/2590
f 1770/2814/4456 1769/2848/4456 1800/2849/4456
f 1801/2851/2592 1748/2800/2592 1751/2799/2592
f 1750/2852/4457 1758/5009/4457 1757/2853/4457
f 1803/2854/2594 1802/5010/2594 1757/2855/2594
f 1804/2856/4458 1803/5007/4458 1799/2834/4458
f 1808/2857/4459 1807/5011/4459 1750/2858/4459
f 1809/2860/4460 1808/2857/4460 1745/2795/4460
f 1787/2861/2598 1791/2830/2598 1744/2862/2598
f 1790/2829/4461 1810/5012/4461 1809/2864/4461
f 1741/2794/4462 1740/2793/4462 1790/2865/4462
f 1788/2867/4463 1752/2801/4463 1754/2803/4463
f 1797/2868/4464 1796/2835/4464 1754/2869/4464
f 1792/2833/4465 1798/2836/4465 1797/2868/4465
f 1742/2871/4466 1743/2872/4466 1792/2833/4466
f 1742/2871/4467 1805/2903/4467 1804/2856/4467
f 1794/2873/2606 1780/2911/2606 1782/2874/2606
f 1759/2809/4468 1762/2808/4468 1782/2824/4468
f 1761/2875/4469 1806/2838/4469 1805/2837/4469
f 1783/2827/2609 1786/2826/2609 1761/2877/2609
f 1801/2851/2610 1806/2838/2610 1786/2878/2610
f 1749/2859/4470 1748/5013/4470 1785/2880/4470
f 1783/2882/4471 1763/2909/4471 1767/2883/4471
f 1766/2884/4472 1746/2898/4472 1745/2795/4472
f 1734/2885/2614 1738/5014/2614 1766/2811/2614
f 1737/2790/2615 1747/2863/2615 1746/2886/2615
f 1788/2867/4473 1787/2861/4473 1737/2790/4473
f 1772/2818/4474 1775/2817/4474 1736/2789/4474
f 1774/2888/4475 1753/2802/4475 1752/2801/4475
f 1794/2873/4476 1793/2831/4476 1774/2889/4476
f 1772/2891/4477 1776/5015/4477 1779/2892/4477
f 1781/2823/4478 1780/2822/4478 1779/2821/4478
f 1765/2810/4479 1764/2895/4479 1778/2820/4479
f 1763/2894/4480 1760/2807/4480 1759/2809/4480
f 1735/2896/2624 1734/2885/2624 1777/2893/2624
f 1817/2914/4481 1813/2970/4481 1814/2912/4481
f 1814/2912/4482 1815/2994/4482 1816/2913/4482
f 1823/2982/4483 1818/2980/4483 1819/5016/4483
f 1819/5017/4484 1820/2999/4484 1823/2917/4484
f 1820/2999/4485 1821/2915/4485 1823/2917/4485
f 1828/2920/4486 1824/5018/4486 1826/2918/4486
f 1824/5019/4487 1825/2975/4487 1826/5020/4487
f 1833/2923/4488 1829/2990/4488 1830/3000/4488
f 1830/3000/4489 1831/2921/4489 1833/2923/4489
f 1834/2924/4490 1835/2969/4490 1836/2925/4490
f 1838/2927/4491 1839/2968/4491 1840/2928/4491
f 1845/2988/4492 1846/2977/4492 1847/2976/4492
f 1850/2936/4493 1851/2983/4493 1852/2937/4493
f 1857/2942/4494 1858/2989/4494 1859/2943/4494
f 1867/2973/4495 1863/2949/4495 1866/2948/4495
f 1863/2949/4496 1864/5021/4496 1865/2950/4496
f 1869/2951/4497 1870/2979/4497 1871/2952/4497
f 1868/2953/2677 1871/2952/2677 1864/2963/2677
f 1870/2965/4498 1838/2927/4498 1841/2929/4498
f 1840/2928/4499 1865/3013/4499 1864/2967/4499
f 1839/2968/4500 1838/2927/4500 1835/2969/4500
f 1853/2939/4501 1855/2941/4501 1834/2924/4501
f 1854/2940/4502 1880/2960/4502 1882/2962/4502
f 1840/2928/4503 1839/2968/4503 1882/2962/4503
f 1813/2970/4504 1863/2964/4504 1867/2971/4504
f 1824/2972/4505 1828/3004/4505 1867/2973/4505
f 1817/2914/4506 1869/2951/4506 1868/2953/4506
f 1880/2960/4507 1845/5022/4507 1848/2974/4507
f 1847/2934/4508 1866/2948/4508 1865/2950/4508
f 1825/2975/2689 1824/5019/2689 1847/2976/2689
f 1860/2945/4509 1836/5023/4509 1835/2978/4509
f 1862/2947/4510 1861/2946/4510 1870/2979/4510
f 1818/2980/4511 1823/2982/4511 1817/2914/4511
f 1822/2981/4512 1860/2945/4512 1862/2947/4512
f 1849/2938/4513 1852/2937/4513 1822/2916/4513
f 1851/2983/4514 1837/3012/4514 1836/2984/4514
f 1854/2985/4515 1853/3011/4515 1851/2983/4515
f 1849/2938/4516 1842/2930/4516 1844/2932/4516
f 1843/2931/4517 1872/3010/4517 1874/2986/4517
f 1815/2987/4518 1814/3003/4518 1875/2957/4518
f 1827/2919/4519 1876/2958/4519 1875/2957/4519
f 1856/2944/4520 1859/2943/4520 1846/2977/4520
f 1858/2989/4521 1826/5020/4521 1825/2975/4521
f 1829/2990/2703 1833/2923/2703 1858/2991/2703
f 1832/2922/2704 1827/2919/2704 1826/2918/2704
f 1877/2959/4522 1876/2958/4522 1832/2922/4522
f 1878/2993/4523 1816/2913/4523 1815/2994/4523
f 1879/2995/4524 1819/5016/4524 1818/2980/4524
f 1820/2999/4525 1843/2931/4525 1842/2930/4525
f 1830/3000/4526 1820/5024/4526 1819/3001/4526
f 1829/2990/4527 1873/3009/4527 1872/3002/4527
f 1857/2942/4528 1856/2944/4528 1874/2956/4528
f 1887/3073/4529 1883/3019/4529 1886/3018/4529
f 1883/3019/4530 1884/3078/4530 1885/3020/4530
f 1889/3021/4531 1890/5025/4531 1891/3022/4531
f 1893/3024/4532 1894/3105/4532 1895/3025/4532
f 1900/3099/4533 1896/3028/4533 1899/3027/4533
f 1896/3028/4534 1897/3114/4534 1898/3029/4534
f 1901/3030/4535 1902/3079/4535 1903/3031/4535
f 1906/3033/4536 1907/3084/4536 1908/3034/4536
f 1916/3041/4537 1912/5026/4537 1914/3039/4537
f 1912/3070/4538 1913/3069/4538 1914/5027/4538
f 1917/3042/4539 1918/3117/4539 1919/3043/4539
f 1925/3102/4540 1921/3046/4540 1924/3045/4540
f 1921/3046/4541 1922/5028/4541 1923/3047/4541
f 1927/3048/4542 1928/3122/4542 1929/3049/4542
f 1931/3051/4543 1932/3080/4543 1933/3052/4543
f 1937/3054/4544 1938/3089/4544 1939/3055/4544
f 1944/3059/4545 1940/5029/4545 1941/3112/4545
f 1941/3112/4546 1942/3057/4546 1944/3059/4546
f 1946/3060/4547 1947/3087/4547 1948/3061/4547
f 1950/3063/4548 1951/3106/4548 1952/3064/4548
f 1953/3110/4549 1954/3088/4549 1955/3090/4549
f 1909/3036/4550 1911/3038/4550 1913/3069/4550
f 1910/3037/4551 1883/3123/4551 1887/3071/4551
f 1886/3018/4552 1914/3126/4552 1913/3072/4552
f 1884/3074/4553 1883/3123/4553 1946/3075/4553
f 1948/3128/1365 1901/3128/1365 1904/3128/1365
f 1903/3031/2768 1885/3020/2768 1884/3078/2768
f 1902/3079/2769 1930/3053/2769 1933/3052/2769
f 1886/3018/4554 1885/3020/4554 1933/3052/4554
f 1915/3081/4555 1914/3126/4555 1950/3082/4555
f 1905/3035/4556 1908/3034/4556 1949/3065/4556
f 1907/3084/2773 1916/3041/2773 1915/3040/2773
f 1906/3033/4557 1953/3066/4557 1956/3068/4557
f 1955/3067/4558 1912/5026/4558 1916/3041/4558
f 1936/3056/4559 1917/3140/4559 1920/3085/4559
f 1909/3036/4560 1938/3137/4560 1937/3086/4560
f 1947/3087/4561 1946/3060/4561 1920/3044/4561
f 1954/3088/4562 1939/3055/4562 1938/3089/4562
f 1948/3061/4563 1947/3087/4563 1889/3127/4563
f 1891/3097/4564 1902/3079/4564 1901/3030/4564
f 1890/3096/4565 1931/3051/4565 1930/3053/4565
f 1889/3098/4566 1896/3028/4566 1900/3099/4566
f 1921/3101/4567 1925/3134/4567 1900/3099/4567
f 1932/3080/4568 1931/3051/4568 1925/3102/4568
f 1923/3047/4569 1951/3132/4569 1950/3082/4569
f 1892/3026/4570 1895/3025/4570 1923/3103/4570
f 1894/3105/2788 1952/3064/2788 1951/3106/2788
f 1906/3033/4571 1905/3035/4571 1894/3105/4571
f 1892/3026/4572 1926/5030/4572 1929/3107/4572
f 1928/3108/4573 1940/5031/4573 1944/3109/4573
f 1943/3058/4574 1954/3088/4574 1953/3110/4574
f 1936/3056/2793 1939/3055/2793 1943/3058/2793
f 1918/3111/2794 1917/3140/2794 1942/3057/2794
f 1940/3113/2795 1898/3029/2795 1897/3114/2795
f 1896/3116/4575 1919/3043/4575 1918/3117/4575
f 1922/3119/4576 1921/3101/4576 1934/3120/4576
f 1899/3027/4577 1898/3029/4577 1928/3122/4577
f 1935/3121/4578 1934/3120/4578 1927/3048/4578
f 1965/3145/4579 1961/3206/4579 1962/3208/4579
f 1962/3208/4580 1963/3144/4580 1965/3145/4580
f 1970/3148/4581 1966/3190/4581 1967/3189/4581
f 1967/3189/4582 1968/3146/4582 1970/3148/4582
f 1971/3149/4583 1972/3188/4583 1973/3150/4583
f 1983/3158/4584 1984/3238/4584 1985/3159/4584
f 1994/3167/4585 1995/5032/4585 1996/3168/4585
f 2003/3173/4586 2004/3202/4586 2005/3174/4586
f 2006/3176/4587 2007/3191/4587 2008/3177/4587
f 2014/3213/4588 2010/5033/4588 2013/3214/4588
f 2010/3221/4589 2011/3215/4589 2013/5034/4589
f 2016/3185/4590 1980/3235/4590 1982/3186/4590
f 1981/3156/4591 1971/3149/4591 1974/3151/4591
f 1972/3188/4592 1971/3149/4592 1967/3189/4592
f 2006/3176/2850 2009/3178/2850 1966/3190/2850
f 2008/3177/4593 1973/3150/4593 1972/3188/4593
f 2007/3191/4594 1978/5035/4594 1979/3192/4594
f 1978/3193/4595 1999/3170/4595 2001/3172/4595
f 1974/3195/4596 1973/3230/4596 2001/3172/4596
f 1986/3196/4597 2016/3185/4597 2015/3187/4597
f 1984/3198/4598 1983/3237/4598 2018/3183/4598
f 1990/3164/4599 1992/3166/4599 2000/3171/4599
f 1991/3165/4600 2019/3184/4600 2018/3183/4600
f 2002/3199/4601 2005/3201/4601 1991/3165/4601
f 2004/3200/2860 2017/3182/2860 2019/3184/2860
f 1985/3159/2861 1984/3238/2861 2004/3202/2861
f 1975/3152/4602 1977/3154/4602 1994/3167/4602
f 1975/3152/4603 1968/3210/4603 1967/3203/4603
f 1977/3154/4604 1976/3153/4604 1981/3204/4604
f 1961/3206/4605 1970/3224/4605 1969/3207/4605
f 1993/3169/4606 1996/3168/4606 1969/3209/4606
f 2007/3211/2867 2006/3223/2867 1961/3206/2867
f 1964/5036/3592 1997/5036/3592 1998/5037/3592
f 2002/3175/4607 2010/5033/4607 2014/3213/4607
f 2013/3214/4608 1986/3160/4608 1985/3159/4608
f 2012/3180/4609 1995/5032/4609 1994/3167/4609
f 1997/3218/1365 1958/3218/1365 1960/3218/1365
f 2011/3215/4610 2010/3221/4610 1960/3143/4610
f 1987/3161/4611 1989/3163/4611 2012/3216/4611
f 1988/3162/4612 1996/3222/4612 1995/3217/4612
f 1963/3144/4613 1962/3208/4613 1988/3162/4613
f 1958/3141/4614 1964/3141/4614 1963/3144/4614
f 2022/3240/4615 2023/3295/4615 2024/3241/4615
f 2029/3246/4616 2030/5038/4616 2031/3247/4616
f 2035/5039/4617 2036/5040/4617 2037/3313/4617
f 2045/3302/4618 2046/3301/4618 2047/3300/4618
f 2049/3261/4619 2050/3305/4619 2051/3262/4619
f 2059/5041/4620 2055/3268/4620 2058/3267/4620
f 2055/3268/4621 2056/3324/4621 2057/3269/4621
f 2061/3270/4622 2062/3329/4622 2063/3271/4622
f 2065/3273/4623 2066/3292/4623 2067/3274/4623
f 2072/3279/4624 2073/3299/4624 2074/3280/4624
f 2079/3284/4625 2075/3323/4625 2076/5042/4625
f 2076/5042/4626 2077/3282/4626 2079/3284/4626
f 2033/3288/4627 2064/3275/4627 2067/3274/4627
f 2021/3242/4628 2024/3241/4628 2067/3290/4628
f 2082/3287/4629 2065/3273/4629 2064/3275/4629
f 2066/3292/4630 2065/3273/4630 2039/3293/4630
f 2040/3254/4631 2022/3240/4631 2021/3242/4631
f 2023/3295/4632 2025/3243/4632 2027/3245/4632
f 2023/3295/4633 2022/3240/4633 2029/3246/4633
f 2026/3244/2934 2025/3243/2934 2028/3248/2934
f 2060/3272/4634 2071/5043/4634 2074/3296/4634
f 2032/3297/4635 2062/3329/4635 2061/3270/4635
f 2073/3299/4636 2044/3260/4636 2047/3259/4636
f 2081/3286/4637 2080/3285/4637 2047/3300/4637
f 2052/3264/4638 2054/3266/4638 2046/3301/4638
f 2053/3265/4639 2082/3287/4639 2081/3286/4639
f 2048/3263/4640 2051/3262/4640 2053/3303/4640
f 2050/3305/4641 2075/3323/4641 2079/3284/4641
f 2040/3306/4642 2039/3334/4642 2079/3284/4642
f 2030/3307/4643 2029/5044/4643 2078/3308/4643
f 2063/3271/4644 2062/3329/4644 2035/3249/4644
f 2036/3310/4645 2035/3249/4645 2027/3311/4645
f 2037/3313/4646 2036/5040/4646 2031/3314/4646
f 2037/3313/4647 2055/3326/4647 2059/3315/4647
f 2060/3272/2949 2063/3271/2949 2059/3317/2949
f 2057/3269/4648 2072/3279/4648 2071/3281/4648
f 2073/3299/4649 2072/3279/4649 2069/3277/4649
f 2070/3278/4650 2045/3258/4650 2044/3260/4650
f 2069/3277/4651 2049/3336/4651 2048/3319/4651
f 2050/3305/4652 2049/3261/4652 2042/3320/4652
f 2043/3322/2955 2076/5042/2955 2075/3323/2955
f 2042/3256/2956 2057/3269/2956 2056/3324/2956
f 2077/3309/4653 2076/3338/4653 2056/3325/4653
f 2084/3341/4654 2085/5045/4654 2086/3342/4654
f 2098/3423/4655 2094/5046/4655 2097/3424/4655
f 2094/3437/4656 2095/3350/4656 2097/3352/4656
f 2104/3356/4657 2105/3431/4657 2106/3357/4657
f 2109/3359/4658 2110/3396/4658 2111/3360/4658
f 2116/3364/4659 2112/3402/4659 2113/3362/4659
f 2113/3362/4660 2114/3411/4660 2115/3363/4660
f 2119/5047/4661 2120/3398/4661 2121/3449/4661
f 2124/3368/4662 2125/3390/4662 2126/3369/4662
f 2131/3373/4663 2127/3410/4663 2128/3435/4663
f 2128/3435/4664 2129/3371/4664 2131/3373/4664
f 2137/3377/4665 2138/3438/4665 2139/3378/4665
f 2142/3380/4666 2143/5048/4666 2144/3381/4666
f 2145/3425/4667 2146/3426/4667 2147/5049/4667
f 2149/3386/4668 2150/3409/4668 2151/3387/4668
f 2122/3367/4669 2123/3400/4669 2126/3389/4669
f 2125/3390/4670 2108/3361/4670 2111/3360/4670
f 2109/3359/4671 2108/3361/4671 2102/3391/4671
f 2134/3393/4672 2110/3396/4672 2109/3359/4672
f 2088/3395/4673 2111/3360/4673 2110/3396/4673
f 2120/3398/4674 2119/5047/4674 2088/3344/4674
f 2099/3353/4675 2101/3355/4675 2122/3367/4675
f 2084/3341/4676 2124/3440/4676 2123/5050/4676
f 2112/3402/4677 2116/3364/4677 2090/3346/4677
f 2115/3363/4678 2121/3449/4678 2120/3398/4678
f 2087/3343/4679 2149/3386/4679 2152/3388/4679
f 2125/3403/4680 2124/3440/4680 2152/3388/4680
f 2103/3392/4681 2102/3391/4681 2151/3404/4681
f 2133/3406/4682 2113/3362/4682 2112/3402/4682
f 2149/3386/4683 2104/3430/4683 2107/3408/4683
f 2127/3410/4684 2131/3373/4684 2107/3358/4684
f 2133/3375/4685 2132/3374/4685 2131/3373/4685
f 2114/3411/4686 2113/3362/4686 2130/3412/4686
f 2136/5051/4687 2086/5052/4687 2085/5053/4687
f 2100/3417/4688 2136/3414/4688 2135/3416/4688
f 2140/3379/4689 2100/3417/4689 2099/3419/4689
f 2117/3420/4690 2094/3437/4690 2098/3421/4690
f 2087/3343/4691 2086/3342/4691 2098/3423/4691
f 2145/3425/4692 2115/3363/4692 2114/3411/4692
f 2138/3427/4693 2137/3450/4693 2145/3425/4693
f 2096/3429/4694 2105/3447/4694 2104/3430/4694
f 2141/3382/4695 2128/3435/4695 2127/3410/4695
f 2105/3431/3033 2143/5048/3033 2142/3380/3033
f 2144/3432/4696 2143/5054/4696 2096/3351/4696
f 2091/3347/4697 2093/3349/4697 2141/3433/4697
f 2148/3385/4698 2147/3384/4698 2093/3349/4698
f 2146/3434/4699 2129/3371/4699 2128/3435/4699
f 2139/3378/4700 2095/3350/4700 2094/3437/4700
f 2091/3347/4701 2139/3378/4701 2138/3438/4701
f 2136/3414/4702 2117/3420/4702 2118/3422/4702
f 2160/5055/4703 2161/3509/4703 2162/3541/4703
f 2167/3463/4704 2168/3507/4704 2169/3464/4704
f 2171/3466/4705 2172/3520/4705 2173/3467/4705
f 2175/3469/4706 2176/3527/4706 2177/3470/4706
f 2179/3472/4707 2180/3531/4707 2181/3473/4707
f 2182/3475/4708 2183/3535/4708 2184/3476/4708
f 2188/5056/4709 2189/3512/4709 2190/3513/4709
f 2192/3481/4710 2193/3504/4710 2194/3482/4710
f 2203/3490/4711 2204/3508/4711 2205/3491/4711
f 2206/3493/4712 2207/3514/4712 2208/3494/4712
f 2211/3496/4713 2212/5057/4713 2213/3497/4713
f 2159/3459/4714 2163/3460/4714 2165/3462/4714
f 2164/3499/4715 2156/3454/4715 2158/3456/4715
f 2188/3478/4716 2191/3480/4716 2159/3459/4716
f 2190/3479/4717 2206/3493/4717 2209/3495/4717
f 2164/3461/4718 2163/3460/4718 2209/3495/4718
f 2198/3501/4719 2157/3455/4719 2156/3454/4719
f 2161/3503/4720 2160/3538/4720 2193/3504/4720
f 2157/3455/4721 2194/3482/4721 2193/3504/4721
f 2166/3465/4722 2169/3464/4722 2192/3505/4722
f 2202/3492/4723 2205/3491/4723 2169/3464/4723
f 2204/3508/4724 2162/3541/4724 2161/3509/4724
f 2170/3468/4725 2173/3467/4725 2210/3510/4725
f 2189/3512/4726 2211/3496/4726 2210/3498/4726
f 2207/3514/4727 2206/3493/4727 2173/3515/4727
f 2189/3512/4728 2188/5056/4728 2204/3517/4728
f 2186/3519/4729 2187/5058/4729 2172/3520/4729
f 2186/3521/4730 2208/3494/4730 2207/3514/4730
f 2197/3485/4731 2196/3484/4731 2171/3466/4731
f 2174/3523/4732 2177/3525/4732 2213/3511/4732
f 2198/3486/4733 2197/3485/4733 2177/3525/4733
f 2178/3474/4734 2181/3473/4734 2176/3527/4734
f 2195/3483/4735 2194/3482/4735 2181/3528/4735
f 2179/3472/3113 2167/3544/3113 2166/3530/3113
f 2178/3474/4736 2182/3475/4736 2185/3477/4736
f 2168/3532/3115 2167/3544/3115 2185/3477/3115
f 2203/3518/4737 2202/5059/4737 2184/3533/4737
f 2199/3487/4738 2201/3489/4738 2183/3535/4738
f 2200/3536/4739 2212/5057/4739 2211/3496/4739
f 2199/3487/4740 2175/3469/4740 2174/3471/4740
f 2214/5060/4741 2215/3620/4741 2216/3621/4741
f 2218/3556/4742 2219/3623/4742 2220/3557/4742
f 2233/3568/4743 2234/3656/4743 2235/3569/4743
f 2238/5061/4744 2239/3654/4744 2240/3653/4744
f 2248/3652/4745 2244/3578/4745 2247/3577/4745
f 2244/3578/4746 2245/3635/4746 2246/3579/4746
f 2253/3582/4747 2249/3626/4747 2250/3580/4747
f 2250/3580/4748 2251/3629/4748 2252/3581/4748
f 2258/3645/4749 2254/3641/4749 2256/5062/4749
f 2254/5063/4750 2255/3642/4750 2256/3583/4750
f 2260/3586/4751 2261/3630/4751 2262/3587/4751
f 2263/3589/4752 2264/3655/4752 2265/3590/4752
f 2272/3622/4753 2267/3675/4753 2271/3664/4753
f 2267/5064/4754 2268/5065/4754 2270/5066/4754
f 2268/3611/4755 2269/3614/4755 2270/3592/4755
f 2274/3595/4756 2275/3639/4756 2276/3596/4756
f 2282/3624/4757 2277/3666/4757 2281/3600/4757
f 2277/3666/4758 2278/3644/4758 2279/3598/4758
f 2281/3600/4759 2277/3666/4759 2279/3598/4759
f 2284/3601/4760 2285/3615/4760 2286/3602/4760
f 2291/5067/4761 2287/3651/4761 2289/3667/4761
f 2287/3651/4762 2288/3663/4762 2289/3667/4762
f 2293/3607/4763 2294/3631/4763 2295/3608/4763
f 2267/3594/4764 2249/5068/4764 2253/3610/4764
f 2227/3612/4765 2230/3565/4765 2232/3567/4765
f 2269/3614/4766 2268/3611/4766 2232/3567/4766
f 2283/3603/3176 2286/3602/3176 2231/3566/3176
f 2270/3592/3177 2269/3614/3177 2286/3602/3177
f 2284/3616/4767 2214/3553/4767 2217/3555/4767
f 2271/3593/3179 2270/3592/3179 2217/3618/3179
f 2215/3620/3180 2218/3556/3180 2221/3558/3180
f 2272/3622/3181 2271/3664/3181 2221/3558/3181
f 2219/3623/3182 2277/3666/3182 2282/3624/3182
f 2281/3600/3183 2267/3675/3183 2272/3622/3183
f 2280/3625/3184 2250/3580/3184 2249/3626/3184
f 2259/3588/3185 2262/3587/3185 2280/3625/3185
f 2251/3629/3186 2250/3580/3186 2262/3587/3186
f 2292/3609/4768 2295/3608/4768 2261/3630/4768
f 2294/3631/3188 2252/3581/3188 2251/3629/3188
f 2293/3607/4769 2224/5069/4769 2226/3632/4769
f 2225/3560/4770 2253/3669/4770 2252/3633/4770
f 2273/3634/4771 2276/3637/4771 2245/3635/4771
f 2275/3636/4772 2227/3562/4772 2229/3564/4772
f 2228/3563/4773 2246/3579/4773 2245/3635/4773
f 2247/3577/4774 2246/3579/4774 2225/3560/4774
f 2274/3595/4775 2284/3616/4775 2283/3638/4775
f 2219/3623/3196 2218/3556/3196 2255/3640/3196
f 2214/3553/4776 2256/3583/4776 2255/3642/4776
f 2273/3597/4777 2241/3574/4777 2243/3576/4777
f 2257/3584/4778 2256/3583/4778 2243/3576/4778
f 2278/3644/4779 2277/3666/4779 2254/3641/4779
f 2279/3598/4780 2278/3644/4780 2264/3646/4780
f 2266/3648/4781 2260/3586/4781 2259/3588/4781
f 2287/3650/4782 2291/5070/4782 2293/3607/4782
f 2265/3590/4783 2288/3663/4783 2287/3651/4783
f 2290/3605/4784 2248/3652/4784 2247/3577/4784
f 2237/3573/4785 2240/3572/4785 2244/3578/4785
f 2238/3571/4786 2237/3573/4786 2290/3605/4786
f 2242/3575/4787 2241/3574/4787 2240/3653/4787
f 2233/3568/4788 2265/3590/4788 2264/3655/4788
f 2257/3657/4789 2235/3569/4789 2234/3656/4789
f 2236/3570/4790 2235/3569/4790 2239/3659/4790
f 2236/3570/4791 2222/3662/4791 2223/3661/4791
f 2222/3662/4792 2289/3667/4792 2288/3663/4792
f 2296/3677/4793 2297/3747/4793 2298/3678/4793
f 2301/3680/4794 2302/3761/4794 2303/3681/4794
f 2304/5071/4795 2305/3741/4795 2306/5072/4795
f 2306/3684/4796 2307/3746/4796 2308/3685/4796
f 2308/3739/4797 2309/3738/4797 2304/3781/4797
f 2314/3737/4798 2310/3687/4798 2313/3686/4798
f 2310/3687/4799 2311/3750/4799 2312/3688/4799
f 2319/3692/4800 2320/3697/4800 2321/3693/4800
f 2323/3695/4801 2324/3766/4801 2325/3696/4801
f 2326/3698/4802 2327/3760/4802 2328/3699/4802
f 2331/3701/4803 2332/3751/4803 2333/3702/4803
f 2350/3773/4804 2346/3717/4804 2349/3716/4804
f 2346/3717/4805 2347/3762/4805 2348/3718/4805
f 2358/3748/4806 2354/3779/4806 2357/3749/4806
f 2354/3757/4807 2355/3722/4807 2357/3724/4807
f 2369/3734/4808 2370/3742/4808 2371/3735/4808
f 2365/3731/4809 2310/3687/4809 2314/3737/4809
f 2313/3686/3271 2304/3781/3271 2309/3738/3271
f 2367/3733/4810 2366/3732/4810 2309/3738/4810
f 2368/3740/4811 2371/3780/4811 2313/3686/4811
f 2305/3741/3274 2304/5071/3274 2371/3735/3274
f 2351/3719/4812 2353/3721/4812 2370/3742/4812
f 2352/3720/4813 2306/5072/4813 2305/3741/4813
f 2351/3719/4814 2315/3784/4814 2317/3743/4814
f 2316/3744/4815 2296/3677/4815 2299/3679/4815
f 2307/3746/4816 2306/3684/4816 2299/3679/4816
f 2297/3747/3280 2354/3779/3280 2358/3748/3280
f 2308/3685/4817 2307/3746/4817 2358/3748/4817
f 2330/3703/4818 2365/3731/4818 2367/3733/4818
f 2311/3750/4819 2310/3687/4819 2330/3703/4819
f 2340/3710/4820 2342/3712/4820 2333/3702/4820
f 2362/3752/4821 2364/3754/4821 2342/3712/4821
f 2363/3753/4822 2312/3688/4822 2311/3750/4822
f 2339/3709/4823 2369/3734/4823 2368/3736/4823
f 2343/3755/4824 2345/3785/4824 2339/3709/4824
f 2326/3698/4825 2329/3700/4825 2345/3715/4825
f 2316/3690/4826 2315/3689/4826 2329/3700/4826
f 2300/3756/3291 2355/3722/3291 2354/3757/3291
f 2302/3759/4827 2301/3778/4827 2297/3747/4827
f 2327/3760/4828 2303/3681/4828 2302/3761/4828
f 2334/3704/4829 2336/3706/4829 2347/3762/4829
f 2357/3724/4830 2356/3723/4830 2336/3706/4830
f 2355/3722/3296 2348/3718/3296 2347/3762/3296
f 2332/3763/4831 2331/5073/4831 2335/3705/4831
f 2303/3764/3298 2349/3716/3298 2348/3718/3298
f 2321/3693/4832 2341/3787/4832 2340/3765/4832
f 2320/5074/4833 2322/5074/4833 2325/5075/4833
f 2363/3729/4834 2362/3728/4834 2325/3696/4834
f 2338/3767/4835 2337/3790/4835 2324/3766/4835
f 2322/5076/4836 2359/5076/4836 2361/5077/4836
f 2344/3714/4837 2343/3713/4837 2361/3769/4837
f 2359/5078/4838 2320/5079/4838 2319/5080/4838
f 2318/3772/4839 2346/3717/4839 2350/3773/4839
f 2327/3760/4840 2326/3698/4840 2350/3775/4840
f 2372/3794/4841 2373/3851/4841 2374/3795/4841
f 2380/3799/4842 2376/3867/4842 2377/3797/4842
f 2377/3883/4843 2378/5081/4843 2379/5082/4843
f 2385/5083/4844 2381/3801/4844 2384/3800/4844
f 2381/3801/4845 2382/3877/4845 2383/3802/4845
f 2390/3805/4846 2386/3846/4846 2387/3848/4846
f 2387/3848/4847 2388/3803/4847 2390/3805/4847
f 2394/3809/4848 2395/3866/4848 2396/3810/4848
f 2402/3815/4849 2403/3876/4849 2404/3816/4849
f 2407/3818/4850 2408/3853/4850 2409/3819/4850
f 2411/3821/4851 2412/3901/4851 2413/3822/4851
f 2422/3830/4852 2423/5084/4852 2424/3831/4852
f 2426/3833/4853 2427/3885/4853 2428/3834/4853
f 2372/3845/4854 2375/3888/4854 2411/3821/4854
f 2432/3839/4855 2434/3841/4855 2375/3796/4855
f 2386/3846/4856 2373/5085/4856 2372/3847/4856
f 2390/3805/4857 2407/5086/4857 2410/3849/4857
f 2409/3850/4858 2374/3795/4858 2373/3851/4858
f 2415/3824/4859 2412/3901/4859 2411/3821/4859
f 2408/3853/4860 2421/3832/4860 2424/3831/4860
f 2423/3854/4861 2433/3840/4861 2432/3839/4861
f 2381/3801/4862 2385/5083/4862 2423/3856/4862
f 2434/3841/4863 2433/3840/4863 2385/3858/4863
f 2383/3860/4864 2417/3826/4864 2416/3825/4864
f 2414/3862/4865 2413/5087/4865 2436/3843/4865
f 2412/3863/4866 2394/3809/4866 2397/3811/4866
f 2388/3803/4867 2387/3848/4867 2435/3842/4867
f 2418/3865/4868 2420/3900/4868 2415/3824/4868
f 2395/3866/4869 2394/3809/4869 2420/3829/4869
f 2376/3867/3377 2380/3799/3377 2437/3844/3377
f 2389/3804/4870 2388/3803/4870 2380/3799/4870
f 2405/3868/4871 2406/5088/4871 2379/3869/4871
f 2405/5089/4872 2390/3805/4872 2389/3804/4872
f 2398/3874/4873 2401/3817/4873 2404/3816/4873
f 2403/3876/4874 2408/3853/4874 2407/3818/4874
f 2422/3830/4875 2421/3832/4875 2403/3876/4875
f 2382/3877/3384 2430/3837/3384 2429/3836/3384
f 2425/3835/4876 2391/3895/4876 2393/3878/4876
f 2382/3877/4877 2381/3801/4877 2393/3808/4877
f 2427/3879/4878 2426/3896/4878 2402/3815/4878
f 2378/5081/4879 2377/3883/4879 2400/3814/4879
f 2376/3882/4880 2397/3811/4880 2396/3810/4880
f 2392/3884/4881 2391/3895/4881 2419/3828/4881
f 2428/3834/4882 2396/3810/4882 2395/3866/4882
f 2427/3885/4883 2398/3812/4883 2400/3814/4883
f 2430/3837/4884 2392/3807/4884 2418/3898/4884
f 2429/3836/3424 2431/3838/3424 2418/3898/3424
f 2442/5090/4885 2438/3971/4885 2439/3970/4885
f 2439/5091/4886 2440/3903/4886 2442/3905/4886
f 2458/3917/4887 2454/5092/4887 2455/3977/4887
f 2455/3977/4888 2456/3915/4888 2458/3917/4888
f 2463/5093/4889 2459/3973/4889 2461/5094/4889
f 2459/3973/4890 2460/3988/4890 2461/5094/4890
f 2473/3930/4891 2474/3969/4891 2475/3931/4891
f 2478/3933/4892 2479/3989/4892 2480/3934/4892
f 2484/3939/4893 2485/3995/4893 2486/3940/4893
f 2489/5095/4894 2490/3984/4894 2491/3999/4894
f 2492/3945/4895 2493/3982/4895 2494/3946/4895
f 2500/3951/4896 2501/3980/4896 2502/3952/4896
f 2464/4006/1365 2452/4006/1365 2453/4006/1365
f 2481/3936/4897 2483/3938/4897 2449/3912/4897
f 2482/3937/4898 2473/3930/4898 2476/3932/4898
f 2466/3960/4899 2465/3959/4899 2476/3932/4899
f 2464/3921/4900 2466/3923/4900 2455/3977/4900
f 2453/5096/4901 2452/5097/4901 2454/5097/4901
f 2450/3913/4902 2449/3912/4902 2458/3964/4902
f 2451/3968/4903 2450/3965/4903 2467/3924/4903
f 2488/3944/4904 2482/3937/4904 2481/3936/4904
f 2474/3969/4905 2473/3930/4905 2439/3970/4905
f 2440/3972/4906 2439/3970/4906 2488/3944/4906
f 2459/3973/3454 2463/5093/3454 2438/3974/3454
f 2462/3919/4907 2475/4007/4907 2474/3976/4907
f 2461/3918/4908 2456/3915/4908 2455/3977/4908
f 2499/3953/4909 2502/3952/4909 2470/3978/4909
f 2471/3928/4910 2470/3927/4910 2457/3916/4910
f 2501/3980/4911 2468/3925/4911 2467/3924/4911
f 2492/3945/4912 2495/3947/4912 2501/3980/4912
f 2469/3926/4913 2468/3925/4913 2495/3947/4913
f 2490/3981/4914 2489/4008/4914 2494/3946/4914
f 2446/3983/4915 2448/5098/4915 2493/3982/4915
f 2447/3910/4916 2496/3948/4916 2498/3950/4916
f 2497/3949/4917 2491/3999/4917 2490/3984/4917
f 2496/3948/4918 2503/3954/4918 2505/3956/4918
f 2441/3904/4919 2440/3903/4919 2505/3956/4919
f 2477/3985/4920 2480/3987/4920 2504/3955/4920
f 2479/3986/3469 2442/3905/3469 2441/3904/3469
f 2460/3988/3470 2459/3973/3470 2479/3989/3470
f 2477/3990/4921 2484/3939/4921 2487/3941/4921
f 2486/3940/4922 2461/5099/4922 2460/3992/4922
f 2485/3993/4923 2472/3929/4923 2471/3928/4923
f 2443/3906/4924 2445/3908/4924 2485/3995/4924
f 2444/3907/4925 2500/5100/4925 2499/3996/4925
f 2447/3997/4926 2446/5101/4926 2444/3907/4926
f 2514/4071/4927 2510/4093/4927 2513/4011/4927
f 2510/4093/4928 2511/4009/4928 2513/4011/4928
f 2515/4012/4929 2516/4055/4929 2517/4013/4929
f 2519/4096/4930 2520/4098/4930 2521/4097/4930
f 2530/4065/4931 2526/4067/4931 2529/4091/4931
f 2526/4067/4932 2527/5102/4932 2529/4091/4932
f 2539/4058/4933 2534/4029/4933 2538/4028/4933
f 2534/4029/4934 2535/4077/4934 2536/4120/4934
f 2536/4120/4935 2537/4027/4935 2534/4029/4935
f 2550/4050/4936 2546/4108/4936 2549/5103/4936
f 2546/5104/4937 2547/4030/4937 2549/4032/4937
f 2551/5105/4938 2552/4079/4938 2553/4081/4938
f 2559/4080/4939 2555/4099/4939 2558/4038/4939
f 2555/4099/4940 2556/4036/4940 2558/4038/4940
f 2560/5106/4941 2561/4057/4941 2562/4059/4941
f 2564/4076/4942 2565/4078/4942 2566/5107/4942
f 2574/4047/4943 2570/4066/4943 2572/4045/4943
f 2570/4066/4944 2571/4063/4944 2572/4045/4944
f 2570/4048/4945 2574/4114/4945 2523/4018/4945
f 2573/4049/3524 2546/4108/3524 2550/4050/3524
f 2549/4032/4946 2524/4019/4946 2523/4018/4946
f 2515/4012/4947 2518/4014/4947 2573/4049/4947
f 2547/4054/3527 2546/4108/3527 2518/4014/3527
f 2516/4055/4948 2560/4039/4948 2563/4041/4948
f 2548/4056/3529 2547/4054/3529 2563/4041/3529
f 2561/4057/4949 2534/4029/4949 2539/4058/4949
f 2538/4060/4950 2549/4032/4950 2548/4031/4950
f 2531/4024/4951 2533/4026/4951 2538/4060/4951
f 2525/4020/4952 2524/4019/4952 2533/4026/4952
f 2571/4063/4953 2540/4068/4953 2541/4064/4953
f 2530/4065/4954 2571/4063/4954 2570/4066/4954
f 2540/4068/4955 2510/4103/4955 2514/4069/4955
f 2516/4070/4956 2515/4105/4956 2514/4071/4956
f 2561/4072/4957 2560/4106/4957 2544/4073/4957
f 2567/4075/4958 2551/4033/4958 2554/4035/4958
f 2553/4034/3540 2536/4120/3540 2535/4077/3540
f 2565/4078/4959 2564/4076/4959 2535/4077/4959
f 2552/4079/3542 2555/4099/3542 2559/4080/3542
f 2537/4027/3543 2536/4120/3543 2559/4082/3543
f 2557/4037/4960 2532/4101/4960 2531/4084/4960
f 2544/4073/4961 2566/4043/4961 2565/4085/4961
f 2527/4021/4962 2526/5108/4962 2569/4086/4962
f 2528/4022/4963 2527/4021/4963 2508/4088/4963
f 2542/4090/4964 2543/4102/4964 2530/4065/4964
f 2542/4092/4965 2511/4009/4965 2510/4093/4965
f 2522/4095/4966 2529/4023/4966 2528/4022/4966
f 2566/4043/4967 2513/4011/4967 2512/4010/4967
f 2522/4017/4968 2521/4016/4968 2512/4010/4968
f 2552/4079/4969 2551/5105/4969 2521/4097/4969
f 2519/4096/4970 2556/4036/4970 2555/4099/4970
f 2557/4037/4971 2556/4036/4971 2509/4089/4971
f 2568/4117/4972 2569/5109/4972 2506/4113/4972
f 2577/4132/3593 2587/5110/3593 2586/4133/3593
f 2577/4135/3594 2578/4139/3594 2588/4136/3594
f 2579/4138/3595 2589/4160/3595 2588/4136/3595
f 2580/4140/3596 2590/4144/3596 2589/4141/3596
f 2581/4143/3597 2591/4146/3597 2590/4144/3597
f 2582/4145/3598 2592/5111/3598 2591/4146/3598
f 2582/4147/3599 2583/4151/3599 2593/4148/3599
f 2584/4150/3600 2594/4166/3600 2593/4148/3600
f 2585/4152/3601 2595/4155/3601 2594/4153/3601
f 2576/4134/3602 2586/4133/3602 2595/4155/3602
f 2586/4133/3603 2587/5110/3603 2597/4156/3603
f 2587/4137/3604 2588/4136/3604 2598/4158/3604
f 2589/4160/3605 2599/5112/3605 2598/4158/3605
f 2590/4144/3606 2600/4162/3606 2599/4161/3606
f 2591/4146/3607 2601/4164/3607 2600/4162/3607
f 2591/4146/3608 2592/5111/3608 2602/4163/3608
f 2593/4148/3609 2603/4167/3609 2602/4165/3609
f 2594/4166/3610 2604/5113/3610 2603/4167/3610
f 2595/4155/3611 2605/4169/3611 2604/4168/3611
f 2586/4133/3612 2596/4157/3612 2605/4169/3612
f 2608/4198/3629 2609/4202/3629 2625/4199/3629
f 2610/4201/3630 2626/4235/3630 2625/4199/3630
f 2611/4203/3631 2627/4207/3631 2626/4204/3631
f 2611/4203/3632 2612/4209/3632 2628/4206/3632
f 2613/4208/3633 2629/4211/3633 2628/4206/3633
f 2614/4210/3634 2630/5114/3634 2629/4211/3634
f 2615/4212/3635 2631/4216/3635 2630/4213/3635
f 2615/4212/3636 2616/4218/3636 2632/4215/3636
f 2617/4217/3637 2633/5115/3637 2632/4215/3637
f 2617/4219/3638 2618/4223/3638 2634/4220/3638
f 2619/4222/3639 2635/4225/3639 2634/4220/3639
f 2619/4222/3640 2620/4227/3640 2636/4224/3640
f 2621/4226/3641 2637/4254/3641 2636/4224/3641
f 2622/4228/3642 2638/4232/3642 2637/4229/3642
f 2623/4231/3643 2639/4233/3643 2638/4232/3643
f 2608/4198/3644 2624/4200/3644 2639/4233/3644
f 2625/4199/3645 2641/4236/3645 2640/4234/3645
f 2626/4235/3646 2642/5116/3646 2641/4236/3646
f 2627/4207/3647 2643/4238/3647 2642/4237/3647
f 2628/4206/3648 2644/4240/3648 2643/4238/3648
f 2628/4206/3649 2629/4211/3649 2645/4239/3649
f 2630/4241/3650 2646/4245/3650 2645/4242/3650
f 2631/4244/3651 2647/4247/3651 2646/4245/3651
f 2631/4244/3652 2632/4249/3652 2648/4246/3652
f 2633/4248/3653 2649/4251/3653 2648/4246/3653
f 2633/4248/3654 2634/5117/3654 2650/4250/3654
f 2635/4225/3655 2651/4253/3655 2650/4252/3655
f 2636/4224/3656 2652/4255/3656 2651/4253/3656
f 2637/4254/3657 2653/5118/3657 2652/4255/3657
f 2638/4232/3658 2654/4258/3658 2653/4256/3658
f 2638/4232/3659 2639/4233/3659 2655/4257/3659
f 2639/4233/3660 2624/4200/3660 2640/4234/3660
f 2659/4281/3593 2669/4305/3593 2668/4282/3593
f 2659/4284/3594 2660/4288/3594 2670/4285/3594
f 2661/4287/3595 2671/4308/3595 2670/4285/3595
f 2662/4289/3596 2672/4293/3596 2671/4290/3596
f 2663/4292/3597 2673/4295/3597 2672/4293/3597
f 2664/4294/3598 2674/4312/3598 2673/4295/3598
f 2664/4296/3599 2665/4300/3599 2675/4297/3599
f 2666/4299/3600 2676/4315/3600 2675/4297/3600
f 2667/4301/3601 2677/4304/3601 2676/4302/3601
f 2658/4283/3602 2668/4282/3602 2677/4304/3602
f 2669/4305/3603 2679/5119/3603 2678/4306/3603
f 2670/4285/3604 2680/4309/3604 2679/4307/3604
f 2671/4308/3605 2681/5120/3605 2680/4309/3605
f 2672/4293/3606 2682/4311/3606 2681/4310/3606
f 2673/4295/3607 2683/4313/3607 2682/4311/3607
f 2674/4312/3608 2684/5121/3608 2683/4313/3608
f 2675/4297/3609 2685/4316/3609 2684/4314/3609
f 2676/4315/3610 2686/5122/3610 2685/4316/3610
f 2677/4304/3611 2687/4318/3611 2686/4317/3611
f 2668/4282/4973 2678/4306/4973 2687/4318/4973
f 2691/4347/3629 2707/4351/3629 2706/4348/3629
f 2691/4347/3630 2692/5123/3630 2708/4350/3630
f 2692/4352/3631 2693/4355/3631 2709/4353/3631
f 2693/4355/3632 2694/4358/3632 2710/4356/3632
f 2695/4357/3633 2711/4360/3633 2710/4356/3633
f 2696/4359/3634 2712/5124/3634 2711/4360/3634
f 2697/4361/3635 2713/4365/3635 2712/4362/3635
f 2697/4361/3636 2698/4367/3636 2714/4364/3636
f 2699/4366/3637 2715/5125/3637 2714/4364/3637
f 2700/4368/3638 2716/4372/3638 2715/4369/3638
f 2700/4368/3639 2701/4374/3639 2717/4371/3639
f 2702/4373/3640 2718/4376/3640 2717/4371/3640
f 2703/4375/3641 2719/4403/3641 2718/4376/3641
f 2703/4377/3642 2704/4380/3642 2720/4378/3642
f 2704/4380/3643 2705/4382/3643 2721/4381/3643
f 2690/4349/3644 2706/4348/3644 2721/4381/3644
f 2707/4351/3645 2723/4385/3645 2722/4383/3645
f 2707/4351/3646 2708/4350/3646 2724/4384/3646
f 2708/4354/3647 2709/4353/3647 2725/4386/3647
f 2710/4356/3648 2726/4388/3648 2725/4386/3648
f 2711/4360/3649 2727/5126/3649 2726/4388/3649
f 2712/4389/4974 2728/4393/4974 2727/4390/4974
f 2713/4392/4975 2729/4395/4975 2728/4393/4975
f 2714/4394/3652 2730/4397/3652 2729/4395/3652
f 2715/4396/3653 2731/4399/3653 2730/4397/3653
f 2715/4396/3654 2716/5127/3654 2732/4398/3654
f 2716/4372/3655 2717/4371/3655 2733/4400/3655
f 2717/4371/3656 2718/4376/3656 2734/4402/3656
f 2719/4403/3657 2735/5128/3657 2734/4402/3657
f 2720/4378/4976 2736/4405/4976 2735/4404/4976
f 2721/4381/4977 2737/4406/4977 2736/4405/4977
f 2706/4348/3660 2722/4383/3660 2737/4406/3660
f 2741/4429/3593 2751/4453/3593 2750/4430/3593
f 2742/4432/3594 2752/4436/3594 2751/4433/3594
f 2743/4435/3595 2753/4456/3595 2752/4436/3595
f 2744/4437/3596 2754/4441/3596 2753/4438/3596
f 2745/4440/3597 2755/4443/3597 2754/4441/3597
f 2745/4440/3598 2746/5129/3598 2756/4442/3598
f 2747/4444/3599 2757/4448/3599 2756/4445/3599
f 2748/4447/3600 2758/4462/3600 2757/4448/3600
f 2749/4449/3601 2759/4452/3601 2758/4450/3601
f 2740/4431/3602 2750/4430/3602 2759/4452/3602
f 2751/4453/3603 2761/5130/3603 2760/4454/3603
f 2752/4436/3604 2762/4457/3604 2761/4455/3604
f 2753/4456/3605 2763/5131/3605 2762/4457/3605
f 2754/4441/3606 2764/4460/3606 2763/4458/3606
f 2754/4441/4978 2755/4443/4978 2765/4459/4978
f 2756/4442/3608 2766/5132/3608 2765/4459/3608
f 2757/4448/3609 2767/4463/3609 2766/4461/3609
f 2758/4462/3610 2768/5133/3610 2767/4463/3610
f 2759/4452/3611 2769/4465/3611 2768/4464/3611
f 2759/4452/3612 2750/4430/3612 2760/4454/3612
f 2773/4494/3629 2789/4498/3629 2788/4495/3629
f 2774/4497/3630 2790/5134/3630 2789/4498/3630
f 2775/4499/3631 2791/4503/3631 2790/4500/3631
f 2776/4502/3632 2792/4505/3632 2791/4503/3632
f 2777/4504/3633 2793/4507/3633 2792/4505/3633
f 2777/4504/3634 2778/5135/3634 2794/4506/3634
f 2778/4508/3635 2779/4511/3635 2795/4509/3635
f 2779/4511/4979 2780/4514/4979 2796/4512/4979
f 2781/4513/3637 2797/5136/3637 2796/4512/3637
f 2782/4515/3638 2798/4519/3638 2797/4516/3638
f 2782/4515/3639 2783/4520/3639 2799/4518/3639
f 2783/4520/3640 2784/4523/3640 2800/4521/3640
f 2785/4522/3641 2801/4550/3641 2800/4521/3641
f 2785/4524/3642 2786/4527/3642 2802/4525/3642
f 2786/4527/3643 2787/4529/3643 2803/4528/3643
f 2772/4496/3644 2788/4495/3644 2803/4528/3644
f 2789/4498/3645 2805/4532/3645 2804/4530/3645
f 2789/4498/3646 2790/5134/3646 2806/4531/3646
f 2790/4500/3647 2791/4503/3647 2807/4533/3647
f 2791/4503/3648 2792/4505/3648 2808/4535/3648
f 2793/4507/3649 2809/5137/3649 2808/4535/3649
f 2794/4536/3650 2810/4540/3650 2809/4537/3650
f 2795/4539/3651 2811/4542/3651 2810/4540/3651
f 2796/4541/3652 2812/4544/3652 2811/4542/3652
f 2797/4543/3653 2813/4546/3653 2812/4544/3653
f 2797/4543/3654 2798/5138/3654 2814/4545/3654
f 2799/4518/3655 2815/4549/3655 2814/4547/3655
f 2799/4518/3656 2800/4521/3656 2816/4548/3656
f 2801/4550/3657 2817/5139/3657 2816/4548/3657
f 2802/4525/3658 2818/4552/3658 2817/4551/3658
f 2803/4528/3659 2819/4553/3659 2818/4552/3659
f 2803/4528/3660 2788/4495/3660 2804/4530/3660
f 2823/4576/3593 2833/5140/3593 2832/4577/3593
f 2823/4579/3594 2824/4583/3594 2834/4580/3594
f 2825/4582/3595 2835/5141/3595 2834/4580/3595
f 2825/4584/3596 2826/4587/3596 2836/4585/3596
f 2826/4587/3597 2827/4589/3597 2837/4588/3597
f 2827/4589/3598 2828/5142/3598 2838/4590/3598
f 2829/4591/3599 2839/4595/3599 2838/4592/3599
f 2830/4594/3600 2840/4609/3600 2839/4595/3600
f 2831/4596/3601 2841/4599/3601 2840/4597/3601
f 2831/4596/3602 2822/4578/3602 2832/4577/3602
f 2832/4577/3603 2833/5140/3603 2843/4600/3603
f 2834/4580/3604 2844/4604/3604 2843/4602/3604
f 2834/4580/3605 2835/5141/3605 2845/4603/3605
f 2836/4585/3606 2846/4606/3606 2845/4605/3606
f 2837/4588/3607 2847/4607/3607 2846/4606/3607
f 2838/4590/3608 2848/5143/3608 2847/4607/3608
f 2839/4595/3609 2849/4610/3609 2848/4608/3609
f 2840/4609/3610 2850/5144/3610 2849/4610/3610
f 2840/4597/3611 2841/4599/3611 2851/4611/3611
f 2832/4577/3612 2842/4601/3612 2851/4611/3612
f 2855/4641/3629 2871/4645/3629 2870/4642/3629
f 2856/4644/3630 2872/5145/3630 2871/4645/3630
f 2857/4646/3631 2873/4650/3631 2872/4647/3631
f 2858/4649/3632 2874/4652/3632 2873/4650/3632
f 2858/4649/3633 2859/4653/3633 2875/4651/3633
f 2859/4653/3634 2860/5146/3634 2876/4654/3634
f 2861/4655/3635 2877/4659/3635 2876/4656/3635
f 2861/4655/3636 2862/4661/3636 2878/4658/3636
f 2863/4660/3637 2879/5147/3637 2878/4658/3637
f 2864/4662/3638 2880/4666/3638 2879/4663/3638
f 2865/4665/3639 2881/4668/3639 2880/4666/3639
f 2866/4667/3640 2882/4670/3640 2881/4668/3640
f 2866/4667/3641 2867/5148/3641 2883/4669/3641
f 2867/4671/3642 2868/4674/3642 2884/4672/3642
f 2868/4674/3643 2869/4676/3643 2885/4675/3643
f 2869/4676/3644 2854/4643/3644 2870/4642/3644
f 2871/4645/3645 2887/4679/3645 2886/4677/3645
f 2871/4645/3646 2872/5145/3646 2888/4678/3646
f 2872/4647/3647 2873/4650/3647 2889/4680/3647
f 2873/4650/3648 2874/4652/3648 2890/4682/3648
f 2875/4651/3649 2891/5149/3649 2890/4682/3649
f 2876/4683/3650 2892/4687/3650 2891/4684/3650
f 2877/4686/3651 2893/4689/3651 2892/4687/3651
f 2878/4688/3652 2894/4691/3652 2893/4689/3652
f 2879/4690/3653 2895/4693/3653 2894/4691/3653
f 2880/4692/3654 2896/4706/3654 2895/4693/3654
f 2880/4666/3655 2881/4668/3655 2897/4694/3655
f 2882/4670/3656 2898/4696/3656 2897/4694/3656
f 2883/4669/3657 2899/5150/3657 2898/4696/3657
f 2884/4672/3658 2900/4699/3658 2899/4697/3658
f 2884/4672/3659 2885/4675/3659 2901/4698/3659
f 2885/4675/3660 2870/4642/3660 2886/4677/3660
f 2905/4723/3593 2915/4747/3593 2914/4724/3593
f 2905/4726/3594 2906/4730/3594 2916/4727/3594
f 2907/4729/3595 2917/4750/3595 2916/4727/3595
f 2908/4731/3596 2918/4735/3596 2917/4732/3596
f 2909/4734/3597 2919/4737/3597 2918/4735/3597
f 2910/4736/3598 2920/4754/3598 2919/4737/3598
f 2911/4738/3599 2921/4742/3599 2920/4739/3599
f 2912/4741/3600 2922/4758/3600 2921/4742/3600
f 2913/4743/3601 2923/4746/3601 2922/4744/3601
f 2904/4725/3602 2914/4724/3602 2923/4746/3602
f 2915/4747/3603 2925/5151/3603 2924/4748/3603
f 2916/4727/3604 2926/4751/3604 2925/4749/3604
f 2917/4750/3605 2927/5152/3605 2926/4751/3605
f 2918/4735/3606 2928/4753/3606 2927/4752/3606
f 2919/4737/3607 2929/4755/3607 2928/4753/3607
f 2920/4754/3608 2930/5153/3608 2929/4755/3608
f 2920/4739/3609 2921/4742/3609 2931/4756/3609
f 2922/4758/3610 2932/5154/3610 2931/4756/3610
f 2923/4746/3611 2933/4760/3611 2932/4759/3611
f 2914/4724/3612 2924/4748/3612 2933/4760/3612
f 2937/4789/3629 2953/4793/3629 2952/4790/3629
f 2937/4789/3630 2938/5155/3630 2954/4792/3630
f 2938/4794/3631 2939/4798/3631 2955/4795/3631
f 2940/4797/3632 2956/4800/3632 2955/4795/3632
f 2941/4799/3633 2957/4802/3633 2956/4800/3633
f 2942/4801/3634 2958/5156/3634 2957/4802/3634
f 2943/4803/3635 2959/4807/3635 2958/4804/3635
f 2944/4806/3636 2960/4809/3636 2959/4807/3636
f 2945/4808/3637 2961/5157/3637 2960/4809/3637
f 2945/4810/3638 2946/4814/3638 2962/4811/3638
f 2947/4813/3639 2963/4816/3639 2962/4811/3639
f 2948/4815/3640 2964/4818/3640 2963/4816/3640
f 2949/4817/3641 2965/4844/3641 2964/4818/3641
f 2949/4819/3642 2950/4823/3642 2966/4820/3642
f 2951/4822/3643 2967/4824/3643 2966/4820/3643
f 2936/4791/3644 2952/4790/3644 2967/4824/3644
f 2953/4793/3645 2969/4826/3645 2968/4825/3645
f 2954/4792/4980 2970/5158/4980 2969/4826/4980
f 2954/4796/3647 2955/4795/3647 2971/4827/3647
f 2955/4795/3648 2956/4800/3648 2972/4829/3648
f 2956/4800/3649 2957/4802/3649 2973/4830/3649
f 2958/4831/3650 2974/4835/3650 2973/4832/3650
f 2959/4834/3651 2975/4837/3651 2974/4835/3651
f 2960/4836/3652 2976/4839/3652 2975/4837/3652
f 2961/4838/3653 2977/4841/3653 2976/4839/3653
f 2962/4840/4981 2978/4855/4981 2977/4841/4981
f 2962/4811/3655 2963/4816/3655 2979/4842/3655
f 2964/4818/3656 2980/4845/3656 2979/4842/3656
f 2965/4844/3657 2981/5159/3657 2980/4845/3657
f 2966/4820/3658 2982/4847/3658 2981/4846/3658
f 2967/4824/3659 2983/4848/3659 2982/4847/3659
f 2952/4790/3660 2968/4825/3660 2983/4848/3660
o MossbackGolem_Crystals
v 0.279755 7.572515 0.740580
v 0.030769 7.623236 0.571511
v -0.231717 7.584459 0.700767
v -0.268411 7.501773 0.976387
v -0.029644 7.452762 1.139757
v 0.243077 7.486010 1.028932
v 0.302025 9.050442 1.173516
v 0.030838 9.098485 1.013373
v -0.244806 9.062226 1.134236
v -0.303673 8.972276 1.434072
v -0.032157 8.920725 1.605907
v 0.267660 8.955965 1.488439
v 0.263492 9.214046 1.240665
v 0.030918 9.267286 1.063201
v -0.255736 9.233069 1.177255
v -0.271114 9.145055 1.470639
v -0.032784 9.087531 1.662384
v 0.261114 9.125900 1.534487
v -0.015021 9.639266 1.507634
v 0.565038 7.420163 1.249494
v 0.592970 7.475821 1.017417
v 0.443010 7.588965 0.890200
v 0.233017 7.670065 0.969857
v 0.186156 7.622053 1.208001
v 0.349580 7.499691 1.343496
v 1.050103 8.386718 1.540848
v 1.108454 8.431952 1.292818
v 0.933922 8.563325 1.145793
v 0.707700 8.644434 1.252466
v 0.667022 8.590628 1.499619
v 0.830618 8.464617 1.646993
v 1.100351 8.501087 1.569776
v 1.157691 8.544703 1.328825
v 0.989425 8.674108 1.177918
v 0.762639 8.755273 1.285345
v 0.720947 8.701693 1.533430
v 0.887866 8.577065 1.670656
v 1.099725 8.925073 1.515764
v -0.343865 7.597853 0.864691
v -0.563459 7.485274 0.878602
v -0.654516 7.397094 1.091860
v -0.518004 7.423355 1.301835
v -0.302501 7.535823 1.278252
v -0.222194 7.616982 1.073227
v -0.872310 8.687260 1.053212
v -1.112347 8.561964 1.079592
v -1.202605 8.471164 1.307950
v -1.069047 8.490116 1.547084
v -0.823516 8.617912 1.521929
v -0.719597 8.716831 1.287133
v -0.941738 8.802710 1.097436
v -1.174698 8.685088 1.103144
v -1.252605 8.600344 1.332101
v -1.122815 8.621260 1.551995
v -0.884272 8.741345 1.547923
v -0.799916 8.830590 1.312591
v -1.197302 9.054903 1.383936
v 0.053726 7.468197 1.401731
v 0.022023 7.335152 1.542701
v 0.178655 7.233372 1.605324
v 0.353667 7.264622 1.530320
v 0.386186 7.397217 1.389595
v 0.231857 7.511661 1.313734
v 0.172525 8.071712 1.974873
v 0.143547 7.915843 2.137988
v 0.322441 7.805515 2.203593
v 0.522582 7.834123 2.124949
v 0.545247 7.984306 1.969100
v 0.377926 8.095745 1.899490
v 0.210067 8.124421 2.050650
v 0.181239 7.986265 2.196013
v 0.337926 7.865944 2.277162
v 0.538177 7.901728 2.191316
v 0.566391 8.051908 2.034082
v 0.395614 8.167695 1.960989
v 0.418134 8.196906 2.305288
v -0.423806 7.262005 1.566754
v -0.304225 7.167523 1.680100
v -0.121259 7.223648 1.697436
v -0.064273 7.376740 1.597360
v -0.182927 7.473472 1.482572
v -0.354002 7.405145 1.478690
v -0.611266 7.674637 2.100318
v -0.488703 7.567097 2.224815
v -0.293166 7.634416 2.237634
v -0.223093 7.798512 2.133362
v -0.361871 7.887006 2.018273
v -0.548377 7.833434 1.997772
v -0.619265 7.726079 2.162440
v -0.503488 7.628649 2.276810
v -0.319777 7.686791 2.292825
v -0.270834 7.837271 2.192100
v -0.383885 7.930325 2.082041
v -0.560917 7.874836 2.066188
v -0.501955 7.919812 2.339058
v 1.007268 7.461106 0.999455
v 1.039480 7.450843 0.834126
v 0.953601 7.539070 0.727113
v 0.838933 7.635258 0.778767
v 0.795758 7.656370 0.934159
v 0.883319 7.566317 1.044147
v 1.431374 7.923124 1.060762
v 1.465315 7.912740 0.882685
v 1.376100 8.006234 0.754958
v 1.246071 8.114830 0.817829
v 1.199971 8.136501 0.991592
v 1.296128 8.037238 1.115700
v 1.471547 7.984509 1.056892
v 1.510311 7.968624 0.889741
v 1.421773 8.060637 0.769925
v 1.298189 8.163858 0.829618
v 1.256839 8.182374 0.993776
v 1.345057 8.090379 1.115980
v 1.517226 8.220065 0.963906
v -0.898817 7.549197 0.665024
v -1.020869 7.440706 0.651538
v -1.078516 7.389464 0.795312
v -1.026485 7.435714 0.941486
v -0.903434 7.545093 0.943471
v -0.843994 7.597929 0.804680
v -1.332173 8.053732 0.646734
v -1.463171 7.937289 0.650296
v -1.536353 7.872239 0.794671
v -1.470014 7.931207 0.945225
v -1.342322 8.044711 0.950716
v -1.269694 8.109268 0.805323
v -1.382894 8.110331 0.647230
v -1.511888 7.995669 0.654708
v -1.578249 7.936682 0.795015
v -1.522365 7.986357 0.949252
v -1.388943 8.104954 0.960336
v -1.323152 8.163434 0.805205
v -1.593683 8.202595 0.791427
v 2.776424 7.770177 -0.170219
v 2.576679 7.832249 -0.081091
v 2.555012 7.796455 0.141216
v 2.714902 7.707854 0.264438
v 2.907960 7.649178 0.171701
v 2.929672 7.683331 -0.042485
v 3.111201 8.603414 -0.021682
v 2.900448 8.667668 0.078553
v 2.862557 8.634638 0.319488
v 3.046173 8.537540 0.437740
v 3.248414 8.475377 0.344077
v 3.275620 8.509918 0.116958
v 3.148985 8.698158 -0.001340
v 2.944240 8.759392 0.101980
v 2.927140 8.721541 0.325430
v 3.082009 8.630311 0.471844
v 3.292876 8.566730 0.368014
v 3.319180 8.603170 0.133208
v 3.222842 8.923045 0.292992
v -2.741984 7.783888 -0.169893
v -2.928325 7.691753 -0.081905
v -2.921466 7.650719 0.136986
v -2.749051 7.695213 0.259345
v -2.565275 7.785448 0.175724
v -2.566098 7.828909 -0.043229
v -3.074049 8.617361 -0.017114
v -3.267211 8.520762 0.079553
v -3.269261 8.473655 0.310994
v -3.081567 8.523019 0.439558
v -2.883293 8.619843 0.351990
v -2.873219 8.672239 0.110152
v -3.112030 8.712233 0.002196
v -3.302671 8.616350 0.100326
v -3.299755 8.572345 0.326188
v -3.119513 8.618335 0.456720
v -2.939810 8.709996 0.357821
v -2.923096 8.761210 0.135175
v -3.224808 8.922921 0.289681
v 3.195588 7.722332 0.009102
v 3.285836 7.606768 -0.092162
v 3.246784 7.603678 -0.260729
v 3.131221 7.702706 -0.326868
v 3.042670 7.813878 -0.236386
v 3.076082 7.822370 -0.068768
v 3.637827 8.162095 -0.081964
v 3.735651 8.035956 -0.195224
v 3.698114 8.026142 -0.384628
v 3.564865 8.139848 -0.462802
v 3.466424 8.265263 -0.354905
v 3.508760 8.268729 -0.171693
v 3.684958 8.211313 -0.110174
v 3.772368 8.097519 -0.215715
v 3.747729 8.076942 -0.396577
v 3.618490 8.191047 -0.457115
v 3.519542 8.312856 -0.365669
v 3.563359 8.313144 -0.189247
v 3.785659 8.341359 -0.324607
v -3.263552 7.594664 -0.229716
v -3.279926 7.621799 -0.055677
v -3.167879 7.747737 -0.000112
v -3.057014 7.833878 -0.099011
v -3.045310 7.801714 -0.274479
v -3.156298 7.676005 -0.333364
v -3.715660 8.017782 -0.347885
v -3.717077 8.061644 -0.166767
v -3.607614 8.192976 -0.079290
v -3.479381 8.291442 -0.198359
v -3.484387 8.240083 -0.383774
v -3.594647 8.112657 -0.452437
v -3.760731 8.073781 -0.357215
v -3.767548 8.111521 -0.178987
v -3.657338 8.240568 -0.103635
v -3.542866 8.326114 -0.219341
v -3.533336 8.291126 -0.397412
v -3.645000 8.164145 -0.458684
v -3.794439 8.334891 -0.315360
v 2.365837 7.806698 0.248139
v 2.307523 7.725870 0.373133
v 2.405577 7.667245 0.487183
v 2.558419 7.695915 0.464874
v 2.614163 7.772131 0.347138
v 2.519687 7.825358 0.242680
v 2.315191 8.286750 0.532049
v 2.244978 8.202092 0.661443
v 2.357916 8.145938 0.773856
v 2.523070 8.167168 0.766000
v 2.578952 8.252477 0.633131
v 2.477694 8.311904 0.517209
v 2.311294 8.340526 0.566626
v 2.244399 8.257509 0.693836
v 2.351402 8.199168 0.808905
v 2.507086 8.227897 0.786972
v 2.568209 8.306361 0.666386
v 2.468748 8.361766 0.557467
v 2.392380 8.436400 0.763687
v -2.616942 7.763228 0.362439
v -2.551115 7.684192 0.483196
v -2.391469 7.673461 0.474473
v -2.317001 7.736385 0.357188
v -2.380528 7.813881 0.238615
v -2.534988 7.822062 0.250725
v -2.580446 8.242683 0.649702
v -2.501815 8.163738 0.768172
v -2.335845 8.143845 0.773667
v -2.240936 8.212299 0.643758
v -2.326821 8.296779 0.517272
v -2.494640 8.308263 0.526102
v -2.580979 8.297900 0.682615
v -2.501156 8.214762 0.807875
v -2.336400 8.204761 0.797084
v -2.253612 8.268602 0.676883
v -2.324325 8.349199 0.554341
v -2.492999 8.366905 0.552944
v -2.403991 8.436767 0.765010
v 3.041222 7.812092 0.402671
v 3.025868 7.734907 0.508075
v 3.111593 7.636780 0.536830
v 3.210392 7.624765 0.452049
v 3.225362 7.697977 0.351665
v 3.144021 7.793358 0.321729
v 3.263254 8.087181 0.629701
v 3.250645 8.002977 0.740548
v 3.339778 7.899677 0.771931
v 3.448035 7.882567 0.683636
v 3.469745 7.962418 0.568766
v 3.373253 8.061315 0.549880
v 3.297806 8.108459 0.658326
v 3.273568 8.034127 0.769285
v 3.367289 7.936641 0.789297
v 3.469133 7.918743 0.708334
v 3.491757 7.993736 0.598218
v 3.399790 8.093575 0.573706
v 3.456971 8.094035 0.757988
v -3.215834 7.723551 0.331356
v -3.226052 7.634861 0.424610
v -3.141353 7.621968 0.524351
v -3.046531 7.708996 0.517640
v -3.023000 7.802888 0.431630
v -3.114976 7.807713 0.334025
v -3.454523 7.991649 0.549886
v -3.468834 7.890804 0.653228
v -3.370413 7.889455 0.753222
v -3.259485 7.974882 0.764487
v -3.247291 8.074134 0.660887
v -3.343858 8.076460 0.561605
v -3.477429 8.021914 0.579673
v -3.486036 7.928781 0.679720
v -3.396890 7.917926 0.781530
v -3.297538 8.006448 0.777606
v -3.277535 8.101317 0.686928
v -3.370795 8.101686 0.593238
v -3.454114 8.093108 0.761927
v 3.867381 4.366253 -0.602086
v 3.873081 4.406851 -0.732082
v 3.815166 4.530049 -0.750501
v 3.754860 4.612564 -0.655260
v 3.760664 4.551237 -0.530962
v 3.813588 4.430042 -0.492595
v 4.308322 4.561121 -0.511302
v 4.310506 4.614849 -0.656540
v 4.246738 4.755398 -0.689073
v 4.186582 4.827615 -0.568833
v 4.185021 4.776020 -0.432040
v 4.244955 4.642332 -0.397488
v 4.352304 4.597427 -0.503957
v 4.352981 4.648275 -0.634459
v 4.295931 4.772933 -0.660858
v 4.233902 4.856613 -0.559911
v 4.232926 4.802471 -0.419675
v 4.294286 4.668649 -0.391920
v 4.431267 4.786638 -0.497248
v -3.824481 4.514162 -0.757361
v -3.878059 4.391517 -0.718642
v -3.864855 4.363136 -0.581667
v -3.804041 4.449300 -0.493009
v -3.752914 4.569827 -0.538689
v -3.764606 4.599766 -0.671993
v -4.257252 4.734157 -0.688535
v -4.315456 4.598714 -0.640950
v -4.298199 4.574306 -0.493649
v -4.234517 4.662012 -0.394502
v -4.181277 4.789894 -0.448008
v -4.189597 4.830652 -0.591502
v -4.306079 4.757293 -0.672497
v -4.355438 4.636650 -0.617683
v -4.345670 4.603289 -0.485441
v -4.284317 4.688234 -0.391039
v -4.228614 4.817351 -0.435316
v -4.240249 4.852127 -0.580428
v -4.427561 4.794725 -0.498936
v 3.781473 4.251615 -1.060241
v 3.814795 4.150417 -1.086465
v 3.790500 4.107374 -1.184172
v 3.732474 4.165968 -1.256136
v 3.697252 4.268497 -1.232857
v 3.724001 4.307545 -1.133624
v 4.080437 4.387925 -1.181401
v 4.113054 4.280177 -1.215759
v 4.089112 4.232195 -1.317611
v 4.026919 4.294380 -1.395360
v 3.992331 4.401452 -1.366112
v 4.015330 4.454288 -1.261527
v 4.112210 4.399318 -1.204820
v 4.150234 4.291899 -1.226683
v 4.124314 4.243226 -1.333678
v 4.062088 4.311709 -1.405203
v 4.023125 4.419590 -1.384990
v 4.050438 4.465600 -1.277523
v 4.177199 4.398614 -1.351628
v -3.710318 4.307590 -1.164364
v -3.704435 4.238024 -1.247167
v -3.749754 4.139635 -1.243590
v -3.802414 4.111763 -1.152977
v -3.813294 4.176952 -1.063306
v -3.764082 4.278538 -1.072449
v -4.000702 4.451929 -1.296800
v -3.991404 4.374975 -1.394674
v -4.045416 4.264892 -1.383230
v -4.104002 4.232278 -1.284027
v -4.109354 4.308804 -1.195459
v -4.061245 4.418346 -1.194160
v -4.040632 4.454086 -1.311102
v -4.031555 4.386500 -1.399110
v -4.079887 4.285809 -1.391055
v -4.137361 4.248407 -1.299142
v -4.143208 4.323862 -1.210530
v -4.094539 4.427848 -1.216050
v -4.178405 4.397068 -1.350461
vn 0.5248 0.2320 -0.8190
vn -0.4572 0.2552 -0.8519
vn -0.9919 0.0275 -0.1238
vn -0.5511 -0.2600 0.7929
vn 0.3905 -0.2780 0.8776
vn 0.9944 -0.0462 0.0946
vn 0.5147 0.4265 -0.7437
vn -0.4162 0.2576 -0.8720
vn -0.9967 -0.0471 -0.0664
vn -0.5434 -0.0746 0.8362
vn 0.4135 -0.2906 0.8629
vn 0.9993 0.0336 0.0182
vn 0.5403 0.6719 -0.5065
vn -0.3330 0.7059 -0.6252
vn -0.8870 0.4530 0.0894
vn -0.5732 0.2383 0.7840
vn 0.3606 0.2411 0.9010
vn 0.8675 0.4744 0.1494
vn -0.0000 -0.9578 -0.2873
vn 0.8938 -0.4485 -0.0000
vn 0.5991 -0.0940 -0.7951
vn -0.2824 0.3740 -0.8834
vn -0.8922 0.4489 -0.0491
vn -0.6082 0.0638 0.7912
vn 0.2748 -0.4105 0.8695
vn 0.8940 -0.4270 0.1355
vn 0.6315 -0.0283 -0.7749
vn -0.2753 0.3924 -0.8776
vn -0.8893 0.4548 -0.0473
vn -0.6093 0.0550 0.7911
vn 0.3074 -0.3433 0.8875
vn 0.9710 0.0316 0.2368
vn 0.7620 0.3755 -0.5277
vn 0.0042 0.8021 -0.5972
vn -0.5019 0.8590 0.1012
vn -0.2717 0.5245 0.8069
vn 0.4588 0.1129 0.8813
vn -0.4319 -0.8639 -0.2592
vn -0.1571 0.0939 -0.9831
vn -0.8235 -0.3342 -0.4584
vn -0.7127 -0.4687 0.5219
vn 0.1708 -0.1361 0.9759
vn 0.8403 0.3034 0.4493
vn 0.7288 0.4328 -0.5305
vn -0.2235 0.2286 -0.9475
vn -0.8413 -0.3468 -0.4146
vn -0.7752 -0.3926 0.4949
vn 0.1000 0.0037 0.9950
vn 0.8440 0.3257 0.4261
vn 0.6495 0.5710 -0.5021
vn -0.3037 0.5643 -0.7677
vn -0.9518 0.1465 -0.2696
vn -0.8622 0.0474 0.5044
vn -0.1524 0.3343 0.9301
vn 0.4979 0.7365 0.4578
vn 0.4039 0.8347 -0.3744
vn 0.4402 -0.8805 -0.1761
vn -0.9821 0.1882 0.0054
vn -0.5609 -0.5325 0.6339
vn 0.3800 -0.7124 0.5900
vn 0.9736 -0.2176 -0.0681
vn 0.5900 0.4806 -0.6488
vn -0.4499 0.6860 -0.5719
vn -0.9087 0.3704 0.1925
vn -0.5112 -0.3668 0.7772
vn 0.3676 -0.7551 0.5428
vn 0.9813 -0.1883 -0.0388
vn 0.5844 0.4599 -0.6686
vn -0.4499 0.6416 -0.6213
vn -0.7043 0.5791 0.4107
vn -0.4410 0.0307 0.8970
vn 0.4143 -0.1763 0.8929
vn 0.9006 0.2220 0.3736
vn 0.5888 0.8012 -0.1065
vn -0.2564 0.9644 -0.0651
vn -0.1741 -0.6963 -0.6963
vn -0.7309 -0.6397 0.2379
vn 0.2174 -0.7504 0.6241
vn 0.9232 -0.1013 0.3708
vn 0.6825 0.6589 -0.3163
vn -0.2713 0.7159 -0.6433
vn -0.9056 0.0911 -0.4143
vn -0.7786 -0.5289 0.3377
vn 0.1608 -0.6141 0.7727
vn 0.9003 -0.0014 0.4354
vn 0.5764 0.8143 -0.0689
vn -0.1911 0.7800 -0.5959
vn -0.9407 0.1850 -0.2844
vn -0.7513 -0.1342 0.6462
vn -0.0191 -0.2089 0.9777
vn 0.5865 0.3101 0.7482
vn 0.4613 0.8523 0.2468
vn -0.2901 0.9524 -0.0943
vn -0.8945 0.4300 0.1224
vn 0.2545 -0.5937 -0.7634
vn 0.7135 -0.6783 0.1755
vn 0.5226 -0.4028 -0.7514
vn -0.2313 0.2650 -0.9361
vn -0.7189 0.6336 -0.2858
vn -0.5511 0.3748 0.7456
vn 0.1516 -0.2771 0.9488
vn 0.8271 -0.5294 0.1885
vn 0.5820 -0.3777 -0.7201
vn -0.1372 0.3682 -0.9196
vn -0.6350 0.7334 -0.2427
vn -0.4369 0.5063 0.7435
vn 0.2460 -0.2314 0.9412
vn 0.9677 -0.0955 0.2335
vn 0.8427 0.1309 -0.5222
vn 0.2433 0.6872 -0.6845
vn -0.1585 0.9759 -0.1500
vn -0.0422 0.7833 0.6202
vn 0.5531 0.2109 0.8060
vn -0.6621 -0.7448 -0.0828
vn 0.0029 -0.0338 -0.9994
vn -0.6574 -0.5868 -0.4727
vn -0.6255 -0.5925 0.5077
vn -0.0052 -0.0122 0.9999
vn 0.6554 0.5686 0.4971
vn 0.6802 0.5668 -0.4648
vn -0.0366 -0.0240 -0.9990
vn -0.6686 -0.5176 -0.5339
vn -0.7230 -0.4727 0.5037
vn 0.0119 -0.0616 0.9980
vn 0.7256 0.4833 0.4899
vn 0.6303 0.6211 -0.4658
vn -0.3964 0.3918 -0.8302
vn -0.8929 -0.0578 -0.4466
vn -0.9338 -0.0494 0.3543
vn -0.4453 0.4274 0.7868
vn 0.1122 0.9132 0.3918
vn 0.1516 0.9182 -0.3660
vn 0.6644 -0.7474 -0.0000
vn -0.3358 0.2944 -0.8947
vn -0.9299 0.3664 -0.0316
vn -0.5351 0.0167 0.8446
vn 0.3304 -0.3176 0.8888
vn 0.9218 -0.3865 0.0318
vn 0.6031 -0.0998 -0.7914
vn -0.3460 0.3268 -0.8795
vn -0.9028 0.4301 0.0038
vn -0.4242 0.2558 0.8687
vn 0.2923 -0.4274 0.8555
vn 0.8955 -0.4441 0.0314
vn 0.5712 -0.1255 -0.8112
vn -0.0615 0.8005 -0.5962
vn -0.5531 0.8274 0.0978
vn -0.3312 0.6028 0.7259
vn 0.4897 0.2708 0.8288
vn 0.9652 0.2196 0.1422
vn 0.6932 0.4782 -0.5393
vn -0.3652 -0.9129 -0.1826
vn -0.4427 -0.0120 -0.8966
vn -0.9276 -0.3713 -0.0405
vn -0.4588 -0.3652 0.8100
vn 0.4247 -0.0264 0.9049
vn 0.9369 0.3434 0.0646
vn 0.4453 0.3146 -0.8383
vn -0.4569 -0.0019 -0.8895
vn -0.9400 -0.3371 -0.0535
vn -0.4917 -0.2789 0.8249
vn 0.4707 0.0286 0.8818
vn 0.8423 0.5185 0.1474
vn 0.3894 0.4451 -0.8064
vn -0.5833 0.5289 -0.6164
vn -0.9753 0.2142 0.0543
vn -0.6080 0.2097 0.7657
vn 0.1912 0.5220 0.8312
vn 0.5477 0.8055 0.2264
vn 0.1659 0.8253 -0.5397
vn 0.3652 -0.9129 -0.1826
vn 0.4969 -0.3339 0.8010
vn 0.6663 -0.7322 -0.1409
vn 0.1498 -0.4223 -0.8940
vn -0.5291 0.2753 -0.8027
vn -0.7012 0.6973 0.1488
vn -0.2228 0.4190 0.8802
vn 0.6440 -0.1922 0.7405
vn 0.8302 -0.5406 -0.1365
vn 0.1301 -0.3457 -0.9293
vn -0.3386 0.4467 -0.8281
vn -0.6410 0.7511 0.1580
vn -0.1343 0.5027 0.8540
vn 0.8440 0.1797 0.5053
vn 0.9866 -0.1083 -0.1221
vn 0.5263 0.1522 -0.8366
vn 0.0528 0.6266 -0.7775
vn -0.1104 0.9936 0.0258
vn 0.2602 0.7666 0.5871
vn -0.6963 -0.6963 0.1741
vn -0.6966 -0.6986 0.1637
vn -0.3437 -0.1059 0.9331
vn 0.3571 0.4937 0.7929
vn 0.7413 0.6414 -0.1977
vn 0.3532 0.1226 -0.9275
vn -0.3323 -0.5438 -0.7706
vn -0.7826 -0.6064 0.1407
vn -0.3991 -0.1837 0.8983
vn 0.2561 0.6387 0.7256
vn 0.5253 0.8163 -0.2403
vn 0.3752 0.1140 -0.9199
vn -0.3615 -0.4525 -0.8152
vn -0.9919 -0.1263 -0.0112
vn -0.7437 0.2809 0.6067
vn -0.1546 0.8614 0.4839
vn 0.1052 0.9768 -0.1863
vn -0.1673 0.5439 -0.8223
vn -0.6728 0.0316 -0.7392
vn 0.6963 -0.6963 0.1741
vn -0.9266 0.1142 -0.3584
vn -0.7367 -0.4184 0.5312
vn 0.2148 -0.4860 0.8472
vn 0.9410 -0.1293 0.3128
vn 0.7755 0.3640 -0.5159
vn -0.1527 0.4756 -0.8663
vn -0.9136 0.1710 -0.3689
vn -0.7428 -0.3436 0.5746
vn 0.2124 -0.5191 0.8279
vn 0.8972 0.0866 0.4330
vn 0.7628 0.4429 -0.4712
vn -0.1645 0.6016 -0.7817
vn -0.7722 0.6354 0.0086
vn -0.6430 0.2491 0.7242
vn 0.1070 0.1683 0.9799
vn 0.6597 0.4316 0.6152
vn 0.5590 0.8241 -0.0913
vn -0.1453 0.9119 -0.3839
vn 0.0854 -0.8544 -0.5126
vn -0.8725 -0.2005 0.4455
vn 0.0125 -0.5118 0.8590
vn 0.8661 -0.3371 0.3690
vn 0.8621 0.1531 -0.4831
vn -0.0411 0.5028 -0.8634
vn -0.8500 0.3112 -0.4250
vn -0.8752 -0.2539 0.4117
vn 0.0144 -0.6142 0.7890
vn 0.8522 -0.1809 0.4909
vn 0.8622 0.3866 -0.3272
vn -0.0034 0.5775 -0.8164
vn -0.8579 0.2335 -0.4578
vn -0.6267 0.4031 0.6669
vn 0.0741 0.1577 0.9847
vn 0.7066 0.2948 0.6433
vn 0.7470 0.6648 0.0062
vn 0.1007 0.9316 -0.3492
vn -0.6173 0.7868 -0.0001
vn -0.0854 -0.8544 -0.5126
vn -0.8449 0.4679 0.2593
vn -0.5446 -0.2403 0.8036
vn 0.3544 -0.7752 0.5229
vn 0.8147 -0.5196 -0.2575
vn 0.4515 0.2786 -0.8476
vn -0.3137 0.7567 -0.5736
vn -0.6935 0.6095 0.3841
vn -0.5205 -0.3396 0.7834
vn 0.4310 -0.6261 0.6498
vn 0.8927 -0.4312 -0.1310
vn 0.5212 0.3609 -0.7733
vn -0.3706 0.7295 -0.5749
vn -0.2401 0.8299 0.5035
vn -0.0041 0.1973 0.9803
vn 0.5923 -0.1813 0.7851
vn 0.9782 0.0092 0.2072
vn 0.7431 0.6276 -0.2322
vn 0.1136 0.9928 -0.0377
vn -0.5455 -0.6364 -0.5455
vn -0.8182 -0.3692 -0.4408
vn -0.4392 -0.7933 0.4216
vn 0.4011 -0.3725 0.8368
vn 0.8596 0.3147 0.4026
vn 0.4720 0.7632 -0.4412
vn -0.3341 0.4270 -0.8403
vn -0.8793 -0.3085 -0.3628
vn -0.5578 -0.6298 0.5406
vn 0.4091 -0.4233 0.8084
vn 0.6309 0.5218 0.5742
vn 0.4012 0.8259 -0.3961
vn -0.3519 0.5625 -0.7482
vn -0.9851 0.1595 0.0637
vn -0.7500 -0.1736 0.6382
vn -0.0464 0.0961 0.9943
vn 0.2777 0.6325 0.7230
vn -0.0315 0.9989 0.0353
vn -0.5623 0.7921 -0.2375
vn 0.5455 -0.6364 -0.5455
vn 0.4368 -0.8458 -0.3063
vn 0.1951 -0.0547 -0.9793
vn -0.3027 0.7426 -0.5974
vn -0.4712 0.7821 0.4079
vn -0.2845 0.1184 0.9514
vn 0.2546 -0.7759 0.5771
vn 0.6388 -0.7180 -0.2764
vn 0.4505 0.0172 -0.8926
vn -0.0080 0.8555 -0.5178
vn -0.5389 0.7871 0.3001
vn -0.2844 0.0679 0.9563
vn 0.3138 -0.7193 0.6198
vn 0.9153 -0.3769 -0.1421
vn 0.7453 0.2069 -0.6338
vn 0.4181 0.8088 -0.4136
vn 0.2110 0.9114 0.3533
vn 0.3655 0.3467 0.8638
vn 0.7371 -0.3285 0.5906
vn -0.8805 -0.4402 -0.1761
vn -0.2606 -0.2184 -0.9404
vn -0.4400 -0.8928 -0.0964
vn -0.1650 -0.6483 0.7433
vn 0.3295 0.2444 0.9120
vn 0.4770 0.8656 0.1526
vn 0.1938 0.6214 -0.7591
vn -0.4027 -0.2369 -0.8841
vn -0.6989 -0.7143 -0.0365
vn -0.2573 -0.6292 0.7334
vn 0.2209 0.2968 0.9291
vn 0.5268 0.8352 0.1579
vn 0.1119 0.6511 -0.7507
vn -0.8105 0.0673 -0.5818
vn -0.9181 -0.3950 -0.0318
vn -0.6941 -0.2493 0.6754
vn -0.3191 0.4277 0.8457
vn -0.1860 0.9520 0.2431
vn -0.4396 0.7639 -0.4725
vn 0.8805 -0.4402 -0.1761
vn 0.4304 -0.1533 0.8895
vn 0.4760 -0.8423 0.2527
vn 0.0304 -0.7630 -0.6457
vn -0.4586 0.0933 -0.8838
vn -0.4781 0.8536 -0.2070
vn -0.0761 0.7367 0.6720
vn 0.6077 -0.0683 0.7912
vn 0.3675 -0.8769 0.3099
vn -0.0663 -0.7489 -0.6594
vn -0.3330 0.1468 -0.9314
vn -0.5823 0.7904 -0.1904
vn 0.0510 0.7592 0.6488
vn 0.8892 0.2349 0.3925
vn 0.9410 -0.3293 -0.0782
vn 0.5723 -0.2836 -0.7695
vn 0.2381 0.2613 -0.9354
vn 0.2125 0.8776 -0.4297
vn 0.5609 0.7909 0.2445
vn -0.8466 -0.3763 0.3763
vn 0.5580 0.6545 -0.5102
vn 0.3400 -0.2608 -0.9036
vn -0.1964 -0.8993 -0.3908
vn -0.5046 -0.6681 0.5468
vn -0.3083 0.2324 0.9225
vn 0.2410 0.8760 0.4178
vn 0.2507 0.7724 -0.5835
vn 0.0699 -0.1370 -0.9881
vn -0.3725 -0.7937 -0.4809
vn -0.5514 -0.6474 0.5261
vn -0.3228 0.2002 0.9251
vn 0.0719 0.9502 0.3031
vn -0.1468 0.7772 -0.6120
vn -0.3089 0.0724 -0.9483
vn -0.6960 -0.3984 -0.5973
vn -0.9665 -0.2232 0.1263
vn -0.8149 0.4035 0.4161
vn -0.3902 0.9202 0.0327
vn 0.8466 -0.3763 0.3763
vn 0.5783 0.2340 -0.7815
vn -0.4162 0.2525 -0.8735
vn -0.9826 0.0334 -0.1829
vn -0.5812 -0.2472 0.7753
vn 0.3785 -0.2819 0.8816
vn 0.9926 -0.0477 0.1119
vn 0.6231 0.2212 -0.7502
vn -0.3828 0.2025 -0.9014
vn -0.9694 0.2097 -0.1274
vn -0.6429 -0.2478 0.7248
vn 0.3783 -0.2285 0.8970
vn 0.9738 0.1654 0.1559
vn 0.8609 -0.4964 0.1120
vn 0.6014 -0.0949 -0.7933
vn -0.2045 0.3633 -0.9090
vn -0.8829 0.4626 -0.0805
vn -0.6350 0.0748 0.7689
vn 0.2435 -0.3899 0.8881
vn 0.8925 -0.4316 0.1312
vn 0.6262 -0.0891 -0.7746
vn -0.2721 0.3951 -0.8774
vn -0.8919 0.4491 -0.0529
vn -0.6009 0.1403 0.7869
vn 0.2948 -0.3540 0.8876
vn -0.1242 0.1205 -0.9849
vn -0.8164 -0.3199 -0.4808
vn -0.7445 -0.4891 0.4545
vn 0.1768 -0.1344 0.9750
vn 0.8285 0.2804 0.4848
vn 0.7534 0.4486 -0.4807
vn -0.0950 0.1404 -0.9855
vn -0.8619 -0.2512 -0.4405
vn -0.8063 -0.3485 0.4780
vn 0.0969 -0.1592 0.9825
vn 0.7527 0.4175 0.5090
vn 0.6472 0.5791 -0.4957
vn -0.9758 0.2181 -0.0136
vn -0.5843 -0.5117 0.6298
vn 0.3390 -0.7257 0.5987
vn 0.9681 -0.2503 -0.0121
vn 0.6417 0.4571 -0.6158
vn -0.3204 0.6847 -0.6546
vn -0.9191 0.3601 0.1600
vn -0.6687 -0.4993 0.5509
vn 0.3464 -0.6966 0.6282
vn 0.9677 -0.2448 -0.0602
vn 0.5878 0.4373 -0.6806
vn -0.2672 0.8481 -0.4576
vn -0.7541 -0.6247 0.2028
vn 0.1724 -0.7569 0.6304
vn 0.9117 -0.1451 0.3843
vn 0.7413 0.6279 -0.2371
vn -0.1392 0.7376 -0.6607
vn -0.8847 0.1628 -0.4367
vn -0.7941 -0.4921 0.3567
vn 0.1524 -0.6792 0.7180
vn 0.7909 0.0498 0.6099
vn 0.7291 0.6563 -0.1941
vn -0.1789 0.8269 -0.5332
vn -0.9407 0.1918 -0.2799
vn 0.7135 -0.6768 0.1810
vn 0.5437 -0.4495 -0.7088
vn -0.2106 0.2556 -0.9436
vn -0.7202 0.6387 -0.2707
vn -0.5599 0.3789 0.7368
vn 0.1336 -0.2499 0.9590
vn 0.7431 -0.6277 0.2320
vn 0.6344 -0.3418 -0.6933
vn -0.1375 0.3673 -0.9199
vn -0.6013 0.7576 -0.2540
vn -0.5116 0.4673 0.7211
vn 0.2816 -0.1243 0.9514
vn 0.0627 0.0533 -0.9966
vn -0.6003 -0.5700 -0.5611
vn -0.6711 -0.6040 0.4300
vn -0.0169 -0.0293 0.9994
vn 0.6394 0.5316 0.5555
vn 0.6794 0.5667 -0.4661
vn -0.0541 0.0303 -0.9981
vn -0.6978 -0.4507 -0.5568
vn -0.6367 -0.6362 0.4356
vn 0.0346 -0.1315 0.9907
vn 0.5914 0.5849 0.5551
vn 0.6625 0.5977 -0.4515
vn -0.3120 0.2936 -0.9036
vn -0.9276 0.3609 -0.0964
vn -0.5861 0.0654 0.8076
vn 0.3166 -0.3170 0.8940
vn 0.9178 -0.3938 0.0501
vn 0.6063 -0.1030 -0.7885
vn -0.3048 0.3697 -0.8778
vn -0.8004 0.5978 -0.0439
vn -0.6874 -0.0014 0.7262
vn 0.2930 -0.3732 0.8803
vn 0.9023 -0.4289 0.0428
vn 0.6165 -0.0776 -0.7835
vn -0.3651 -0.9129 -0.1826
vn -0.4275 0.0013 -0.9040
vn -0.9241 -0.3728 -0.0841
vn -0.4744 -0.3649 0.8011
vn 0.4172 -0.0329 0.9082
vn 0.9402 0.3226 0.1091
vn 0.4899 0.3422 -0.8018
vn -0.4569 0.0238 -0.8892
vn -0.9562 -0.2852 -0.0665
vn -0.4930 -0.3404 0.8007
vn 0.3367 0.1510 0.9294
vn 0.8793 0.4455 0.1685
vn 0.4751 0.3542 -0.8055
vn 0.3651 -0.9129 -0.1826
vn 0.4931 -0.3228 0.8079
vn 0.6665 -0.7396 -0.0938
vn 0.1548 -0.4301 -0.8894
vn -0.5087 0.2622 -0.8200
vn -0.7020 0.7045 0.1042
vn -0.2485 0.4297 0.8681
vn 0.6603 -0.1488 0.7361
vn 0.7133 -0.7007 -0.0174
vn 0.3285 -0.2426 -0.9128
vn -0.4325 0.2896 -0.8538
vn -0.6018 0.7889 0.1241
vn -0.1012 0.5659 0.8182
vn -0.7139 -0.6990 0.0418
vn -0.4075 -0.2461 0.8794
vn 0.3389 0.4876 0.8046
vn 0.7142 0.6954 -0.0798
vn 0.3939 0.1480 -0.9072
vn -0.2818 -0.5253 -0.8029
vn -0.7123 -0.6916 0.1192
vn -0.5273 -0.1207 0.8411
vn 0.1379 0.6852 0.7152
vn 0.7310 0.6759 -0.0937
vn 0.3296 0.2107 -0.9203
vn -0.3694 -0.4342 -0.8216
vn -0.9044 0.1277 -0.4072
vn -0.7898 -0.3711 0.4883
vn 0.1081 -0.5295 0.8414
vn 0.9269 -0.1395 0.3485
vn 0.7868 0.3534 -0.5060
vn -0.0912 0.4998 -0.8613
vn -0.9101 0.2019 -0.3618
vn -0.7610 -0.4192 0.4952
vn 0.0844 -0.3054 0.9485
vn 0.9080 -0.0735 0.4124
vn 0.7676 0.4803 -0.4243
vn -0.1204 0.5307 -0.8390
vn -0.9054 -0.1442 0.3992
vn -0.0911 -0.5268 0.8451
vn 0.8310 -0.3783 0.4078
vn 0.9069 0.1304 -0.4007
vn -0.0120 0.4935 -0.8696
vn -0.8358 0.3276 -0.4406
vn -0.8829 -0.2812 0.3760
vn -0.0738 -0.3584 0.9306
vn 0.8320 -0.1300 0.5393
vn 0.9006 0.2216 -0.3740
vn 0.0510 0.4145 -0.9086
vn -0.8523 0.2617 -0.4528
vn -0.8362 0.4934 0.2395
vn -0.5533 -0.2346 0.7993
vn 0.3179 -0.7788 0.5407
vn 0.8018 -0.5510 -0.2315
vn 0.5502 0.2161 -0.8066
vn -0.2768 0.7346 -0.6195
vn -0.8561 0.4960 0.1453
vn -0.4316 -0.1000 0.8965
vn 0.3907 -0.6635 0.6381
vn 0.8684 -0.4743 -0.1446
vn 0.4780 0.2324 -0.8470
vn -0.1408 0.8684 -0.4755
vn -0.8118 -0.3578 -0.4615
vn -0.5366 -0.7647 0.3568
vn 0.3063 -0.5042 0.8074
vn 0.8247 0.2555 0.5046
vn 0.4849 0.7677 -0.4190
vn -0.2618 0.4589 -0.8490
vn -0.9268 -0.1965 -0.3201
vn -0.4913 -0.7998 0.3449
vn 0.1085 -0.2672 0.9575
vn 0.7713 0.3472 0.5334
vn 0.3839 0.8531 -0.3534
vn -0.3049 0.5408 -0.7839
vn 0.5454 -0.6364 -0.5455
vn 0.4506 -0.8576 -0.2481
vn 0.2063 -0.1308 -0.9697
vn -0.1950 0.6768 -0.7099
vn -0.5002 0.8121 0.3006
vn -0.2915 0.1707 0.9412
vn 0.1967 -0.7430 0.6397
vn 0.6753 -0.6950 -0.2469
vn 0.4916 0.0216 -0.8705
vn -0.2678 0.6545 -0.7071
vn -0.5191 0.8016 0.2964
vn -0.1957 0.1622 0.9672
vn 0.4031 -0.6238 0.6696
vn -0.8804 -0.4402 -0.1761
vn -0.2570 -0.1870 -0.9481
vn -0.4564 -0.8790 -0.1381
vn -0.1729 -0.6800 0.7126
vn 0.3088 0.2197 0.9254
vn 0.4972 0.8418 0.2103
vn 0.1965 0.6233 -0.7569
vn -0.5441 -0.0602 -0.8369
vn -0.5347 -0.8279 -0.1694
vn -0.2778 -0.6240 0.7304
vn 0.3450 0.1679 0.9235
vn 0.4216 0.8784 0.2251
vn 0.0812 0.6779 -0.7307
vn 0.8804 -0.4402 -0.1761
vn 0.4293 -0.0915 0.8985
vn 0.4744 -0.8341 0.2814
vn 0.0323 -0.7678 -0.6399
vn -0.4318 0.0561 -0.9002
vn -0.5285 0.7988 -0.2873
vn -0.0848 0.7594 0.6451
vn 0.3054 -0.0849 0.9484
vn 0.4097 -0.8586 0.3082
vn 0.1554 -0.7071 -0.6898
vn -0.5121 -0.0241 -0.8586
vn -0.4231 0.8428 -0.3327
vn 0.1280 0.8124 0.5689
vn 0.5659 0.6734 -0.4757
vn 0.3503 -0.1946 -0.9162
vn -0.1832 -0.8967 -0.4030
vn -0.5242 -0.7178 0.4582
vn -0.3226 0.1305 0.9375
vn 0.2391 0.8723 0.4265
vn 0.2847 0.7743 -0.5652
vn 0.1355 -0.1435 -0.9803
vn -0.1999 -0.8576 -0.4740
vn -0.5302 -0.6625 0.5291
vn -0.4954 0.2076 0.8435
vn -0.0499 0.9576 0.2838
vn 0.8467 -0.3763 0.3763
vt 0.180012 0.246647
vt 0.170583 0.199221
vt 0.181563 0.198077
vt 0.162161 0.244603
vt 0.169692 0.248050
vt 0.040862 0.276034
vt 0.051000 0.222661
vt 0.051144 0.276180
vt 0.823983 0.249294
vt 0.814613 0.196118
vt 0.825982 0.197049
vt 0.806383 0.250608
vt 0.813814 0.248337
vt 0.638357 0.340105
vt 0.627602 0.285482
vt 0.639305 0.285455
vt 0.180533 0.192028
vt 0.162513 0.195839
vt 0.170680 0.193652
vt 0.040387 0.216294
vt 0.051144 0.216623
vt 0.825226 0.191392
vt 0.806782 0.192656
vt 0.814671 0.190113
vt 0.628556 0.279384
vt 0.639249 0.279248
vt 0.172724 0.173168
vt 0.162161 0.190321
vt 0.046008 0.197711
vt 0.019179 0.487727
vt 0.018925 0.498320
vt 0.005457 0.487727
vt 0.008935 0.503772
vt 0.635480 0.263215
vt 0.627793 0.576008
vt 0.636748 0.581426
vt 0.636748 0.591768
vt 0.006825 0.876862
vt 0.015343 0.839414
vt 0.015343 0.877126
vt 0.898780 0.056098
vt 0.893001 0.025396
vt 0.900141 0.022252
vt 0.892644 0.058816
vt 0.884185 0.023728
vt 0.325705 0.049853
vt 0.316913 0.010942
vt 0.326027 0.010859
vt 0.941167 0.414902
vt 0.948695 0.381108
vt 0.948728 0.416827
vt 0.933168 0.381076
vt 0.941033 0.378991
vt 0.006251 0.835116
vt 0.015205 0.835025
vt 0.899920 0.018314
vt 0.884185 0.019840
vt 0.893022 0.021521
vt 0.326045 0.006410
vt 0.941015 0.375069
vt 0.948728 0.377016
vt 0.010526 0.820811
vt 0.891770 0.006119
vt 0.651409 0.965121
vt 0.659465 0.964950
vt 0.651409 0.976986
vt 0.664877 0.971996
vt 0.662586 0.979415
vt 0.083110 0.765911
vt 0.076843 0.771002
vt 0.068887 0.761264
vt 0.800964 0.658484
vt 0.794068 0.615886
vt 0.801403 0.618301
vt 0.292286 0.255722
vt 0.288091 0.221880
vt 0.297351 0.222378
vt 0.912190 0.405609
vt 0.921878 0.363724
vt 0.920491 0.406496
vt 0.905657 0.363745
vt 0.913132 0.362630
vt 0.937892 0.770501
vt 0.946171 0.733752
vt 0.946171 0.771002
vt 0.808727 0.657199
vt 0.810639 0.617003
vt 0.801572 0.613373
vt 0.288841 0.217785
vt 0.297916 0.218553
vt 0.913370 0.357909
vt 0.921637 0.358888
vt 0.936724 0.729111
vt 0.946122 0.729530
vt 0.810111 0.612191
vt 0.794091 0.611254
vt 0.802938 0.597385
vt 0.294604 0.202563
vt 0.283527 0.212680
vt 0.239100 0.751822
vt 0.230301 0.750567
vt 0.239100 0.736832
vt 0.225625 0.742939
vt 0.699385 0.659763
vt 0.693593 0.653451
vt 0.705793 0.649797
vt 0.944106 0.663598
vt 0.936904 0.633719
vt 0.944893 0.633694
vt 0.442510 0.744151
vt 0.436003 0.714340
vt 0.443678 0.714356
vt 0.430870 0.743747
vt 0.435691 0.744151
vt 0.013471 0.932106
vt 0.006388 0.902596
vt 0.014065 0.902831
vt 0.814474 0.383346
vt 0.807391 0.353688
vt 0.814391 0.353458
vt 0.802462 0.383477
vt 0.807871 0.383583
vt 0.944598 0.630361
vt 0.443152 0.710897
vt 0.430457 0.710486
vt 0.435973 0.710948
vt 0.014065 0.899457
vt 0.814474 0.350044
vt 0.801644 0.350177
vt 0.807304 0.350283
vt 0.937465 0.630373
vt 0.942039 0.621561
vt 0.437904 0.701095
vt 0.006305 0.899255
vt 0.011147 0.888956
vt 0.808316 0.340552
vt 0.666363 0.686487
vt 0.673827 0.686487
vt 0.669807 0.694285
vt 0.881605 0.981480
vt 0.881056 0.974528
vt 0.887039 0.970934
vt 0.962156 0.139368
vt 0.967908 0.114641
vt 0.967908 0.138127
vt 0.955490 0.114915
vt 0.961866 0.116067
vt 0.441943 0.033187
vt 0.448792 0.008808
vt 0.448750 0.033244
vt 0.284868 0.354175
vt 0.279041 0.329011
vt 0.285130 0.329608
vt 0.273713 0.354175
vt 0.279453 0.353497
vt 0.730727 0.464018
vt 0.724269 0.440321
vt 0.731365 0.440345
vt 0.961815 0.113170
vt 0.967465 0.111883
vt 0.441893 0.006084
vt 0.448572 0.006084
vt 0.284143 0.326898
vt 0.272883 0.326826
vt 0.278975 0.326245
vt 0.724516 0.437476
vt 0.731160 0.437504
vt 0.961766 0.103415
vt 0.955755 0.112161
vt 0.985692 0.395090
vt 0.980517 0.391222
vt 0.988365 0.387591
vt 0.980517 0.384702
vt 0.985975 0.381549
vt 0.728089 0.428404
vt 0.816843 0.990923
vt 0.811387 0.987670
vt 0.816623 0.977868
vt 0.978767 0.599668
vt 0.975488 0.580310
vt 0.981891 0.581214
vt 0.454138 0.408562
vt 0.458805 0.391843
vt 0.459936 0.408409
vt 0.110456 0.135533
vt 0.107279 0.117578
vt 0.113625 0.118653
vt 0.515947 0.734897
vt 0.521673 0.714861
vt 0.521673 0.735201
vt 0.338758 0.035102
vt 0.347686 0.019065
vt 0.344657 0.035801
vt 0.303753 0.436868
vt 0.297803 0.419034
vt 0.304309 0.418448
vt 0.981972 0.578802
vt 0.452366 0.390058
vt 0.458579 0.390058
vt 0.113796 0.116464
vt 0.515431 0.712451
vt 0.521452 0.712682
vt 0.341121 0.018341
vt 0.347782 0.016837
vt 0.298171 0.417216
vt 0.304273 0.416504
vt 0.975885 0.578118
vt 0.980129 0.569830
vt 0.972814 0.574851
vt 0.107765 0.115445
vt 0.111968 0.107072
vt 0.104883 0.111845
vt 0.341539 0.016280
vt 0.345424 0.007725
vt 0.338758 0.012450
vt 0.459427 0.415407
vt 0.451221 0.411997
vt 0.071144 0.708350
vt 0.071144 0.685376
vt 0.075438 0.688224
vt 0.717809 0.186677
vt 0.723693 0.165311
vt 0.723296 0.185789
vt 0.502606 0.143187
vt 0.497885 0.119310
vt 0.503772 0.119805
vt 0.492838 0.143204
vt 0.497338 0.142650
vt 0.233808 0.723845
vt 0.239100 0.705161
vt 0.239100 0.724972
vt 0.959229 0.429340
vt 0.968857 0.407926
vt 0.964565 0.429613
vt 0.850275 0.152122
vt 0.850275 0.158548
vt 0.848557 0.153703
vt 0.717984 0.163757
vt 0.723693 0.163060
vt 0.503518 0.117178
vt 0.493135 0.119867
vt 0.497924 0.116616
vt 0.835638 0.768444
vt 0.835638 0.761784
vt 0.837489 0.767782
vt 0.962790 0.407612
vt 0.969186 0.405368
vt 0.963224 0.405097
vt 0.959229 0.402897
vt 0.965742 0.396321
vt 0.795295 0.510111
vt 0.792643 0.515312
vt 0.787106 0.508234
vt 0.787106 0.516558
vt 0.442399 0.545158
vt 0.439309 0.549422
vt 0.433516 0.541340
vt 0.433516 0.551081
vt 0.984457 0.149641
vt 0.984457 0.143885
vt 0.988599 0.142054
vt 0.937569 0.482036
vt 0.929046 0.454379
vt 0.936990 0.456222
vt 0.920913 0.718579
vt 0.929549 0.686411
vt 0.928932 0.718579
vt 0.971599 0.655716
vt 0.965135 0.625762
vt 0.973022 0.627507
vt 0.957960 0.655927
vt 0.964575 0.653830
vt 0.909038 0.465295
vt 0.916654 0.434021
vt 0.916763 0.465414
vt 0.943478 0.453017
vt 0.943614 0.479081
vt 0.929200 0.451283
vt 0.936911 0.453200
vt 0.921431 0.682797
vt 0.929468 0.682773
vt 0.744151 0.791460
vt 0.741280 0.783449
vt 0.744151 0.782956
vt 0.957960 0.624628
vt 0.965165 0.622291
vt 0.908281 0.430383
vt 0.916763 0.430490
vt 0.943614 0.450075
vt 0.935857 0.439831
vt 0.925511 0.673646
vt 0.682561 0.990923
vt 0.675300 0.987176
vt 0.685335 0.979458
vt 0.674578 0.979458
vt 0.913048 0.418819
vt 0.584625 0.981972
vt 0.577967 0.979896
vt 0.577967 0.972385
vt 0.970871 0.746102
vt 0.959233 0.725768
vt 0.967591 0.725642
vt 0.092000 0.950007
vt 0.095242 0.923618
vt 0.099732 0.949893
vt 0.013845 0.643141
vt 0.005772 0.611575
vt 0.014065 0.611540
vt 0.960948 0.186086
vt 0.972638 0.167636
vt 0.968776 0.186677
vt 0.963059 0.231428
vt 0.971743 0.201884
vt 0.970812 0.230754
vt 0.924896 0.926867
vt 0.917022 0.897510
vt 0.925713 0.897590
vt 0.958877 0.723543
vt 0.967180 0.723350
vt 0.086661 0.920755
vt 0.094673 0.920546
vt 0.013882 0.608013
vt 0.965094 0.164326
vt 0.973022 0.165367
vt 0.963059 0.202436
vt 0.971565 0.198981
vt 0.925457 0.894022
vt 0.099732 0.916188
vt 0.089846 0.908357
vt 0.005790 0.607994
vt 0.009769 0.599748
vt 0.970692 0.153320
vt 0.960948 0.158450
vt 0.917053 0.894117
vt 0.920901 0.881712
vt 0.958877 0.751695
vt 0.962910 0.746091
vt 0.985446 0.541345
vt 0.980151 0.524732
vt 0.985808 0.522504
vt 0.974837 0.541985
vt 0.980344 0.543409
vt 0.767250 0.442399
vt 0.773559 0.421993
vt 0.773097 0.442006
vt 0.686613 0.125304
vt 0.681292 0.103357
vt 0.686613 0.105128
vt 0.682066 0.123690
vt 0.675209 0.104839
vt 0.975856 0.800410
vt 0.978474 0.779836
vt 0.981972 0.799619
vt 0.980044 0.522199
vt 0.985257 0.520218
vt 0.973863 0.523294
vt 0.767208 0.420429
vt 0.773559 0.419767
vt 0.736457 0.982744
vt 0.731967 0.987756
vt 0.730545 0.986184
vt 0.675353 0.102635
vt 0.681168 0.101142
vt 0.971702 0.778257
vt 0.977923 0.777455
vt 0.979225 0.512849
vt 0.973863 0.521114
vt 0.730545 0.993310
vt 0.739036 0.993480
vt 0.737377 0.984212
vt 0.981972 0.774666
vt 0.974352 0.769118
vt 0.448704 0.841325
vt 0.444264 0.839586
vt 0.444071 0.833436
vt 0.429613 0.502494
vt 0.424358 0.479865
vt 0.429613 0.480773
vt 0.419369 0.502348
vt 0.425115 0.501467
vt 0.565731 0.975579
vt 0.559272 0.955171
vt 0.566424 0.955230
vt 0.209692 0.978819
vt 0.203910 0.960308
vt 0.209692 0.958566
vt 0.199111 0.979741
vt 0.204799 0.980694
vt 0.716367 0.029384
vt 0.722414 0.008289
vt 0.722414 0.029408
vt 0.429248 0.478338
vt 0.418017 0.478153
vt 0.424276 0.477389
vt 0.559688 0.952545
vt 0.566228 0.952717
vt 0.208865 0.956136
vt 0.198033 0.957068
vt 0.203817 0.958007
vt 0.715934 0.005813
vt 0.722268 0.005955
vt 0.554252 0.889136
vt 0.551485 0.883272
vt 0.560031 0.882401
vt 0.554565 0.878203
vt 0.563308 0.943967
vt 0.202723 0.948768
vt 0.560031 0.889912
vt 0.925984 0.005843
vt 0.930828 0.007916
vt 0.930828 0.014207
vt 0.977270 0.368240
vt 0.983251 0.348795
vt 0.982938 0.368174
vt 0.016133 0.028129
vt 0.011215 0.008029
vt 0.016622 0.008207
vt 0.006561 0.028129
vt 0.011185 0.027934
vt 0.219921 0.028113
vt 0.213987 0.008310
vt 0.219921 0.008261
vt 0.981418 0.324767
vt 0.985808 0.304561
vt 0.985808 0.324036
vt 0.975723 0.304972
vt 0.981058 0.305378
vt 0.977368 0.346685
vt 0.983224 0.346560
vt 0.016473 0.005937
vt 0.006495 0.005944
vt 0.011218 0.005747
vt 0.219501 0.006073
vt 0.980977 0.303079
vt 0.985587 0.302319
vt 0.980138 0.339394
vt 0.459134 0.987087
vt 0.453958 0.984400
vt 0.460300 0.981637
vt 0.453958 0.978724
vt 0.458412 0.975450
vt 0.980091 0.295851
vt 0.975749 0.302730
vt 0.992201 0.820204
vt 0.982879 0.820591
vt 0.987642 0.812322
vt 0.787624 0.372062
vt 0.783034 0.351901
vt 0.787481 0.352254
vt 0.778281 0.372075
vt 0.783578 0.371669
vt 0.348319 0.987087
vt 0.354175 0.967169
vt 0.353544 0.987087
vt 0.343758 0.966996
vt 0.348306 0.967183
vt 0.981789 0.901420
vt 0.984043 0.881960
vt 0.987087 0.900929
vt 0.987600 0.125227
vt 0.982528 0.105428
vt 0.988141 0.105355
vt 0.787624 0.349979
vt 0.777595 0.350026
vt 0.783035 0.349598
vt 0.348460 0.964884
vt 0.353857 0.964877
vt 0.978251 0.882544
vt 0.983611 0.879746
vt 0.982492 0.103168
vt 0.988365 0.103095
vt 0.397648 0.142719
vt 0.397050 0.148696
vt 0.391585 0.144044
vt 0.391585 0.150876
vt 0.349517 0.958431
vt 0.987087 0.878029
vt 0.980290 0.872746
vt 0.977705 0.880453
vt 0.984099 0.096546
vt 0.042793 0.991905
vt 0.042948 0.986199
vt 0.048108 0.984058
vt 0.765556 0.272042
vt 0.761017 0.258794
vt 0.765887 0.258406
vt 0.925078 0.269244
vt 0.929465 0.254597
vt 0.929549 0.269414
vt 0.921830 0.269787
vt 0.924792 0.254412
vt 0.793453 0.492265
vt 0.795735 0.479413
vt 0.797852 0.491774
vt 0.070672 0.297542
vt 0.067060 0.283261
vt 0.071602 0.282966
vt 0.062749 0.297331
vt 0.066723 0.297916
vt 0.765754 0.257047
vt 0.924846 0.252776
vt 0.929549 0.252890
vt 0.921158 0.254977
vt 0.790753 0.480077
vt 0.795342 0.477867
vt 0.071479 0.281266
vt 0.063188 0.280987
vt 0.067095 0.281606
vt 0.626174 0.845199
vt 0.630748 0.846648
vt 0.626174 0.851554
vt 0.631633 0.850989
vt 0.797852 0.475457
vt 0.792619 0.472068
vt 0.790588 0.478544
vt 0.067488 0.276017
vt 0.756911 0.574815
vt 0.760630 0.571978
vt 0.764609 0.577801
vt 0.834279 0.561310
vt 0.836597 0.549768
vt 0.838768 0.561167
vt 0.356724 0.128914
vt 0.353215 0.114672
vt 0.358011 0.114576
vt 0.349208 0.128151
vt 0.352408 0.129140
vt 0.149153 0.247936
vt 0.144550 0.235347
vt 0.149597 0.234898
vt 0.407524 0.274901
vt 0.403217 0.259796
vt 0.407877 0.259980
vt 0.399372 0.274901
vt 0.403050 0.274714
vt 0.831513 0.548438
vt 0.836260 0.548346
vt 0.357787 0.112839
vt 0.349892 0.112041
vt 0.353288 0.113044
vt 0.193070 0.237884
vt 0.193070 0.242936
vt 0.191629 0.242801
vt 0.403274 0.258114
vt 0.407748 0.258283
vt 0.399078 0.259968
vt 0.833349 0.542053
vt 0.354290 0.107394
vt 0.374095 0.149597
vt 0.372404 0.145867
vt 0.378469 0.146905
vt 0.374376 0.141590
vt 0.378469 0.141272
vt 0.838768 0.545551
vt 0.563645 0.802848
vt 0.564064 0.810639
vt 0.560275 0.805962
vt 0.358011 0.717300
vt 0.352903 0.701305
vt 0.358011 0.702252
vt 0.949261 0.557474
vt 0.949261 0.539762
vt 0.952564 0.555346
vt 0.177727 0.556685
vt 0.169108 0.541941
vt 0.174239 0.541469
vt 0.589439 0.645340
vt 0.581172 0.659888
vt 0.584688 0.644936
vt 0.884665 0.287687
vt 0.884665 0.270080
vt 0.888634 0.272350
vt 0.862624 0.333717
vt 0.866897 0.316751
vt 0.866792 0.332611
vt 0.284972 0.423270
vt 0.279494 0.424420
vt 0.283845 0.422230
vt 0.177727 0.538973
vt 0.173574 0.539470
vt 0.176727 0.537271
vt 0.585665 0.661672
vt 0.580644 0.661515
vt 0.094617 0.144246
vt 0.094617 0.149597
vt 0.093067 0.145205
vt 0.862413 0.316118
vt 0.866897 0.315026
vt 0.278502 0.417539
vt 0.170700 0.532898
vt 0.168564 0.540244
vt 0.583608 0.668713
vt 0.589439 0.664147
vt 0.285130 0.417539
vt 0.753460 0.726454
vt 0.756234 0.734006
vt 0.749729 0.731506
vt 0.720738 0.859226
vt 0.716486 0.841806
vt 0.721136 0.842841
vt 0.716641 0.858247
vt 0.712040 0.842925
vt 0.030896 0.496094
vt 0.035801 0.479054
vt 0.035801 0.496101
vt 0.132046 0.516975
vt 0.128250 0.502085
vt 0.132975 0.501229
vt 0.123608 0.516615
vt 0.127710 0.517837
vt 0.639304 0.453906
vt 0.644419 0.436446
vt 0.644080 0.453906
vt 0.716453 0.840218
vt 0.720918 0.841024
vt 0.030685 0.477100
vt 0.035708 0.477070
vt 0.132838 0.499360
vt 0.123785 0.499034
vt 0.128308 0.500339
vt 0.639156 0.434461
vt 0.644376 0.434458
vt 0.572817 0.846440
vt 0.568169 0.844514
vt 0.572817 0.839647
vt 0.567032 0.839976
vt 0.033143 0.470824
vt 0.128632 0.493237
vt 0.642503 0.429184
vt 0.649247 0.589944
vt 0.649160 0.585160
vt 0.653351 0.582663
vt 0.991510 0.187823
vt 0.988546 0.180380
vt 0.992201 0.179018
vt 0.984740 0.187949
vt 0.988223 0.189234
vt 0.148265 0.866897
vt 0.152092 0.854469
vt 0.152155 0.866864
vt 0.983170 0.218642
vt 0.983170 0.207013
vt 0.985808 0.209480
vt 0.494523 0.167498
vt 0.498658 0.157235
vt 0.498214 0.166746
vt 0.903600 0.652091
vt 0.899610 0.639670
vt 0.903977 0.639679
vt 0.991940 0.177885
vt 0.793316 0.244502
vt 0.794017 0.248050
vt 0.792284 0.244441
vt 0.147989 0.853110
vt 0.152155 0.853039
vt 0.305588 0.090376
vt 0.305588 0.094617
vt 0.304669 0.094097
vt 0.338897 0.054980
vt 0.338897 0.050971
vt 0.340110 0.054930
vt 0.899767 0.638230
vt 0.903905 0.638249
vt 0.893748 0.542530
vt 0.892166 0.545898
vt 0.888301 0.541421
vt 0.888301 0.547245
vt 0.149472 0.849644
vt 0.228822 0.254443
vt 0.229660 0.250786
vt 0.233986 0.254443
vt 0.233281 0.248896
vt 0.901801 0.634104
vt 0.837168 0.811917
vt 0.834413 0.809550
vt 0.837210 0.804399
vt 0.845461 0.088974
vt 0.851554 0.077950
vt 0.849262 0.089503
vt 0.894516 0.837356
vt 0.891746 0.825044
vt 0.895027 0.824897
vt 0.888108 0.837489
vt 0.891801 0.837489
vt 0.980388 0.935942
vt 0.976621 0.923462
vt 0.980694 0.923627
vt 0.175980 0.470528
vt 0.175980 0.457668
vt 0.179005 0.469763
vt 0.867139 0.226314
vt 0.867811 0.213310
vt 0.870733 0.225427
vt 0.847184 0.077394
vt 0.851502 0.076438
vt 0.894571 0.823474
vt 0.887648 0.825047
vt 0.891649 0.823609
vt 0.980663 0.922232
vt 0.870733 0.212567
vt 0.867409 0.211940
vt 0.870389 0.211185
vt 0.863795 0.212831
vt 0.847610 0.075959
vt 0.849881 0.071461
vt 0.845461 0.074608
vt 0.887662 0.823622
vt 0.890774 0.819563
vt 0.200742 0.011507
vt 0.196901 0.009994
vt 0.200742 0.006597
vt 0.196049 0.006041
vt 0.865572 0.208338
vt 0.813196 0.265471
vt 0.806504 0.268766
vt 0.809889 0.263485
vt 0.039663 0.222641
vt 0.806383 0.198565
vt 0.627602 0.340110
vt 0.627625 0.595832
vt 0.619005 0.589784
vt 0.619041 0.579844
vt 0.006128 0.839499
vt 0.884432 0.057642
vt 0.316893 0.049866
vt 0.933366 0.416783
vt 0.316893 0.006486
vt 0.933386 0.377057
vt 0.069305 0.769345
vt 0.075609 0.755707
vt 0.083110 0.758068
vt 0.794068 0.656390
vt 0.283527 0.255401
vt 0.905657 0.406598
vt 0.936531 0.732939
vt 0.905730 0.358855
vt 0.693881 0.645374
vt 0.700202 0.643988
vt 0.705793 0.657864
vt 0.937172 0.663598
vt 0.430353 0.713898
vt 0.006506 0.931972
vt 0.800825 0.353622
vt 0.893748 0.973659
vt 0.893748 0.980970
vt 0.887759 0.984529
vt 0.956096 0.138389
vt 0.441479 0.008676
vt 0.272575 0.329583
vt 0.724269 0.464135
vt 0.811307 0.980919
vt 0.822146 0.980351
vt 0.822146 0.987154
vt 0.972814 0.598845
vt 0.452371 0.391727
vt 0.104883 0.134671
vt 0.515284 0.714568
vt 0.297803 0.437285
vt 0.462857 0.411879
vt 0.453493 0.415548
vt 0.657205 0.226314
vt 0.652952 0.224220
vt 0.657205 0.202363
vt 0.717646 0.165946
vt 0.233170 0.704146
vt 0.007672 0.048587
vt 0.005687 0.044312
vt 0.007672 0.042678
vt 0.492838 0.117169
vt 0.233272 0.701815
vt 0.992201 0.145582
vt 0.992078 0.151208
vt 0.988053 0.153433
vt 0.930032 0.480415
vt 0.920788 0.686337
vt 0.958179 0.627896
vt 0.908441 0.433933
vt 0.972178 0.624609
vt 0.584108 0.967785
vt 0.590511 0.969814
vt 0.590718 0.977113
vt 0.086990 0.923945
vt 0.006150 0.643141
vt 0.964235 0.167070
vt 0.917022 0.926992
vt 0.963488 0.199359
vt 0.974301 0.751404
vt 0.970064 0.756937
vt 0.962275 0.756846
vt 0.766790 0.422414
vt 0.676426 0.124932
vt 0.971801 0.780785
vt 0.448331 0.829684
vt 0.452628 0.831656
vt 0.452628 0.837507
vt 0.417771 0.480562
vt 0.559615 0.975579
vt 0.197952 0.959461
vt 0.715820 0.008123
vt 0.926801 0.017900
vt 0.921988 0.015708
vt 0.921790 0.009362
vt 0.977270 0.348939
vt 0.005967 0.008199
vt 0.214599 0.028129
vt 0.976269 0.324456
vt 0.214009 0.006072
vt 0.982852 0.814915
vt 0.992201 0.814845
vt 0.987695 0.823425
vt 0.287687 0.572817
vt 0.283502 0.571687
vt 0.287687 0.552228
vt 0.777310 0.352258
vt 0.343944 0.986930
vt 0.982492 0.125304
vt 0.343972 0.964717
vt 0.052423 0.987169
vt 0.047360 0.994758
vt 0.052423 0.992695
vt 0.760944 0.272344
vt 0.062749 0.282695
vt 0.760944 0.257202
vt 0.921393 0.253295
vt 0.764609 0.573505
vt 0.761062 0.580489
vt 0.757004 0.579251
vt 0.831535 0.550005
vt 0.349208 0.113716
vt 0.144550 0.248050
vt 0.232732 0.207159
vt 0.233986 0.207709
vt 0.232732 0.212249
vt 0.399259 0.258271
vt 0.567360 0.803774
vt 0.567703 0.807883
vt 0.560275 0.810084
vt 0.353630 0.716324
vt 0.914022 0.478963
vt 0.918042 0.493395
vt 0.914022 0.496101
vt 0.172892 0.557474
vt 0.586042 0.660016
vt 0.211102 0.109468
vt 0.214806 0.111746
vt 0.211102 0.126582
vt 0.862015 0.317801
vt 0.280190 0.425777
vt 0.123792 0.006159
vt 0.125304 0.010547
vt 0.123792 0.011508
vt 0.749729 0.726961
vt 0.756937 0.729657
vt 0.752753 0.735201
vt 0.712364 0.859226
vt 0.030569 0.479093
vt 0.123608 0.500868
vt 0.639013 0.436445
vt 0.712173 0.841098
vt 0.657205 0.584612
vt 0.657205 0.589291
vt 0.653149 0.591996
vt 0.984834 0.179102
vt 0.147922 0.854501
vt 0.887355 0.083995
vt 0.885058 0.084388
vt 0.885058 0.072021
vt 0.494523 0.157771
vt 0.899739 0.652091
vt 0.794017 0.240843
vt 0.984740 0.178136
vt 0.051182 0.426643
vt 0.052423 0.427354
vt 0.051182 0.429613
vt 0.303030 0.121468
vt 0.302072 0.117464
vt 0.303030 0.117057
vt 0.834413 0.805744
vt 0.840047 0.806638
vt 0.839942 0.810466
vt 0.976621 0.935717
vt 0.272344 0.230150
vt 0.269325 0.218239
vt 0.272344 0.217064
vt 0.863767 0.214307
vt 0.976621 0.922061
vt 0.813169 0.269238
vt 0.809732 0.271065
vt 0.806504 0.265063
s 0
usemtl MossbackGolem_Crystals
f 2985/5160/4982 2992/5161/4982 2991/5162/4982
f 2987/5163/4983 2992/5161/4983 2986/5164/4983
f 2988/5165/4984 2993/5166/4984 2987/5167/4984
f 2988/5168/4985 2995/5169/4985 2994/5170/4985
f 2990/5171/4986 2995/5169/4986 2989/5172/4986
f 2990/5173/4987 2991/5174/4987 2996/5175/4987
f 2992/5161/4988 2997/5176/4988 2991/5162/4988
f 2993/5177/4989 2998/5178/4989 2992/5161/4989
f 2993/5166/4990 3000/5179/4990 2999/5180/4990
f 2995/5169/4991 3000/5181/4991 2994/5170/4991
f 2995/5169/4992 3002/5182/4992 3001/5183/4992
f 2996/5175/4993 2997/5184/4993 3002/5185/4993
f 2997/5176/4994 2998/5178/4994 3003/5186/4994
f 2998/5178/4995 2999/5187/4995 3003/5186/4995
f 2999/5180/4996 3000/5179/4996 3003/5188/4996
f 3000/5189/4997 3001/5190/4997 3003/5191/4997
f 3001/5190/4998 3002/5192/4998 3003/5191/4998
f 3002/5185/4999 2997/5184/4999 3003/5193/4999
f 2987/5194/5000 2986/5195/5000 2985/5196/5000
f 3005/5197/5001 3010/5198/5001 3004/5199/5001
f 3005/5200/5002 3012/5201/5002 3011/5202/5002
f 3006/5203/5003 3013/5204/5003 3012/5201/5003
f 3007/5205/5004 3014/5206/5004 3013/5207/5004
f 3009/5208/5005 3014/5209/5005 3008/5210/5005
f 3009/5208/5006 3010/5211/5006 3015/5212/5006
f 3010/5198/5007 3017/5213/5007 3016/5214/5007
f 3012/5201/5008 3017/5215/5008 3011/5202/5008
f 3012/5201/5009 3019/5216/5009 3018/5217/5009
f 3014/5206/5010 3019/5218/5010 3013/5207/5010
f 3014/5209/5011 3021/5219/5011 3020/5220/5011
f 3010/5211/5012 3021/5219/5012 3015/5212/5012
f 3016/5214/5013 3017/5213/5013 3022/5221/5013
f 3017/5215/5014 3018/5217/5014 3022/5222/5014
f 3018/5217/5015 3019/5216/5015 3022/5222/5015
f 3019/5223/5016 3020/5224/5016 3022/5225/5016
f 3020/5224/5017 3021/5226/5017 3022/5225/5017
f 3021/5226/5018 3016/5227/5018 3022/5225/5018
f 3006/5228/5019 3005/5229/5019 3009/5230/5019
f 3023/5231/5020 3030/5232/5020 3029/5233/5020
f 3024/5234/5021 3031/5235/5021 3030/5236/5021
f 3026/5237/5022 3031/5238/5022 3025/5239/5022
f 3026/5237/5023 3033/5240/5023 3032/5241/5023
f 3028/5242/5024 3033/5243/5024 3027/5244/5024
f 3028/5245/5025 3029/5233/5025 3034/5246/5025
f 3030/5232/5026 3035/5247/5026 3029/5233/5026
f 3030/5236/5027 3037/5248/5027 3036/5249/5027
f 3031/5238/5028 3038/5250/5028 3037/5251/5028
f 3033/5240/5029 3038/5250/5029 3032/5241/5029
f 3033/5243/5030 3040/5252/5030 3039/5253/5030
f 3034/5246/5031 3035/5247/5031 3040/5254/5031
f 3035/5247/5032 3036/5255/5032 3041/5256/5032
f 3036/5249/5033 3037/5248/5033 3041/5257/5033
f 3037/5248/5034 3038/5258/5034 3041/5257/5034
f 3038/5259/5035 3039/5260/5035 3041/5261/5035
f 3039/5260/5036 3040/5262/5036 3041/5261/5036
f 3040/5254/5037 3035/5247/5037 3041/5256/5037
f 3025/5263/5038 3024/5264/5038 3027/5265/5038
f 3042/5266/5039 3049/5267/5039 3048/5268/5039
f 3043/5269/5040 3050/5270/5040 3049/5271/5040
f 3045/5272/5041 3050/5270/5041 3044/5273/5041
f 3045/5274/5042 3052/5275/5042 3051/5276/5042
f 3046/5277/5043 3053/5278/5043 3052/5279/5043
f 3042/5280/5044 3053/5278/5044 3047/5281/5044
f 3049/5267/5045 3054/5282/5045 3048/5268/5045
f 3050/5270/5046 3055/5283/5046 3049/5271/5046
f 3050/5270/5047 3057/5284/5047 3056/5285/5047
f 3052/5275/5048 3057/5286/5048 3051/5276/5048
f 3053/5278/5049 3058/5287/5049 3052/5279/5049
f 3053/5278/5050 3054/5288/5050 3059/5289/5050
f 3054/5282/5051 3055/5290/5051 3060/5291/5051
f 3055/5283/5052 3056/5285/5052 3060/5292/5052
f 3056/5285/5053 3057/5284/5053 3060/5292/5053
f 3057/5286/5054 3058/5293/5054 3060/5294/5054
f 3058/5287/5055 3059/5289/5055 3060/5295/5055
f 3059/5296/5056 3054/5297/5056 3060/5298/5056
f 3044/5299/5057 3043/5300/5057 3042/5301/5057
f 3062/5302/5058 3067/5303/5058 3061/5304/5058
f 3062/5302/5059 3069/5305/5059 3068/5306/5059
f 3064/5307/5060 3069/5308/5060 3063/5309/5060
f 3064/5310/5061 3071/5311/5061 3070/5312/5061
f 3066/5313/5062 3071/5311/5062 3065/5314/5062
f 3066/5315/5063 3067/5316/5063 3072/5317/5063
f 3067/5303/5064 3074/5318/5064 3073/5319/5064
f 3069/5305/5065 3074/5318/5065 3068/5306/5065
f 3069/5308/5066 3076/5320/5066 3075/5321/5066
f 3071/5311/5067 3076/5322/5067 3070/5312/5067
f 3071/5311/5068 3078/5323/5068 3077/5324/5068
f 3072/5317/5069 3073/5325/5069 3078/5326/5069
f 3073/5319/5070 3074/5318/5070 3079/5327/5070
f 3074/5318/5071 3075/5328/5071 3079/5327/5071
f 3075/5329/5072 3076/5330/5072 3079/5331/5072
f 3076/5330/5073 3077/5332/5073 3079/5331/5073
f 3077/5332/5074 3078/5333/5074 3079/5331/5074
f 3078/5326/5075 3073/5325/5075 3079/5334/5075
f 3063/5335/5076 3062/5336/5076 3066/5337/5076
f 3080/5338/5077 3087/5339/5077 3086/5340/5077
f 3082/5341/5078 3087/5342/5078 3081/5343/5078
f 3082/5344/5079 3089/5345/5079 3088/5346/5079
f 3084/5347/5080 3089/5348/5080 3083/5349/5080
f 3085/5350/5081 3090/5351/5081 3084/5352/5081
f 3085/5353/5082 3086/5354/5082 3091/5355/5082
f 3087/5339/5083 3092/5356/5083 3086/5340/5083
f 3087/5342/5084 3094/5357/5084 3093/5358/5084
f 3089/5345/5085 3094/5359/5085 3088/5346/5085
f 3089/5348/5086 3096/5360/5086 3095/5361/5086
f 3091/5362/5087 3096/5363/5087 3090/5351/5087
f 3091/5355/5088 3092/5364/5088 3097/5365/5088
f 3092/5356/5089 3093/5366/5089 3098/5367/5089
f 3093/5366/5090 3094/5368/5090 3098/5367/5090
f 3094/5359/5091 3095/5369/5091 3098/5370/5091
f 3095/5369/5092 3096/5371/5092 3098/5370/5092
f 3096/5363/5093 3097/5372/5093 3098/5373/5093
f 3097/5372/5094 3092/5374/5094 3098/5373/5094
f 3085/5375/5095 3083/5376/5095 3081/5343/5095
f 3099/5377/5096 3106/5378/5096 3105/5379/5096
f 3101/5380/5097 3106/5381/5097 3100/5382/5097
f 3101/5383/5098 3108/5384/5098 3107/5385/5098
f 3103/5386/5099 3108/5384/5099 3102/5387/5099
f 3104/5388/5100 3109/5389/5100 3103/5390/5100
f 3099/5391/5101 3110/5392/5101 3104/5393/5101
f 3105/5394/5102 3112/5395/5102 3111/5396/5102
f 3106/5381/5103 3113/5397/5103 3112/5398/5103
f 3108/5384/5104 3113/5399/5104 3107/5385/5104
f 3109/5400/5105 3114/5401/5105 3108/5384/5105
f 3109/5402/5106 3116/5403/5106 3115/5404/5106
f 3105/5405/5107 3116/5406/5107 3110/5392/5107
f 3111/5407/5108 3112/5408/5108 3117/5409/5108
f 3112/5410/5109 3113/5411/5109 3117/5412/5109
f 3113/5411/5110 3114/5413/5110 3117/5412/5110
f 3114/5414/5111 3115/5415/5111 3117/5416/5111
f 3115/5415/5112 3116/5417/5112 3117/5416/5112
f 3116/5406/5113 3111/5407/5113 3117/5409/5113
f 3101/5418/5114 3100/5419/5114 3099/5420/5114
f 3118/5421/5115 3125/5422/5115 3124/5423/5115
f 3120/5424/5116 3125/5425/5116 3119/5426/5116
f 3120/5427/5117 3127/5428/5117 3126/5429/5117
f 3122/5430/5118 3127/5428/5118 3121/5431/5118
f 3123/5432/5119 3128/5433/5119 3122/5434/5119
f 3118/5421/5120 3129/5435/5120 3123/5436/5120
f 3124/5423/5121 3131/5437/5121 3130/5438/5121
f 3125/5425/5122 3132/5439/5122 3131/5440/5122
f 3127/5441/5123 3132/5442/5123 3126/5443/5123
f 3127/5428/5124 3134/5444/5124 3133/5445/5124
f 3128/5433/5125 3135/5446/5125 3134/5447/5125
f 3129/5435/5126 3130/5438/5126 3135/5448/5126
f 3130/5438/5127 3131/5437/5127 3136/5449/5127
f 3131/5440/5128 3132/5439/5128 3136/5450/5128
f 3132/5451/5129 3133/5452/5129 3136/5453/5129
f 3133/5452/5130 3134/5454/5130 3136/5453/5130
f 3134/5447/5131 3135/5446/5131 3136/5455/5131
f 3135/5448/5132 3130/5438/5132 3136/5449/5132
f 3120/5456/5133 3119/5457/5133 3118/5458/5133
f 3137/5459/5134 3144/5460/5134 3143/5461/5134
f 3139/5462/5135 3144/5463/5135 3138/5464/5135
f 3139/5465/5136 3146/5466/5136 3145/5467/5136
f 3141/5468/5137 3146/5469/5137 3140/5470/5137
f 3142/5471/5138 3147/5472/5138 3141/5473/5138
f 3142/5474/5139 3143/5475/5139 3148/5476/5139
f 3143/5461/5140 3150/5477/5140 3149/5478/5140
f 3144/5463/5141 3151/5479/5141 3150/5480/5141
f 3146/5466/5142 3151/5481/5142 3145/5467/5142
f 3146/5469/5143 3153/5482/5143 3152/5483/5143
f 3148/5484/5144 3153/5485/5144 3147/5472/5144
f 3143/5475/5145 3154/5486/5145 3148/5476/5145
f 3149/5487/5146 3150/5480/5146 3155/5488/5146
f 3150/5480/5147 3151/5479/5147 3155/5488/5147
f 3151/5481/5148 3152/5489/5148 3155/5490/5148
f 3152/5483/5149 3153/5482/5149 3155/5491/5149
f 3153/5482/5150 3154/5492/5150 3155/5491/5150
f 3154/5486/5151 3149/5493/5151 3155/5494/5151
f 3139/5495/5152 3138/5496/5152 3137/5459/5152
f 3156/5497/5153 3163/5498/5153 3162/5499/5153
f 3158/5500/5154 3163/5498/5154 3157/5501/5154
f 3159/5502/5155 3164/5503/5155 3158/5504/5155
f 3159/5505/5156 3166/5506/5156 3165/5507/5156
f 3160/5508/5157 3167/5509/5157 3166/5506/5157
f 3156/5510/5158 3167/5511/5158 3161/5512/5158
f 3162/5499/5159 3169/5513/5159 3168/5514/5159
f 3164/5515/5160 3169/5513/5160 3163/5498/5160
f 3164/5503/5161 3171/5516/5161 3170/5517/5161
f 3166/5518/5162 3171/5519/5162 3165/5520/5162
f 3166/5506/5163 3173/5521/5163 3172/5522/5163
f 3167/5511/5164 3168/5523/5164 3173/5524/5164
f 3168/5514/5165 3169/5513/5165 3174/5525/5165
f 3169/5513/5166 3170/5526/5166 3174/5525/5166
f 3170/5527/5167 3171/5519/5167 3174/5528/5167
f 3171/5519/5168 3172/5529/5168 3174/5528/5168
f 3172/5530/5169 3173/5524/5169 3174/5531/5169
f 3173/5524/5170 3168/5523/5170 3174/5531/5170
f 3158/5532/5171 3157/5533/5171 3156/5534/5171
f 3175/5535/5172 3182/5536/5172 3181/5537/5172
f 3177/5538/5173 3182/5536/5173 3176/5539/5173
f 3177/5540/5174 3184/5541/5174 3183/5542/5174
f 3178/5543/5175 3185/5544/5175 3184/5545/5175
f 3180/5546/5176 3185/5544/5176 3179/5547/5176
f 3175/5548/5177 3186/5549/5177 3180/5550/5177
f 3182/5536/5178 3187/5551/5178 3181/5537/5178
f 3182/5536/5179 3189/5552/5179 3188/5553/5179
f 3183/5542/5180 3190/5554/5180 3189/5555/5180
f 3185/5544/5181 3190/5556/5181 3184/5545/5181
f 3185/5544/5182 3192/5557/5182 3191/5558/5182
f 3186/5549/5183 3187/5559/5183 3192/5560/5183
f 3187/5561/5184 3188/5562/5184 3193/5563/5184
f 3188/5562/5185 3189/5564/5185 3193/5563/5185
f 3189/5555/5186 3190/5554/5186 3193/5565/5186
f 3190/5556/5187 3191/5558/5187 3193/5566/5187
f 3191/5558/5188 3192/5557/5188 3193/5566/5188
f 3192/5567/5189 3187/5561/5189 3193/5563/5189
f 3177/5568/5190 3176/5569/5190 3175/5570/5190
f 3195/5571/5191 3200/5572/5191 3194/5573/5191
f 3195/5574/5192 3202/5575/5192 3201/5576/5192
f 3197/5577/5193 3202/5575/5193 3196/5578/5193
f 3197/5579/5194 3204/5580/5194 3203/5581/5194
f 3199/5582/5195 3204/5583/5195 3198/5584/5195
f 3199/5582/5196 3200/5585/5196 3205/5586/5196
f 3200/5572/5197 3207/5587/5197 3206/5588/5197
f 3202/5575/5198 3207/5589/5198 3201/5576/5198
f 3202/5575/5199 3209/5590/5199 3208/5591/5199
f 3204/5580/5200 3209/5592/5200 3203/5581/5200
f 3204/5583/5201 3211/5593/5201 3210/5594/5201
f 3200/5585/5202 3211/5593/5202 3205/5586/5202
f 3206/5588/5203 3207/5587/5203 3212/5595/5203
f 3207/5596/5204 3208/5597/5204 3212/5598/5204
f 3208/5597/5205 3209/5599/5205 3212/5598/5205
f 3209/5599/5206 3210/5600/5206 3212/5598/5206
f 3210/5594/5207 3211/5593/5207 3212/5601/5207
f 3211/5593/5208 3206/5602/5208 3212/5601/5208
f 3197/5603/5209 3195/5604/5209 3199/5605/5209
f 3213/5606/5210 3220/5607/5210 3219/5608/5210
f 3215/5609/5211 3220/5607/5211 3214/5610/5211
f 3216/5611/5212 3221/5612/5212 3215/5613/5212
f 3216/5611/5213 3223/5614/5213 3222/5615/5213
f 3218/5616/5214 3223/5617/5214 3217/5618/5214
f 3218/5619/5215 3219/5620/5215 3224/5621/5215
f 3220/5607/5216 3225/5622/5216 3219/5608/5216
f 3220/5607/5217 3227/5623/5217 3226/5624/5217
f 3221/5612/5218 3228/5625/5218 3227/5626/5218
f 3223/5614/5219 3228/5625/5219 3222/5615/5219
f 3224/5627/5220 3229/5628/5220 3223/5617/5220
f 3224/5621/5221 3225/5629/5221 3230/5630/5221
f 3225/5631/5222 3226/5632/5222 3231/5633/5222
f 3226/5632/5223 3227/5634/5223 3231/5633/5223
f 3227/5626/5224 3228/5625/5224 3231/5635/5224
f 3228/5636/5225 3229/5628/5225 3231/5637/5225
f 3229/5628/5226 3230/5638/5226 3231/5637/5226
f 3230/5630/5227 3225/5629/5227 3231/5639/5227
f 3215/5640/5228 3214/5641/5228 3213/5642/5228
f 3232/5643/5229 3239/5644/5229 3238/5645/5229
f 3234/5646/5230 3239/5647/5230 3233/5648/5230
f 3235/5649/5231 3240/5650/5231 3234/5646/5231
f 3236/5651/5232 3241/5652/5232 3235/5653/5232
f 3236/5654/5233 3243/5655/5233 3242/5656/5233
f 3232/5657/5234 3243/5655/5234 3237/5658/5234
f 3239/5644/5235 3244/5659/5235 3238/5645/5235
f 3239/5647/5236 3246/5660/5236 3245/5661/5236
f 3241/5662/5237 3246/5660/5237 3240/5650/5237
f 3242/5663/5238 3247/5664/5238 3241/5652/5238
f 3243/5655/5239 3248/5665/5239 3242/5656/5239
f 3243/5655/5240 3244/5666/5240 3249/5667/5240
f 3244/5668/5241 3245/5669/5241 3250/5670/5241
f 3245/5669/5242 3246/5671/5242 3250/5670/5242
f 3246/5672/5243 3247/5664/5243 3250/5673/5243
f 3247/5664/5244 3248/5674/5244 3250/5673/5244
f 3248/5665/5245 3249/5667/5245 3250/5675/5245
f 3249/5667/5246 3244/5666/5246 3250/5675/5246
f 3233/5676/5247 3232/5677/5247 3236/5678/5247
f 3252/5679/5248 3257/5680/5248 3251/5681/5248
f 3252/5682/5249 3259/5683/5249 3258/5684/5249
f 3254/5685/5250 3259/5683/5250 3253/5686/5250
f 3254/5687/5251 3261/5688/5251 3260/5689/5251
f 3255/5690/5252 3262/5691/5252 3261/5692/5252
f 3251/5693/5253 3262/5691/5253 3256/5694/5253
f 3257/5680/5254 3264/5695/5254 3263/5696/5254
f 3259/5683/5255 3264/5697/5255 3258/5684/5255
f 3259/5683/5256 3266/5698/5256 3265/5699/5256
f 3261/5700/5257 3266/5701/5257 3260/5702/5257
f 3261/5692/5258 3268/5703/5258 3267/5704/5258
f 3257/5705/5259 3268/5703/5259 3262/5691/5259
f 3263/5696/5260 3264/5695/5260 3269/5706/5260
f 3264/5697/5261 3265/5699/5261 3269/5707/5261
f 3265/5708/5262 3266/5709/5262 3269/5710/5262
f 3266/5709/5263 3267/5711/5263 3269/5710/5263
f 3267/5711/5264 3268/5712/5264 3269/5710/5264
f 3268/5713/5265 3263/5696/5265 3269/5706/5265
f 3251/5714/5266 3254/5715/5266 3252/5716/5266
f 3270/5717/5267 3277/5718/5267 3276/5719/5267
f 3272/5720/5268 3277/5721/5268 3271/5722/5268
f 3272/5723/5269 3279/5724/5269 3278/5725/5269
f 3274/5726/5270 3279/5727/5270 3273/5728/5270
f 3274/5729/5271 3281/5730/5271 3280/5731/5271
f 3270/5732/5272 3281/5733/5272 3275/5734/5272
f 3276/5735/5273 3283/5736/5273 3282/5737/5273
f 3277/5738/5274 3284/5739/5274 3283/5740/5274
f 3279/5724/5275 3284/5739/5275 3278/5725/5275
f 3279/5727/5276 3286/5741/5276 3285/5742/5276
f 3280/5743/5277 3287/5744/5277 3286/5745/5277
f 3281/5733/5278 3282/5746/5278 3287/5747/5278
f 3282/5737/5279 3283/5736/5279 3288/5748/5279
f 3283/5740/5280 3284/5739/5280 3288/5749/5280
f 3284/5739/5281 3285/5750/5281 3288/5749/5281
f 3285/5742/5282 3286/5741/5282 3288/5751/5282
f 3286/5741/5283 3287/5752/5283 3288/5751/5283
f 3287/5753/5284 3282/5737/5284 3288/5748/5284
f 3274/5754/5285 3272/5755/5285 3270/5756/5285
f 3289/5757/5286 3296/5758/5286 3295/5759/5286
f 3290/5760/5287 3297/5761/5287 3296/5758/5287
f 3292/5762/5288 3297/5763/5288 3291/5764/5288
f 3292/5765/5289 3299/5766/5289 3298/5767/5289
f 3294/5768/5290 3299/5766/5290 3293/5769/5290
f 3289/5770/5291 3300/5771/5291 3294/5772/5291
f 3295/5759/5292 3302/5773/5292 3301/5774/5292
f 3297/5761/5293 3302/5773/5293 3296/5758/5293
f 3297/5763/5294 3304/5775/5294 3303/5776/5294
f 3299/5766/5295 3304/5777/5295 3298/5767/5295
f 3299/5766/5296 3306/5778/5296 3305/5779/5296
f 3300/5771/5297 3301/5780/5297 3306/5781/5297
f 3301/5782/5298 3302/5783/5298 3307/5784/5298
f 3302/5783/5299 3303/5785/5299 3307/5784/5299
f 3303/5776/5300 3304/5775/5300 3307/5786/5300
f 3304/5777/5301 3305/5779/5301 3307/5787/5301
f 3305/5779/5302 3306/5778/5302 3307/5787/5302
f 3306/5781/5303 3301/5780/5303 3307/5788/5303
f 3291/5789/5304 3290/5790/5304 3289/5791/5304
f 3308/5792/5305 3315/5793/5305 3314/5794/5305
f 3310/5795/5306 3315/5793/5306 3309/5796/5306
f 3311/5797/5307 3316/5798/5307 3310/5799/5307
f 3311/5800/5308 3318/5801/5308 3317/5802/5308
f 3313/5803/5309 3318/5804/5309 3312/5805/5309
f 3313/5806/5310 3314/5807/5310 3319/5808/5310
f 3315/5793/5311 3320/5809/5311 3314/5794/5311
f 3315/5810/5312 3322/5811/5312 3321/5812/5312
f 3316/5798/5313 3323/5813/5313 3322/5814/5313
f 3318/5815/5314 3323/5816/5314 3317/5817/5314
f 3318/5818/5315 3325/5819/5315 3324/5820/5315
f 3319/5808/5316 3320/5821/5316 3325/5822/5316
f 3320/5823/5317 3321/5824/5317 3326/5825/5317
f 3321/5824/5318 3322/5826/5318 3326/5825/5318
f 3322/5814/5319 3323/5813/5319 3326/5827/5319
f 3323/5828/5320 3324/5829/5320 3326/5830/5320
f 3324/5829/5321 3325/5831/5321 3326/5830/5321
f 3325/5822/5322 3320/5821/5322 3326/5832/5322
f 3310/5833/5323 3309/5834/5323 3313/5835/5323
f 3328/5836/5324 3333/5837/5324 3327/5838/5324
f 3328/5839/5325 3335/5840/5325 3334/5841/5325
f 3330/5842/5326 3335/5840/5326 3329/5843/5326
f 3330/5844/5327 3337/5845/5327 3336/5846/5327
f 3332/5847/5328 3337/5848/5328 3331/5849/5328
f 3327/5850/5329 3338/5851/5329 3332/5852/5329
f 3334/5853/5330 3339/5854/5330 3333/5837/5330
f 3335/5840/5331 3340/5855/5331 3334/5841/5331
f 3336/5856/5332 3341/5857/5332 3335/5840/5332
f 3337/5845/5333 3342/5858/5333 3336/5846/5333
f 3337/5859/5334 3344/5860/5334 3343/5861/5334
f 3338/5851/5335 3339/5862/5335 3344/5860/5335
f 3339/5854/5336 3340/5863/5336 3345/5864/5336
f 3340/5863/5337 3341/5865/5337 3345/5864/5337
f 3341/5857/5338 3342/5866/5338 3345/5867/5338
f 3342/5868/5339 3343/5869/5339 3345/5870/5339
f 3343/5869/5340 3344/5871/5340 3345/5870/5340
f 3344/5860/5341 3339/5862/5341 3345/5872/5341
f 3327/5873/5342 3330/5874/5342 3328/5875/5342
f 2985/5160/5343 2986/5164/5343 2992/5161/5343
f 2987/5163/5344 2993/5177/5344 2992/5161/5344
f 2988/5165/5345 2994/5876/5345 2993/5166/5345
f 2988/5168/5346 2989/5172/5346 2995/5169/5346
f 2990/5171/5347 2996/5877/5347 2995/5169/5347
f 2990/5173/5348 2985/5878/5348 2991/5174/5348
f 2992/5161/5349 2998/5178/5349 2997/5176/5349
f 2993/5177/5350 2999/5187/5350 2998/5178/5350
f 2993/5166/5351 2994/5876/5351 3000/5179/5351
f 2995/5169/5352 3001/5183/5352 3000/5181/5352
f 2995/5169/5353 2996/5877/5353 3002/5182/5353
f 2996/5175/5354 2991/5174/5354 2997/5184/5354
f 2985/5196/5000 2990/5879/5000 2987/5194/5000
f 2990/5879/5000 2989/5880/5000 2987/5194/5000
f 2989/5880/5000 2988/5881/5000 2987/5194/5000
f 3005/5197/5355 3011/5882/5355 3010/5198/5355
f 3005/5200/5356 3006/5203/5356 3012/5201/5356
f 3006/5203/5357 3007/5883/5357 3013/5204/5357
f 3007/5205/5358 3008/5884/5358 3014/5206/5358
f 3009/5208/5359 3015/5212/5359 3014/5209/5359
f 3009/5208/5360 3004/5885/5360 3010/5211/5360
f 3010/5198/5361 3011/5882/5361 3017/5213/5361
f 3012/5201/5362 3018/5217/5362 3017/5215/5362
f 3012/5201/5363 3013/5204/5363 3019/5216/5363
f 3014/5206/5364 3020/5886/5364 3019/5218/5364
f 3014/5209/5365 3015/5212/5365 3021/5219/5365
f 3010/5211/5366 3016/5887/5366 3021/5219/5366
f 3004/5888/5019 3009/5230/5019 3005/5229/5019
f 3009/5230/5019 3008/5889/5019 3006/5228/5019
f 3008/5889/5019 3007/5890/5019 3006/5228/5019
f 3023/5231/5367 3024/5891/5367 3030/5232/5367
f 3024/5234/5368 3025/5892/5368 3031/5235/5368
f 3026/5237/5369 3032/5241/5369 3031/5238/5369
f 3026/5237/5370 3027/5893/5370 3033/5240/5370
f 3028/5242/5371 3034/5894/5371 3033/5243/5371
f 3028/5245/5372 3023/5231/5372 3029/5233/5372
f 3030/5232/5373 3036/5255/5373 3035/5247/5373
f 3030/5236/5374 3031/5235/5374 3037/5248/5374
f 3031/5238/5375 3032/5241/5375 3038/5250/5375
f 3033/5240/5376 3039/5895/5376 3038/5250/5376
f 3033/5243/5377 3034/5894/5377 3040/5252/5377
f 3034/5246/5378 3029/5233/5378 3035/5247/5378
f 3023/5896/5038 3028/5897/5038 3024/5264/5038
f 3028/5897/5038 3027/5265/5038 3024/5264/5038
f 3027/5265/5038 3026/5898/5038 3025/5263/5038
f 3042/5266/5379 3043/5899/5379 3049/5267/5379
f 3043/5269/5380 3044/5273/5380 3050/5270/5380
f 3045/5272/5381 3051/5900/5381 3050/5270/5381
f 3045/5274/5382 3046/5901/5382 3052/5275/5382
f 3046/5277/5383 3047/5281/5383 3053/5278/5383
f 3042/5280/5384 3048/5902/5384 3053/5278/5384
f 3049/5267/5385 3055/5290/5385 3054/5282/5385
f 3050/5270/5386 3056/5285/5386 3055/5283/5386
f 3050/5270/5387 3051/5900/5387 3057/5284/5387
f 3052/5275/5388 3058/5293/5388 3057/5286/5388
f 3053/5278/5389 3059/5289/5389 3058/5287/5389
f 3053/5278/5390 3048/5902/5390 3054/5288/5390
f 3042/5301/5057 3047/5903/5057 3046/5904/5057
f 3046/5904/5057 3045/5905/5057 3042/5301/5057
f 3045/5905/5057 3044/5299/5057 3042/5301/5057
f 3062/5302/5391 3068/5306/5391 3067/5303/5391
f 3062/5302/5392 3063/5906/5392 3069/5305/5392
f 3064/5307/5393 3070/5907/5393 3069/5308/5393
f 3064/5310/5394 3065/5314/5394 3071/5311/5394
f 3066/5313/5395 3072/5908/5395 3071/5311/5395
f 3066/5315/5396 3061/5909/5396 3067/5316/5396
f 3067/5303/5397 3068/5306/5397 3074/5318/5397
f 3069/5305/5398 3075/5328/5398 3074/5318/5398
f 3069/5308/5399 3070/5907/5399 3076/5320/5399
f 3071/5311/5400 3077/5324/5400 3076/5322/5400
f 3071/5311/5401 3072/5908/5401 3078/5323/5401
f 3072/5317/5402 3067/5316/5402 3073/5325/5402
f 3061/5910/5076 3066/5337/5076 3062/5336/5076
f 3066/5337/5076 3065/5911/5076 3064/5912/5076
f 3063/5335/5076 3066/5337/5076 3064/5912/5076
f 3080/5338/5403 3081/5913/5403 3087/5339/5403
f 3082/5341/5404 3088/5914/5404 3087/5342/5404
f 3082/5344/5405 3083/5915/5405 3089/5345/5405
f 3084/5347/5406 3090/5916/5406 3089/5348/5406
f 3085/5350/5407 3091/5362/5407 3090/5351/5407
f 3085/5353/5408 3080/5917/5408 3086/5354/5408
f 3087/5339/5409 3093/5366/5409 3092/5356/5409
f 3087/5342/5410 3088/5914/5410 3094/5357/5410
f 3089/5345/5411 3095/5369/5411 3094/5359/5411
f 3089/5348/5412 3090/5916/5412 3096/5360/5412
f 3091/5362/5413 3097/5372/5413 3096/5363/5413
f 3091/5355/5414 3086/5354/5414 3092/5364/5414
f 3080/5918/5095 3085/5375/5095 3081/5343/5095
f 3085/5375/5095 3084/5919/5095 3083/5376/5095
f 3081/5343/5095 3083/5376/5095 3082/5341/5095
f 3099/5920/5415 3100/5921/5415 3106/5922/5415
f 3101/5380/5416 3107/5923/5416 3106/5381/5416
f 3101/5383/5417 3102/5387/5417 3108/5384/5417
f 3103/5386/5418 3109/5400/5418 3108/5384/5418
f 3104/5388/5419 3110/5924/5419 3109/5389/5419
f 3099/5391/5420 3105/5405/5420 3110/5392/5420
f 3105/5925/5421 3106/5926/5421 3112/5927/5421
f 3106/5381/5422 3107/5923/5422 3113/5397/5422
f 3108/5384/5423 3114/5401/5423 3113/5399/5423
f 3109/5400/5424 3115/5928/5424 3114/5401/5424
f 3109/5389/5425 3110/5924/5425 3116/5929/5425
f 3105/5405/5426 3111/5407/5426 3116/5406/5426
f 3099/5420/5114 3104/5930/5114 3101/5418/5114
f 3104/5930/5114 3103/5931/5114 3101/5418/5114
f 3103/5931/5114 3102/5932/5114 3101/5418/5114
f 3118/5421/5427 3119/5933/5427 3125/5422/5427
f 3120/5424/5428 3126/5934/5428 3125/5425/5428
f 3120/5427/5429 3121/5431/5429 3127/5428/5429
f 3122/5430/5430 3128/5935/5430 3127/5428/5430
f 3123/5432/5431 3129/5936/5431 3128/5433/5431
f 3118/5421/5432 3124/5423/5432 3129/5435/5432
f 3124/5423/5433 3125/5422/5433 3131/5437/5433
f 3125/5425/5434 3126/5934/5434 3132/5439/5434
f 3127/5428/5435 3133/5445/5435 3132/5937/5435
f 3127/5428/5436 3128/5935/5436 3134/5444/5436
f 3128/5433/5437 3129/5936/5437 3135/5446/5437
f 3129/5435/5438 3124/5423/5438 3130/5438/5438
f 3118/5458/5439 3123/5938/5439 3120/5456/5439
f 3123/5938/5439 3122/5939/5439 3121/5940/5439
f 3120/5456/5133 3123/5938/5133 3121/5940/5133
f 3137/5459/5440 3138/5496/5440 3144/5460/5440
f 3139/5462/5441 3145/5941/5441 3144/5463/5441
f 3139/5465/5442 3140/5942/5442 3146/5466/5442
f 3141/5468/5443 3147/5943/5443 3146/5469/5443
f 3142/5471/5444 3148/5484/5444 3147/5472/5444
f 3142/5474/5445 3137/5944/5445 3143/5475/5445
f 3143/5461/5446 3144/5460/5446 3150/5477/5446
f 3144/5463/5447 3145/5941/5447 3151/5479/5447
f 3146/5466/5448 3152/5489/5448 3151/5481/5448
f 3146/5469/5449 3147/5943/5449 3153/5482/5449
f 3148/5484/5450 3154/5945/5450 3153/5485/5450
f 3143/5475/5451 3149/5493/5451 3154/5486/5451
f 3137/5459/5452 3142/5946/5452 3139/5495/5452
f 3142/5946/5152 3141/5947/5152 3140/5948/5152
f 3139/5495/5152 3142/5946/5152 3140/5948/5152
f 3156/5497/5453 3157/5501/5453 3163/5498/5453
f 3158/5500/5454 3164/5515/5454 3163/5498/5454
f 3159/5502/5455 3165/5949/5455 3164/5503/5455
f 3159/5505/5456 3160/5508/5456 3166/5506/5456
f 3160/5508/5457 3161/5950/5457 3167/5509/5457
f 3156/5510/5458 3162/5951/5458 3167/5511/5458
f 3162/5499/5459 3163/5498/5459 3169/5513/5459
f 3164/5515/5460 3170/5526/5460 3169/5513/5460
f 3164/5503/5461 3165/5949/5461 3171/5516/5461
f 3166/5518/5462 3172/5529/5462 3171/5519/5462
f 3166/5506/5463 3167/5509/5463 3173/5521/5463
f 3167/5511/5464 3162/5951/5464 3168/5523/5464
f 3156/5534/5171 3161/5952/5171 3158/5532/5171
f 3161/5952/5171 3160/5953/5171 3159/5954/5171
f 3158/5532/5171 3161/5952/5171 3159/5954/5171
f 3175/5535/5465 3176/5539/5465 3182/5536/5465
f 3177/5538/5466 3183/5955/5466 3182/5536/5466
f 3177/5540/5467 3178/5956/5467 3184/5541/5467
f 3178/5543/5468 3179/5547/5468 3185/5544/5468
f 3180/5546/5469 3186/5957/5469 3185/5544/5469
f 3175/5548/5470 3181/5958/5470 3186/5549/5470
f 3182/5536/5471 3188/5553/5471 3187/5551/5471
f 3182/5536/5472 3183/5955/5472 3189/5552/5472
f 3183/5542/5473 3184/5541/5473 3190/5554/5473
f 3185/5544/5474 3191/5558/5474 3190/5556/5474
f 3185/5544/5475 3186/5957/5475 3192/5557/5475
f 3186/5549/5476 3181/5958/5476 3187/5559/5476
f 3175/5570/5190 3180/5959/5190 3177/5568/5190
f 3180/5959/5190 3179/5960/5190 3178/5961/5190
f 3177/5568/5190 3180/5959/5190 3178/5961/5190
f 3195/5571/5477 3201/5962/5477 3200/5572/5477
f 3195/5574/5478 3196/5578/5478 3202/5575/5478
f 3197/5577/5479 3203/5963/5479 3202/5575/5479
f 3197/5579/5480 3198/5964/5480 3204/5580/5480
f 3199/5582/5481 3205/5586/5481 3204/5583/5481
f 3199/5582/5482 3194/5965/5482 3200/5585/5482
f 3200/5572/5483 3201/5962/5483 3207/5587/5483
f 3202/5575/5484 3208/5591/5484 3207/5589/5484
f 3202/5575/5485 3203/5963/5485 3209/5590/5485
f 3204/5580/5486 3210/5966/5486 3209/5592/5486
f 3204/5583/5487 3205/5586/5487 3211/5593/5487
f 3200/5585/5488 3206/5602/5488 3211/5593/5488
f 3194/5967/5209 3199/5605/5209 3195/5604/5209
f 3199/5605/5209 3198/5968/5209 3197/5603/5209
f 3197/5603/5209 3196/5969/5209 3195/5604/5209
f 3213/5970/5489 3214/5971/5489 3220/5972/5489
f 3215/5609/5490 3221/5973/5490 3220/5607/5490
f 3216/5611/5491 3222/5615/5491 3221/5612/5491
f 3216/5611/5492 3217/5974/5492 3223/5614/5492
f 3218/5616/5493 3224/5627/5493 3223/5617/5493
f 3218/5619/5494 3213/5975/5494 3219/5620/5494
f 3220/5607/5495 3226/5624/5495 3225/5622/5495
f 3220/5607/5496 3221/5973/5496 3227/5623/5496
f 3221/5612/5497 3222/5615/5497 3228/5625/5497
f 3223/5614/5498 3229/5976/5498 3228/5625/5498
f 3224/5627/5499 3230/5638/5499 3229/5628/5499
f 3224/5621/5500 3219/5620/5500 3225/5629/5500
f 3213/5642/5228 3218/5977/5228 3216/5978/5228
f 3218/5977/5228 3217/5979/5228 3216/5978/5228
f 3216/5978/5228 3215/5640/5228 3213/5642/5228
f 3232/5643/5501 3233/5980/5501 3239/5644/5501
f 3234/5646/5502 3240/5650/5502 3239/5647/5502
f 3235/5649/5503 3241/5662/5503 3240/5650/5503
f 3236/5651/5504 3242/5663/5504 3241/5652/5504
f 3236/5654/5505 3237/5658/5505 3243/5655/5505
f 3232/5657/5506 3238/5981/5506 3243/5655/5506
f 3239/5644/5507 3245/5982/5507 3244/5659/5507
f 3239/5647/5508 3240/5650/5508 3246/5660/5508
f 3241/5662/5509 3247/5983/5509 3246/5660/5509
f 3242/5663/5510 3248/5674/5510 3247/5664/5510
f 3243/5655/5511 3249/5667/5511 3248/5665/5511
f 3243/5655/5512 3238/5981/5512 3244/5666/5512
f 3232/5677/5247 3237/5984/5247 3236/5678/5247
f 3236/5678/5247 3235/5985/5247 3233/5676/5247
f 3235/5985/5247 3234/5986/5247 3233/5676/5247
f 3252/5679/5513 3258/5987/5513 3257/5680/5513
f 3252/5682/5514 3253/5686/5514 3259/5683/5514
f 3254/5685/5515 3260/5988/5515 3259/5683/5515
f 3254/5687/5516 3255/5989/5516 3261/5688/5516
f 3255/5690/5517 3256/5694/5517 3262/5691/5517
f 3251/5693/5518 3257/5705/5518 3262/5691/5518
f 3257/5680/5519 3258/5987/5519 3264/5695/5519
f 3259/5683/5520 3265/5699/5520 3264/5697/5520
f 3259/5683/5521 3260/5988/5521 3266/5698/5521
f 3261/5990/5522 3267/5991/5522 3266/5992/5522
f 3261/5692/5523 3262/5691/5523 3268/5703/5523
f 3257/5705/5524 3263/5993/5524 3268/5703/5524
f 3251/5714/5266 3256/5994/5266 3254/5715/5266
f 3256/5994/5525 3255/5995/5525 3254/5715/5525
f 3254/5715/5266 3253/5996/5266 3252/5716/5266
f 3270/5717/5526 3271/5997/5526 3277/5718/5526
f 3272/5998/5527 3278/5999/5527 3277/6000/5527
f 3272/5723/5528 3273/6001/5528 3279/5724/5528
f 3274/5726/5529 3280/6002/5529 3279/5727/5529
f 3274/6003/5530 3275/6004/5530 3281/6005/5530
f 3270/5732/5531 3276/6006/5531 3281/5733/5531
f 3276/5735/5532 3277/6007/5532 3283/5736/5532
f 3277/5738/5533 3278/5725/5533 3284/5739/5533
f 3279/5724/5534 3285/5750/5534 3284/5739/5534
f 3279/5727/5535 3280/6002/5535 3286/5741/5535
f 3280/6008/5536 3281/6009/5536 3287/6010/5536
f 3281/5733/5537 3276/6006/5537 3282/5746/5537
f 3270/5756/5285 3275/6011/5285 3274/5754/5285
f 3274/5754/5285 3273/6012/5285 3272/5755/5285
f 3272/5755/5538 3271/6013/5538 3270/5756/5538
f 3289/5757/5539 3290/5760/5539 3296/5758/5539
f 3290/5760/5540 3291/6014/5540 3297/5761/5540
f 3292/5762/5541 3298/6015/5541 3297/5763/5541
f 3292/5765/5542 3293/5769/5542 3299/5766/5542
f 3294/5768/5543 3300/6016/5543 3299/5766/5543
f 3289/5770/5544 3295/6017/5544 3300/5771/5544
f 3295/5759/5545 3296/5758/5545 3302/5773/5545
f 3297/5761/5546 3303/6018/5546 3302/5773/5546
f 3297/5763/5547 3298/6015/5547 3304/5775/5547
f 3299/5766/5548 3305/5779/5548 3304/5777/5548
f 3299/5766/5549 3300/6016/5549 3306/5778/5549
f 3300/5771/5550 3295/6017/5550 3301/5780/5550
f 3289/5791/5304 3294/6019/5304 3291/5789/5304
f 3294/6019/5551 3293/6020/5551 3292/6021/5551
f 3291/5789/5304 3294/6019/5304 3292/6021/5304
f 3308/5792/5552 3309/5796/5552 3315/5793/5552
f 3310/5795/5553 3316/6022/5553 3315/5793/5553
f 3311/5797/5554 3317/6023/5554 3316/5798/5554
f 3311/6024/5555 3312/6025/5555 3318/6026/5555
f 3313/5803/5556 3319/6027/5556 3318/5804/5556
f 3313/5806/5557 3308/6028/5557 3314/5807/5557
f 3315/5810/5558 3321/5812/5558 3320/6029/5558
f 3315/5793/5559 3316/6022/5559 3322/6030/5559
f 3316/5798/5560 3317/6023/5560 3323/5813/5560
f 3318/6031/5561 3324/6032/5561 3323/6033/5561
f 3318/6034/5562 3319/6035/5562 3325/6036/5562
f 3319/5808/5563 3314/5807/5563 3320/5821/5563
f 3308/6037/5323 3313/5835/5323 3309/5834/5323
f 3313/5835/5323 3312/6038/5323 3311/6039/5323
f 3310/5833/5323 3313/5835/5323 3311/6039/5323
f 3328/5836/5564 3334/5853/5564 3333/5837/5564
f 3328/5839/5565 3329/5843/5565 3335/5840/5565
f 3330/5842/5566 3336/5856/5566 3335/5840/5566
f 3330/5844/5567 3331/6040/5567 3337/5845/5567
f 3332/6041/5568 3338/6042/5568 3337/6043/5568
f 3327/5850/5569 3333/6044/5569 3338/5851/5569
f 3334/5853/5570 3340/5863/5570 3339/5854/5570
f 3335/5840/5571 3341/5857/5571 3340/5855/5571
f 3336/5856/5572 3342/5866/5572 3341/5857/5572
f 3337/5845/5573 3343/6045/5573 3342/5858/5573
f 3337/5859/5574 3338/5851/5574 3344/5860/5574
f 3338/5851/5575 3333/6044/5575 3339/5862/5575
f 3327/5873/5342 3332/6046/5342 3330/5874/5342
f 3332/6046/5576 3331/6047/5576 3330/5874/5576
f 3330/5874/5342 3329/6048/5342 3328/5875/5342
o MossbackGolem_Glow
v 0.304862 6.024377 -0.838193
v 0.233962 5.719539 -0.899161
v -0.070703 5.624120 -0.918245
v -0.326107 5.831859 -0.876697
v -0.236074 6.145092 -0.814050
v 0.071881 6.243717 -0.794325
v 0.351347 6.175842 -1.521763
v 0.265727 5.828062 -1.591319
v -0.083412 5.706175 -1.615696
v -0.343302 5.963894 -1.564153
v -0.262014 6.305858 -1.495760
v 0.080320 6.417670 -1.473397
v 0.318775 6.181593 -1.602197
v 0.266170 5.843350 -1.669846
v -0.074923 5.758752 -1.686765
v -0.325563 5.984996 -1.641517
v -0.259478 6.319252 -1.574665
v 0.072899 6.401113 -1.558293
v 0.012599 6.133143 -1.836244
v 0.322051 7.623441 -1.823395
v 0.320418 7.584302 -1.861445
v 0.312095 7.527839 -1.857830
v 0.421741 7.590218 -1.826499
v 0.437767 7.560000 -1.826336
v 0.421741 7.529783 -1.826499
v 0.346777 7.496560 -1.818139
v 0.476020 7.532849 -1.778126
v 0.476019 7.587151 -1.778126
v 0.487227 7.560000 -1.775326
v 0.406415 7.501407 -1.778329
v 0.396299 7.619838 -1.796862
v 0.447138 7.589262 -1.745637
v 0.447138 7.530738 -1.745637
v 0.403762 7.615643 -1.766058
v 0.453697 7.560000 -1.735374
v 0.339583 7.584302 -1.738555
v 0.347906 7.527839 -1.742170
v 0.326021 7.499870 -1.774546
v 0.323283 7.620130 -1.775129
v 0.251377 7.618593 -1.811283
v 0.238259 7.590218 -1.773501
v 0.225199 7.539737 -1.773341
v 0.248811 7.504357 -1.798994
v 0.181131 7.541971 -1.810027
v 0.183981 7.587151 -1.821874
v 0.184894 7.534067 -1.830843
v 0.212862 7.589262 -1.854363
v 0.176330 7.560000 -1.841409
v 0.212862 7.530738 -1.854363
v 0.268156 7.500163 -1.824099
v 0.242263 7.560000 -1.867892
v -0.293863 7.624152 -1.821816
v -0.363746 7.535698 -1.852235
v -0.354917 7.616575 -1.827821
v -0.312094 7.592161 -1.857830
v -0.245103 7.539737 -1.866980
v -0.212862 7.589262 -1.854363
v -0.176330 7.560000 -1.841409
v -0.187708 7.532849 -1.839409
v -0.175247 7.577660 -1.824121
v -0.200878 7.530738 -1.797981
v -0.257343 7.619200 -1.810169
v -0.200877 7.589262 -1.797981
v -0.222234 7.560000 -1.773664
v -0.253624 7.500628 -1.812812
v -0.296254 7.584302 -1.747765
v -0.290121 7.527839 -1.754453
v -0.403031 7.590218 -1.738477
v -0.312476 7.619862 -1.775371
v -0.417738 7.560000 -1.732108
v -0.403031 7.529783 -1.738477
v -0.335992 7.500138 -1.770372
v -0.404983 7.619372 -1.780640
v -0.483670 7.560000 -1.758591
v -0.472292 7.587151 -1.760591
v -0.472292 7.532849 -1.760591
v -0.400512 7.500801 -1.779738
v -0.478869 7.578030 -1.789973
v -0.371886 7.495849 -1.805232
v -0.459122 7.530738 -1.802019
v -0.421741 7.590218 -1.826499
v -0.437766 7.560000 -1.826336
v -0.318552 7.503425 -1.835551
vn 0.7401 0.0943 0.6659
vn 0.5697 -0.6374 0.5189
vn -0.1545 -0.8669 0.4740
vn -0.7550 -0.3505 0.5542
vn -0.5635 0.3996 0.7231
vn 0.1728 0.6212 0.7643
vn 0.9444 0.3148 -0.0949
vn 0.7410 -0.6596 -0.1257
vn -0.2193 -0.9094 -0.3533
vn -0.9546 -0.2602 -0.1451
vn -0.7333 0.6696 0.1177
vn 0.2069 0.9777 0.0347
vn 0.7722 0.3590 -0.5242
vn 0.6693 -0.5162 -0.5345
vn -0.1840 -0.6356 -0.7498
vn -0.8105 -0.1471 -0.5670
vn -0.6511 0.6890 -0.3183
vn 0.1762 0.8910 -0.4184
vn 0.0203 0.2123 -0.9770
vn 0.0452 0.9251 -0.3771
vn 0.1501 0.3369 -0.9295
vn 0.1167 -0.4585 -0.8810
vn 0.4172 0.5245 -0.7422
vn 0.5492 -0.0044 -0.8357
vn 0.4062 -0.5360 -0.7401
vn 0.1132 -0.9287 -0.3533
vn 0.7831 -0.6178 -0.0715
vn 0.7856 0.6150 -0.0685
vn 1.0000 -0.0000 0.0017
vn 0.2362 -0.9616 0.1398
vn 0.2379 0.9471 -0.2152
vn 0.3712 0.6138 0.6968
vn 0.3612 -0.6206 0.6960
vn 0.1638 0.8918 0.4218
vn 0.4425 -0.0007 0.8967
vn -0.1385 0.3235 0.9361
vn -0.0988 -0.4518 0.8866
vn -0.1088 -0.8890 0.4448
vn -0.0988 0.8934 0.4383
vn -0.2769 0.9603 0.0324
vn -0.4429 0.4788 0.7580
vn -0.4938 -0.2940 0.8184
vn -0.3282 -0.8964 0.2980
vn -0.8262 -0.3184 0.4649
vn -0.7795 0.6101 0.1421
vn -0.6890 -0.6934 -0.2107
vn -0.3546 0.5790 -0.7341
vn -0.8756 0.0346 -0.4818
vn -0.3461 -0.5903 -0.7292
vn -0.1403 -0.9418 -0.3054
vn -0.1120 -0.0007 -0.9937
vn 0.0529 0.9520 -0.3014
vn -0.2684 -0.3175 -0.9095
vn -0.1831 0.8327 -0.5225
vn -0.0913 0.4240 -0.9010
vn 0.1352 -0.3460 -0.9284
vn 0.3588 0.5804 -0.7310
vn 0.8873 -0.0706 -0.4558
vn 0.6929 -0.6228 -0.3633
vn 0.9143 0.3948 0.0908
vn 0.6580 -0.5490 0.5154
vn 0.3010 0.9511 0.0701
vn 0.6134 0.5851 0.5304
vn 0.5109 -0.0012 0.8596
vn 0.2614 -0.9652 -0.0063
vn 0.2445 0.3179 0.9161
vn 0.2641 -0.4640 0.8456
vn -0.0787 0.5316 0.8433
vn 0.1191 0.8774 0.4647
vn -0.1619 -0.0044 0.9868
vn -0.0686 -0.5122 0.8561
vn 0.0815 -0.8790 0.4697
vn -0.2513 0.9623 0.1039
vn -0.8987 -0.0728 0.4326
vn -0.6122 0.6546 0.4435
vn -0.6986 -0.6135 0.3682
vn -0.2486 -0.9503 0.1875
vn -0.8438 0.3538 -0.4036
vn -0.1754 -0.9452 -0.2755
vn -0.6440 -0.5831 -0.4953
vn -0.4026 0.5427 -0.7371
vn -0.4955 -0.0335 -0.8679
vn -0.0441 -0.8268 -0.5607
s 1
usemtl MossbackGolem_GlowNeon
f 3346//5577 3353//5584 3352//5583
f 3348//5579 3353//5584 3347//5578
f 3348//5579 3355//5586 3354//5585
f 3350//5581 3355//5586 3349//5580
f 3351//5582 3356//5587 3350//5581
f 3346//5577 3357//5588 3351//5582
f 3353//5584 3358//5589 3352//5583
f 3353//5584 3360//5591 3359//5590
f 3355//5586 3360//5591 3354//5585
f 3356//5587 3361//5592 3355//5586
f 3356//5587 3363//5594 3362//5593
f 3357//5588 3358//5589 3363//5594
f 3358//5589 3359//5590 3364//5595
f 3359//5590 3360//5591 3364//5595
f 3360//5591 3361//5592 3364//5595
f 3361//5592 3362//5593 3364//5595
f 3362//5593 3363//5594 3364//5595
f 3363//5594 3358//5589 3364//5595
f 3347//5578 3346//5577 3350//5581
f 3366//5597 3368//5599 3369//5600
f 3366//5597 3370//5601 3367//5598
f 3366//5597 3365//5596 3368//5599
f 3370//5601 3375//5606 3371//5602
f 3369//5600 3373//5604 3374//5605
f 3369//5600 3372//5603 3370//5601
f 3368//5599 3376//5607 3373//5604
f 3372//5603 3380//5611 3378//5609
f 3379//5610 3377//5608 3373//5604
f 3373//5604 3380//5611 3374//5605
f 3376//5607 3365//5596 3384//5615
f 3375//5606 3382//5613 3383//5614
f 3378//5609 3380//5611 3382//5613
f 3379//5610 3381//5612 3377//5608
f 3371//5602 3375//5606 3383//5614
f 3382//5613 3388//5619 3383//5614
f 3381//5612 3386//5617 3387//5618
f 3381//5612 3387//5618 3382//5613
f 3381//5612 3384//5615 3386//5617
f 3384//5615 3365//5596 3385//5616
f 3388//5619 3395//5626 3383//5614
f 3386//5617 3385//5616 3390//5621
f 3371//5602 3383//5614 3395//5626
f 3387//5618 3390//5621 3389//5620
f 3389//5620 3390//5621 3393//5624
f 3388//5619 3394//5625 3395//5626
f 3391//5622 3393//5624 3394//5625
f 3385//5616 3392//5623 3390//5621
f 3392//5623 3396//5627 3393//5624
f 3365//5596 3366//5597 3392//5623
f 3395//5626 3367//5598 3371//5602
f 3394//5625 3396//5627 3367//5598
f 3367//5598 3370//5601 3371//5602
f 3366//5597 3369//5600 3370//5601
f 3368//5599 3365//5596 3376//5607
f 3370//5601 3372//5603 3375//5606
f 3369//5600 3368//5599 3373//5604
f 3369//5600 3374//5605 3372//5603
f 3373//5604 3376//5607 3379//5610
f 3372//5603 3374//5605 3380//5611
f 3375//5606 3372//5603 3378//5609
f 3373//5604 3377//5608 3380//5611
f 3376//5607 3384//5615 3379//5610
f 3375//5606 3378//5609 3382//5613
f 3377//5608 3381//5612 3380//5611
f 3382//5613 3380//5611 3381//5612
f 3379//5610 3384//5615 3381//5612
f 3382//5613 3387//5618 3388//5619
f 3386//5617 3384//5615 3385//5616
f 3387//5618 3389//5620 3388//5619
f 3387//5618 3386//5617 3390//5621
f 3389//5620 3393//5624 3391//5622
f 3389//5620 3391//5622 3388//5619
f 3388//5619 3391//5622 3394//5625
f 3390//5621 3392//5623 3393//5624
f 3394//5625 3393//5624 3396//5627
f 3385//5616 3365//5596 3392//5623
f 3395//5626 3394//5625 3367//5598
f 3392//5623 3366//5597 3396//5627
f 3367//5598 3396//5627 3366//5597
f 3398//5629 3400//5631 3401//5632
f 3428//5659 3410//5641 3424//5655
f 3400//5631 3397//5628 3402//5633
f 3401//5632 3410//5641 3428//5659
f 3401//5632 3402//5633 3403//5634
f 3402//5633 3407//5638 3405//5636
f 3404//5635 3405//5636 3406//5637
f 3407//5638 3408//5639 3405//5636
f 3424//5655 3410//5641 3417//5648
f 3408//5639 3409//5640 3405//5636
f 3406//5637 3409//5640 3412//5643
f 3414//5645 3411//5642 3408//5639
f 3407//5638 3397//5628 3414//5645
f 3410//5641 3412//5643 3417//5648
f 3411//5642 3413//5644 3415//5646
f 3411//5642 3416//5647 3412//5643
f 3411//5642 3414//5645 3413//5644
f 3424//5655 3417//5648 3422//5653
f 3414//5645 3397//5628 3418//5649
f 3416//5647 3422//5653 3417//5648
f 3415//5646 3420//5651 3419//5650
f 3415//5646 3421//5652 3416//5647
f 3413//5644 3418//5649 3420//5651
f 3421//5652 3423//5654 3425//5656
f 3418//5649 3423//5654 3420//5651
f 3422//5653 3425//5656 3424//5655
f 3420//5651 3423//5654 3419//5650
f 3418//5649 3426//5657 3423//5654
f 3424//5655 3398//5629 3428//5659
f 3425//5656 3427//5658 3398//5629
f 3426//5657 3398//5629 3427//5658
f 3399//5630 3400//5631 3426//5657
f 3398//5629 3401//5632 3428//5659
f 3400//5631 3399//5630 3397//5628
f 3401//5632 3400//5631 3402//5633
f 3401//5632 3404//5635 3410//5641
f 3401//5632 3403//5634 3404//5635
f 3403//5634 3402//5633 3405//5636
f 3402//5633 3397//5628 3407//5638
f 3410//5641 3404//5635 3406//5637
f 3404//5635 3403//5634 3405//5636
f 3407//5638 3414//5645 3408//5639
f 3406//5637 3405//5636 3409//5640
f 3410//5641 3406//5637 3412//5643
f 3408//5639 3411//5642 3409//5640
f 3412//5643 3409//5640 3411//5642
f 3412//5643 3416//5647 3417//5648
f 3411//5642 3415//5646 3416//5647
f 3413//5644 3414//5645 3418//5649
f 3416//5647 3421//5652 3422//5653
f 3415//5646 3413//5644 3420//5651
f 3415//5646 3419//5650 3421//5652
f 3421//5652 3419//5650 3423//5654
f 3422//5653 3421//5652 3425//5656
f 3423//5654 3426//5657 3427//5658
f 3425//5656 3423//5654 3427//5658
f 3418//5649 3399//5630 3426//5657
f 3424//5655 3425//5656 3398//5629
f 3418//5649 3397//5628 3399//5630
f 3426//5657 3400//5631 3398//5629
f 3346//5577 3347//5578 3353//5584
f 3348//5579 3354//5585 3353//5584
f 3348//5579 3349//5580 3355//5586
f 3350//5581 3356//5587 3355//5586
f 3351//5582 3357//5588 3356//5587
f 3346//5577 3352//5583 3357//5588
f 3353//5584 3359//5590 3358//5589
f 3353//5584 3354//5585 3360//5591
f 3355//5586 3361//5592 3360//5591
f 3356//5587 3362//5593 3361//5592
f 3356//5587 3357//5588 3363//5594
f 3357//5588 3352//5583 3358//5589
f 3346//5577 3351//5582 3350//5581
f 3350//5581 3349//5580 3348//5579
f 3348//5579 3347//5578 3350//5581
