# Blender 5.2.2 LTS
# www.blender.org
mtllib Egg_Frost.mtl
o Egg_Frost
v 0.000000 0.000000 0.000000
v 0.200000 0.000000 0.000000
v 0.173205 0.000000 -0.100000
v 0.100000 0.000000 -0.173205
v 0.000000 0.000000 -0.200000
v -0.100000 0.000000 -0.173205
v -0.173205 0.000000 -0.100000
v -0.200000 0.000000 -0.000000
v -0.173205 0.000000 0.100000
v -0.100000 0.000000 0.173205
v -0.000000 0.000000 0.200000
v 0.100000 0.000000 0.173205
v 0.173205 0.000000 0.100000
v 0.250727 0.079642 0.000000
v 0.217136 0.079642 -0.125363
v 0.125363 0.079642 -0.217136
v 0.000000 0.079642 -0.250727
v -0.125363 0.079642 -0.217136
v -0.217136 0.079642 -0.125363
v -0.250727 0.079642 -0.000000
v -0.217136 0.079642 0.125363
v -0.125363 0.079642 0.217136
v -0.000000 0.079642 0.250727
v 0.125363 0.079642 0.217136
v 0.217136 0.079642 0.125363
v 0.398958 0.234909 0.000000
v 0.345508 0.234909 -0.199479
v 0.199479 0.234909 -0.345508
v 0.000000 0.234909 -0.398958
v -0.199479 0.234909 -0.345508
v -0.345508 0.234909 -0.199479
v -0.398958 0.234909 -0.000000
v -0.345508 0.234909 0.199479
v -0.199479 0.234909 0.345508
v -0.000000 0.234909 0.398958
v 0.199479 0.234909 0.345508
v 0.345508 0.234909 0.199479
v 0.491766 0.453542 0.000000
v 0.425882 0.453542 -0.245883
v 0.245883 0.453542 -0.425882
v 0.000000 0.453542 -0.491766
v -0.245883 0.453542 -0.425882
v -0.425882 0.453542 -0.245883
v -0.491766 0.453542 -0.000000
v -0.425882 0.453542 0.245883
v -0.245883 0.453542 0.425882
v -0.000000 0.453542 0.491766
v 0.245883 0.453542 0.425882
v 0.425882 0.453542 0.245883
v 0.521087 0.711025 0.000000
v 0.451275 0.711025 -0.260544
v 0.260544 0.711025 -0.451275
v 0.000000 0.711025 -0.521087
v -0.260544 0.711025 -0.451275
v -0.451275 0.711025 -0.260544
v -0.521087 0.711025 -0.000000
v -0.451275 0.711025 0.260544
v -0.260544 0.711025 0.451275
v -0.000000 0.711025 0.521087
v 0.260544 0.711025 0.451275
v 0.451275 0.711025 0.260544
v 0.489615 0.978485 0.000000
v 0.424019 0.978485 -0.244807
v 0.244807 0.978485 -0.424019
v 0.000000 0.978485 -0.489615
v -0.244807 0.978485 -0.424019
v -0.424019 0.978485 -0.244807
v -0.489615 0.978485 -0.000000
v -0.424019 0.978485 0.244807
v -0.244807 0.978485 0.424019
v -0.000000 0.978485 0.489615
v 0.244807 0.978485 0.424019
v 0.424019 0.978485 0.244807
v 0.407888 1.225931 0.000000
v 0.353241 1.225931 -0.203944
v 0.203944 1.225931 -0.353241
v 0.000000 1.225931 -0.407888
v -0.203944 1.225931 -0.353241
v -0.353241 1.225931 -0.203944
v -0.407888 1.225931 -0.000000
v -0.353241 1.225931 0.203944
v -0.203944 1.225931 0.353241
v -0.000000 1.225931 0.407888
v 0.203944 1.225931 0.353241
v 0.353241 1.225931 0.203944
v 0.290055 1.425615 0.000000
v 0.251195 1.425615 -0.145027
v 0.145027 1.425615 -0.251195
v 0.000000 1.425615 -0.290055
v -0.145027 1.425615 -0.251195
v -0.251195 1.425615 -0.145027
v -0.290055 1.425615 -0.000000
v -0.251195 1.425615 0.145027
v -0.145027 1.425615 0.251195
v -0.000000 1.425615 0.290055
v 0.145027 1.425615 0.251195
v 0.251195 1.425615 0.145027
v 0.150114 1.555146 0.000000
v 0.130002 1.555146 -0.075057
v 0.075057 1.555146 -0.130002
v 0.000000 1.555146 -0.150114
v -0.075057 1.555146 -0.130002
v -0.130002 1.555146 -0.075057
v -0.150114 1.555146 -0.000000
v -0.130002 1.555146 0.075057
v -0.075057 1.555146 0.130002
v -0.000000 1.555146 0.150114
v 0.075057 1.555146 0.130002
v 0.130002 1.555146 0.075057
v 0.000000 1.600000 0.000000
v 0.431709 0.337021 0.112992
v 0.373478 0.173774 0.128505
v 0.352352 0.113579 0.067081
v 0.307388 0.057006 -0.014029
v 0.344778 0.113580 -0.098894
v 0.360221 0.173773 -0.161987
v 0.419623 0.337021 -0.151842
v 0.340526 0.200637 0.117167
v 0.312946 0.152655 0.059580
v 0.267950 0.107379 -0.012228
v 0.306219 0.152655 -0.087835
v 0.328439 0.200637 -0.147695
v 0.418859 0.337021 -0.153937
v 0.379933 0.173773 -0.107934
v 0.327499 0.113579 -0.146273
v 0.244255 0.057006 -0.187147
v 0.226447 0.113579 -0.278160
v 0.203074 0.173774 -0.338763
v 0.257620 0.337021 -0.364378
v 0.346412 0.200637 -0.098412
v 0.290873 0.152655 -0.129914
v 0.212917 0.107379 -0.163136
v 0.201123 0.152655 -0.247052
v 0.185156 0.200637 -0.308874
v 0.191115 0.337021 -0.403255
v 0.195557 0.173773 -0.343157
v 0.131281 0.113579 -0.333792
v 0.043238 0.057006 -0.304655
v -0.033221 0.113579 -0.357139
v -0.092353 0.173774 -0.384018
v -0.071364 0.337021 -0.440507
v 0.178303 0.200637 -0.312881
v 0.116599 0.152655 -0.296462
v 0.037691 0.107379 -0.265568
v -0.029505 0.152655 -0.317198
v -0.084204 0.200637 -0.350137
v -0.105632 0.337021 -0.433568
v -0.064321 0.173773 -0.389695
v -0.108337 0.113580 -0.341928
v -0.158355 0.057006 -0.263833
v -0.250797 0.113579 -0.256422
v -0.313653 0.173773 -0.240044
v -0.332941 0.337021 -0.297136
v -0.058646 0.200637 -0.355312
v -0.096222 0.152655 -0.303688
v -0.138038 0.107379 -0.229984
v -0.222748 0.152655 -0.227746
v -0.285979 0.200637 -0.218865
v -0.357918 0.337021 -0.266522
v -0.298117 0.173773 -0.259085
v -0.301545 0.113579 -0.194221
v -0.290250 0.057006 -0.102173
v -0.356715 0.113579 -0.037499
v -0.394674 0.173773 0.015210
v -0.445947 0.337021 -0.016453
v -0.271815 0.200637 -0.236227
v -0.267822 0.152655 -0.172500
v -0.253011 0.107379 -0.089064
v -0.316821 0.152655 -0.033305
v -0.359853 0.200637 0.013868
v -0.445561 0.337021 0.024796
v -0.394890 0.173773 -0.007822
v -0.355951 0.113579 0.044168
v -0.288287 0.057006 0.107586
v -0.297858 0.113579 0.199830
v -0.293217 0.173774 0.264619
v -0.352868 0.337021 0.273173
v -0.360049 0.200637 -0.007132
v -0.316143 0.152655 0.039228
v -0.251300 0.107379 0.093784
v -0.264547 0.152655 0.177482
v -0.267346 0.200637 0.241272
v -0.329941 0.337021 0.300463
v -0.311227 0.173774 0.243181
v -0.248209 0.113579 0.258928
v -0.155698 0.057006 0.265410
v -0.104900 0.113579 0.342998
v -0.060406 0.173773 0.390321
v -0.101274 0.337021 0.434607
v -0.283767 0.200637 0.221726
v -0.220451 0.152655 0.229970
v -0.135722 0.107379 0.231358
v -0.093168 0.152655 0.304639
v -0.055076 0.200637 0.355883
v -0.046663 0.337021 0.443804
v -0.070772 0.173774 0.388575
v -0.013232 0.113579 0.358437
v 0.060176 0.057006 0.301767
v 0.149709 0.113579 0.325943
v 0.214408 0.173774 0.331705
v 0.213328 0.337021 0.391958
v -0.064528 0.200637 0.354291
v -0.011753 0.152655 0.318350
v 0.052457 0.107379 0.263050
v 0.132966 0.152655 0.289491
v 0.195490 0.200637 0.302440
v 0.257836 0.337021 0.364225
v 0.203274 0.173773 0.338642
v 0.226613 0.113579 0.278026
v 0.244366 0.057006 0.187002
v 0.327586 0.113579 0.146078
v 0.379997 0.173774 0.107709
v 0.418950 0.337021 0.153689
v 0.185340 0.200637 0.308764
v 0.201270 0.152655 0.246932
v 0.213014 0.107379 0.163009
v 0.290951 0.152655 0.129741
v 0.346471 0.200637 0.098205
v 0.500800 0.527152 -0.016696
v 0.489848 0.343596 0.013896
v 0.468640 0.271099 -0.041747
v 0.419646 0.197587 -0.120709
v 0.419198 0.271100 -0.213635
v 0.407598 0.343596 -0.272043
v 0.433131 0.527152 -0.251945
v 0.448930 0.359732 0.012737
v 0.418996 0.296632 -0.037325
v 0.368498 0.233132 -0.105997
v 0.374791 0.296632 -0.191005
v 0.373550 0.359732 -0.249319
v 0.423571 0.527152 -0.267706
v 0.429598 0.343597 -0.235775
v 0.383158 0.271099 -0.273050
v 0.300955 0.197587 -0.316385
v 0.253566 0.271099 -0.396321
v 0.214016 0.343597 -0.440841
v 0.246209 0.527152 -0.436418
v 0.393712 0.359732 -0.216080
v 0.342569 0.296632 -0.244125
v 0.264273 0.233132 -0.277824
v 0.226704 0.296632 -0.354339
v 0.196139 0.359732 -0.404017
v 0.191925 0.527152 -0.462865
v 0.215250 0.343596 -0.440240
v 0.155817 0.271099 -0.443946
v 0.063660 0.197587 -0.431996
v -0.021131 0.271100 -0.470021
v -0.079106 0.343596 -0.483618
v -0.050247 0.527152 -0.498552
v 0.197269 0.359732 -0.403466
v 0.139310 0.296632 -0.396918
v 0.055901 0.233132 -0.379343
v -0.018892 0.296632 -0.420231
v -0.072499 0.359732 -0.443220
v -0.084597 0.527152 -0.493885
v -0.052799 0.343596 -0.487192
v -0.105045 0.271099 -0.458620
v -0.176618 0.197588 -0.399349
v -0.268620 0.271100 -0.386277
v -0.324910 0.343596 -0.366847
v -0.308468 0.527152 -0.394875
v -0.048389 0.359732 -0.446496
v -0.093918 0.296632 -0.410037
v -0.155090 0.233132 -0.350675
v -0.240165 0.296632 -0.345357
v -0.297770 0.359732 -0.336204
v -0.343535 0.527152 -0.364778
v -0.313337 0.343596 -0.376780
v -0.341078 0.271100 -0.324088
v -0.367950 0.197587 -0.235130
v -0.437387 0.271099 -0.173374
v -0.473552 0.343597 -0.126064
v -0.475346 0.527152 -0.158509
v -0.287164 0.359732 -0.345307
v -0.304946 0.296632 -0.289756
v -0.323103 0.233132 -0.206472
v -0.391054 0.296632 -0.155008
v -0.433995 0.359732 -0.115534
v -0.482502 0.527152 -0.135172
v -0.462830 0.343597 -0.161035
v -0.459398 0.271099 -0.101586
v -0.436509 0.197587 -0.011522
v -0.464118 0.271100 0.077211
v -0.470680 0.343597 0.136397
v -0.488960 0.527152 0.109531
v -0.424169 0.359732 -0.147584
v -0.410733 0.296632 -0.090824
v -0.383306 0.233132 -0.010117
v -0.414952 0.296631 0.069031
v -0.431363 0.359732 0.125003
v -0.477657 0.527152 0.151404
v -0.475379 0.343596 0.118990
v -0.439924 0.271100 0.166833
v -0.371415 0.197587 0.229618
v -0.345872 0.271100 0.318965
v -0.318920 0.343597 0.372067
v -0.348935 0.527152 0.359616
v -0.435670 0.359732 0.109050
v -0.393322 0.296631 0.149160
v -0.326145 0.233132 0.201632
v -0.309233 0.296632 0.285177
v -0.292280 0.359732 0.340987
v -0.312784 0.527152 0.391466
v -0.328917 0.343596 0.363260
v -0.272844 0.271099 0.383305
v -0.180989 0.197587 0.397387
v -0.110073 0.271100 0.457439
v -0.058144 0.343597 0.486583
v -0.090013 0.527152 0.492927
v -0.301442 0.359732 0.332915
v -0.243941 0.296632 0.342701
v -0.158930 0.233132 0.348952
v -0.098413 0.296632 0.408981
v -0.053287 0.359732 0.445938
v -0.043294 0.527152 0.499204
v -0.072359 0.343596 0.484673
v -0.014577 0.271099 0.470270
v 0.069674 0.197587 0.431067
v 0.161988 0.271099 0.441731
v 0.221364 0.343596 0.437197
v 0.198357 0.527152 0.460145
v -0.066315 0.359732 0.444187
v -0.013034 0.296632 0.420453
v 0.061183 0.233132 0.378527
v 0.144828 0.296632 0.394937
v 0.202873 0.359732 0.400678
v 0.243126 0.527152 0.438143
v 0.210903 0.343597 0.442339
v 0.250765 0.271099 0.398100
v 0.298715 0.197587 0.318501
v 0.381224 0.271099 0.275744
v 0.427924 0.343596 0.238798
v 0.421673 0.527152 0.270686
v 0.193286 0.359732 0.405389
v 0.224201 0.296632 0.355928
v 0.262308 0.233132 0.279680
v 0.340839 0.296632 0.246535
v 0.392179 0.359732 0.218851
v 0.437578 0.527152 0.244141
v 0.412408 0.343597 0.264695
v 0.422960 0.271100 0.206087
v 0.421742 0.197587 0.113167
v 0.469313 0.271100 0.033342
v 0.489520 0.343596 -0.022675
v 0.501019 0.527152 0.007717
v 0.377959 0.359732 0.242583
v 0.378154 0.296632 0.184256
v 0.370339 0.233132 0.099375
v 0.419598 0.296632 0.029808
v 0.448629 0.359732 -0.020781
v 0.504309 0.737524 0.102179
v 0.524628 0.545389 0.137573
v 0.533913 0.465579 0.080153
v 0.524532 0.380708 -0.013793
v 0.528963 0.465579 -0.108102
v 0.516673 0.545389 -0.164953
v 0.498243 0.737524 -0.128541
v 0.482494 0.551609 0.126524
v 0.479901 0.477948 0.072045
v 0.463774 0.400756 -0.012195
v 0.475452 0.477948 -0.097166
v 0.475178 0.551609 -0.151706
v 0.494120 0.737524 -0.143576
v 0.528545 0.545388 -0.121657
v 0.510118 0.465579 -0.176826
v 0.458202 0.380709 -0.255685
v 0.418352 0.465579 -0.341275
v 0.381078 0.545388 -0.385927
v 0.381654 0.737524 -0.345121
v 0.486097 0.551609 -0.111887
v 0.458513 0.477948 -0.158938
v 0.405127 0.400755 -0.226068
v 0.376031 0.477948 -0.306752
v 0.350473 0.551609 -0.354933
v 0.332902 0.737524 -0.392358
v 0.373707 0.545388 -0.393070
v 0.327901 0.465579 -0.428915
v 0.241095 0.380709 -0.466044
v 0.160637 0.465579 -0.515445
v 0.104915 0.545389 -0.532122
v 0.127908 0.737524 -0.498405
v 0.343694 0.551609 -0.361501
v 0.294730 0.477948 -0.385526
v 0.213168 0.400755 -0.412061
v 0.144387 0.477948 -0.463301
v 0.096488 0.551609 -0.489386
v 0.102627 0.737524 -0.504218
v 0.138038 0.545388 -0.524505
v 0.080628 0.465579 -0.533841
v -0.013328 0.380709 -0.524544
v -0.107631 0.465579 -0.529059
v -0.164495 0.545389 -0.516819
v -0.128099 0.737524 -0.498357
v 0.126953 0.551609 -0.482382
v 0.072471 0.477948 -0.479837
v -0.011783 0.400755 -0.463784
v -0.096744 0.477948 -0.475538
v -0.151283 0.551609 -0.475313
v -0.148886 0.737524 -0.492546
v -0.127339 0.545388 -0.527205
v -0.182306 0.465579 -0.508185
v -0.260601 0.380709 -0.455424
v -0.345758 0.465579 -0.414655
v -0.390006 0.545388 -0.376903
v -0.349208 0.737524 -0.377918
v -0.117112 0.551609 -0.484865
v -0.163863 0.477948 -0.456776
v -0.230414 0.400755 -0.402671
v -0.310781 0.477948 -0.372708
v -0.358685 0.551609 -0.346633
v -0.376217 0.737524 -0.351040
v -0.375004 0.545389 -0.391832
v -0.412971 0.465579 -0.347768
v -0.454153 0.380709 -0.262810
v -0.507294 0.465579 -0.184772
v -0.526580 0.545388 -0.129899
v -0.491817 0.737524 -0.151277
v -0.344886 0.551609 -0.360364
v -0.371194 0.477948 -0.312588
v -0.401547 0.400755 -0.232368
v -0.455975 0.477948 -0.166080
v -0.484290 0.551609 -0.119466
v -0.501459 0.737524 -0.115358
v -0.520843 0.545389 -0.151272
v -0.531629 0.465579 -0.094116
v -0.524713 0.380709 0.000045
v -0.531614 0.465580 0.094204
v -0.520818 0.545388 0.151359
v -0.501440 0.737524 0.115442
v -0.479013 0.551609 -0.139122
v -0.477849 0.477948 -0.084595
v -0.463934 0.400755 0.000039
v -0.477835 0.477948 0.084675
v -0.478990 0.551609 0.139203
v -0.494118 0.737524 0.143583
v -0.528543 0.545389 0.121665
v -0.510115 0.465579 0.176834
v -0.458199 0.380708 0.255691
v -0.418347 0.465578 0.341282
v -0.381073 0.545388 0.385933
v -0.381650 0.737524 0.345126
v -0.486095 0.551609 0.111894
v -0.458511 0.477948 0.158944
v -0.405124 0.400755 0.226073
v -0.376027 0.477948 0.306757
v -0.350468 0.551609 0.354938
v -0.335337 0.737524 0.390279
v -0.376145 0.545389 0.390737
v -0.330563 0.465580 0.426868
v -0.243989 0.380709 0.464536
v -0.163841 0.465579 0.514435
v -0.108223 0.545387 0.531458
v -0.131006 0.737524 0.497600
v -0.345936 0.551609 0.359357
v -0.297122 0.477948 0.383685
v -0.215727 0.400755 0.410727
v -0.147265 0.477948 0.462395
v -0.099530 0.551609 0.488777
v -0.112002 0.737524 0.502219
v -0.147785 0.545388 0.521843
v -0.090558 0.465579 0.532247
v 0.003553 0.380708 0.524701
v 0.097757 0.465579 0.530972
v 0.154838 0.545389 0.519794
v 0.118792 0.737524 0.500657
v -0.135917 0.551609 0.479933
v -0.081398 0.477948 0.478404
v 0.003141 0.400756 0.463923
v 0.087868 0.477948 0.477258
v 0.142403 0.551609 0.478049
v 0.161756 0.737524 0.488471
v 0.141125 0.545389 0.523683
v 0.195574 0.465579 0.503228
v 0.272459 0.380709 0.448430
v 0.356517 0.465579 0.405442
v 0.399760 0.545388 0.366541
v 0.359002 0.737524 0.368627
v 0.129792 0.551609 0.481625
v 0.175790 0.477948 0.452320
v 0.240899 0.400755 0.396488
v 0.320451 0.477948 0.364427
v 0.367654 0.551609 0.337104
v 0.366668 0.737524 0.361003
v 0.364361 0.545389 0.401748
v 0.403496 0.465579 0.358717
v 0.446941 0.380708 0.274895
v 0.502156 0.465579 0.198309
v 0.522908 0.545389 0.143972
v 0.487583 0.737524 0.164411
v 0.335099 0.551609 0.369483
v 0.362677 0.477948 0.322430
v 0.395171 0.400756 0.243053
v 0.451357 0.477948 0.178249
v 0.480912 0.551609 0.132410
v 0.488338 0.952625 -0.025819
v 0.551463 0.764471 -0.000344
v 0.562177 0.682528 -0.056291
v 0.548718 0.592106 -0.146922
v 0.515090 0.682528 -0.232150
v 0.477853 0.764472 -0.275260
v 0.435903 0.952625 -0.221651
v 0.507522 0.762180 -0.000317
v 0.506462 0.683397 -0.050715
v 0.487174 0.598172 -0.130443
v 0.464042 0.683396 -0.209143
v 0.439778 0.762180 -0.253327
v 0.415107 0.952625 -0.258509
v 0.482684 0.764472 -0.266697
v 0.465038 0.682527 -0.320860
v 0.409474 0.592106 -0.393711
v 0.338858 0.682528 -0.452091
v 0.285428 0.764471 -0.471849
v 0.274596 0.952625 -0.404645
v 0.444224 0.762180 -0.245447
v 0.418950 0.683397 -0.289062
v 0.363547 0.598172 -0.349553
v 0.305275 0.683397 -0.407287
v 0.262686 0.762180 -0.434252
v 0.247279 0.952625 -0.421893
v 0.303297 0.764471 -0.460567
v 0.262487 0.682528 -0.500312
v 0.179418 0.592106 -0.538968
v 0.089754 0.682527 -0.557813
v 0.033265 0.764470 -0.550459
v 0.054927 0.952625 -0.485926
v 0.279130 0.762180 -0.423870
v 0.236473 0.683397 -0.450728
v 0.159295 0.598172 -0.478518
v 0.080860 0.683397 -0.502531
v 0.030616 0.762180 -0.506598
v 0.020644 0.952625 -0.488584
v 0.051995 0.764471 -0.549006
v -0.002684 0.682526 -0.564981
v -0.094180 0.592106 -0.560185
v -0.182216 0.682527 -0.534798
v -0.228665 0.764471 -0.501820
v -0.179279 0.952626 -0.454972
v 0.047853 0.762180 -0.505261
v -0.002418 0.683397 -0.508989
v -0.083618 0.598172 -0.497355
v -0.164157 0.683397 -0.481796
v -0.210445 0.762180 -0.461835
v -0.188532 0.952625 -0.451217
v -0.185767 0.764472 -0.519232
v -0.242061 0.682527 -0.510507
v -0.322886 0.592107 -0.467357
v -0.391842 0.682527 -0.407027
v -0.419920 0.764472 -0.357461
v -0.355326 0.952625 -0.335982
v -0.170966 0.762180 -0.477860
v -0.218071 0.683397 -0.459913
v -0.286671 0.598172 -0.414938
v -0.353009 0.683397 -0.366688
v -0.386461 0.762180 -0.328979
v -0.381177 0.952625 -0.306341
v -0.411239 0.764472 -0.367415
v -0.456527 0.682527 -0.332858
v -0.506920 0.592107 -0.256339
v -0.538680 0.682527 -0.170397
v -0.539669 0.764472 -0.113440
v -0.472661 0.952625 -0.125427
v -0.378472 0.762180 -0.338139
v -0.411283 0.683397 -0.299870
v -0.450064 0.598172 -0.227588
v -0.485294 0.683397 -0.153510
v -0.496668 0.762180 -0.104401
v -0.476407 0.952625 -0.110348
v -0.530015 0.764471 -0.152299
v -0.555796 0.682528 -0.101499
v -0.567947 0.592107 -0.010688
v -0.559221 0.682527 0.080518
v -0.535370 0.764471 0.132250
v -0.480222 0.952625 0.092346
v -0.487784 0.762180 -0.140164
v -0.500713 0.683396 -0.091442
v -0.504246 0.598172 -0.009489
v -0.503799 0.683397 0.072539
v -0.492712 0.762180 0.121713
v -0.470550 0.952625 0.133129
v -0.537744 0.764472 0.122238
v -0.535825 0.682527 0.179171
v -0.502667 0.592107 0.264582
v -0.451030 0.682527 0.340269
v -0.405185 0.764471 0.374081
v -0.376124 0.952625 0.312525
v -0.494897 0.762180 0.112498
v -0.482722 0.683397 0.161414
v -0.446287 0.598172 0.234907
v -0.406331 0.683397 0.306546
v -0.372900 0.762180 0.344274
v -0.351013 0.952625 0.340486
v -0.415328 0.764471 0.362786
v -0.386620 0.682528 0.411990
v -0.316900 0.592106 0.471436
v -0.235532 0.682528 0.513552
v -0.179132 0.764472 0.521558
v -0.182763 0.952625 0.453584
v -0.382235 0.762180 0.333880
v -0.348305 0.683397 0.371159
v -0.281357 0.598172 0.418560
v -0.212189 0.683397 0.462657
v -0.164858 0.762180 0.480001
v -0.143387 0.952625 0.467526
v -0.188983 0.764471 0.518070
v -0.140112 0.682526 0.547339
v -0.050371 0.592107 0.565809
v 0.041221 0.682528 0.563482
v 0.094495 0.764472 0.543306
v 0.058544 0.952625 0.485503
v -0.173926 0.762180 0.476790
v -0.126227 0.683397 0.493095
v -0.044721 0.598172 0.502348
v 0.037137 0.683397 0.507638
v 0.086966 0.762180 0.500016
v 0.094497 0.952625 0.479803
v 0.078187 0.764472 0.545892
v 0.135090 0.682528 0.548600
v 0.222911 0.592107 0.522483
v 0.302538 0.682527 0.477160
v 0.339960 0.764471 0.434210
v 0.280966 0.952625 0.400249
v 0.071959 0.762180 0.502395
v 0.121701 0.683397 0.494231
v 0.197909 0.598172 0.463881
v 0.272555 0.683397 0.429871
v 0.312872 0.762180 0.399613
v 0.300404 0.952625 0.385873
v 0.315597 0.764472 0.452227
v 0.367624 0.682527 0.429026
v 0.434281 0.592107 0.366166
v 0.484975 0.682527 0.289845
v 0.499052 0.764471 0.234646
v 0.431084 0.952625 0.230883
v 0.290451 0.762180 0.416194
v 0.331191 0.683397 0.386507
v 0.385573 0.598172 0.325096
v 0.436912 0.683397 0.261119
v 0.459288 0.762180 0.215949
v 0.443444 0.952625 0.206152
v 0.487256 0.764471 0.258249
v 0.522951 0.682527 0.213854
v 0.553555 0.592106 0.127493
v 0.563811 0.682526 0.036445
v 0.551132 0.764472 -0.019091
v 0.488945 0.952625 0.008594
v 0.448432 0.762180 0.237672
v 0.471124 0.683397 0.192660
v 0.491468 0.598172 0.113194
v 0.507934 0.683397 0.032835
v 0.507218 0.762180 -0.017568
v 0.418130 1.156551 0.100612
v 0.499354 0.985418 0.148106
v 0.538469 0.906699 0.103086
v 0.567527 0.816703 0.015518
v 0.543298 0.906698 -0.073505
v 0.506701 0.985418 -0.120596
v 0.423004 1.156551 -0.077611
v 0.458191 0.975797 0.135898
v 0.484174 0.897759 0.092692
v 0.503820 0.810833 0.013777
v 0.488516 0.897759 -0.066093
v 0.464933 0.975797 -0.110655
v 0.418229 1.156551 -0.100202
v 0.512162 0.985418 -0.094762
v 0.526573 0.906699 -0.152634
v 0.512704 0.816704 -0.243849
v 0.450697 0.906698 -0.312168
v 0.396709 0.985418 -0.337509
v 0.341652 1.156551 -0.261208
v 0.469943 0.975797 -0.086951
v 0.473476 0.897759 -0.137244
v 0.455151 0.810833 -0.216476
v 0.405251 0.897759 -0.280690
v 0.364007 0.975797 -0.309687
v 0.301707 1.156551 -0.306478
v 0.384268 0.985418 -0.351607
v 0.365844 0.906699 -0.408331
v 0.305776 0.816703 -0.478360
v 0.216998 0.906699 -0.503476
v 0.157782 0.985417 -0.496382
v 0.151486 1.156551 -0.402502
v 0.352592 0.975797 -0.322624
v 0.328955 0.897759 -0.367157
v 0.271452 0.810833 -0.424663
v 0.195117 0.897759 -0.452708
v 0.144775 0.975797 -0.455463
v 0.150928 1.156551 -0.402711
v 0.207988 0.985418 -0.477525
v 0.168082 0.906698 -0.521847
v 0.084718 0.816704 -0.561382
v -0.006598 0.906699 -0.548208
v -0.057806 0.985418 -0.517637
v -0.025365 1.156551 -0.429316
v 0.190843 0.975797 -0.438162
v 0.151134 0.897759 -0.469227
v 0.075210 0.810833 -0.498365
v -0.005932 0.897759 -0.492931
v -0.053040 0.975797 -0.474967
v -0.062562 1.156551 -0.425490
v -0.048779 0.985418 -0.518566
v -0.105139 0.906699 -0.538072
v -0.197226 0.816704 -0.532381
v -0.270794 0.906699 -0.476704
v -0.300842 0.985418 -0.425187
v -0.229747 1.156551 -0.363555
v -0.044758 0.975797 -0.475819
v -0.094537 0.897759 -0.483817
v -0.175086 0.810833 -0.472620
v -0.243489 0.897759 -0.428636
v -0.276043 0.975797 -0.390138
v -0.239345 1.156552 -0.357309
v -0.266899 0.985418 -0.447275
v -0.326172 0.906699 -0.440668
v -0.406875 0.816703 -0.395954
v -0.449377 0.906699 -0.314064
v -0.454369 0.985417 -0.254634
v -0.363687 1.156551 -0.229537
v -0.244898 0.975797 -0.410405
v -0.293283 0.897759 -0.396233
v -0.361203 0.810833 -0.351507
v -0.404065 0.897759 -0.282396
v -0.416914 0.975797 -0.233644
v -0.380814 1.156551 -0.199840
v -0.447951 0.985418 -0.265762
v -0.496892 0.906699 -0.231677
v -0.546487 0.816704 -0.153880
v -0.544773 0.906699 -0.061633
v -0.520807 0.985418 -0.007021
v -0.429137 1.156551 -0.028225
v -0.411025 0.975797 -0.243855
v -0.446788 0.897759 -0.208317
v -0.485143 0.810833 -0.136606
v -0.489841 0.897759 -0.055419
v -0.477876 0.975797 -0.006442
v -0.430048 1.156551 -0.003803
v -0.519885 0.985418 -0.031774
v -0.547850 0.906699 0.020903
v -0.556427 0.816703 0.112766
v -0.512762 0.906699 0.194040
v -0.466495 0.985418 0.231673
v -0.394636 1.156551 0.170933
v -0.477029 0.975797 -0.029155
v -0.492608 0.897759 0.018795
v -0.493967 0.810833 0.100107
v -0.461058 0.897759 0.174475
v -0.428040 0.975797 0.212576
v -0.383681 1.156551 0.194280
v -0.476322 0.985418 0.210729
v -0.476947 0.906699 0.270366
v -0.442343 0.816704 0.355893
v -0.366208 0.906698 0.408005
v -0.307820 0.985418 0.420163
v -0.271918 1.156551 0.333191
v -0.437058 0.975797 0.193358
v -0.428855 0.897759 0.243104
v -0.392689 0.810833 0.315943
v -0.329281 0.897759 0.366865
v -0.282445 0.975797 0.385528
v -0.249593 1.156551 0.350227
v -0.324002 0.985418 0.407814
v -0.296864 0.906699 0.460920
v -0.226502 0.816703 0.520600
v -0.134874 0.906699 0.531399
v -0.077518 0.985417 0.515054
v -0.086107 1.156551 0.421356
v -0.297295 0.975797 0.374196
v -0.266930 0.897759 0.414444
v -0.201077 0.810833 0.462161
v -0.121274 0.897759 0.477816
v -0.071128 0.975798 0.472597
v -0.024341 1.156552 0.429375
v -0.056572 0.985418 0.517773
v -0.005292 0.906699 0.548223
v 0.086057 0.816704 0.561179
v 0.169326 0.906699 0.521445
v 0.209126 0.985417 0.477028
v 0.151888 1.156551 0.402350
v -0.051908 0.975797 0.475092
v -0.004757 0.897759 0.492943
v 0.076397 0.810833 0.498185
v 0.152252 0.897759 0.468866
v 0.191887 0.975798 0.437706
v 0.153002 1.156551 0.401928
v 0.159652 0.985417 0.495783
v 0.218894 0.906699 0.502654
v 0.307577 0.816704 0.477204
v 0.367381 0.906699 0.406948
v 0.385590 0.985418 0.350157
v 0.302859 1.156551 0.305339
v 0.146491 0.975797 0.454915
v 0.196822 0.897759 0.451970
v 0.273050 0.810833 0.423637
v 0.330336 0.897759 0.365915
v 0.353805 0.975797 0.321293
v 0.327943 1.156551 0.278225
v 0.379052 0.985418 0.357224
v 0.434259 0.906698 0.334657
v 0.499656 0.816704 0.269577
v 0.518140 0.906699 0.179185
v 0.506687 0.985418 0.120654
v 0.412599 1.156551 0.121316
v 0.347807 0.975797 0.327777
v 0.390470 0.897759 0.300913
v 0.443568 0.810833 0.239316
v 0.465894 0.897759 0.161117
v 0.464920 0.975797 0.110709
v 0.343735 1.334194 -0.030272
v 0.456517 1.192890 -0.011942
v 0.490080 1.122751 -0.070744
v 0.499059 1.039165 -0.173510
v 0.428266 1.122751 -0.248539
v 0.365463 1.192890 -0.273838
v 0.288377 1.334194 -0.189496
v 0.415696 1.176504 -0.010874
v 0.437498 1.105047 -0.063154
v 0.440591 1.022912 -0.153181
v 0.382316 1.105047 -0.221872
v 0.332784 1.176504 -0.249352
v 0.291684 1.334194 -0.184365
v 0.400335 1.192890 -0.219734
v 0.403233 1.122751 -0.287378
v 0.364141 1.039165 -0.382841
v 0.266843 1.122751 -0.417107
v 0.199428 1.192890 -0.410827
v 0.169540 1.334194 -0.300543
v 0.364538 1.176504 -0.200085
v 0.359969 1.105047 -0.256544
v 0.321480 1.022912 -0.337987
v 0.238212 1.105047 -0.372354
v 0.181596 1.176504 -0.374092
v 0.127361 1.334194 -0.320701
v 0.194401 1.192890 -0.413230
v 0.156941 1.122751 -0.469631
v 0.069163 1.039165 -0.523815
v -0.029672 1.122751 -0.494270
v -0.080488 1.192890 -0.449525
v -0.039760 1.334194 -0.342767
v 0.177018 1.176504 -0.376280
v 0.140103 1.105047 -0.419242
v 0.061059 1.022912 -0.462446
v -0.026489 1.105047 -0.441238
v -0.073290 1.176504 -0.409329
v -0.049160 1.334194 -0.341546
v -0.037070 1.192890 -0.455167
v -0.097633 1.122751 -0.485439
v -0.200736 1.039165 -0.488744
v -0.271751 1.122751 -0.413926
v -0.293553 1.192890 -0.349825
v -0.205093 1.334194 -0.277502
v -0.033755 1.176504 -0.414466
v -0.087157 1.105047 -0.433355
v -0.177218 1.022912 -0.431484
v -0.242595 1.105047 -0.369514
v -0.267304 1.176504 -0.318544
v -0.223856 1.334194 -0.262600
v -0.274271 1.192890 -0.365139
v -0.341643 1.122751 -0.358418
v -0.430599 1.039165 -0.306186
v -0.450725 1.122751 -0.205014
v -0.434951 1.192890 -0.139169
v -0.321544 1.334194 -0.125218
v -0.249746 1.176504 -0.332488
v -0.304987 1.105047 -0.319962
v -0.380151 1.022912 -0.270314
v -0.402365 1.105047 -0.183016
v -0.396059 1.176504 -0.126725
v -0.336736 1.334194 -0.075358
v -0.438654 1.192890 -0.127016
v -0.488464 1.122751 -0.081155
v -0.528174 1.039166 0.014052
v -0.483458 1.122751 0.107012
v -0.431281 1.192890 0.150159
v -0.332253 1.334194 0.093155
v -0.399430 1.176504 -0.115659
v -0.436055 1.105047 -0.072448
v -0.466295 1.022912 0.012405
v -0.431586 1.105047 0.095530
v -0.392716 1.176504 0.136732
v -0.322378 1.334194 0.123056
v -0.435877 1.192890 0.136244
v -0.452092 1.122751 0.201980
v -0.432646 1.039166 0.303287
v -0.344042 1.122751 0.356116
v -0.276717 1.192890 0.363288
v -0.225615 1.334194 0.261090
v -0.396901 1.176504 0.124062
v -0.403585 1.105047 0.180309
v -0.381958 1.022912 0.267755
v -0.307129 1.105047 0.317906
v -0.251974 1.176504 0.330803
v -0.205770 1.334194 0.277000
v -0.294408 1.192890 0.349106
v -0.272763 1.122751 0.413260
v -0.201929 1.039165 0.488253
v -0.098817 1.122752 0.485199
v -0.038182 1.192889 0.455075
v -0.049995 1.334194 0.341424
v -0.268082 1.176504 0.317890
v -0.243497 1.105047 0.368920
v -0.178272 1.022912 0.431050
v -0.088216 1.105047 0.433140
v -0.034768 1.176504 0.414382
v -0.036742 1.334194 0.343104
v -0.076527 1.192890 0.450216
v -0.025321 1.122751 0.494512
v 0.073769 1.039166 0.523186
v 0.161069 1.122751 0.468231
v 0.198030 1.192890 0.411503
v 0.130179 1.334194 0.319568
v -0.069684 1.176504 0.409958
v -0.022604 1.105047 0.441454
v 0.065127 1.022912 0.461891
v 0.143787 1.105047 0.417993
v 0.180323 1.176504 0.374707
v 0.160360 1.334194 0.305540
v 0.186894 1.192890 0.416679
v 0.254088 1.122751 0.424997
v 0.352380 1.039165 0.393693
v 0.394345 1.122751 0.299458
v 0.393496 1.192890 0.231757
v 0.285967 1.334194 0.193114
v 0.170183 1.176504 0.379420
v 0.226826 1.105047 0.379397
v 0.311096 1.022912 0.347568
v 0.352034 1.105047 0.267328
v 0.358311 1.176504 0.211033
v 0.290110 1.334194 0.186833
v 0.367968 1.192890 0.270462
v 0.430536 1.122751 0.244586
v 0.500636 1.039165 0.168908
v 0.490711 1.122751 0.066230
v 0.456608 1.192890 0.007738
v 0.343999 1.334194 0.027107
v 0.335065 1.176504 0.246278
v 0.384342 1.105047 0.218344
v 0.441982 1.022912 0.149119
v 0.438060 1.105047 0.059124
v 0.415779 1.176504 0.007047
v 0.233436 1.472368 0.063129
v 0.345183 1.372646 0.121916
v 0.404747 1.316123 0.080470
v 0.456173 1.244618 -0.017103
v 0.397584 1.316123 -0.110554
v 0.335085 1.372646 -0.147422
v 0.228054 1.472368 -0.080432
v 0.310047 1.349248 0.109506
v 0.356300 1.289739 0.070839
v 0.397763 1.218553 -0.014914
v 0.349995 1.289739 -0.097320
v 0.300977 1.349248 -0.132416
v 0.222256 1.472368 -0.095290
v 0.346371 1.372646 -0.118500
v 0.367380 1.316123 -0.187955
v 0.347188 1.244619 -0.296389
v 0.243267 1.316123 -0.333342
v 0.171375 1.372646 -0.323489
v 0.128980 1.472368 -0.204553
v 0.311114 1.349248 -0.106438
v 0.323406 1.289739 -0.165458
v 0.302733 1.218552 -0.258438
v 0.214148 1.289739 -0.293442
v 0.153930 1.349248 -0.290562
v 0.110518 1.472368 -0.215090
v 0.191359 1.372646 -0.312084
v 0.163277 1.316123 -0.378993
v 0.078605 1.244618 -0.449675
v -0.025027 1.316122 -0.411909
v -0.074141 1.372646 -0.358494
v -0.030998 1.472368 -0.239827
v 0.171881 1.349248 -0.280317
v 0.143733 1.289739 -0.333629
v 0.068539 1.218552 -0.392097
v -0.022030 1.289739 -0.362605
v -0.066595 1.349247 -0.322003
v -0.064030 1.472368 -0.233191
v -0.070065 1.372646 -0.359313
v -0.136000 1.316122 -0.389615
v -0.246174 1.244618 -0.384428
v -0.296979 1.316123 -0.286529
v -0.297042 1.372646 -0.213965
v -0.185013 1.472368 -0.155718
v -0.062933 1.349248 -0.322739
v -0.119720 1.289739 -0.342979
v -0.214653 1.218552 -0.335204
v -0.261432 1.289739 -0.252232
v -0.266806 1.349248 -0.192186
v -0.193957 1.472368 -0.144425
v -0.276317 1.372646 -0.240133
v -0.346937 1.316122 -0.223451
v -0.430596 1.244619 -0.151570
v -0.410408 1.316123 -0.043138
v -0.365809 1.372646 0.014102
v -0.241658 1.472368 -0.008913
v -0.248191 1.349248 -0.215690
v -0.305410 1.289739 -0.196704
v -0.375460 1.218552 -0.132163
v -0.361283 1.289739 -0.037974
v -0.328573 1.349248 0.012667
v -0.241822 1.472368 -0.000175
v -0.365020 1.372646 -0.027840
v -0.411739 1.316122 0.027683
v -0.435987 1.244619 0.135283
v -0.355089 1.316122 0.210255
v -0.285146 1.372646 0.229579
v -0.199248 1.472368 0.137034
v -0.327865 1.349248 -0.025006
v -0.362455 1.289739 0.024370
v -0.380162 1.218552 0.117960
v -0.312586 1.289739 0.185088
v -0.256121 1.349248 0.206211
v -0.183442 1.472368 0.157566
v -0.294880 1.372646 0.216934
v -0.294091 1.316123 0.289492
v -0.242306 1.244618 0.386878
v -0.132085 1.316122 0.390959
v -0.066457 1.372646 0.359998
v -0.061688 1.472368 0.233821
v -0.264865 1.349248 0.194852
v -0.258889 1.289739 0.254841
v -0.211280 1.218552 0.337340
v -0.116274 1.289739 0.344162
v -0.059693 1.349248 0.323354
v -0.041795 1.472368 0.238183
v -0.090252 1.372646 0.354781
v -0.043597 1.316123 0.410359
v 0.058222 1.244618 0.452765
v 0.146000 1.316122 0.385979
v 0.177074 1.372646 0.320405
v 0.100695 1.472368 0.219860
v -0.081065 1.349248 0.318668
v -0.038380 1.289739 0.361240
v 0.050766 1.218552 0.394792
v 0.128523 1.289739 0.339778
v 0.159050 1.349248 0.287792
v 0.122387 1.472368 0.208565
v 0.160964 1.372646 0.328794
v 0.232505 1.316123 0.340935
v 0.337554 1.244618 0.307317
v 0.361195 1.316122 0.199584
v 0.342413 1.372646 0.129493
v 0.219102 1.472368 0.102334
v 0.144580 1.349248 0.295326
v 0.204675 1.289739 0.300126
v 0.294332 1.218553 0.267967
v 0.317961 1.289739 0.175694
v 0.307559 1.349248 0.116312
v 0.127343 1.560912 -0.009189
v 0.255421 1.512449 0.010494
v 0.302842 1.473991 -0.053178
v 0.310793 1.419586 -0.179779
v 0.197084 1.473992 -0.236006
v 0.118248 1.512449 -0.226644
v 0.071455 1.560912 -0.105806
v 0.224641 1.481033 0.009229
v 0.260630 1.437947 -0.045765
v 0.265298 1.383068 -0.153462
v 0.169614 1.437947 -0.203110
v 0.103998 1.481033 -0.199331
v 0.050772 1.560912 -0.117145
v 0.127481 1.512449 -0.221582
v 0.092976 1.473992 -0.293081
v -0.015582 1.419585 -0.358707
v -0.118040 1.473991 -0.283915
v -0.146215 1.512448 -0.209693
v -0.060739 1.560912 -0.112301
v 0.112118 1.481033 -0.194880
v 0.080015 1.437947 -0.252231
v -0.013301 1.383068 -0.306197
v -0.101586 1.437947 -0.244342
v -0.128595 1.481033 -0.184423
v -0.068688 1.560912 -0.107623
v -0.112333 1.512449 -0.229633
v -0.190900 1.473992 -0.241036
v -0.306028 1.419586 -0.187776
v -0.301362 1.473992 -0.061011
v -0.255607 1.512449 0.003869
v -0.127062 1.560912 -0.012487
v -0.098796 1.481033 -0.201960
v -0.164292 1.437947 -0.207439
v -0.261231 1.383068 -0.160288
v -0.259356 1.437947 -0.052507
v -0.224804 1.481033 0.003403
v -0.127538 1.560912 0.005908
v -0.255066 1.512449 -0.017066
v -0.304111 1.473991 0.045364
v -0.315319 1.419586 0.171718
v -0.203095 1.473991 0.230854
v -0.124044 1.512449 0.223525
v -0.074155 1.560912 0.103931
v -0.224329 1.481033 -0.015010
v -0.261722 1.437947 0.039040
v -0.269161 1.383068 0.146581
v -0.174787 1.437947 0.198676
v -0.109096 1.481033 0.196588
v -0.054378 1.560912 0.115515
v -0.134286 1.512449 0.217525
v -0.102013 1.473992 0.290060
v 0.004459 1.419586 0.359018
v 0.109184 1.473991 0.287437
v 0.139647 1.512448 0.214124
v 0.057230 1.560912 0.114129
v -0.118104 1.481033 0.191311
v -0.087794 1.437947 0.249630
v 0.003805 1.383068 0.306463
v 0.093965 1.437947 0.247373
v 0.122818 1.481033 0.188320
v 0.073742 1.560912 0.104225
v 0.123155 1.512449 0.224015
v 0.202177 1.473991 0.231659
v 0.314635 1.419586 0.172969
v 0.303928 1.473991 0.046571
v 0.255132 1.512449 -0.016053
v 0.127513 1.560912 0.006414
v 0.108314 1.481033 0.197019
v 0.173996 1.437947 0.199369
v 0.268577 1.383068 0.147649
v 0.261565 1.437947 0.040080
v 0.224386 1.481033 -0.014118
vn -0.0000 -1.0000 -0.0000
vn 0.8227 -0.5240 -0.2204
vn 0.6023 -0.5240 -0.6023
vn 0.2204 -0.5240 -0.8227
vn -0.2204 -0.5240 -0.8227
vn -0.6023 -0.5240 -0.6023
vn -0.8227 -0.5240 -0.2204
vn -0.8227 -0.5240 0.2204
vn -0.6023 -0.5240 0.6023
vn -0.2204 -0.5240 0.8227
vn 0.2204 -0.5240 0.8227
vn 0.6023 -0.5240 0.6023
vn 0.8227 -0.5240 0.2204
vn 0.7101 -0.6779 -0.1903
vn 0.5198 -0.6779 -0.5198
vn 0.1903 -0.6779 -0.7101
vn -0.1903 -0.6779 -0.7101
vn -0.5198 -0.6779 -0.5198
vn -0.7101 -0.6779 -0.1903
vn -0.7101 -0.6779 0.1903
vn -0.5198 -0.6779 0.5198
vn -0.1903 -0.6779 0.7101
vn 0.1903 -0.6779 0.7101
vn 0.5198 -0.6779 0.5198
vn 0.7101 -0.6779 0.1903
vn 0.8937 -0.3794 -0.2395
vn 0.6542 -0.3794 -0.6542
vn 0.2395 -0.3794 -0.8937
vn -0.2395 -0.3794 -0.8937
vn -0.6542 -0.3794 -0.6542
vn -0.8937 -0.3794 -0.2395
vn -0.8937 -0.3794 0.2395
vn -0.6542 -0.3794 0.6542
vn -0.2395 -0.3794 0.8937
vn 0.2395 -0.3794 0.8937
vn 0.6542 -0.3794 0.6542
vn 0.8937 -0.3794 0.2395
vn 0.9601 -0.1093 -0.2573
vn 0.7029 -0.1093 -0.7029
vn 0.2573 -0.1093 -0.9601
vn -0.2573 -0.1093 -0.9601
vn -0.7029 -0.1093 -0.7029
vn -0.9601 -0.1093 -0.2573
vn -0.9601 -0.1093 0.2573
vn -0.7029 -0.1093 0.7029
vn -0.2573 -0.1093 0.9601
vn 0.2573 -0.1093 0.9601
vn 0.7029 -0.1093 0.7029
vn 0.9601 -0.1093 0.2573
vn 0.9597 0.1129 -0.2572
vn 0.7026 0.1129 -0.7026
vn 0.2572 0.1129 -0.9597
vn -0.2572 0.1129 -0.9597
vn -0.7026 0.1129 -0.7026
vn -0.9597 0.1129 -0.2572
vn -0.9597 0.1129 0.2572
vn -0.7026 0.1129 0.7026
vn -0.2572 0.1129 0.9597
vn 0.2572 0.1129 0.9597
vn 0.7026 0.1129 0.7026
vn 0.9597 0.1129 0.2572
vn 0.9202 0.3039 -0.2466
vn 0.6737 0.3039 -0.6737
vn 0.2466 0.3039 -0.9202
vn -0.2466 0.3039 -0.9202
vn -0.6737 0.3039 -0.6737
vn -0.9202 0.3039 -0.2466
vn -0.9202 0.3039 0.2466
vn -0.6737 0.3039 0.6737
vn -0.2466 0.3039 0.9202
vn 0.2466 0.3039 0.9202
vn 0.6737 0.3039 0.6737
vn 0.9202 0.3039 0.2466
vn 0.8392 0.4952 -0.2249
vn 0.6143 0.4952 -0.6143
vn 0.2249 0.4952 -0.8392
vn -0.2249 0.4952 -0.8392
vn -0.6143 0.4952 -0.6143
vn -0.8392 0.4952 -0.2249
vn -0.8392 0.4952 0.2249
vn -0.6143 0.4952 0.6143
vn -0.2249 0.4952 0.8392
vn 0.2249 0.4952 0.8392
vn 0.6143 0.4952 0.6143
vn 0.8392 0.4952 0.2249
vn 0.6683 0.7220 -0.1791
vn 0.4892 0.7220 -0.4892
vn 0.1791 0.7220 -0.6683
vn -0.1791 0.7220 -0.6683
vn -0.4892 0.7220 -0.4892
vn -0.6683 0.7220 -0.1791
vn -0.6683 0.7220 0.1791
vn -0.4892 0.7220 0.4892
vn -0.1791 0.7220 0.6683
vn 0.1791 0.7220 0.6683
vn 0.4892 0.7220 0.4892
vn 0.6683 0.7220 0.1791
vn 0.2855 0.9553 -0.0765
vn 0.2090 0.9553 -0.2090
vn 0.0765 0.9553 -0.2855
vn -0.0765 0.9553 -0.2855
vn -0.2090 0.9553 -0.2090
vn -0.2855 0.9553 -0.0765
vn -0.2855 0.9553 0.0765
vn -0.2090 0.9553 0.2090
vn -0.0765 0.9553 0.2855
vn 0.0765 0.9553 0.2855
vn 0.2090 0.9553 0.2090
vn 0.2855 0.9553 0.0765
vn 0.9397 -0.3393 -0.0429
vn 0.9558 -0.2909 -0.0436
vn 0.8074 -0.5889 -0.0368
vn -0.1996 0.1630 0.9662
vn -0.2867 0.1630 -0.9440
vn -0.5886 -0.4669 0.6600
vn -0.5821 -0.4792 0.6569
vn -0.6395 -0.4792 -0.6012
vn -0.6463 -0.4669 -0.6036
vn 0.7467 -0.3393 -0.5721
vn 0.7595 -0.2909 -0.5819
vn 0.6416 -0.5889 -0.4916
vn 0.3883 0.1630 0.9070
vn -0.7747 0.1630 -0.6109
vn -0.1060 -0.4669 0.8780
vn -0.1024 -0.4792 0.8717
vn -0.8683 -0.4792 -0.1280
vn -0.8753 -0.4669 -0.1261
vn 0.1322 -0.3393 -0.9314
vn 0.1344 -0.2909 -0.9473
vn 0.1136 -0.5889 -0.8002
vn 0.9124 0.1630 0.3754
vn -0.9808 0.1630 0.1066
vn 0.5393 -0.4669 0.7008
vn 0.5375 -0.4792 0.6938
vn -0.7094 -0.4792 0.5169
vn -0.7130 -0.4669 0.5231
vn -0.4841 -0.3393 -0.8066
vn -0.4924 -0.2909 -0.8203
vn -0.4159 -0.5889 -0.6930
vn 0.9451 0.1630 -0.2833
vn -0.6945 0.1630 0.7008
vn 0.8604 -0.4669 0.2045
vn 0.8546 -0.4792 0.2002
vn -0.2253 -0.4792 0.8483
vn -0.2242 -0.4669 0.8554
vn -0.8873 -0.3393 -0.3124
vn -0.9025 -0.2909 -0.3177
vn -0.7624 -0.5889 -0.2684
vn 0.5471 0.1630 -0.8211
vn -0.0879 0.1630 0.9827
vn 0.7930 -0.4669 -0.3913
vn 0.7858 -0.4792 -0.3909
vn 0.3676 -0.4792 0.7970
vn 0.3730 -0.4669 0.8018
vn -0.8813 -0.3393 0.3289
vn -0.8964 -0.2909 0.3345
vn -0.7572 -0.5889 0.2826
vn -0.1063 0.1630 -0.9809
vn 0.5623 0.1630 0.8107
vn 0.3579 -0.4669 -0.8086
vn 0.3527 -0.4792 -0.8037
vn 0.7930 -0.4792 0.3762
vn 0.8002 -0.4669 0.3764
vn -0.4760 -0.3393 0.8114
vn -0.4841 -0.2909 0.8252
vn -0.4090 -0.5889 0.6971
vn -0.7015 0.1630 -0.6938
vn 0.9479 0.1630 0.2739
vn -0.2328 -0.4669 -0.8531
vn -0.2338 -0.4792 -0.8460
vn 0.8525 -0.4792 -0.2087
vn 0.8583 -0.4669 -0.2131
vn 0.1840 -0.3393 0.9225
vn 0.1871 -0.2909 0.9383
vn 0.1581 -0.5889 0.7926
vn -0.9853 0.1630 -0.0517
vn 0.8901 0.1630 -0.4257
vn -0.7411 -0.4669 -0.4825
vn -0.7371 -0.4792 -0.4765
vn 0.4980 -0.4792 -0.7228
vn 0.4994 -0.4669 -0.7298
vn 0.7470 -0.3393 0.5717
vn 0.7598 -0.2909 0.5814
vn 0.6419 -0.5889 0.4912
vn -0.7744 0.1630 0.6114
vn 0.3878 0.1630 -0.9072
vn -0.8752 -0.4669 0.1266
vn -0.8682 -0.4792 0.1285
vn -0.1029 -0.4792 -0.8717
vn -0.1065 -0.4669 -0.8779
vn 0.9559 -0.1029 -0.2750
vn 0.9588 -0.0688 -0.2758
vn 0.9089 -0.3249 -0.2614
vn 0.0360 0.1622 0.9861
vn -0.4934 0.1622 -0.8545
vn -0.2137 -0.5547 0.8041
vn -0.2308 -0.6366 0.7359
vn -0.5865 -0.6366 -0.5008
vn -0.6083 -0.5547 -0.5677
vn 0.6856 -0.1029 -0.7207
vn 0.6876 -0.0688 -0.7228
vn 0.6518 -0.3249 -0.6852
vn 0.5298 0.1622 0.8325
vn -0.8579 0.1622 -0.4876
vn 0.2224 -0.5547 0.8018
vn 0.1731 -0.6366 0.7515
vn -0.7592 -0.6366 -0.1354
vn -0.8119 -0.5547 -0.1821
vn 0.1450 -0.1029 -0.9841
vn 0.1454 -0.0688 -0.9870
vn 0.1379 -0.3249 -0.9356
vn 0.9127 0.1622 0.3751
vn -0.9821 0.1622 0.0958
vn 0.6438 -0.5547 0.5271
vn 0.5745 -0.6366 0.5144
vn -0.6985 -0.6366 0.3268
vn -0.7685 -0.5547 0.3190
vn -0.4023 -0.1029 -0.9097
vn -0.4035 -0.0688 -0.9124
vn -0.3825 -0.3249 -0.8649
vn 0.9721 0.1622 -0.1697
vn -0.7795 0.1622 0.6050
vn 0.8257 -0.5547 0.1024
vn 0.7604 -0.6366 0.1286
vn -0.4164 -0.6366 0.6491
vn -0.4798 -0.5547 0.6798
vn -0.8382 -0.1029 -0.5356
vn -0.8406 -0.0688 -0.5372
vn -0.7969 -0.3249 -0.5093
vn 0.7162 0.1622 -0.6788
vn -0.3151 0.1622 0.9351
vn 0.7447 -0.5547 -0.3712
vn 0.7047 -0.6366 -0.3132
vn 0.0118 -0.6366 0.7711
vn -0.0240 -0.5547 0.8317
vn -0.9943 -0.1029 -0.0262
vn -0.9973 -0.0688 -0.0263
vn -0.9454 -0.3249 -0.0250
vn 0.2632 0.1622 -0.9510
vn 0.2127 0.1622 0.9636
vn 0.4463 -0.5547 -0.7022
vn 0.4420 -0.6366 -0.6319
vn 0.4080 -0.6366 0.6544
vn 0.4087 -0.5547 0.7248
vn -0.8461 -0.1029 0.5231
vn -0.8486 -0.0688 0.5246
vn -0.8044 -0.3249 0.4973
vn -0.3011 0.1622 -0.9397
vn 0.7060 0.1622 0.6894
vn -0.0116 -0.5547 -0.8320
vn 0.0233 -0.6366 -0.7708
vn 0.7000 -0.6366 0.3237
vn 0.7390 -0.5547 0.3822
vn -0.4123 -0.1029 0.9052
vn -0.4135 -0.0688 0.9079
vn -0.3920 -0.3249 0.8607
vn -0.7728 0.1622 -0.6135
vn 0.9701 0.1622 0.1803
vn -0.4723 -0.5547 -0.6850
vn -0.4093 -0.6366 -0.6536
vn 0.7618 -0.6366 -0.1203
vn 0.8268 -0.5547 -0.0933
vn 0.1587 -0.1029 0.9820
vn 0.1592 -0.0688 0.9848
vn 0.1509 -0.3249 0.9336
vn -0.9833 0.1622 -0.0822
vn 0.9074 0.1622 -0.3878
vn -0.7728 -0.5547 -0.3082
vn -0.7030 -0.6366 -0.3171
vn 0.5673 -0.6366 -0.5224
vn 0.6364 -0.5547 -0.5360
vn 0.6805 -0.1029 0.7255
vn 0.6825 -0.0688 0.7277
vn 0.6470 -0.3249 0.6898
vn -0.8613 0.1622 0.4815
vn 0.5357 0.1622 -0.8287
vn -0.8131 -0.5547 0.1764
vn -0.7601 -0.6366 0.1300
vn 0.1784 -0.6366 -0.7502
vn 0.2281 -0.5547 -0.8002
vn 0.9607 -0.1029 0.2578
vn 0.9635 -0.0688 0.2586
vn 0.9134 -0.3249 0.2451
vn -0.4781 0.1622 0.8632
vn 0.0183 0.1622 -0.9866
vn -0.5980 -0.5547 0.5785
vn -0.5774 -0.6366 0.5112
vn -0.2439 -0.6366 -0.7316
vn -0.2280 -0.5547 -0.8002
vn 0.9946 0.1004 -0.0262
vn 0.9906 0.1340 -0.0260
vn 0.9964 -0.0811 -0.0262
vn -0.2295 0.1528 0.9612
vn -0.2797 0.1528 -0.9479
vn -0.2497 -0.5845 0.7720
vn -0.2178 -0.7133 0.6661
vn -0.2526 -0.7133 -0.6538
vn -0.2900 -0.5845 -0.7578
vn 0.8688 0.1004 -0.4848
vn 0.8654 0.1340 -0.4829
vn 0.8704 -0.0811 -0.4857
vn 0.2429 0.1528 0.9579
vn -0.6877 0.1528 -0.7097
vn 0.1371 -0.5845 0.7997
vn 0.1163 -0.7133 0.6911
vn -0.5271 -0.7133 -0.4619
vn -0.6086 -0.5845 -0.5366
vn 0.4572 0.1004 -0.8837
vn 0.4553 0.1340 -0.8802
vn 0.4580 -0.0811 -0.8853
vn 0.7311 0.1528 0.6650
vn -0.9651 0.1528 -0.2125
vn 0.5556 -0.5845 0.5914
vn 0.4783 -0.7133 0.5123
vn -0.6945 -0.7133 -0.0944
vn -0.8037 -0.5845 -0.1118
vn -0.0253 0.1004 -0.9946
vn -0.0252 0.1340 -0.9907
vn -0.0253 -0.0811 -0.9964
vn 0.9610 0.1528 0.2303
vn -0.9481 0.1528 0.2789
vn 0.7718 -0.5845 0.2504
vn 0.6659 -0.7133 0.2184
vn -0.6540 -0.7133 0.2520
vn -0.7581 -0.5845 0.2893
vn -0.4941 0.1004 -0.8636
vn -0.4922 0.1340 -0.8601
vn -0.4950 -0.0811 -0.8651
vn 0.9553 0.1528 -0.2532
vn -0.7023 0.1528 0.6953
vn 0.7982 -0.5845 -0.1457
vn 0.6899 -0.7133 -0.1237
vn -0.4562 -0.7133 0.5321
vn -0.5301 -0.5845 0.6143
vn -0.8612 0.1004 -0.4983
vn -0.8577 0.1340 -0.4963
vn -0.8627 -0.0811 -0.4992
vn 0.6987 0.1528 -0.6989
vn -0.2578 0.1528 0.9540
vn 0.6169 -0.5845 -0.5271
vn 0.5343 -0.7133 -0.4536
vn -0.1270 -0.7133 0.6892
vn -0.1496 -0.5845 0.7975
vn -0.9950 0.1004 0.0001
vn -0.9910 0.1340 0.0001
vn -0.9967 -0.0811 0.0001
vn 0.2546 0.1528 -0.9549
vn 0.2548 0.1528 0.9549
vn 0.2699 -0.5845 -0.7652
vn 0.2352 -0.7133 -0.6602
vn 0.2353 -0.7133 0.6602
vn 0.2700 -0.5845 0.7652
vn -0.8688 0.1004 0.4848
vn -0.8654 0.1340 0.4829
vn -0.8704 -0.0811 0.4857
vn -0.2429 0.1528 -0.9579
vn 0.6877 0.1528 0.7097
vn -0.1371 -0.5845 -0.7997
vn -0.1163 -0.7133 -0.6912
vn 0.5272 -0.7133 0.4618
vn 0.6086 -0.5845 0.5366
vn -0.4626 0.1004 0.8808
vn -0.4608 0.1340 0.8773
vn -0.4635 -0.0811 0.8824
vn -0.7269 0.1528 -0.6695
vn 0.9638 0.1528 0.2186
vn -0.5519 -0.5845 -0.5948
vn -0.4751 -0.7133 -0.5153
vn 0.6939 -0.7133 0.0987
vn 0.8029 -0.5845 0.1168
vn 0.0067 0.1004 0.9949
vn 0.0067 0.1340 0.9910
vn 0.0067 -0.0811 0.9967
vn -0.9566 0.1528 -0.2482
vn 0.9531 0.1528 -0.2612
vn -0.7670 -0.5845 -0.2648
vn -0.6618 -0.7133 -0.2308
vn 0.6586 -0.7133 -0.2397
vn 0.7633 -0.5845 -0.2751
vn 0.5166 0.1004 0.8503
vn 0.5146 0.1340 0.8469
vn 0.5175 -0.0811 0.8518
vn -0.9483 0.1528 0.2781
vn 0.6838 0.1528 -0.7135
vn -0.7941 -0.5845 0.1666
vn -0.6864 -0.7133 0.1417
vn 0.4420 -0.7133 -0.5439
vn 0.5138 -0.5845 -0.6280
vn 0.8475 0.1004 0.5212
vn 0.8441 0.1340 0.5192
vn 0.8490 -0.0811 0.5222
vn -0.7172 0.1528 0.6799
vn 0.2833 0.1528 -0.9468
vn -0.6308 -0.5845 0.5103
vn -0.5463 -0.7133 0.4391
vn 0.1455 -0.7133 -0.6856
vn 0.1709 -0.5845 -0.7932
vn 0.9280 0.2777 -0.2485
vn 0.9245 0.2899 -0.2475
vn 0.9596 0.1147 -0.2569
vn -0.0063 0.1321 0.9912
vn -0.5007 0.1321 -0.8555
vn 0.0742 -0.5557 0.8281
vn 0.1154 -0.7117 0.6929
vn -0.2463 -0.7117 -0.6579
vn -0.3495 -0.5557 -0.7544
vn 0.6925 0.2777 -0.6658
vn 0.6899 0.2899 -0.6633
vn 0.7161 0.1147 -0.6885
vn 0.4733 0.1321 0.8709
vn -0.8517 0.1321 -0.5071
vn 0.4650 -0.5557 0.6892
vn 0.4358 -0.7117 0.5510
vn -0.5335 -0.7117 -0.4571
vn -0.6704 -0.5557 -0.4917
vn 0.3034 0.2777 -0.9115
vn 0.3023 0.2899 -0.9081
vn 0.3138 0.1147 -0.9425
vn 0.8240 0.1321 0.5509
vn -0.9898 0.1321 -0.0529
vn 0.7322 -0.5557 0.3939
vn 0.6420 -0.7117 0.2851
vn -0.6848 -0.7117 -0.1566
vn -0.8222 -0.5557 -0.1235
vn -0.1593 0.2777 -0.9474
vn -0.1587 0.2899 -0.9438
vn -0.1647 0.1147 -0.9797
vn 0.9861 0.1321 0.1003
vn -0.8991 0.1321 0.4173
vn 0.8314 -0.5557 0.0047
vn 0.7008 -0.7117 -0.0491
vn -0.6783 -0.7117 0.1827
vn -0.7841 -0.5557 0.2763
vn -0.5461 0.2777 -0.7904
vn -0.5440 0.2899 -0.7874
vn -0.5647 0.1147 -0.8173
vn 0.9356 0.1321 -0.3274
vn -0.6373 0.1321 0.7592
vn 0.7549 -0.5557 -0.3484
vn 0.6138 -0.7117 -0.3417
vn -0.5368 -0.7117 0.4532
vn -0.5929 -0.5557 0.5828
vn -0.8573 0.2777 -0.4335
vn -0.8541 0.2899 -0.4319
vn -0.8865 0.1147 -0.4483
vn 0.6655 0.1321 -0.7346
vn -0.1972 0.1321 0.9714
vn 0.4968 -0.5557 -0.6667
vn 0.3760 -0.7117 -0.5934
vn -0.2551 -0.7117 0.6545
vn -0.2425 -0.5557 0.7952
vn -0.9605 0.2777 -0.0181
vn -0.9569 0.2899 -0.0180
vn -0.9932 0.1147 -0.0187
vn 0.2804 0.1321 -0.9508
vn 0.2444 0.1321 0.9606
vn 0.1578 -0.5557 -0.8163
vn 0.0809 -0.7117 -0.6978
vn 0.0546 -0.7117 0.7004
vn 0.1270 -0.5557 0.8216
vn -0.8501 0.2777 0.4475
vn -0.8469 0.2899 0.4458
vn -0.8791 0.1147 0.4627
vn -0.2130 0.1321 -0.9681
vn 0.6774 0.1321 0.7236
vn -0.2555 -0.5557 -0.7912
vn -0.2657 -0.7117 -0.6503
vn 0.3856 -0.7117 0.5872
vn 0.5076 -0.5557 0.6585
vn -0.5359 0.2777 0.7973
vn -0.5339 0.2899 0.7943
vn -0.5542 0.1147 0.8244
vn -0.6469 0.1321 -0.7511
vn 0.9397 0.1321 0.3155
vn -0.6003 -0.5557 -0.5752
vn -0.5425 -0.7117 -0.4463
vn 0.6181 -0.7117 0.3338
vn 0.7593 -0.5557 0.3387
vn -0.0852 0.2777 0.9569
vn -0.0849 0.2899 0.9533
vn -0.0881 0.1147 0.9895
vn -0.9288 0.1321 -0.3461
vn 0.9754 0.1321 -0.1766
vn -0.8032 -0.5557 -0.2145
vn -0.6904 -0.7117 -0.1295
vn 0.7025 -0.7117 -0.0055
vn 0.8285 -0.5557 -0.0692
vn 0.3770 0.2777 0.8836
vn 0.3756 0.2899 0.8803
vn 0.3898 0.1147 0.9137
vn -0.9822 0.1321 0.1337
vn 0.7762 0.1321 -0.6165
vn -0.8093 -0.5557 0.1904
vn -0.6697 -0.7117 0.2121
vn 0.6165 -0.7117 -0.3367
vn 0.6975 -0.5557 -0.4525
vn 0.7344 0.2777 0.6193
vn 0.7317 0.2899 0.6169
vn 0.7595 0.1147 0.6403
vn -0.8168 0.1321 0.5616
vn 0.4155 0.1321 -0.8999
vn -0.6369 -0.5557 0.5344
vn -0.5025 -0.7117 0.4909
vn 0.3989 -0.7117 -0.5782
vn 0.4191 -0.5557 -0.7180
vn 0.9362 0.2777 0.2156
vn 0.9326 0.2899 0.2148
vn 0.9681 0.1147 0.2230
vn -0.4703 0.1321 0.8726
vn -0.0412 0.1321 -0.9904
vn -0.3227 -0.5557 0.7662
vn -0.2230 -0.7117 0.6662
vn 0.0909 -0.7117 -0.6966
vn 0.0450 -0.5557 -0.8302
vn 0.9005 0.4342 0.0246
vn 0.9008 0.4335 0.0246
vn 0.9585 0.2840 0.0262
vn -0.3073 0.1163 0.9445
vn -0.2552 0.1163 -0.9599
vn -0.0763 -0.5233 0.8487
vn 0.0438 -0.6894 0.7230
vn 0.0832 -0.6894 -0.7196
vn -0.0298 -0.5233 -0.8516
vn 0.8135 0.4342 -0.3869
vn 0.8138 0.4335 -0.3870
vn 0.8659 0.2840 -0.4118
vn 0.1550 0.1163 0.9810
vn -0.6632 0.1163 -0.7393
vn 0.3173 -0.5233 0.7908
vn 0.3673 -0.6894 0.6243
vn -0.2526 -0.6894 -0.6789
vn -0.4132 -0.5233 -0.7452
vn 0.4852 0.4342 -0.7590
vn 0.4853 0.4335 -0.7593
vn 0.5164 0.2840 -0.8079
vn 0.6510 0.1163 0.7501
vn -0.9541 0.1163 -0.2759
vn 0.6880 -0.5233 0.5028
vn 0.6422 -0.6894 0.3351
vn -0.5738 -0.6894 -0.4421
vn -0.7452 -0.5233 -0.4133
vn 0.1344 0.4342 -0.8907
vn 0.1345 0.4335 -0.8911
vn 0.1431 0.2840 -0.9481
vn 0.8999 0.1163 0.4204
vn -0.9838 0.1163 0.1361
vn 0.8330 -0.5233 0.1794
vn 0.7230 -0.6894 0.0449
vn -0.7040 -0.6894 -0.1705
vn -0.8489 -0.5233 -0.0744
vn -0.3129 0.4342 -0.8447
vn -0.3130 0.4335 -0.8450
vn -0.3331 0.2840 -0.8991
vn 0.9910 0.1163 -0.0670
vn -0.7955 0.1163 0.5948
vn 0.8160 -0.5233 -0.2457
vn 0.6546 -0.6894 -0.3102
vn -0.6987 -0.6894 0.1911
vn -0.7791 -0.5233 0.3452
vn -0.6456 0.4342 -0.6282
vn -0.6458 0.4335 -0.6285
vn -0.6872 0.2840 -0.6687
vn 0.8660 0.1163 -0.4864
vn -0.4627 0.1163 0.8789
vn 0.6312 -0.5233 -0.5725
vn 0.4577 -0.6894 -0.5614
vn -0.5488 -0.6894 0.4728
vn -0.5551 -0.5233 0.6465
vn -0.8671 0.4342 -0.2442
vn -0.8674 0.4335 -0.2442
vn -0.9229 0.2840 -0.2599
vn 0.5290 0.1163 -0.8406
vn 0.0127 0.1163 0.9931
vn 0.2816 -0.5233 -0.8043
vn 0.1344 -0.6894 -0.7118
vn -0.2567 -0.6894 0.6774
vn -0.1794 -0.5233 0.8330
vn -0.8829 0.4342 0.1789
vn -0.8832 0.4335 0.1790
vn -0.9397 0.2840 0.1904
vn 0.0866 0.1163 -0.9894
vn 0.4650 0.1163 0.8777
vn -0.1169 -0.5233 -0.8441
vn -0.2056 -0.6894 -0.6946
vn 0.0811 -0.6894 0.7198
vn 0.2210 -0.5233 0.8230
vn -0.7018 0.4342 0.5647
vn -0.7021 0.4335 0.5649
vn -0.7471 0.2840 0.6011
vn -0.3779 0.1163 -0.9185
vn 0.8163 0.1163 0.5658
vn -0.4918 -0.5233 -0.6959
vn -0.5018 -0.6894 -0.5224
vn 0.4028 -0.6894 0.6020
vn 0.5745 -0.5233 0.6294
vn -0.3594 0.4342 0.8260
vn -0.3595 0.4335 0.8263
vn -0.3825 0.2840 0.8792
vn -0.7612 0.1163 -0.6380
vn 0.9857 0.1163 0.1220
vn -0.7587 -0.5233 -0.3880
vn -0.6870 -0.6894 -0.2297
vn 0.6363 -0.6894 0.3461
vn 0.8010 -0.5233 0.2906
vn 0.1365 0.4342 0.8904
vn 0.1366 0.4335 0.8907
vn 0.1453 0.2840 0.9478
vn -0.9842 0.1163 -0.1337
vn 0.8989 0.1163 -0.4225
vn -0.8487 -0.5233 0.0764
vn -0.7036 -0.6894 0.1721
vn 0.7229 -0.6894 -0.0466
vn 0.8326 -0.5233 -0.1814
vn 0.4880 0.4342 0.7572
vn 0.4882 0.4335 0.7574
vn 0.5195 0.2840 0.8059
vn -0.9531 0.1163 0.2795
vn 0.6482 0.1163 -0.7525
vn -0.7436 -0.5233 0.4161
vn -0.5721 -0.6894 0.4443
vn 0.6409 -0.6894 -0.3375
vn 0.6861 -0.5233 -0.5054
vn 0.7928 0.4342 0.4277
vn 0.7931 0.4335 0.4279
vn 0.8439 0.2840 0.4553
vn -0.6999 0.1163 0.7047
vn 0.2046 0.1163 -0.9719
vn -0.4505 -0.5233 0.7233
vn -0.2867 -0.6894 0.6652
vn 0.3985 -0.6894 -0.6049
vn 0.3571 -0.5233 -0.7737
vn 0.7697 0.5796 -0.2676
vn 0.7639 0.5882 -0.2656
vn 0.8431 0.4509 -0.2931
vn -0.0195 0.1133 0.9934
vn -0.6315 0.1133 -0.7670
vn 0.2929 -0.5281 0.7971
vn 0.4009 -0.6932 0.5989
vn -0.0571 -0.6932 -0.7184
vn -0.2648 -0.5281 -0.8068
vn 0.5616 0.5796 -0.5905
vn 0.5574 0.5882 -0.5860
vn 0.6151 0.4509 -0.6467
vn 0.4377 0.1133 0.8919
vn -0.9127 0.1133 -0.3925
vn 0.6255 -0.5281 0.5744
vn 0.6307 -0.6932 0.3487
vn -0.3798 -0.6932 -0.6125
vn -0.6049 -0.5281 -0.5959
vn 0.1067 0.5796 -0.8079
vn 0.1059 0.5882 -0.8018
vn 0.1168 0.4509 -0.8849
vn 0.8787 0.1133 0.4637
vn -0.9690 0.1133 0.2197
vn 0.8437 -0.5281 0.0964
vn 0.7152 -0.6932 -0.0892
vn -0.6675 -0.6932 -0.2717
vn -0.8398 -0.5281 -0.1259
vn -0.3096 0.5796 -0.7538
vn -0.3073 0.5882 -0.7481
vn -0.3391 0.4509 -0.8256
vn 0.9929 0.1133 -0.0353
vn -0.7311 0.1133 0.6728
vn 0.7797 -0.5281 -0.3363
vn 0.5759 -0.6932 -0.4333
vn -0.7142 -0.6932 0.0966
vn -0.7910 -0.5281 0.3088
vn -0.6641 0.5796 -0.4722
vn -0.6591 0.5882 -0.4687
vn -0.7274 0.4509 -0.5172
vn 0.8209 0.1133 -0.5597
vn -0.2592 0.1133 0.9592
vn 0.4799 -0.5281 -0.7006
vn 0.2558 -0.6932 -0.6738
vn -0.5524 -0.6932 0.4628
vn -0.5042 -0.5281 0.6833
vn -0.8146 0.5796 0.0217
vn -0.8084 0.5882 0.0215
vn -0.8922 0.4509 0.0237
vn 0.3197 0.1133 -0.9407
vn 0.3693 0.1133 0.9224
vn -0.0374 -0.5281 -0.8484
vn -0.2005 -0.6932 -0.6922
vn -0.1634 -0.6932 0.7019
vn 0.0077 -0.5281 0.8491
vn -0.6673 0.5796 0.4678
vn -0.6622 0.5882 0.4642
vn -0.7309 0.4509 0.5123
vn -0.2527 0.1133 -0.9609
vn 0.8171 0.1133 0.5652
vn -0.4995 -0.5281 -0.6867
vn -0.5493 -0.6932 -0.4665
vn 0.2512 -0.6932 0.6755
vn 0.4752 -0.5281 0.7038
vn -0.3114 0.5796 0.7530
vn -0.3091 0.5882 0.7473
vn -0.3411 0.4509 0.8248
vn -0.7294 0.1133 -0.6746
vn 0.9928 0.1133 0.0377
vn -0.7903 -0.5281 -0.3108
vn -0.7140 -0.6932 -0.0983
vn 0.5748 -0.6932 0.4347
vn 0.7789 -0.5281 0.3382
vn 0.1138 0.5796 0.8069
vn 0.1129 0.5882 0.8008
vn 0.1246 0.4509 0.8838
vn -0.9709 0.1133 -0.2112
vn 0.8746 0.1133 -0.4713
vn -0.8387 -0.5281 0.1333
vn -0.6651 -0.6932 0.2776
vn 0.7159 -0.6932 0.0829
vn 0.8428 -0.5281 -0.1038
vn 0.5435 0.5796 0.6072
vn 0.5394 0.5882 0.6026
vn 0.5953 0.4509 0.6651
vn -0.9242 0.1133 0.3647
vn 0.4645 0.1133 -0.8783
vn -0.6227 -0.5281 0.5773
vn -0.3982 -0.6932 0.6007
vn 0.6410 -0.6932 -0.3295
vn 0.6426 -0.5281 -0.5552
vn 0.7721 0.5796 0.2605
vn 0.7663 0.5882 0.2585
vn 0.8457 0.4509 0.2853
vn -0.6244 0.1133 0.7728
vn -0.0287 0.1133 -0.9931
vn -0.2573 -0.5281 0.8093
vn -0.0505 -0.6932 0.7189
vn 0.3954 -0.6932 -0.6026
vn 0.2855 -0.5281 -0.7997
vn 0.6730 0.7392 -0.0252
vn 0.6788 0.7339 -0.0254
vn 0.7918 0.6100 -0.0297
vn -0.3907 0.1015 0.9149
vn -0.4581 0.1015 -0.8831
vn 0.1087 -0.5108 0.8528
vn 0.3252 -0.6729 0.6645
vn 0.2745 -0.6729 -0.6869
vn 0.0444 -0.5108 -0.8585
vn 0.5122 0.7392 -0.4372
vn 0.5166 0.7339 -0.4410
vn 0.6027 0.6100 -0.5145
vn 0.2611 0.1015 0.9600
vn -0.9071 0.1015 -0.4085
vn 0.6142 -0.5108 0.6015
vn 0.6672 -0.6729 0.3194
vn -0.2108 -0.6729 -0.7091
vn -0.4977 -0.5108 -0.7010
vn 0.1160 0.7392 -0.6634
vn 0.1170 0.7339 -0.6691
vn 0.1364 0.6100 -0.7806
vn 0.8130 0.1015 0.5733
vn -0.9593 0.1015 0.2635
vn 0.8567 -0.5108 0.0720
vn 0.7178 -0.6729 -0.1791
vn -0.6144 -0.6729 -0.4120
vn -0.8303 -0.5108 -0.2229
vn -0.3632 0.7392 -0.5671
vn -0.3663 0.7339 -0.5720
vn -0.4273 0.6100 -0.6673
vn 0.9866 0.1015 -0.1275
vn -0.5285 0.1015 0.8428
vn 0.6798 -0.5108 -0.5263
vn 0.4076 -0.6729 -0.6173
vn -0.7313 -0.6729 0.1120
vn -0.7624 -0.5108 0.3972
vn -0.6352 0.7392 -0.2236
vn -0.6407 0.7339 -0.2255
vn -0.7474 0.6100 -0.2631
vn 0.6993 0.1015 -0.7076
vn 0.1019 0.1015 0.9896
vn 0.2120 -0.5108 -0.8331
vn -0.0585 -0.6729 -0.7375
vn -0.5075 -0.6729 0.5382
vn -0.3566 -0.5108 0.7823
vn -0.6432 0.7392 0.1996
vn -0.6487 0.7339 0.2013
vn -0.7568 0.6100 0.2348
vn 0.1390 0.1015 -0.9851
vn 0.6722 0.1015 0.7333
vn -0.3269 -0.5108 -0.7951
vn -0.4870 -0.6729 -0.5569
vn -0.0862 -0.6729 0.7347
vn 0.1806 -0.5108 0.8405
vn -0.3575 0.7392 0.5707
vn -0.3605 0.7339 0.5756
vn -0.4206 0.6100 0.6716
vn -0.5370 0.1015 -0.8375
vn 0.9879 0.1015 0.1175
vn -0.7663 -0.5108 -0.3896
vn -0.7323 -0.6729 -0.1046
vn 0.4138 -0.6729 0.6132
vn 0.6850 -0.5108 0.5194
vn 0.0859 0.7392 0.6679
vn 0.0866 0.7339 0.6737
vn 0.1011 0.6100 0.7859
vn -0.9464 0.1015 -0.3065
vn 0.8381 0.1015 -0.5360
vn -0.8395 -0.5108 0.1852
vn -0.6324 -0.6729 0.3839
vn 0.7089 -0.6729 0.2114
vn 0.8590 -0.5108 -0.0332
vn 0.4980 0.7392 0.4534
vn 0.5023 0.7339 0.4573
vn 0.5859 0.6100 0.5334
vn -0.9197 0.1015 0.3793
vn 0.2916 0.1015 -0.9511
vn -0.5198 -0.5108 0.6847
vn -0.2333 -0.6729 0.7020
vn 0.6771 -0.6729 -0.2980
vn 0.6331 -0.5108 -0.5816
vn 0.3744 0.9016 -0.2166
vn 0.4038 0.8846 -0.2336
vn 0.5299 0.7907 -0.3065
vn -0.1219 0.0796 0.9893
vn -0.9184 0.0796 -0.3876
vn 0.5354 -0.4848 0.6916
vn 0.6986 -0.6404 0.3191
vn 0.0717 -0.6404 -0.7647
vn -0.3326 -0.4848 -0.8089
vn -0.0188 0.9016 -0.4322
vn -0.0202 0.8846 -0.4660
vn -0.0266 0.7907 -0.6116
vn 0.8207 0.0796 0.5658
vn -0.7685 0.0796 0.6349
vn 0.8608 -0.4848 -0.1547
vn 0.6061 -0.6404 -0.4717
vn -0.6447 -0.6404 -0.4174
vn -0.8710 -0.4848 -0.0795
vn -0.3687 0.9016 -0.2262
vn -0.3976 0.8846 -0.2439
vn -0.5218 0.7907 -0.3202
vn 0.9281 0.0796 -0.3636
vn 0.0962 0.0796 0.9922
vn 0.3534 -0.4848 -0.8000
vn -0.0519 -0.6404 -0.7663
vn -0.7067 -0.6404 0.3009
vn -0.5532 -0.4848 0.6775
vn -0.3799 0.9016 0.2069
vn -0.4096 0.8846 0.2231
vn -0.5376 0.7907 0.2928
vn 0.1473 0.0796 -0.9859
vn 0.9081 0.0796 0.4111
vn -0.5174 -0.4848 -0.7051
vn -0.6902 -0.6404 -0.3370
vn -0.0914 -0.6404 0.7626
vn 0.3116 -0.4848 0.8172
vn 0.0054 0.9016 0.4325
vn 0.0058 0.8846 0.4664
vn 0.0076 0.7907 0.6121
vn -0.8027 0.0796 -0.5910
vn 0.7878 0.0796 -0.6107
vn -0.8652 -0.4848 0.1279
vn -0.6204 -0.6404 0.4527
vn 0.6315 -0.6404 0.4371
vn 0.8681 -0.4848 0.1064
vn 0.3791 0.9016 0.2084
vn 0.4087 0.8846 0.2247
vn 0.5364 0.7907 0.2949
vn -0.9097 0.0796 0.4075
vn -0.1434 0.0796 -0.9865
vn -0.3149 -0.4848 0.8160
vn 0.0883 -0.6404 0.7629
vn 0.6915 -0.6404 -0.3342
vn 0.5202 -0.4848 -0.7031
vn -0.5968 -0.4523 0.6627
vn -0.5876 -0.4656 0.6618
vn -0.6455 -0.4656 -0.6055
vn -0.6547 -0.4524 -0.6056
vn 0.7594 -0.2909 -0.5819
vn -0.1111 -0.4523 0.8849
vn -0.1042 -0.4656 0.8789
vn -0.8757 -0.4655 -0.1281
vn -0.8833 -0.4524 -0.1230
vn 0.5405 -0.4523 0.7094
vn 0.5413 -0.4656 0.7002
vn -0.7147 -0.4655 0.5220
vn -0.7165 -0.4524 0.5310
vn 0.8667 -0.4523 0.2104
vn 0.8615 -0.4655 0.2028
vn -0.2262 -0.4655 0.8556
vn -0.2219 -0.4524 0.8638
vn 0.8016 -0.4524 -0.3908
vn 0.7928 -0.4655 -0.3934
vn 0.3716 -0.4656 0.8032
vn 0.3801 -0.4524 0.8068
vn 0.3649 -0.4524 -0.8138
vn 0.3565 -0.4656 -0.8101
vn 0.8000 -0.4656 0.3785
vn 0.8088 -0.4524 0.3757
vn -0.2306 -0.4523 -0.8615
vn -0.2348 -0.4656 -0.8533
vn 0.8594 -0.4656 -0.2114
vn 0.8645 -0.4524 -0.2191
vn -0.7451 -0.4523 -0.4902
vn -0.7427 -0.4656 -0.4812
vn 0.5013 -0.4655 -0.7293
vn 0.5001 -0.4523 -0.7385
vn -0.8833 -0.4524 0.1235
vn -0.8756 -0.4655 0.1286
vn -0.1047 -0.4656 -0.8788
vn -0.1116 -0.4524 -0.8848
vn -0.2336 -0.5339 0.8126
vn -0.2486 -0.6132 0.7498
vn -0.6090 -0.6132 -0.5031
vn -0.6297 -0.5339 -0.5643
vn 0.2095 -0.5339 0.8192
vn 0.1648 -0.6132 0.7725
vn -0.7798 -0.6132 -0.1260
vn -0.8286 -0.5339 -0.1683
vn 0.6433 -0.5339 0.5488
vn 0.5799 -0.6132 0.5364
vn -0.7099 -0.6132 0.3464
vn -0.7742 -0.5339 0.3399
vn 0.8368 -0.5339 0.1210
vn 0.7766 -0.6132 0.1444
vn -0.4157 -0.6132 0.6717
vn -0.4735 -0.5339 0.7005
vn 0.7642 -0.5339 -0.3618
vn 0.7270 -0.6132 -0.3090
vn 0.0249 -0.6132 0.7895
vn -0.0073 -0.5339 0.8455
vn 0.4679 -0.5339 -0.7043
vn 0.4632 -0.6132 -0.6399
vn 0.4288 -0.6132 0.6634
vn 0.4301 -0.5339 0.7280
vn 0.0053 -0.5339 -0.8455
vn 0.0367 -0.6132 -0.7891
vn 0.7223 -0.6132 0.3199
vn 0.7587 -0.5339 0.3732
vn -0.4658 -0.5339 -0.7057
vn -0.4083 -0.6132 -0.6762
vn 0.7782 -0.6132 -0.1358
vn 0.8381 -0.5339 -0.1118
vn -0.7789 -0.5339 -0.3291
vn -0.7147 -0.6132 -0.3364
vn 0.5723 -0.6132 -0.5445
vn 0.6356 -0.5339 -0.5577
vn -0.8298 -0.5339 0.1625
vn -0.7807 -0.6132 0.1205
vn 0.1702 -0.6132 -0.7714
vn 0.2153 -0.5339 -0.8177
vn -0.6195 -0.5339 0.5755
vn -0.5999 -0.6132 0.5140
vn -0.2620 -0.6132 -0.7452
vn -0.2481 -0.5339 -0.8083
vn -0.2864 -0.5632 0.7751
vn -0.2592 -0.6868 0.6790
vn -0.2946 -0.6868 -0.6644
vn -0.3267 -0.5632 -0.7590
vn 0.1061 -0.5632 0.8195
vn 0.0856 -0.6868 0.7218
vn -0.5693 -0.6868 -0.4518
vn -0.6417 -0.5632 -0.5206
vn 0.5406 -0.5632 0.6249
vn 0.4696 -0.6868 0.5548
vn -0.7241 -0.6868 -0.0627
vn -0.8224 -0.5632 -0.0802
vn 0.7749 -0.5632 0.2871
vn 0.6788 -0.6868 0.2598
vn -0.6647 -0.6868 0.2939
vn -0.7593 -0.5632 0.3261
vn 0.8183 -0.5632 -0.1149
vn 0.7208 -0.6868 -0.0933
vn -0.4457 -0.6868 0.5741
vn -0.5137 -0.5632 0.6473
vn 0.6497 -0.5632 -0.5105
vn 0.5763 -0.6868 -0.4429
vn -0.0968 -0.6868 0.7203
vn -0.1189 -0.5632 0.8177
vn 0.3066 -0.5632 -0.7673
vn 0.2769 -0.6868 -0.6720
vn 0.2770 -0.6868 0.6719
vn 0.3067 -0.5632 0.7673
vn -0.1061 -0.5632 -0.8195
vn -0.0856 -0.6868 -0.7218
vn 0.5693 -0.6868 0.4518
vn 0.6417 -0.5632 0.5206
vn -0.5367 -0.5632 -0.6283
vn -0.4661 -0.6868 -0.5577
vn 0.7237 -0.6868 0.0673
vn 0.8219 -0.5632 0.0853
vn -0.7694 -0.5632 -0.3015
vn -0.6738 -0.6868 -0.2724
vn 0.6701 -0.6868 -0.2815
vn 0.7652 -0.5632 -0.3119
vn -0.8150 -0.5632 0.1363
vn -0.7181 -0.6868 0.1122
vn 0.4304 -0.6868 -0.5856
vn 0.4965 -0.5632 -0.6605
vn 0.8475 0.1004 0.5213
vn -0.6632 -0.5632 0.4929
vn -0.5880 -0.6868 0.4273
vn 0.1161 -0.6868 -0.7175
vn 0.1408 -0.5632 -0.8143
vn 0.0286 -0.5389 0.8419
vn 0.0615 -0.6893 0.7219
vn -0.3074 -0.6893 -0.6561
vn -0.3959 -0.5389 -0.7435
vn 0.4318 -0.5389 0.7233
vn 0.4026 -0.6893 0.6024
vn -0.5861 -0.6893 -0.4259
vn -0.7058 -0.5389 -0.4598
vn 0.7186 -0.5389 0.4396
vn 0.6365 -0.6893 0.3460
vn -0.7169 -0.6893 -0.1045
vn -0.8387 -0.5389 -0.0788
vn 0.8408 -0.5389 0.0514
vn 0.7245 -0.6893 0.0073
vn -0.6823 -0.6893 0.2438
vn -0.7778 -0.5389 0.3235
vn 0.7832 -0.5389 -0.3101
vn 0.6592 -0.6893 -0.3007
vn -0.5145 -0.6893 0.5101
vn -0.5671 -0.5389 0.6229
vn 0.5400 -0.5389 -0.6465
vn 0.4354 -0.6893 -0.5791
vn -0.2083 -0.6893 0.6939
vn -0.2007 -0.5389 0.8181
vn 0.2055 -0.5389 -0.8169
vn 0.1406 -0.6893 -0.7107
vn 0.1138 -0.6893 0.7155
vn 0.1746 -0.5389 0.8241
vn -0.2140 -0.5389 -0.8147
vn -0.2196 -0.6893 -0.6904
vn 0.4448 -0.6893 0.5719
vn 0.5504 -0.5389 0.6376
vn -0.5750 -0.5389 -0.6156
vn -0.5209 -0.6893 -0.5035
vn 0.6629 -0.6893 0.2923
vn 0.7871 -0.5389 0.3001
vn -0.8005 -0.5389 -0.2621
vn -0.6991 -0.6893 -0.1900
vn 0.7217 -0.6893 -0.0635
vn 0.8343 -0.5389 -0.1166
vn -0.8294 -0.5389 0.1472
vn -0.7060 -0.6893 0.1628
vn 0.6061 -0.6893 -0.3970
vn 0.6802 -0.5389 -0.4969
vn -0.6743 -0.5389 0.5049
vn -0.5571 -0.6893 0.4632
vn 0.3625 -0.6893 -0.6273
vn 0.3837 -0.5389 -0.7499
vn -0.3694 -0.5389 0.7570
vn -0.2841 -0.6893 0.6665
vn 0.0360 -0.6893 -0.7236
vn -0.0011 -0.5389 -0.8424
vn -0.1315 -0.5133 0.8481
vn -0.0298 -0.6756 0.7367
vn 0.0105 -0.6756 -0.7372
vn -0.0850 -0.5133 -0.8540
vn 0.2678 -0.5133 0.8153
vn 0.3079 -0.6756 0.6699
vn -0.3254 -0.6756 -0.6616
vn -0.4635 -0.5133 -0.7223
vn 0.6590 -0.5133 0.5498
vn 0.6160 -0.6756 0.4052
vn -0.6264 -0.6756 -0.3889
vn -0.7756 -0.5133 -0.3672
vn 0.8256 -0.5133 0.2342
vn 0.7276 -0.6756 0.1196
vn -0.7304 -0.6756 -0.1005
vn -0.8580 -0.5133 -0.0199
vn 0.8359 -0.5133 -0.1942
vn 0.6947 -0.6756 -0.2471
vn -0.6880 -0.6756 0.2652
vn -0.7607 -0.5133 0.3973
vn 0.6714 -0.5133 -0.5346
vn 0.5211 -0.6756 -0.5216
vn -0.5072 -0.6756 0.5351
vn -0.5161 -0.5133 0.6857
vn 0.3350 -0.5133 -0.7901
vn 0.2091 -0.6756 -0.7070
vn -0.1905 -0.6756 0.7123
vn -0.1265 -0.5133 0.8488
vn -0.0629 -0.5133 -0.8559
vn -0.1370 -0.6756 -0.7245
vn 0.1559 -0.6756 0.7206
vn 0.2753 -0.5133 0.8129
vn -0.4493 -0.5133 -0.7312
vn -0.4546 -0.6756 -0.5805
vn 0.4697 -0.6756 0.5684
vn 0.6181 -0.5133 0.5954
vn -0.7374 -0.5133 -0.4390
vn -0.6722 -0.6756 -0.3030
vn 0.6799 -0.6756 0.2853
vn 0.8239 -0.5133 0.2403
vn -0.8579 -0.5133 0.0220
vn -0.7302 -0.6756 0.1022
vn 0.7273 -0.6756 -0.1213
vn 0.8251 -0.5133 -0.2361
vn -0.7743 -0.5133 0.3702
vn -0.6249 -0.6756 0.3913
vn 0.6144 -0.6756 -0.4075
vn 0.6569 -0.5133 -0.5523
vn -0.4996 -0.5133 0.6978
vn -0.3586 -0.6756 0.6443
vn 0.3416 -0.6756 -0.6534
vn 0.3089 -0.5133 -0.8007
vn 0.2329 -0.5269 0.8174
vn 0.3261 -0.6928 0.6432
vn -0.1433 -0.6928 -0.7068
vn -0.3244 -0.5269 -0.7856
vn 0.5815 -0.5269 0.6199
vn 0.5845 -0.6928 0.4224
vn -0.4511 -0.6928 -0.5627
vn -0.6482 -0.5269 -0.5497
vn 0.8349 -0.5269 0.1591
vn 0.7212 -0.6928 -0.0024
vn -0.6958 -0.6928 -0.1895
vn -0.8476 -0.5270 -0.0630
vn 0.8033 -0.5269 -0.2776
vn 0.6243 -0.6928 -0.3610
vn -0.6978 -0.6928 0.1820
vn -0.7665 -0.5269 0.3672
vn 0.5312 -0.5270 -0.6634
vn 0.3353 -0.6928 -0.6385
vn -0.4930 -0.6928 0.5263
vn -0.4522 -0.5269 0.7196
vn 0.0258 -0.5269 -0.8495
vn -0.1158 -0.6928 -0.7118
vn -0.0777 -0.6928 0.7170
vn 0.0710 -0.5270 0.8469
vn -0.4474 -0.5270 -0.7226
vn -0.4895 -0.6928 -0.5296
vn 0.3310 -0.6928 0.6407
vn 0.5267 -0.5270 0.6670
vn -0.7656 -0.5270 -0.3691
vn -0.6974 -0.6928 -0.1837
vn 0.6234 -0.6928 0.3626
vn 0.8026 -0.5269 0.2795
vn -0.8470 -0.5270 0.0705
vn -0.6941 -0.6928 0.1956
vn 0.7212 -0.6928 -0.0039
vn 0.8334 -0.5269 -0.1664
vn -0.6646 -0.5270 0.5298
vn -0.4680 -0.6928 0.5487
vn 0.5970 -0.6928 -0.4045
vn 0.6000 -0.5269 -0.6020
vn -0.3171 -0.5269 0.7885
vn -0.1367 -0.6928 0.7081
vn 0.3202 -0.6928 -0.6462
vn 0.2253 -0.5270 -0.8195
vn 0.6788 0.7339 -0.0255
vn 0.0447 -0.5196 0.8532
vn 0.2381 -0.6876 0.6859
vn 0.1860 -0.6876 -0.7018
vn -0.0193 -0.5196 -0.8542
vn 0.5643 -0.5196 0.6415
vn 0.6122 -0.6876 0.3903
vn -0.2894 -0.6876 -0.6659
vn -0.5450 -0.5196 -0.6580
vn 0.8437 -0.5196 0.1346
vn 0.7205 -0.6876 -0.0895
vn -0.6475 -0.6876 -0.3286
vn -0.8393 -0.5196 -0.1596
vn 0.7126 -0.5196 -0.4714
vn 0.4703 -0.6876 -0.5532
vn -0.6992 -0.6876 0.1957
vn -0.7263 -0.5196 0.4500
vn 0.2717 -0.5196 -0.8100
vn 0.0304 -0.6876 -0.7254
vn -0.4308 -0.6876 0.5845
vn -0.2957 -0.5196 0.8016
vn -0.2653 -0.5196 -0.8121
vn -0.4085 -0.6876 -0.6003
vn 0.0031 -0.6876 0.7261
vn 0.2410 -0.5196 0.8197
vn -0.3605 0.7339 0.5757
vn -0.7308 -0.5196 -0.4427
vn -0.7011 -0.6876 -0.1887
vn 0.4758 -0.6876 0.5484
vn 0.7173 -0.5197 0.4642
vn -0.8457 -0.5197 0.1215
vn -0.6616 -0.6876 0.2991
vn 0.7158 -0.6876 0.1219
vn 0.8489 -0.5197 -0.0964
vn -0.5657 -0.5196 0.6402
vn -0.3105 -0.6876 0.6563
vn 0.6244 -0.6876 -0.3706
vn 0.5845 -0.5196 -0.6231
vn 0.4859 -0.5048 0.7135
vn 0.6399 -0.6731 0.3707
vn -0.0023 -0.6731 -0.7395
vn -0.3762 -0.5048 -0.7769
vn 0.8573 -0.5048 -0.1007
vn 0.6247 -0.6731 -0.3957
vn -0.6567 -0.6731 -0.3401
vn -0.8628 -0.5048 -0.0259
vn 0.3962 -0.5048 -0.7669
vn 0.0215 -0.6731 -0.7392
vn -0.6493 -0.6731 0.3540
vn -0.5042 -0.5048 0.7007
vn -0.4674 -0.5048 -0.7258
vn -0.6301 -0.6731 -0.3871
vn -0.0167 -0.6731 0.7393
vn 0.3561 -0.5048 0.7864
vn -0.8601 -0.5048 0.0740
vn -0.6367 -0.6731 0.3762
vn 0.6458 -0.6731 0.3603
vn 0.8616 -0.5048 0.0527
vn -0.3592 -0.5048 0.7849
vn 0.0138 -0.6731 0.7394
vn 0.6317 -0.6731 -0.3846
vn 0.4703 -0.5048 -0.7239
vt 0.100000 0.225000
vt 0.025000 0.197548
vt 0.045096 0.150000
vt 0.100000 0.187500
vt 0.025000 0.225000
vt 0.025000 0.150000
vt 0.100000 0.150000
vt 0.045096 0.225000
vt 0.025000 0.177452
vt 0.072548 0.225000
vt 0.025000 0.204904
vt 0.062500 0.150000
vt 0.100000 0.204904
vt 0.052452 0.225000
vt 0.100000 0.177452
vt 0.079904 0.225000
vt 0.025000 0.187500
vt 0.079904 0.150000
vt 0.100000 0.197548
vt 0.052452 0.150000
vt 0.100000 0.170096
vt 0.062500 0.225000
vt 0.025000 0.170096
vt 0.072548 0.150000
vt 0.056981 0.150000
vt 0.059908 0.225000
vt 0.025000 0.191750
vt 0.025000 0.181933
vt 0.100000 0.203991
vt 0.055561 0.225000
vt 0.025000 0.183250
vt 0.100000 0.202339
vt 0.056981 0.225000
vt 0.025000 0.188416
vt 0.100000 0.195863
vt 0.062305 0.225000
vt 0.025000 0.197099
vt 0.100000 0.184978
vt 0.070472 0.225000
vt 0.100000 0.191750
vt 0.025000 0.172661
vt 0.068019 0.150000
vt 0.100000 0.186584
vt 0.025000 0.179137
vt 0.062695 0.150000
vt 0.054528 0.225000
vt 0.082006 0.150000
vt 0.100000 0.197099
vt 0.062695 0.225000
vt 0.071767 0.150000
vt 0.100000 0.188416
vt 0.068019 0.225000
vt 0.065092 0.150000
vt 0.100000 0.183250
vt 0.069439 0.225000
vt 0.063313 0.150000
vt 0.100000 0.181933
vt 0.062305 0.150000
vt 0.053233 0.225000
vt 0.025000 0.186584
vt 0.043274 0.150000
vt 0.070922 0.225000
vt 0.025000 0.183504
vt 0.100000 0.211067
vt 0.100000 0.163933
vt 0.025000 0.191496
vt 0.100000 0.203312
vt 0.043274 0.225000
vt 0.025000 0.198496
vt 0.100000 0.192174
vt 0.049819 0.225000
vt 0.086067 0.150000
vt 0.038933 0.150000
vt 0.100000 0.183504
vt 0.025000 0.171688
vt 0.081726 0.150000
vt 0.100000 0.176504
vt 0.025000 0.182826
vt 0.075181 0.150000
vt 0.025000 0.163933
vt 0.025000 0.211067
vt 0.075181 0.225000
vt 0.064493 0.150000
vt 0.100000 0.198496
vt 0.081726 0.225000
vt 0.054078 0.150000
vt 0.100000 0.191496
vt 0.038933 0.225000
vt 0.086067 0.225000
vt 0.049819 0.150000
vt 0.060507 0.225000
vt 0.025000 0.176504
vt 0.025000 0.185782
vt 0.100000 0.180894
vt 0.062307 0.225000
vt 0.025000 0.190587
vt 0.100000 0.192418
vt 0.056945 0.225000
vt 0.055579 0.225000
vt 0.062307 0.150000
vt 0.100000 0.194106
vt 0.059149 0.225000
vt 0.057907 0.150000
vt 0.100000 0.189700
vt 0.025000 0.200390
vt 0.100000 0.180334
vt 0.066801 0.225000
vt 0.069421 0.150000
vt 0.062693 0.225000
vt 0.025000 0.180894
vt 0.065851 0.150000
vt 0.067093 0.225000
vt 0.025000 0.185300
vt 0.058199 0.225000
vt 0.076525 0.150000
vt 0.100000 0.200390
vt 0.100000 0.192792
vt 0.025000 0.189700
vt 0.067093 0.150000
vt 0.100000 0.189218
vt 0.025000 0.194106
vt 0.062693 0.150000
vt 0.068055 0.225000
vt 0.064376 0.150000
vt 0.100000 0.190587
vt 0.025000 0.182208
vt 0.100000 0.185300
vt 0.057907 0.225000
vt 0.061628 0.150000
vt 0.061189 0.225000
vt 0.025000 0.186636
vt 0.025000 0.193072
vt 0.100000 0.183832
vt 0.066328 0.225000
vt 0.025000 0.188364
vt 0.100000 0.188820
vt 0.061628 0.225000
vt 0.025000 0.189401
vt 0.100000 0.187722
vt 0.062664 0.225000
vt 0.025000 0.195835
vt 0.100000 0.180904
vt 0.069080 0.225000
vt 0.100000 0.186636
vt 0.025000 0.186180
vt 0.063372 0.150000
vt 0.100000 0.185599
vt 0.025000 0.187278
vt 0.062336 0.150000
vt 0.055920 0.225000
vt 0.071708 0.150000
vt 0.100000 0.195835
vt 0.062336 0.225000
vt 0.064910 0.150000
vt 0.100000 0.189401
vt 0.063372 0.225000
vt 0.063811 0.150000
vt 0.100000 0.188364
vt 0.058672 0.225000
vt 0.068792 0.150000
vt 0.100000 0.193072
vt 0.062664 0.150000
vt 0.060090 0.225000
vt 0.025000 0.185599
vt 0.064221 0.150000
vt 0.063148 0.225000
vt 0.025000 0.187009
vt 0.025000 0.194816
vt 0.100000 0.178361
vt 0.071092 0.225000
vt 0.025000 0.187991
vt 0.100000 0.184774
vt 0.064221 0.225000
vt 0.025000 0.186854
vt 0.100000 0.185842
vt 0.063083 0.225000
vt 0.025000 0.191805
vt 0.100000 0.181190
vt 0.068052 0.225000
vt 0.100000 0.187009
vt 0.025000 0.190226
vt 0.060779 0.150000
vt 0.100000 0.188146
vt 0.025000 0.189158
vt 0.061917 0.150000
vt 0.056948 0.225000
vt 0.065452 0.150000
vt 0.100000 0.191805
vt 0.061917 0.225000
vt 0.060783 0.150000
vt 0.100000 0.186854
vt 0.060779 0.225000
vt 0.061852 0.150000
vt 0.100000 0.187991
vt 0.053908 0.225000
vt 0.068308 0.150000
vt 0.100000 0.194816
vt 0.063083 0.150000
vt 0.064217 0.225000
vt 0.025000 0.188146
vt 0.064971 0.150000
vt 0.066701 0.225000
vt 0.025000 0.187299
vt 0.025000 0.196251
vt 0.100000 0.173950
vt 0.073791 0.225000
vt 0.025000 0.187701
vt 0.100000 0.181073
vt 0.064971 0.225000
vt 0.025000 0.184324
vt 0.100000 0.183886
vt 0.061601 0.225000
vt 0.025000 0.187232
vt 0.100000 0.181464
vt 0.064500 0.225000
vt 0.100000 0.187299
vt 0.025000 0.193927
vt 0.060029 0.150000
vt 0.100000 0.190676
vt 0.025000 0.191114
vt 0.063399 0.150000
vt 0.060500 0.225000
vt 0.057906 0.150000
vt 0.100000 0.187232
vt 0.063399 0.225000
vt 0.055492 0.150000
vt 0.100000 0.184324
vt 0.060029 0.225000
vt 0.058299 0.150000
vt 0.100000 0.187701
vt 0.051209 0.225000
vt 0.065647 0.150000
vt 0.100000 0.196251
vt 0.061601 0.150000
vt 0.069508 0.225000
vt 0.025000 0.190676
vt 0.064261 0.150000
vt 0.072081 0.225000
vt 0.025000 0.187896
vt 0.075435 0.225000
vt 0.064135 0.150000
vt 0.100000 0.169521
vt 0.064261 0.225000
vt 0.072081 0.150000
vt 0.100000 0.176948
vt 0.025000 0.180627
vt 0.100000 0.181554
vt 0.057962 0.225000
vt 0.057054 0.225000
vt 0.077206 0.150000
vt 0.100000 0.182246
vt 0.060739 0.150000
vt 0.052919 0.225000
vt 0.025000 0.198052
vt 0.100000 0.194373
vt 0.025000 0.193446
vt 0.067038 0.150000
vt 0.100000 0.179655
vt 0.025000 0.182246
vt 0.047794 0.150000
vt 0.100000 0.180627
vt 0.025000 0.181554
vt 0.048440 0.150000
vt 0.060739 0.225000
vt 0.052919 0.150000
vt 0.100000 0.187104
vt 0.100000 0.197549
vt 0.025000 0.169521
vt 0.060865 0.150000
vt 0.025000 0.194373
vt 0.100000 0.193446
vt 0.076560 0.225000
vt 0.100000 0.208660
vt 0.025000 0.194641
vt 0.080000 0.150000
vt 0.025000 0.168092
vt 0.100000 0.166340
vt 0.025000 0.180359
vt 0.035351 0.150000
vt 0.057286 0.225000
vt 0.047106 0.150000
vt 0.100000 0.192646
vt 0.081908 0.150000
vt 0.067714 0.225000
vt 0.077894 0.150000
vt 0.100000 0.166744
vt 0.025000 0.166340
vt 0.100000 0.180359
vt 0.045000 0.225000
vt 0.100000 0.206908
vt 0.025000 0.208660
vt 0.100000 0.194641
vt 0.089649 0.225000
vt 0.067714 0.150000
vt 0.077894 0.225000
vt 0.025000 0.182354
vt 0.043092 0.225000
vt 0.057286 0.150000
vt 0.047106 0.225000
vt 0.025000 0.208256
vt 0.081442 0.150000
vt 0.100000 0.177452
vt 0.081442 0.225000
vt 0.055369 0.225000
vt 0.069631 0.225000
vt 0.043558 0.225000
vt 0.025000 0.197548
vt 0.043558 0.150000
vt 0.069631 0.150000
vt 0.055369 0.150000
vt 0.182270 0.225000
vt 0.196870 0.150000
vt 0.225000 0.179675
vt 0.151091 0.225000
vt 0.192229 0.150748
vt 0.225000 0.150000
vt 0.277787 0.225000
vt 0.275000 0.162784
vt 0.350000 0.150000
vt 0.100000 0.182282
vt 0.097851 0.225000
vt 0.027233 0.225000
vt 0.025000 0.182645
vt 0.025000 0.195404
vt 0.100000 0.165510
vt 0.095190 0.225000
vt 0.025000 0.215372
vt 0.095525 0.150271
vt 0.082008 0.225000
vt 0.033961 0.150000
vt 0.100000 0.175968
vt 0.088946 0.225000
vt 0.028144 0.150000
vt 0.100000 0.153549
vt 0.182290 0.225000
vt 0.196848 0.150000
vt 0.225000 0.179656
vt 0.150000 0.192985
vt 0.150441 0.225000
vt 0.414662 0.225000
vt 0.400000 0.169585
vt 0.475000 0.150000
vt 0.100000 0.188571
vt 0.096152 0.225000
vt 0.094062 0.150000
vt 0.100000 0.180926
vt 0.025000 0.217197
vt 0.092895 0.150000
vt 0.030512 0.225000
vt 0.085476 0.150000
vt 0.100000 0.206646
vt 0.083156 0.225000
vt 0.032819 0.150000
vt 0.100000 0.173569
vt 0.090088 0.225000
vt 0.027148 0.150000
vt 0.100000 0.150207
vt 0.225000 0.195763
vt 0.150000 0.174803
vt 0.182727 0.150000
vt 0.192030 0.223937
vt 0.151440 0.150000
vt 0.225000 0.225000
vt 0.350000 0.225000
vt 0.275000 0.210652
vt 0.280229 0.150000
vt 0.025000 0.191546
vt 0.027425 0.150000
vt 0.097841 0.150000
vt 0.100000 0.192675
vt 0.028537 0.225000
vt 0.088497 0.150000
vt 0.100000 0.220181
vt 0.034299 0.225000
vt 0.081666 0.150000
vt 0.100000 0.198341
vt 0.093385 0.225000
vt 0.025000 0.153414
vt 0.100000 0.212986
vt 0.025000 0.176545
vt 0.097425 0.150000
vt 0.225000 0.189475
vt 0.150000 0.181700
vt 0.176665 0.150000
vt 0.196352 0.225000
vt 0.150000 0.150000
vt 0.225000 0.220430
vt 0.350000 0.221701
vt 0.288121 0.225000
vt 0.275000 0.150000
vt 0.025000 0.188479
vt 0.028230 0.150000
vt 0.100000 0.224669
vt 0.047394 0.225000
vt 0.100000 0.162131
vt 0.030391 0.225000
vt 0.095784 0.150000
vt 0.038222 0.225000
vt 0.025000 0.165187
vt 0.025000 0.210869
vt 0.100000 0.155121
vt 0.082582 0.225000
vt 0.025000 0.218231
vt 0.091345 0.150000
vt 0.179147 0.150000
vt 0.191803 0.225000
vt 0.150000 0.178791
vt 0.225000 0.194129
vt 0.223318 0.225000
vt 0.350000 0.166977
vt 0.340297 0.225000
vt 0.081384 0.224811
vt 0.100000 0.222317
vt 0.059490 0.225000
vt 0.096409 0.150000
vt 0.036565 0.225000
vt 0.025000 0.154993
vt 0.090719 0.150000
vt 0.043316 0.225000
vt 0.025000 0.176623
vt 0.025000 0.216810
vt 0.098766 0.225000
vt 0.033334 0.225000
vt 0.076665 0.150000
vt 0.100000 0.224612
vt 0.174449 0.150000
vt 0.196086 0.225000
vt 0.150000 0.183067
vt 0.150000 0.152193
vt 0.223289 0.191599
vt 0.400000 0.150000
vt 0.466690 0.153298
vt 0.475000 0.225000
vt 0.065457 0.225000
vt 0.025000 0.222304
vt 0.042447 0.224666
vt 0.048237 0.150000
vt 0.091777 0.225000
vt 0.025000 0.224675
vt 0.100000 0.216741
vt 0.026434 0.225000
vt 0.100000 0.166585
vt 0.025000 0.217439
vt 0.048012 0.150000
vt 0.100000 0.159781
vt 0.025186 0.222966
vt 0.198200 0.150000
vt 0.172131 0.225000
vt 0.150000 0.189627
vt 0.178752 0.225000
vt 0.150000 0.220582
vt 0.337137 0.225000
vt 0.275000 0.222095
vt 0.026132 0.151839
vt 0.025000 0.152641
vt 0.065675 0.150000
vt 0.033235 0.150000
vt 0.100000 0.218065
vt 0.025000 0.155247
vt 0.100000 0.210743
vt 0.042720 0.225000
vt 0.100000 0.159228
vt 0.025000 0.224754
vt 0.029206 0.150000
vt 0.093561 0.150671
vt 0.046681 0.225000
vt 0.225000 0.174593
vt 0.150000 0.195954
vt 0.192072 0.150000
vt 0.225000 0.180963
vt 0.150000 0.225000
vt 0.223423 0.150000
vt 0.343422 0.150000
vt 0.350000 0.209829
vt 0.275000 0.225000
vt 0.058612 0.150000
vt 0.100000 0.152464
vt 0.025000 0.150798
vt 0.074640 0.150000
vt 0.076426 0.225000
vt 0.033609 0.150000
vt 0.100000 0.150546
vt 0.025000 0.157946
vt 0.099474 0.150000
vt 0.043417 0.150000
vt 0.090618 0.225000
vt 0.025000 0.198173
vt 0.036627 0.150000
vt 0.096356 0.225000
vt 0.025000 0.219835
vt 0.175057 0.225000
vt 0.204781 0.150000
vt 0.225000 0.187383
vt 0.197558 0.150000
vt 0.225000 0.156476
vt 0.290982 0.150000
vt 0.350000 0.157952
vt 0.052538 0.150000
vt 0.100000 0.151179
vt 0.028845 0.225000
vt 0.025000 0.188560
vt 0.086954 0.225000
vt 0.025000 0.155026
vt 0.100000 0.221219
vt 0.025000 0.162784
vt 0.085919 0.150000
vt 0.039518 0.150000
vt 0.094494 0.225000
vt 0.025000 0.206661
vt 0.032097 0.150000
vt 0.100000 0.217176
vt 0.150000 0.198861
vt 0.225000 0.184800
vt 0.184623 0.225000
vt 0.152914 0.225000
vt 0.193334 0.150000
vt 0.225000 0.153522
vt 0.275903 0.158471
vt 0.100000 0.200209
vt 0.091825 0.225000
vt 0.033789 0.225000
vt 0.025000 0.201182
vt 0.025000 0.189348
vt 0.100000 0.172812
vt 0.091033 0.225000
vt 0.025000 0.206304
vt 0.099460 0.159529
vt 0.100000 0.173115
vt 0.025000 0.210200
vt 0.064994 0.150000
vt 0.099175 0.219259
vt 0.025000 0.170995
vt 0.225000 0.186251
vt 0.150000 0.180937
vt 0.180857 0.150000
vt 0.225000 0.216912
vt 0.150990 0.184777
vt 0.404781 0.219970
vt 0.100000 0.204420
vt 0.088721 0.225000
vt 0.089202 0.150000
vt 0.100000 0.171130
vt 0.025000 0.199487
vt 0.100000 0.161003
vt 0.098200 0.225000
vt 0.025942 0.225000
vt 0.091028 0.150000
vt 0.100000 0.217580
vt 0.091634 0.225000
vt 0.025348 0.150000
vt 0.100000 0.155375
vt 0.100000 0.213003
vt 0.025000 0.176366
vt 0.097669 0.150000
vt 0.225000 0.190447
vt 0.150000 0.175837
vt 0.184871 0.150000
vt 0.225000 0.221813
vt 0.150000 0.181831
vt 0.153245 0.150000
vt 0.276606 0.217097
vt 0.025000 0.174658
vt 0.033256 0.150000
vt 0.092035 0.150000
vt 0.100000 0.175145
vt 0.100000 0.194269
vt 0.025000 0.192153
vt 0.041946 0.150000
vt 0.025000 0.171316
vt 0.100000 0.195235
vt 0.074322 0.225000
vt 0.100000 0.209865
vt 0.025000 0.174189
vt 0.097915 0.150000
vt 0.100000 0.199032
vt 0.025000 0.188362
vt 0.088748 0.150000
vt 0.201415 0.225000
vt 0.182700 0.150000
vt 0.225000 0.188227
vt 0.225000 0.219805
vt 0.150000 0.183038
vt 0.151354 0.150000
vt 0.350000 0.224122
vt 0.284826 0.225000
vt 0.025000 0.174100
vt 0.033606 0.150000
vt 0.090333 0.150000
vt 0.100000 0.172558
vt 0.100000 0.182910
vt 0.025000 0.205383
vt 0.031828 0.150000
vt 0.100000 0.162448
vt 0.028031 0.221847
vt 0.025000 0.218573
vt 0.098778 0.150000
vt 0.035697 0.225000
vt 0.074749 0.150000
vt 0.100000 0.223361
vt 0.150000 0.186500
vt 0.225000 0.196796
vt 0.192040 0.225000
vt 0.150000 0.155490
vt 0.225000 0.191784
vt 0.223905 0.225000
vt 0.348134 0.157686
vt 0.025000 0.168259
vt 0.038653 0.150000
vt 0.100000 0.216586
vt 0.075597 0.225000
vt 0.100000 0.172702
vt 0.025000 0.217271
vt 0.025128 0.150000
vt 0.097056 0.150000
vt 0.036016 0.225000
vt 0.025000 0.163782
vt 0.044354 0.225000
vt 0.071678 0.150000
vt 0.100000 0.220691
vt 0.051751 0.225000
vt 0.060965 0.150000
vt 0.100000 0.213152
vt 0.176184 0.150000
vt 0.190162 0.225000
vt 0.150000 0.184586
vt 0.150000 0.153152
vt 0.225000 0.193191
vt 0.221719 0.225000
vt 0.472267 0.156943
vt 0.050996 0.225000
vt 0.025000 0.217516
vt 0.100000 0.217273
vt 0.074441 0.225000
vt 0.069334 0.150000
vt 0.067078 0.225000
vt 0.025000 0.207985
vt 0.063567 0.150000
vt 0.070192 0.225000
vt 0.025000 0.214000
vt 0.054236 0.225000
vt 0.061993 0.150000
vt 0.100000 0.214419
vt 0.057682 0.225000
vt 0.055873 0.150000
vt 0.100000 0.208203
vt 0.171972 0.150000
vt 0.193627 0.225000
vt 0.150000 0.188186
vt 0.150000 0.156657
vt 0.225000 0.191083
vt 0.224887 0.225000
vt 0.400000 0.154940
vt 0.462329 0.150000
vt 0.049357 0.225000
vt 0.025000 0.216557
vt 0.025000 0.156024
vt 0.053993 0.150000
vt 0.064248 0.150000
vt 0.073001 0.225000
vt 0.025000 0.212959
vt 0.053706 0.150000
vt 0.080256 0.225000
vt 0.025000 0.220473
vt 0.098490 0.153596
vt 0.035837 0.225000
vt 0.084053 0.150000
vt 0.054759 0.225000
vt 0.025000 0.154564
vt 0.192394 0.150000
vt 0.173470 0.225000
vt 0.150000 0.188129
vt 0.223734 0.150000
vt 0.180676 0.225000
vt 0.150000 0.219705
vt 0.339955 0.225000
vt 0.275000 0.223823
vt 0.067622 0.150000
vt 0.100000 0.154716
vt 0.025000 0.158574
vt 0.049150 0.150000
vt 0.050655 0.150000
vt 0.088832 0.225000
vt 0.025000 0.223113
vt 0.027040 0.150000
vt 0.100000 0.218806
vt 0.077269 0.150000
vt 0.056632 0.225000
vt 0.025000 0.156268
vt 0.071105 0.150000
vt 0.065876 0.225000
vt 0.025000 0.163547
vt 0.190140 0.150000
vt 0.176211 0.225000
vt 0.150000 0.190436
vt 0.225000 0.181843
vt 0.150000 0.221793
vt 0.221775 0.150000
vt 0.473497 0.217013
vt 0.400000 0.225000
vt 0.075266 0.150000
vt 0.100000 0.158210
vt 0.025000 0.156738
vt 0.052440 0.150000
vt 0.056640 0.225000
vt 0.056787 0.150000
vt 0.100000 0.165997
vt 0.063697 0.225000
vt 0.052499 0.150000
vt 0.100000 0.159353
vt 0.072004 0.225000
vt 0.044583 0.150000
vt 0.100000 0.197076
vt 0.066801 0.150000
vt 0.069571 0.225000
vt 0.025000 0.167267
vt 0.225000 0.180813
vt 0.150000 0.186354
vt 0.194050 0.150000
vt 0.224098 0.184705
vt 0.150000 0.217032
vt 0.345362 0.219828
vt 0.074567 0.150000
vt 0.100000 0.157799
vt 0.036351 0.225000
vt 0.025000 0.204500
vt 0.064038 0.225000
vt 0.048172 0.150000
vt 0.100000 0.159218
vt 0.077247 0.225000
vt 0.038669 0.150000
vt 0.100000 0.151364
vt 0.034056 0.150000
vt 0.098977 0.225000
vt 0.025000 0.217305
vt 0.025000 0.160867
vt 0.100000 0.199604
vt 0.026728 0.225000
vt 0.183805 0.225000
vt 0.200072 0.150000
vt 0.225000 0.185629
vt 0.150000 0.192639
vt 0.225000 0.154068
vt 0.152386 0.225000
vt 0.281935 0.152741
vt 0.100000 0.201047
vt 0.091299 0.225000
vt 0.033135 0.225000
vt 0.025000 0.200142
vt 0.081492 0.225000
vt 0.027844 0.152106
vt 0.082378 0.150000
vt 0.050995 0.225000
vt 0.025000 0.194342
vt 0.025195 0.160316
vt 0.100000 0.205534
vt 0.025000 0.173234
vt 0.100000 0.188985
vt 0.034261 0.225000
vt 0.187388 0.225000
vt 0.199318 0.150000
vt 0.225000 0.187323
vt 0.150000 0.193379
vt 0.225000 0.155290
vt 0.155468 0.225000
vt 0.278415 0.153760
vt 0.100000 0.207930
vt 0.086590 0.225000
vt 0.038496 0.225000
vt 0.025000 0.208005
vt 0.025000 0.176225
vt 0.100000 0.188619
vt 0.079367 0.225000
vt 0.081885 0.150000
vt 0.050837 0.225000
vt 0.025000 0.197419
vt 0.100000 0.182780
vt 0.025000 0.200174
vt 0.080462 0.150000
vt 0.025000 0.189524
vt 0.100000 0.175459
vt 0.046548 0.225000
vt 0.184581 0.225000
vt 0.202998 0.150000
vt 0.225000 0.190210
vt 0.150000 0.191191
vt 0.225000 0.158806
vt 0.152265 0.225000
vt 0.281562 0.150329
vt 0.100000 0.208889
vt 0.085414 0.225000
vt 0.042076 0.225000
vt 0.025000 0.210582
vt 0.025000 0.182718
vt 0.100000 0.180952
vt 0.086146 0.225000
vt 0.025000 0.198651
vt 0.100000 0.167571
vt 0.097215 0.225000
vt 0.100000 0.162433
vt 0.025000 0.219839
vt 0.046849 0.150000
vt 0.100000 0.199677
vt 0.025000 0.187515
vt 0.090228 0.150000
vt 0.225000 0.185107
vt 0.150000 0.178967
vt 0.184881 0.150000
vt 0.195062 0.225000
vt 0.152586 0.150000
vt 0.225000 0.216578
vt 0.406106 0.224132
vt 0.025000 0.164696
vt 0.041624 0.150000
vt 0.085602 0.150000
vt 0.100000 0.166257
vt 0.025000 0.187557
vt 0.100000 0.175238
vt 0.090285 0.225000
vt 0.025000 0.156481
vt 0.100000 0.211201
vt 0.050410 0.225000
vt 0.100000 0.206333
vt 0.025000 0.177408
vt 0.096703 0.150000
vt 0.100000 0.193592
vt 0.025000 0.192669
vt 0.085785 0.150000
vt 0.199209 0.225000
vt 0.187471 0.150000
vt 0.225000 0.187760
vt 0.225000 0.219830
vt 0.150000 0.181547
vt 0.155589 0.150000
vt 0.278556 0.221380
vt 0.025000 0.167069
vt 0.038411 0.150000
vt 0.086505 0.150000
vt 0.100000 0.166997
vt 0.100000 0.198788
vt 0.025000 0.186366
vt 0.045649 0.150000
vt 0.025000 0.177061
vt 0.100000 0.189908
vt 0.082683 0.225000
vt 0.049624 0.150000
vt 0.083056 0.225000
vt 0.025000 0.179248
vt 0.100000 0.185492
vt 0.025000 0.199528
vt 0.078468 0.150000
vt 0.201113 0.225000
vt 0.186019 0.150000
vt 0.225000 0.186290
vt 0.193988 0.225000
vt 0.154312 0.150000
vt 0.225000 0.218520
vt 0.350000 0.222100
vt 0.284116 0.225000
vt 0.025000 0.166059
vt 0.039655 0.150000
vt 0.082760 0.150000
vt 0.100000 0.164320
vt 0.100000 0.192152
vt 0.025000 0.194202
vt 0.038734 0.150000
vt 0.100000 0.175982
vt 0.025000 0.207809
vt 0.027610 0.150000
vt 0.039129 0.150000
vt 0.093201 0.225000
vt 0.025000 0.198774
vt 0.052865 0.225000
vt 0.060332 0.150000
vt 0.100000 0.213464
vt 0.150000 0.190374
vt 0.225000 0.195402
vt 0.190574 0.225000
vt 0.179637 0.150000
vt 0.222898 0.225000
vt 0.150000 0.159006
vt 0.343200 0.150040
vt 0.048276 0.225000
vt 0.025000 0.216750
vt 0.100000 0.211015
vt 0.083413 0.225000
vt 0.100000 0.187564
vt 0.025000 0.199620
vt 0.034811 0.150000
vt 0.031699 0.225000
vt 0.085974 0.150000
vt 0.100000 0.199028
vt 0.060995 0.225000
vt 0.055843 0.150000
vt 0.100000 0.211037
vt 0.063921 0.225000
vt 0.050969 0.150000
vt 0.100000 0.204064
vt 0.150000 0.187275
vt 0.225000 0.199466
vt 0.187565 0.225000
vt 0.150000 0.155223
vt 0.225000 0.193421
vt 0.219465 0.225000
vt 0.346524 0.153700
vt 0.042600 0.225000
vt 0.025000 0.212182
vt 0.100000 0.212183
vt 0.082399 0.225000
vt 0.079066 0.150000
vt 0.055133 0.225000
vt 0.025000 0.197428
vt 0.042515 0.225000
vt 0.074784 0.150000
vt 0.100000 0.178423
vt 0.025000 0.191056
vt 0.100000 0.175952
vt 0.043396 0.225000
vt 0.069869 0.225000
vt 0.045933 0.150000
vt 0.100000 0.197426
vt 0.173991 0.150000
vt 0.188902 0.225000
vt 0.150000 0.188629
vt 0.181061 0.150000
vt 0.220609 0.225000
vt 0.150000 0.156397
vt 0.275000 0.152646
vt 0.341077 0.150000
vt 0.041566 0.225000
vt 0.025000 0.210990
vt 0.100000 0.216576
vt 0.077010 0.225000
vt 0.074230 0.150000
vt 0.060845 0.225000
vt 0.025000 0.203827
vt 0.069472 0.150000
vt 0.063679 0.225000
vt 0.025000 0.210774
vt 0.025000 0.212567
vt 0.100000 0.155159
vt 0.078154 0.225000
vt 0.072449 0.150000
vt 0.064402 0.225000
vt 0.025000 0.161311
vt 0.188725 0.150000
vt 0.174224 0.225000
vt 0.150000 0.186553
vt 0.225000 0.182194
vt 0.150000 0.218789
vt 0.220434 0.150000
vt 0.341524 0.225000
vt 0.275000 0.222935
vt 0.077454 0.150000
vt 0.100000 0.158703
vt 0.025000 0.164042
vt 0.041540 0.150000
vt 0.063758 0.150000
vt 0.073210 0.225000
vt 0.025000 0.214224
vt 0.100000 0.218778
vt 0.025000 0.163532
vt 0.075263 0.150000
vt 0.063159 0.150000
vt 0.069974 0.225000
vt 0.025000 0.164650
vt 0.060472 0.150000
vt 0.074544 0.225000
vt 0.025000 0.171552
vt 0.225000 0.175549
vt 0.150000 0.187714
vt 0.187576 0.150000
vt 0.219481 0.150000
vt 0.181763 0.225000
vt 0.150000 0.219761
vt 0.346542 0.221283
vt 0.082436 0.150000
vt 0.100000 0.162856
vt 0.025000 0.162777
vt 0.042638 0.150000
vt 0.045979 0.225000
vt 0.069814 0.150000
vt 0.100000 0.177507
vt 0.100000 0.198752
vt 0.025000 0.184251
vt 0.043103 0.150000
vt 0.074944 0.225000
vt 0.042360 0.150000
vt 0.100000 0.196356
vt 0.055080 0.150000
vt 0.079111 0.225000
vt 0.025000 0.177638
vt 0.225000 0.179904
vt 0.150000 0.184392
vt 0.190793 0.150000
vt 0.225000 0.184110
vt 0.150000 0.215710
vt 0.223129 0.150000
vt 0.342860 0.225000
vt 0.275000 0.224623
vt 0.083380 0.150000
vt 0.100000 0.163944
vt 0.046146 0.225000
vt 0.025000 0.212658
vt 0.051246 0.225000
vt 0.063594 0.150000
vt 0.100000 0.170609
vt 0.100000 0.167224
vt 0.026070 0.216870
vt 0.086432 0.225000
vt 0.031257 0.150000
vt 0.100000 0.174829
vt 0.025000 0.175472
vt 0.100000 0.187358
vt 0.034873 0.225000
vt 0.150000 0.197250
vt 0.225000 0.188965
vt 0.185772 0.225000
vt 0.150000 0.192474
vt 0.225000 0.156745
vt 0.154066 0.225000
vt 0.284704 0.150000
vt 0.350000 0.153683
vt 0.080538 0.150000
vt 0.100000 0.161009
vt 0.039868 0.225000
vt 0.025000 0.209102
vt 0.059572 0.225000
vt 0.053762 0.150000
vt 0.100000 0.162188
vt 0.093855 0.150000
vt 0.038452 0.225000
vt 0.025000 0.174532
vt 0.098757 0.217362
vt 0.025000 0.166748
vt 0.025000 0.180352
vt 0.100000 0.183226
vt 0.038387 0.225000
vt 0.150000 0.197118
vt 0.225000 0.191436
vt 0.189384 0.225000
vt 0.156907 0.225000
vt 0.193558 0.150000
vt 0.225000 0.159283
vt 0.402095 0.150000
vt 0.475000 0.152151
vt 0.100000 0.212569
vt 0.080128 0.225000
vt 0.046607 0.225000
vt 0.025000 0.213337
vt 0.025000 0.172879
vt 0.100000 0.193023
vt 0.075203 0.225000
vt 0.025000 0.180994
vt 0.100000 0.186246
vt 0.086163 0.225000
vt 0.100000 0.172173
vt 0.025000 0.209847
vt 0.068113 0.150000
vt 0.025000 0.199776
vt 0.100000 0.167221
vt 0.058419 0.225000
vt 0.150000 0.188323
vt 0.225000 0.197701
vt 0.183468 0.225000
vt 0.150530 0.225000
vt 0.197637 0.150000
vt 0.225000 0.167446
vt 0.287306 0.150000
vt 0.350000 0.164719
vt 0.100000 0.214393
vt 0.075563 0.225000
vt 0.074839 0.150000
vt 0.100000 0.160370
vt 0.025000 0.176160
vt 0.100000 0.189105
vt 0.079311 0.225000
vt 0.049120 0.150000
vt 0.084568 0.225000
vt 0.025000 0.222972
vt 0.089778 0.150005
vt 0.044142 0.225000
vt 0.100000 0.186027
vt 0.025000 0.198729
vt 0.079440 0.150000
vt 0.200710 0.225000
vt 0.188878 0.150000
vt 0.225000 0.183048
vt 0.193932 0.225000
vt 0.156321 0.150000
vt 0.225000 0.215086
vt 0.350000 0.221938
vt 0.277945 0.225000
vt 0.025000 0.161376
vt 0.047320 0.150000
vt 0.079931 0.150000
vt 0.100000 0.162338
vt 0.100000 0.208542
vt 0.025000 0.174315
vt 0.059766 0.150000
vt 0.025000 0.163031
vt 0.100000 0.205048
vt 0.064515 0.225000
vt 0.055725 0.150000
vt 0.076677 0.225000
vt 0.025000 0.171060
vt 0.100000 0.182602
vt 0.025000 0.201598
vt 0.075897 0.150000
vt 0.196928 0.225000
vt 0.191571 0.150000
vt 0.225000 0.185749
vt 0.225000 0.218359
vt 0.150000 0.181272
vt 0.159568 0.150000
vt 0.275000 0.224551
vt 0.275449 0.150000
vt 0.025000 0.162507
vt 0.044712 0.150000
vt 0.079251 0.150000
vt 0.100000 0.162030
vt 0.100000 0.203010
vt 0.025000 0.180917
vt 0.051009 0.150000
vt 0.100000 0.195741
vt 0.025000 0.186936
vt 0.040288 0.150000
vt 0.042024 0.150000
vt 0.089766 0.225000
vt 0.025000 0.190918
vt 0.100000 0.176613
vt 0.025000 0.206616
vt 0.068544 0.150000
vt 0.198033 0.225000
vt 0.190784 0.150000
vt 0.225000 0.184971
vt 0.225000 0.217595
vt 0.150000 0.181761
vt 0.158760 0.150000
vt 0.350000 0.220485
vt 0.279262 0.225000
vt 0.025000 0.161442
vt 0.047154 0.150000
vt 0.100000 0.208169
vt 0.085924 0.225000
vt 0.100000 0.199563
vt 0.025000 0.185032
vt 0.046546 0.150000
vt 0.025000 0.200195
vt 0.100000 0.166149
vt 0.097670 0.225000
vt 0.032137 0.150000
vt 0.099211 0.225000
vt 0.025000 0.218413
vt 0.062609 0.225000
vt 0.052414 0.150000
vt 0.100000 0.205741
vt 0.150000 0.193456
vt 0.225000 0.194283
vt 0.187579 0.225000
vt 0.180021 0.150000
vt 0.220315 0.225000
vt 0.150000 0.161793
vt 0.275000 0.155912
vt 0.344517 0.150000
vt 0.041412 0.225000
vt 0.025000 0.211387
vt 0.100000 0.204590
vt 0.087818 0.225000
vt 0.086235 0.150000
vt 0.046101 0.225000
vt 0.025000 0.185037
vt 0.028774 0.225000
vt 0.089738 0.150000
vt 0.100000 0.207681
vt 0.025000 0.173876
vt 0.100000 0.192813
vt 0.030968 0.225000
vt 0.071437 0.225000
vt 0.045018 0.150000
vt 0.100000 0.196123
vt 0.177184 0.150000
vt 0.184061 0.225000
vt 0.150000 0.189875
vt 0.182632 0.150000
vt 0.216235 0.225000
vt 0.150000 0.157399
vt 0.475000 0.150161
vt 0.474841 0.225000
vt 0.038042 0.225000
vt 0.025000 0.206352
vt 0.100000 0.206056
vt 0.087112 0.225000
vt 0.084366 0.150000
vt 0.048331 0.225000
vt 0.025000 0.188718
vt 0.084299 0.150000
vt 0.047746 0.225000
vt 0.025000 0.193979
vt 0.076753 0.225000
vt 0.041180 0.150000
vt 0.100000 0.194717
vt 0.076361 0.225000
vt 0.040893 0.150000
vt 0.100000 0.189200
vt 0.177792 0.150000
vt 0.183628 0.225000
vt 0.150000 0.189447
vt 0.183052 0.150000
vt 0.215577 0.225000
vt 0.150000 0.156776
vt 0.275000 0.152262
vt 0.347801 0.150000
vt 0.037194 0.225000
vt 0.025000 0.204618
vt 0.100000 0.211610
vt 0.083395 0.225000
vt 0.079794 0.150000
vt 0.053788 0.225000
vt 0.025000 0.196408
vt 0.055049 0.225000
vt 0.062236 0.150000
vt 0.100000 0.164616
vt 0.025000 0.211466
vt 0.100000 0.156900
vt 0.073686 0.225000
vt 0.078916 0.225000
vt 0.038752 0.150000
vt 0.100000 0.185008
vt 0.184137 0.150000
vt 0.177076 0.225000
vt 0.150000 0.185049
vt 0.225000 0.181707
vt 0.150000 0.217681
vt 0.216152 0.150000
vt 0.470985 0.225000
vt 0.400000 0.220760
vt 0.039178 0.225000
vt 0.025000 0.208333
vt 0.025000 0.170050
vt 0.037347 0.150000
vt 0.072340 0.150000
vt 0.062685 0.225000
vt 0.025000 0.206013
vt 0.100000 0.222560
vt 0.025000 0.158865
vt 0.087176 0.150000
vt 0.056009 0.225000
vt 0.060998 0.150000
vt 0.100000 0.214875
vt 0.055358 0.150000
vt 0.078479 0.225000
vt 0.025000 0.176668
vt 0.225000 0.175096
vt 0.150000 0.185548
vt 0.183633 0.150000
vt 0.215698 0.150000
vt 0.182975 0.225000
vt 0.150000 0.218111
vt 0.349516 0.150000
vt 0.350000 0.224516
vt 0.086629 0.150000
vt 0.100000 0.168036
vt 0.025000 0.169432
vt 0.037643 0.150000
vt 0.040191 0.225000
vt 0.077198 0.150000
vt 0.100000 0.187123
vt 0.100000 0.203870
vt 0.025000 0.178428
vt 0.048580 0.150000
vt 0.049204 0.150000
vt 0.082906 0.225000
vt 0.025000 0.178923
vt 0.049255 0.150000
vt 0.083592 0.225000
vt 0.025000 0.184856
vt 0.186897 0.150000
vt 0.173202 0.225000
vt 0.150000 0.182252
vt 0.225000 0.183998
vt 0.150000 0.214098
vt 0.219557 0.150000
vt 0.470715 0.225000
vt 0.400000 0.220459
vt 0.087841 0.150000
vt 0.100000 0.170459
vt 0.025000 0.164479
vt 0.040706 0.150000
vt 0.044297 0.225000
vt 0.072296 0.150000
vt 0.100000 0.179989
vt 0.100000 0.185241
vt 0.025000 0.197928
vt 0.032720 0.150000
vt 0.088289 0.225000
vt 0.030159 0.150000
vt 0.100000 0.171543
vt 0.046223 0.150000
vt 0.086132 0.225000
vt 0.025000 0.189751
vt 0.190065 0.225000
vt 0.199044 0.150000
vt 0.225000 0.190749
vt 0.150000 0.192724
vt 0.225000 0.158210
vt 0.157944 0.225000
vt 0.406321 0.150000
vt 0.475000 0.156899
vt 0.086581 0.150000
vt 0.100000 0.167951
vt 0.048390 0.225000
vt 0.025000 0.214027
vt 0.050673 0.225000
vt 0.064686 0.150000
vt 0.100000 0.171264
vt 0.100000 0.153103
vt 0.029727 0.225000
vt 0.099747 0.215465
vt 0.025000 0.168486
vt 0.025000 0.189397
vt 0.100000 0.175916
vt 0.045976 0.225000
vt 0.150000 0.200316
vt 0.225000 0.189158
vt 0.191665 0.225000
vt 0.150000 0.193805
vt 0.225000 0.156521
vt 0.159698 0.225000
vt 0.275262 0.225000
vt 0.275000 0.150265
vt 0.100000 0.213188
vt 0.078748 0.225000
vt 0.044791 0.225000
vt 0.025000 0.212531
vt 0.025000 0.167660
vt 0.100000 0.199252
vt 0.067334 0.225000
vt 0.091071 0.150000
vt 0.040658 0.225000
vt 0.025000 0.181230
vt 0.025000 0.186925
vt 0.100000 0.180345
vt 0.039368 0.225000
vt 0.025000 0.193407
vt 0.100000 0.172556
vt 0.050230 0.225000
vt 0.150000 0.201365
vt 0.225000 0.190931
vt 0.194414 0.225000
vt 0.162181 0.225000
vt 0.191285 0.150000
vt 0.225000 0.157898
vt 0.279140 0.225000
vt 0.350000 0.150411
vt 0.100000 0.215626
vt 0.070096 0.225000
vt 0.054559 0.225000
vt 0.025000 0.215538
vt 0.025000 0.165574
vt 0.100000 0.201965
vt 0.062927 0.225000
vt 0.025000 0.170039
vt 0.100000 0.197964
vt 0.074921 0.225000
vt 0.025000 0.197193
vt 0.100000 0.170773
vt 0.049165 0.225000
vt 0.025000 0.201388
vt 0.100000 0.166054
vt 0.061172 0.225000
vt 0.189934 0.225000
vt 0.202868 0.150000
vt 0.225000 0.195435
vt 0.150000 0.190405
vt 0.225000 0.163519
vt 0.156725 0.225000
vt 0.279206 0.150000
vt 0.350000 0.158971
vt 0.100000 0.215776
vt 0.069481 0.225000
vt 0.063501 0.225000
vt 0.025000 0.217347
vt 0.025000 0.168838
vt 0.100000 0.198052
vt 0.068648 0.225000
vt 0.073406 0.150000
vt 0.058935 0.225000
vt 0.025000 0.207141
vt 0.100000 0.164663
vt 0.025000 0.216716
vt 0.054480 0.150000
vt 0.025000 0.207375
vt 0.100000 0.161061
vt 0.071730 0.225000
vt 0.225000 0.177893
vt 0.150000 0.182946
vt 0.188327 0.150000
vt 0.196068 0.225000
vt 0.154902 0.150000
vt 0.225000 0.209231
vt 0.350000 0.212445
vt 0.282301 0.225000
vt 0.100000 0.218480
vt 0.053060 0.225000
vt 0.067895 0.150000
vt 0.100000 0.158858
vt 0.100000 0.215617
vt 0.025000 0.165615
vt 0.075982 0.150000
vt 0.025000 0.153537
vt 0.100000 0.215333
vt 0.041160 0.225000
vt 0.066166 0.150000
vt 0.066535 0.225000
vt 0.025000 0.162079
vt 0.100000 0.177518
vt 0.025000 0.205687
vt 0.069409 0.150000
vt 0.198220 0.225000
vt 0.193017 0.150000
vt 0.225000 0.182688
vt 0.225000 0.215443
vt 0.150000 0.181990
vt 0.160417 0.150000
vt 0.350000 0.222257
vt 0.276810 0.150000
vt 0.025000 0.159070
vt 0.056167 0.150000
vt 0.070798 0.150000
vt 0.100000 0.159554
vt 0.100000 0.210593
vt 0.025000 0.171636
vt 0.064354 0.150000
vt 0.100000 0.206626
vt 0.025000 0.175283
vt 0.052274 0.150000
vt 0.100000 0.179516
vt 0.025000 0.202604
vt 0.077755 0.150000
vt 0.100000 0.174791
vt 0.025000 0.207961
vt 0.065606 0.150000
vt 0.193724 0.225000
vt 0.196000 0.150000
vt 0.225000 0.185612
vt 0.189923 0.225000
vt 0.164253 0.150000
vt 0.225000 0.218889
vt 0.275000 0.224053
vt 0.280504 0.150000
vt 0.025000 0.159403
vt 0.054789 0.150000
vt 0.064623 0.150000
vt 0.100000 0.158193
vt 0.100000 0.206616
vt 0.025000 0.176405
vt 0.057094 0.150000
vt 0.025000 0.182559
vt 0.100000 0.184788
vt 0.087240 0.225000
vt 0.100000 0.172254
vt 0.025000 0.209503
vt 0.068488 0.150000
vt 0.100000 0.168943
vt 0.025000 0.212840
vt 0.055843 0.150000
vt 0.165117 0.150000
vt 0.189718 0.225000
vt 0.150000 0.200357
vt 0.176777 0.150000
vt 0.223377 0.225000
vt 0.150000 0.170428
vt 0.275000 0.169758
vt 0.337185 0.150000
vt 0.025000 0.157827
vt 0.062443 0.150000
vt 0.100000 0.197315
vt 0.090033 0.225000
vt 0.100000 0.205446
vt 0.025000 0.177807
vt 0.055211 0.150000
vt 0.025000 0.201101
vt 0.100000 0.165273
vt 0.097872 0.225000
vt 0.025000 0.166879
vt 0.100000 0.199575
vt 0.027798 0.225000
vt 0.071648 0.225000
vt 0.045009 0.150000
vt 0.100000 0.195494
vt 0.150000 0.193505
vt 0.225000 0.197485
vt 0.183173 0.225000
vt 0.181599 0.150000
vt 0.216039 0.225000
vt 0.150000 0.161034
vt 0.275000 0.155020
vt 0.349530 0.150000
vt 0.036455 0.225000
vt 0.025000 0.201811
vt 0.100000 0.195144
vt 0.090613 0.225000
vt 0.089849 0.150000
vt 0.041534 0.225000
vt 0.025000 0.176014
vt 0.091759 0.150000
vt 0.039618 0.225000
vt 0.025000 0.179376
vt 0.078046 0.225000
vt 0.040210 0.150000
vt 0.100000 0.193033
vt 0.078801 0.225000
vt 0.039042 0.150000
vt 0.100000 0.184904
vt 0.180410 0.150000
vt 0.179575 0.225000
vt 0.150000 0.189944
vt 0.150000 0.156747
vt 0.225000 0.194856
vt 0.211507 0.225000
vt 0.350000 0.150809
vt 0.344636 0.225000
vt 0.034497 0.225000
vt 0.025000 0.195579
vt 0.100000 0.200530
vt 0.089015 0.225000
vt 0.086646 0.150000
vt 0.045374 0.225000
vt 0.025000 0.183466
vt 0.085839 0.150000
vt 0.045849 0.225000
vt 0.025000 0.191301
vt 0.084477 0.225000
vt 0.034100 0.150000
vt 0.100000 0.181379
vt 0.083038 0.225000
vt 0.035508 0.150000
vt 0.100000 0.176913
vt 0.181079 0.150000
vt 0.179131 0.225000
vt 0.150000 0.189515
vt 0.184956 0.150000
vt 0.210931 0.225000
vt 0.150000 0.156263
vt 0.275000 0.152358
vt 0.347805 0.225000
vt 0.034664 0.225000
vt 0.025000 0.196216
vt 0.025000 0.175847
vt 0.035523 0.150000
vt 0.081329 0.150000
vt 0.051749 0.225000
vt 0.025000 0.193377
vt 0.066579 0.225000
vt 0.050294 0.150000
vt 0.100000 0.156830
vt 0.025000 0.220478
vt 0.096927 0.150000
vt 0.084116 0.225000
vt 0.034608 0.150000
vt 0.100000 0.174611
vt 0.225000 0.171137
vt 0.150000 0.185726
vt 0.178882 0.150000
vt 0.210590 0.150000
vt 0.185180 0.225000
vt 0.150000 0.219018
vt 0.344690 0.150000
vt 0.350000 0.224244
vt 0.087487 0.150000
vt 0.100000 0.170683
vt 0.025000 0.180157
vt 0.034312 0.150000
vt 0.034673 0.225000
vt 0.084039 0.150000
vt 0.100000 0.200219
vt 0.100000 0.215543
vt 0.025000 0.165898
vt 0.067821 0.150000
vt 0.067699 0.225000
vt 0.050042 0.150000
vt 0.100000 0.205608
vt 0.047857 0.150000
vt 0.084575 0.225000
vt 0.025000 0.187357
vt 0.182004 0.150000
vt 0.176748 0.225000
vt 0.150000 0.182667
vt 0.214609 0.150000
vt 0.182539 0.225000
vt 0.150000 0.215418
vt 0.473230 0.150000
vt 0.400000 0.222218
vt 0.090406 0.150000
vt 0.100000 0.179048
vt 0.025000 0.175246
vt 0.035719 0.150000
vt 0.037938 0.225000
vt 0.080125 0.150000
vt 0.100000 0.192429
vt 0.038508 0.225000
vt 0.079838 0.150000
vt 0.100000 0.184825
vt 0.041115 0.150000
vt 0.090337 0.225000
vt 0.025000 0.192367
vt 0.042274 0.150000
vt 0.089231 0.225000
vt 0.025000 0.197443
vt 0.186725 0.150000
vt 0.169631 0.225000
vt 0.150000 0.177839
vt 0.225000 0.186122
vt 0.150000 0.209157
vt 0.220156 0.150000
vt 0.342601 0.225000
vt 0.275000 0.212328
vt 0.090558 0.150000
vt 0.100000 0.179637
vt 0.071695 0.225000
vt 0.025000 0.218452
vt 0.042306 0.225000
vt 0.074889 0.150000
vt 0.100000 0.183926
vt 0.100000 0.184675
vt 0.025000 0.198386
vt 0.032553 0.150000
vt 0.096999 0.225000
vt 0.025000 0.159297
vt 0.040712 0.150000
vt 0.090534 0.225000
vt 0.025000 0.200765
vt 0.196197 0.225000
vt 0.193426 0.150000
vt 0.225000 0.189198
vt 0.164513 0.225000
vt 0.189752 0.150000
vt 0.225000 0.155897
vt 0.404740 0.225000
vt 0.400000 0.150191
vt 0.100000 0.217702
vt 0.059163 0.225000
vt 0.056079 0.225000
vt 0.025000 0.215909
vt 0.025000 0.160398
vt 0.100000 0.208169
vt 0.051640 0.225000
vt 0.100000 0.150870
vt 0.030056 0.225000
vt 0.100000 0.195260
vt 0.025000 0.187645
vt 0.090613 0.150000
vt 0.025000 0.197791
vt 0.100000 0.169055
vt 0.056001 0.225000
vt 0.150000 0.201036
vt 0.225000 0.193972
vt 0.192234 0.225000
vt 0.158881 0.225000
vt 0.194886 0.150000
vt 0.225000 0.160964
vt 0.403633 0.150000
vt 0.475000 0.153443
vt 0.100000 0.217787
vt 0.050914 0.225000
vt 0.092553 0.225000
vt 0.025000 0.219405
vt 0.025000 0.163649
vt 0.100000 0.203932
vt 0.058775 0.225000
vt 0.079410 0.150000
vt 0.052925 0.225000
vt 0.025000 0.201994
vt 0.025000 0.207084
vt 0.100000 0.161021
vt 0.062781 0.225000
vt 0.025000 0.210636
vt 0.100000 0.158021
vt 0.079918 0.225000
vt 0.213714 0.225000
vt 0.186264 0.150000
vt 0.225000 0.174619
vt 0.153396 0.150000
vt 0.222694 0.213303
vt 0.350000 0.206552
vt 0.290032 0.225000
vt 0.100000 0.219176
vt 0.035785 0.225000
vt 0.038997 0.150000
vt 0.100000 0.156066
vt 0.098328 0.223215
vt 0.025000 0.156933
vt 0.044877 0.150000
vt 0.089046 0.225000
vt 0.025000 0.224915
vt 0.082578 0.150000
vt 0.051060 0.225000
vt 0.025000 0.152555
vt 0.100000 0.172167
vt 0.025000 0.210430
vt 0.060650 0.150000
vt 0.199999 0.225000
vt 0.194602 0.150000
vt 0.225000 0.183383
vt 0.225000 0.217031
vt 0.150000 0.179494
vt 0.161950 0.150000
vt 0.275000 0.223315
vt 0.276349 0.150000
vt 0.025000 0.156596
vt 0.079912 0.150000
vt 0.050794 0.150000
vt 0.100000 0.157199
vt 0.100000 0.214805
vt 0.025000 0.166954
vt 0.074115 0.150000
vt 0.100000 0.211391
vt 0.025000 0.170623
vt 0.058007 0.150000
vt 0.045074 0.150000
vt 0.086916 0.225000
vt 0.025000 0.183919
vt 0.100000 0.169580
vt 0.025000 0.212601
vt 0.056088 0.150000
vt 0.225000 0.187808
vt 0.150000 0.162813
vt 0.199337 0.150000
vt 0.188173 0.225000
vt 0.168770 0.150000
vt 0.225000 0.222301
vt 0.275000 0.216593
vt 0.284099 0.150000
vt 0.025000 0.157154
vt 0.074597 0.150000
vt 0.026390 0.150000
vt 0.100000 0.155229
vt 0.100000 0.211088
vt 0.025000 0.171383
vt 0.065679 0.150000
vt 0.025000 0.177975
vt 0.100000 0.189351
vt 0.084545 0.225000
vt 0.100000 0.167148
vt 0.025000 0.214713
vt 0.060727 0.150000
vt 0.100000 0.163569
vt 0.025000 0.217646
vt 0.043147 0.150000
vt 0.150000 0.197972
vt 0.225000 0.194456
vt 0.186569 0.225000
vt 0.150000 0.166436
vt 0.225000 0.189757
vt 0.220676 0.225000
vt 0.275000 0.162728
vt 0.338854 0.150000
vt 0.097214 0.225000
vt 0.025000 0.155003
vt 0.100000 0.175155
vt 0.092875 0.225000
vt 0.096419 0.150000
vt 0.034073 0.225000
vt 0.025000 0.155531
vt 0.025000 0.199791
vt 0.100000 0.166531
vt 0.097811 0.225000
vt 0.025000 0.182200
vt 0.100000 0.184812
vt 0.035206 0.225000
vt 0.078861 0.225000
vt 0.038707 0.150000
vt 0.100000 0.183897
vt 0.177710 0.150000
vt 0.178751 0.225000
vt 0.150000 0.190036
vt 0.150000 0.156040
vt 0.225000 0.196815
vt 0.210793 0.225000
vt 0.350000 0.154633
vt 0.345437 0.225000
vt 0.032884 0.225000
vt 0.025000 0.181096
vt 0.100000 0.182612
vt 0.091892 0.225000
vt 0.092876 0.150000
vt 0.038294 0.225000
vt 0.025000 0.167461
vt 0.093149 0.150000
vt 0.038555 0.225000
vt 0.025000 0.177740
vt 0.087217 0.225000
vt 0.031114 0.150000
vt 0.100000 0.175775
vt 0.087252 0.225000
vt 0.031666 0.150000
vt 0.100000 0.166066
vt 0.150000 0.186103
vt 0.225000 0.213980
vt 0.174435 0.225000
vt 0.188187 0.150000
vt 0.204225 0.225000
vt 0.150000 0.151426
vt 0.350000 0.158623
vt 0.340627 0.225000
vt 0.032116 0.225000
vt 0.025000 0.175075
vt 0.025000 0.191662
vt 0.033220 0.150000
vt 0.086384 0.150000
vt 0.046030 0.225000
vt 0.025000 0.183708
vt 0.060588 0.225000
vt 0.056388 0.150000
vt 0.100000 0.159689
vt 0.025000 0.218085
vt 0.100000 0.150502
vt 0.093365 0.225000
vt 0.090919 0.225000
vt 0.028588 0.150000
vt 0.100000 0.155555
vt 0.175646 0.150000
vt 0.182816 0.225000
vt 0.150000 0.187823
vt 0.225000 0.175905
vt 0.150000 0.222318
vt 0.206204 0.150000
vt 0.340886 0.150000
vt 0.350000 0.216582
vt 0.089503 0.150000
vt 0.100000 0.180566
vt 0.025000 0.200522
vt 0.032049 0.150000
vt 0.029232 0.225000
vt 0.090152 0.150000
vt 0.100000 0.217065
vt 0.026233 0.225000
vt 0.092321 0.150000
vt 0.100000 0.215355
vt 0.069441 0.225000
vt 0.048108 0.150000
vt 0.100000 0.204845
vt 0.042757 0.150000
vt 0.089130 0.225000
vt 0.025000 0.197457
vt 0.180494 0.150000
vt 0.174842 0.225000
vt 0.150000 0.183289
vt 0.225000 0.179574
vt 0.150000 0.216914
vt 0.213179 0.150000
vt 0.348851 0.150000
vt 0.350000 0.223505
vt 0.092504 0.150000
vt 0.100000 0.196769
vt 0.025000 0.188894
vt 0.033681 0.150000
vt 0.033177 0.225000
vt 0.085451 0.150000
vt 0.100000 0.204477
vt 0.100000 0.203367
vt 0.025000 0.179016
vt 0.046786 0.150000
vt 0.036168 0.150000
vt 0.095431 0.225000
vt 0.025000 0.203695
vt 0.036679 0.150000
vt 0.094231 0.225000
vt 0.025000 0.211784
vt 0.188258 0.150000
vt 0.162072 0.225000
vt 0.150000 0.175159
vt 0.225000 0.187105
vt 0.150000 0.205820
vt 0.222569 0.150000
vt 0.335799 0.225000
vt 0.275000 0.207837
vt 0.092658 0.150000
vt 0.100000 0.198006
vt 0.091485 0.225000
vt 0.025000 0.219333
vt 0.040276 0.225000
vt 0.076992 0.150000
vt 0.100000 0.187969
vt 0.100000 0.186112
vt 0.025000 0.197064
vt 0.032635 0.150000
vt 0.100000 0.202098
vt 0.025000 0.181299
vt 0.094991 0.150000
vt 0.034134 0.150000
vt 0.096368 0.225000
vt 0.025000 0.219279
vt 0.150000 0.211499
vt 0.225000 0.187611
vt 0.198872 0.225000
vt 0.150000 0.198754
vt 0.225000 0.153184
vt 0.168049 0.225000
vt 0.283621 0.225000
vt 0.275000 0.158028
vt 0.100000 0.219347
vt 0.033307 0.225000
vt 0.074025 0.225000
vt 0.025000 0.217780
vt 0.025000 0.158129
vt 0.100000 0.210508
vt 0.045387 0.225000
vt 0.025000 0.161142
vt 0.100000 0.206957
vt 0.062459 0.225000
vt 0.100000 0.183866
vt 0.025000 0.198730
vt 0.083006 0.150000
vt 0.025000 0.203988
vt 0.100000 0.163601
vt 0.066323 0.225000
vt 0.275000 0.190034
vt 0.350000 0.215600
vt 0.300502 0.225000
vt 0.309335 0.150000
vt 0.332336 0.225000
vt 0.275000 0.154567
vt 0.405468 0.225000
vt 0.400000 0.158617
vt 0.061757 0.150000
vt 0.100000 0.220837
vt 0.025000 0.221115
vt 0.059455 0.150000
vt 0.025000 0.156393
vt 0.100000 0.211561
vt 0.038815 0.225000
vt 0.091652 0.150000
vt 0.041063 0.225000
vt 0.025000 0.182083
vt 0.025000 0.207854
vt 0.100000 0.159399
vt 0.065601 0.225000
vt 0.025000 0.212307
vt 0.100000 0.155757
vt 0.088087 0.225000
vt 0.275000 0.169916
vt 0.278926 0.209893
vt 0.350000 0.212755
vt 0.287128 0.225000
vt 0.475000 0.185796
vt 0.407279 0.225000
vt 0.064344 0.150000
vt 0.100000 0.221027
vt 0.100000 0.153269
vt 0.073820 0.225000
vt 0.025000 0.158638
vt 0.100000 0.208930
vt 0.045041 0.225000
vt 0.056877 0.150000
vt 0.076879 0.225000
vt 0.025000 0.220037
vt 0.025000 0.216811
vt 0.100000 0.150703
vt 0.090726 0.225000
vt 0.028141 0.223406
vt 0.081224 0.150000
vt 0.296910 0.150000
vt 0.308894 0.225000
vt 0.275000 0.188008
vt 0.350000 0.172530
vt 0.275000 0.223980
vt 0.326598 0.150000
vt 0.400000 0.219756
vt 0.401337 0.150000
vt 0.050146 0.225000
vt 0.025000 0.153190
vt 0.100000 0.154496
vt 0.057164 0.225000
vt 0.100000 0.220572
vt 0.025000 0.161135
vt 0.092285 0.150000
vt 0.100000 0.217102
vt 0.025000 0.165599
vt 0.068953 0.150000
vt 0.046225 0.150000
vt 0.086640 0.225000
vt 0.025000 0.183060
vt 0.100000 0.164584
vt 0.025000 0.217630
vt 0.041613 0.150000
vt 0.350000 0.196363
vt 0.280291 0.165264
vt 0.320268 0.150000
vt 0.292821 0.225000
vt 0.275000 0.189721
vt 0.400000 0.206984
vt 0.419764 0.150000
vt 0.066167 0.225000
vt 0.025000 0.154376
vt 0.094444 0.225000
vt 0.025000 0.167210
vt 0.100000 0.216195
vt 0.025000 0.166266
vt 0.079525 0.150000
vt 0.025000 0.177935
vt 0.100000 0.188764
vt 0.084741 0.225000
vt 0.100000 0.160345
vt 0.025000 0.222204
vt 0.041826 0.150000
vt 0.100000 0.154670
vt 0.036388 0.225000
vt 0.350000 0.174770
vt 0.275000 0.178529
vt 0.314393 0.150000
vt 0.350000 0.206501
vt 0.275000 0.184927
vt 0.278994 0.150000
vt 0.471066 0.150157
vt 0.033366 0.225000
vt 0.025000 0.168903
vt 0.095364 0.225000
vt 0.025000 0.180218
vt 0.100000 0.164625
vt 0.028467 0.225000
vt 0.100000 0.159868
vt 0.028538 0.224546
vt 0.025000 0.194521
vt 0.100000 0.172346
vt 0.045755 0.225000
vt 0.087862 0.225000
vt 0.030283 0.150000
vt 0.100000 0.160451
vt 0.309429 0.225000
vt 0.331649 0.151478
vt 0.350000 0.191454
vt 0.275000 0.169849
vt 0.304651 0.150000
vt 0.475000 0.164828
vt 0.460623 0.225000
vt 0.100000 0.179078
vt 0.029718 0.225000
vt 0.100000 0.165650
vt 0.091982 0.225000
vt 0.095217 0.150000
vt 0.036552 0.225000
vt 0.025000 0.158868
vt 0.043599 0.225000
vt 0.073379 0.150000
vt 0.100000 0.175251
vt 0.095851 0.225000
vt 0.025000 0.157320
vt 0.096190 0.225000
vt 0.025000 0.163705
vt 0.350000 0.174511
vt 0.340008 0.214487
vt 0.322072 0.225000
vt 0.294807 0.156999
vt 0.455401 0.150000
vt 0.475000 0.207076
vt 0.100000 0.166452
vt 0.030609 0.225000
vt 0.029433 0.150000
vt 0.100000 0.191955
vt 0.025000 0.207044
vt 0.097988 0.152180
vt 0.025000 0.204406
vt 0.099905 0.161501
vt 0.059469 0.225000
vt 0.057106 0.150000
vt 0.100000 0.213125
vt 0.040801 0.150000
vt 0.091593 0.225000
vt 0.025000 0.205564
vt 0.320175 0.225000
vt 0.330956 0.150000
vt 0.350000 0.194071
vt 0.275000 0.196331
vt 0.350000 0.159675
vt 0.286410 0.225000
vt 0.472251 0.150000
vt 0.475000 0.218562
vt 0.025000 0.203731
vt 0.094728 0.150000
vt 0.031655 0.150000
vt 0.100000 0.223897
vt 0.027605 0.225000
vt 0.091001 0.150000
vt 0.100000 0.223579
vt 0.100000 0.207205
vt 0.025000 0.175792
vt 0.051323 0.150000
vt 0.032091 0.150000
vt 0.025000 0.219961
vt 0.030693 0.150000
vt 0.100000 0.216391
vt 0.289898 0.220760
vt 0.350000 0.157954
vt 0.329875 0.225000
vt 0.287383 0.150000
vt 0.275000 0.211813
vt 0.400000 0.213707
vt 0.440221 0.150000
vt 0.025000 0.197953
vt 0.095137 0.150000
vt 0.025000 0.221148
vt 0.059011 0.150000
vt 0.045219 0.150000
vt 0.095167 0.224173
vt 0.025000 0.150184
vt 0.100000 0.217345
vt 0.032196 0.225000
vt 0.100000 0.191348
vt 0.025000 0.192102
vt 0.088713 0.150000
vt 0.027021 0.152161
vt 0.100000 0.207060
vt 0.318778 0.150000
vt 0.287721 0.210164
vt 0.275000 0.179607
vt 0.350000 0.211080
vt 0.309731 0.225000
vt 0.475000 0.180836
vt 0.430090 0.225000
vt 0.083029 0.225000
vt 0.025000 0.224731
vt 0.025000 0.151775
vt 0.076449 0.150000
vt 0.035446 0.150000
vt 0.100000 0.218616
vt 0.066840 0.225000
vt 0.048588 0.150000
vt 0.100000 0.153721
vt 0.025201 0.220332
vt 0.090311 0.150000
vt 0.040930 0.225000
vt 0.069801 0.150000
vt 0.100000 0.219996
vt 0.302294 0.150000
vt 0.283008 0.225000
vt 0.275000 0.177631
vt 0.337636 0.150000
vt 0.301709 0.225000
vt 0.275000 0.213782
vt 0.474087 0.214720
vt 0.050291 0.150000
vt 0.100000 0.152243
vt 0.025000 0.153032
vt 0.072037 0.150000
vt 0.083264 0.225000
vt 0.025703 0.153780
vt 0.025000 0.160500
vt 0.100000 0.204813
vt 0.065863 0.225000
vt 0.037766 0.150000
vt 0.096947 0.225000
vt 0.025000 0.201982
vt 0.097195 0.152786
vt 0.043594 0.225000
vt 0.305368 0.150000
vt 0.335925 0.163621
vt 0.350000 0.187554
vt 0.277478 0.196047
vt 0.475000 0.189696
vt 0.427943 0.225000
vt 0.047913 0.150000
vt 0.100000 0.151611
vt 0.099780 0.150000
vt 0.100000 0.208271
vt 0.100000 0.184420
vt 0.025000 0.204296
vt 0.033455 0.150000
vt 0.100000 0.186032
vt 0.025000 0.198551
vt 0.030236 0.150000
vt 0.077330 0.150000
vt 0.057240 0.225000
vt 0.025000 0.153263
vt 0.092273 0.225000
vt 0.025000 0.157055
vt 0.308450 0.225000
vt 0.336371 0.164068
vt 0.350000 0.194625
vt 0.275000 0.164475
vt 0.313225 0.150000
vt 0.400000 0.194858
vt 0.442459 0.150000
vt 0.025000 0.208958
vt 0.025085 0.150000
vt 0.025393 0.163472
vt 0.100000 0.160127
vt 0.031511 0.225000
vt 0.025000 0.179314
vt 0.100000 0.186068
vt 0.088464 0.225000
vt 0.100000 0.199919
vt 0.025000 0.184659
vt 0.095506 0.150000
vt 0.100000 0.204623
vt 0.025000 0.184131
vt 0.091793 0.150000
vt 0.275000 0.219335
vt 0.350000 0.196751
vt 0.323340 0.225000
vt 0.275000 0.199917
vt 0.350000 0.160255
vt 0.288392 0.225000
vt 0.401405 0.225000
vt 0.400000 0.161918
vt 0.025000 0.155314
vt 0.097128 0.150000
vt 0.028105 0.150000
vt 0.100000 0.157457
vt 0.025000 0.197524
vt 0.100000 0.162850
vt 0.097042 0.225000
vt 0.100000 0.215074
vt 0.025000 0.169614
vt 0.060230 0.150000
vt 0.085975 0.225000
vt 0.029317 0.150000
vt 0.100000 0.176722
vt 0.025000 0.163419
vt 0.100000 0.197021
vt 0.028326 0.225000
vt 0.317895 0.225000
vt 0.287338 0.209511
vt 0.291002 0.150000
vt 0.275000 0.183374
vt 0.400000 0.179413
vt 0.449095 0.150000
vt 0.099626 0.163580
vt 0.100000 0.224716
vt 0.042047 0.225000
vt 0.054659 0.150000
vt 0.084682 0.225000
vt 0.025000 0.220413
vt 0.033292 0.150000
vt 0.100000 0.220031
vt 0.025000 0.186016
vt 0.100000 0.179366
vt 0.036496 0.225000
vt 0.025000 0.218601
vt 0.089591 0.150000
vt 0.100000 0.172661
vt 0.061687 0.150000
vt 0.059908 0.150000
vt 0.053233 0.150000
vt 0.042994 0.150000
vt 0.065092 0.225000
vt 0.071767 0.225000
vt 0.025000 0.184978
vt 0.025000 0.195863
vt 0.025000 0.202339
vt 0.025000 0.203991
vt 0.100000 0.179137
vt 0.100000 0.171688
vt 0.070922 0.150000
vt 0.060507 0.150000
vt 0.054078 0.225000
vt 0.064493 0.225000
vt 0.025000 0.192174
vt 0.025000 0.203312
vt 0.100000 0.182826
vt 0.055579 0.150000
vt 0.060624 0.150000
vt 0.025000 0.189218
vt 0.025000 0.192792
vt 0.048475 0.150000
vt 0.100000 0.185782
vt 0.100000 0.182208
vt 0.025000 0.180334
vt 0.065851 0.225000
vt 0.069421 0.225000
vt 0.025000 0.192418
vt 0.059149 0.150000
vt 0.100000 0.186180
vt 0.056208 0.150000
vt 0.061189 0.150000
vt 0.060090 0.150000
vt 0.053292 0.150000
vt 0.063811 0.225000
vt 0.064910 0.225000
vt 0.025000 0.180904
vt 0.025000 0.187722
vt 0.025000 0.188820
vt 0.025000 0.183832
vt 0.100000 0.187278
vt 0.100000 0.190226
vt 0.056692 0.150000
vt 0.063148 0.150000
vt 0.064217 0.150000
vt 0.059548 0.150000
vt 0.061852 0.225000
vt 0.060783 0.225000
vt 0.025000 0.181190
vt 0.025000 0.185842
vt 0.025000 0.184774
vt 0.025000 0.178361
vt 0.100000 0.189158
vt 0.100000 0.193927
vt 0.059353 0.150000
vt 0.066701 0.150000
vt 0.069508 0.150000
vt 0.067094 0.150000
vt 0.058299 0.225000
vt 0.055492 0.225000
vt 0.025000 0.181464
vt 0.025000 0.183886
vt 0.025000 0.181073
vt 0.025000 0.173950
vt 0.100000 0.191114
vt 0.100000 0.198052
vt 0.025000 0.197549
vt 0.025000 0.187104
vt 0.076560 0.150000
vt 0.025000 0.179655
vt 0.100000 0.187896
vt 0.048440 0.225000
vt 0.067946 0.225000
vt 0.067038 0.225000
vt 0.025000 0.176948
vt 0.049565 0.225000
vt 0.057962 0.150000
vt 0.035351 0.225000
vt 0.025000 0.206908
vt 0.080000 0.225000
vt 0.025000 0.166744
vt 0.043092 0.150000
vt 0.025000 0.192646
vt 0.089649 0.150000
vt 0.100000 0.168092
vt 0.045000 0.150000
vt 0.100000 0.208256
vt 0.081908 0.225000
vt 0.100000 0.182354
vt 0.150000 0.199716
vt 0.150000 0.193600
vt 0.034460 0.150000
vt 0.029004 0.150000
vt 0.025000 0.196327
vt 0.025000 0.207652
vt 0.150000 0.199737
vt 0.192600 0.150132
vt 0.025277 0.157602
vt 0.025000 0.172718
vt 0.025000 0.198204
vt 0.025000 0.210068
vt 0.196368 0.225000
vt 0.150000 0.181084
vt 0.025000 0.168267
vt 0.025000 0.179213
vt 0.027103 0.219688
vt 0.032843 0.225000
vt 0.203017 0.225000
vt 0.153499 0.184759
vt 0.098348 0.221381
vt 0.100000 0.204760
vt 0.046986 0.150000
vt 0.031817 0.150546
vt 0.225000 0.200685
vt 0.183109 0.151277
vt 0.100000 0.206607
vt 0.100000 0.195815
vt 0.034328 0.150702
vt 0.025000 0.156262
vt 0.225000 0.195995
vt 0.180437 0.150000
vt 0.100000 0.156216
vt 0.090515 0.150641
vt 0.073640 0.225000
vt 0.085389 0.225000
vt 0.225000 0.181533
vt 0.221604 0.184672
vt 0.092796 0.150414
vt 0.077778 0.150000
vt 0.088348 0.225000
vt 0.100000 0.219557
vt 0.178852 0.225000
vt 0.183049 0.223815
vt 0.025000 0.218623
vt 0.033774 0.224081
vt 0.100000 0.179344
vt 0.100000 0.168517
vt 0.150000 0.191261
vt 0.154705 0.189152
vt 0.027777 0.223054
vt 0.044375 0.225000
vt 0.100000 0.172706
vt 0.099716 0.157582
vt 0.199077 0.150000
vt 0.150000 0.192968
vt 0.036658 0.150000
vt 0.031627 0.150000
vt 0.059842 0.225000
vt 0.029431 0.225000
vt 0.203656 0.225000
vt 0.196075 0.225000
vt 0.031411 0.150000
vt 0.025000 0.164350
vt 0.025000 0.212270
vt 0.031800 0.225000
vt 0.198775 0.225000
vt 0.193134 0.225000
vt 0.082496 0.225000
vt 0.052451 0.150000
vt 0.033758 0.225000
vt 0.038333 0.225000
vt 0.150000 0.178536
vt 0.194271 0.225000
vt 0.089907 0.225000
vt 0.095582 0.225000
vt 0.032365 0.151406
vt 0.025000 0.156292
vt 0.173901 0.150000
vt 0.180573 0.150000
vt 0.094815 0.225000
vt 0.100000 0.205609
vt 0.025000 0.160520
vt 0.025000 0.163771
vt 0.225000 0.199122
vt 0.181887 0.150000
vt 0.100000 0.167554
vt 0.100000 0.165822
vt 0.025000 0.165491
vt 0.025000 0.167394
vt 0.225000 0.194747
vt 0.179983 0.150000
vt 0.100000 0.163911
vt 0.100000 0.160693
vt 0.100000 0.221083
vt 0.100000 0.216565
vt 0.225000 0.178655
vt 0.225000 0.183098
vt 0.100000 0.156474
vt 0.093376 0.151612
vt 0.100000 0.212927
vt 0.100000 0.209986
vt 0.225000 0.175851
vt 0.181854 0.225000
vt 0.025000 0.208191
vt 0.025000 0.210485
vt 0.025000 0.179231
vt 0.100000 0.207261
vt 0.171458 0.225000
vt 0.179013 0.225000
vt 0.025000 0.213157
vt 0.025000 0.216813
vt 0.100000 0.164568
vt 0.093643 0.150000
vt 0.150000 0.197855
vt 0.193650 0.150000
vt 0.025000 0.221593
vt 0.100000 0.181397
vt 0.093067 0.150000
vt 0.088125 0.150000
vt 0.150000 0.199403
vt 0.193268 0.150000
vt 0.044598 0.150000
vt 0.100000 0.178398
vt 0.046949 0.225000
vt 0.079725 0.150000
vt 0.150000 0.195618
vt 0.195261 0.150000
vt 0.039578 0.150000
vt 0.033516 0.150000
vt 0.073900 0.225000
vt 0.036556 0.225000
vt 0.202605 0.225000
vt 0.150000 0.183570
vt 0.036513 0.150000
vt 0.071045 0.150000
vt 0.033927 0.225000
vt 0.039845 0.225000
vt 0.150000 0.175488
vt 0.193193 0.225000
vt 0.080391 0.225000
vt 0.045169 0.150000
vt 0.100000 0.195266
vt 0.045264 0.225000
vt 0.150000 0.177416
vt 0.150000 0.182361
vt 0.085511 0.225000
vt 0.091623 0.225000
vt 0.100000 0.179609
vt 0.025000 0.162861
vt 0.171798 0.150000
vt 0.225000 0.191067
vt 0.088416 0.225000
vt 0.025000 0.179405
vt 0.025000 0.167479
vt 0.025000 0.169821
vt 0.175744 0.150000
vt 0.181774 0.150000
vt 0.100000 0.174736
vt 0.025000 0.195927
vt 0.078967 0.150000
vt 0.025000 0.174737
vt 0.225000 0.197691
vt 0.225000 0.192690
vt 0.100000 0.169997
vt 0.100000 0.167690
vt 0.051097 0.150000
vt 0.100000 0.212305
vt 0.225000 0.177071
vt 0.181171 0.225000
vt 0.100000 0.162299
vt 0.053415 0.225000
vt 0.100000 0.206971
vt 0.100000 0.204723
vt 0.175730 0.225000
vt 0.225000 0.181590
vt 0.025000 0.200313
vt 0.079202 0.225000
vt 0.025000 0.179250
vt 0.100000 0.200215
vt 0.171511 0.225000
vt 0.179493 0.225000
vt 0.025000 0.205420
vt 0.094664 0.225000
vt 0.025000 0.196511
vt 0.088370 0.150000
vt 0.201437 0.150000
vt 0.194141 0.150000
vt 0.025000 0.211655
vt 0.100000 0.196749
vt 0.030183 0.225000
vt 0.085767 0.150000
vt 0.200000 0.150000
vt 0.150000 0.192038
vt 0.047233 0.150000
vt 0.041788 0.150000
vt 0.056406 0.225000
vt 0.071328 0.150000
vt 0.208304 0.150000
vt 0.150000 0.186816
vt 0.044167 0.150000
vt 0.100000 0.157224
vt 0.100000 0.219423
vt 0.044071 0.225000
vt 0.150000 0.178605
vt 0.150000 0.183366
vt 0.070322 0.225000
vt 0.059320 0.150000
vt 0.100000 0.202363
vt 0.046715 0.225000
vt 0.150000 0.174814
vt 0.191855 0.225000
vt 0.076861 0.225000
vt 0.082037 0.225000
vt 0.100000 0.186280
vt 0.052207 0.225000
vt 0.150000 0.175906
vt 0.192372 0.225000
vt 0.080193 0.225000
vt 0.032467 0.150000
vt 0.100000 0.164013
vt 0.025000 0.168100
vt 0.172245 0.150000
vt 0.225000 0.190432
vt 0.100000 0.183558
vt 0.025000 0.172705
vt 0.089586 0.150000
vt 0.025000 0.175281
vt 0.225000 0.199310
vt 0.225000 0.193242
vt 0.100000 0.180809
vt 0.100000 0.180704
vt 0.025000 0.180106
vt 0.025000 0.180449
vt 0.225000 0.199911
vt 0.225000 0.193642
vt 0.100000 0.175068
vt 0.025000 0.207582
vt 0.054990 0.150000
vt 0.025000 0.183580
vt 0.225000 0.175797
vt 0.182685 0.225000
vt 0.100000 0.167896
vt 0.044064 0.225000
vt 0.025000 0.163781
vt 0.100000 0.201369
vt 0.177785 0.225000
vt 0.225000 0.181431
vt 0.025000 0.193562
vt 0.075322 0.225000
vt 0.100000 0.195995
vt 0.100000 0.195255
vt 0.225000 0.179723
vt 0.180506 0.225000
vt 0.025000 0.198888
vt 0.088166 0.225000
vt 0.025000 0.198874
vt 0.100000 0.191600
vt 0.150000 0.198083
vt 0.192894 0.150000
vt 0.025000 0.205404
vt 0.098599 0.219193
vt 0.030357 0.225000
vt 0.080619 0.150000
vt 0.196797 0.150000
vt 0.191772 0.150000
vt 0.053110 0.150000
vt 0.100000 0.191029
vt 0.082782 0.150000
vt 0.077442 0.150000
vt 0.196114 0.150000
vt 0.150000 0.194099
vt 0.056247 0.150000
vt 0.050656 0.150000
vt 0.075088 0.150000
vt 0.069427 0.150000
vt 0.150000 0.194574
vt 0.194870 0.150000
vt 0.051961 0.150000
vt 0.100000 0.169782
vt 0.067286 0.225000
vt 0.061517 0.150000
vt 0.205292 0.225000
vt 0.150000 0.186073
vt 0.058331 0.225000
vt 0.078123 0.150000
vt 0.100000 0.209920
vt 0.051391 0.225000
vt 0.150000 0.175716
vt 0.192444 0.225000
vt 0.067043 0.225000
vt 0.072558 0.225000
vt 0.048350 0.225000
vt 0.054240 0.225000
vt 0.150000 0.171309
vt 0.150000 0.179726
vt 0.072483 0.225000
vt 0.040634 0.150000
vt 0.055889 0.225000
vt 0.061555 0.225000
vt 0.225000 0.187154
vt 0.225000 0.185865
vt 0.073894 0.225000
vt 0.031984 0.150000
vt 0.092470 0.150000
vt 0.025000 0.175578
vt 0.174986 0.150000
vt 0.225000 0.192038
vt 0.100000 0.190173
vt 0.100000 0.192370
vt 0.025000 0.181260
vt 0.025000 0.183512
vt 0.225000 0.202853
vt 0.184578 0.150000
vt 0.100000 0.184590
vt 0.100000 0.182669
vt 0.025000 0.190741
vt 0.025000 0.189499
vt 0.225000 0.203501
vt 0.225000 0.195174
vt 0.100000 0.177164
vt 0.025000 0.214191
vt 0.030872 0.151257
vt 0.025000 0.191224
vt 0.181455 0.225000
vt 0.225000 0.179641
vt 0.025000 0.183904
vt 0.059909 0.225000
vt 0.025000 0.171030
vt 0.100000 0.193540
vt 0.225000 0.175748
vt 0.225000 0.182007
vt 0.025000 0.189740
vt 0.025000 0.191415
vt 0.100000 0.185279
vt 0.100000 0.185984
vt 0.225000 0.183027
vt 0.178893 0.225000
vt 0.025000 0.196111
vt 0.088602 0.225000
vt 0.027601 0.224916
vt 0.100000 0.183494
vt 0.150000 0.203978
vt 0.150000 0.195414
vt 0.064704 0.150000
vt 0.099215 0.217079
vt 0.037890 0.225000
vt 0.073301 0.150000
vt 0.203894 0.150000
vt 0.150000 0.193473
vt 0.059556 0.150000
vt 0.100000 0.174255
vt 0.063797 0.150000
vt 0.055236 0.150000
vt 0.150000 0.184505
vt 0.225000 0.162388
vt 0.038681 0.225000
vt 0.100000 0.155716
vt 0.100000 0.217286
vt 0.058159 0.225000
vt 0.150000 0.170090
vt 0.192802 0.225000
vt 0.059562 0.225000
vt 0.067658 0.225000
vt 0.100000 0.191920
vt 0.061560 0.225000
vt 0.192211 0.225000
vt 0.150000 0.175917
vt 0.065850 0.225000
vt 0.043147 0.150000
vt 0.062410 0.225000
vt 0.071206 0.225000
vt 0.164850 0.150000
vt 0.177020 0.150000
vt 0.100000 0.205610
vt 0.032419 0.150000
vt 0.086098 0.150000
vt 0.025000 0.184466
vt 0.225000 0.207509
vt 0.183729 0.150000
vt 0.100000 0.196717
vt 0.100000 0.193870
vt 0.025000 0.195459
vt 0.025000 0.197757
vt 0.184808 0.150000
vt 0.225000 0.199947
vt 0.100000 0.184606
vt 0.025000 0.211516
vt 0.039062 0.150000
vt 0.025000 0.205592
vt 0.225000 0.162788
vt 0.186844 0.225000
vt 0.025000 0.171183
vt 0.025000 0.166496
vt 0.025000 0.171949
vt 0.100000 0.185799
vt 0.225000 0.170246
vt 0.182109 0.225000
vt 0.025000 0.180565
vt 0.076733 0.225000
vt 0.100000 0.175926
vt 0.100000 0.175119
vt 0.225000 0.183618
vt 0.175735 0.225000
vt 0.025000 0.192870
vt 0.088177 0.225000
vt 0.034699 0.225000
vt 0.100000 0.169532
vt 0.192976 0.150000
vt 0.188662 0.150000
vt 0.069536 0.150000
vt 0.061009 0.150000
vt 0.044392 0.225000
vt 0.065370 0.150000
vt 0.302156 0.150000
vt 0.350000 0.199954
vt 0.074760 0.150000
vt 0.100000 0.190825
vt 0.061021 0.150000
vt 0.048841 0.150000
vt 0.342634 0.150000
vt 0.341399 0.159562
vt 0.070179 0.150000
vt 0.100000 0.160567
vt 0.040990 0.150000
vt 0.025000 0.153474
vt 0.350000 0.153693
vt 0.313405 0.225000
vt 0.045753 0.225000
vt 0.058348 0.225000
vt 0.100000 0.192033
vt 0.072701 0.225000
vt 0.346014 0.196829
vt 0.055140 0.225000
vt 0.043775 0.150000
vt 0.077989 0.225000
vt 0.095589 0.223982
vt 0.341803 0.225000
vt 0.325360 0.225000
vt 0.098021 0.223621
vt 0.096523 0.225000
vt 0.076844 0.150000
vt 0.025000 0.202234
vt 0.307163 0.223042
vt 0.100000 0.203399
vt 0.025000 0.198259
vt 0.027935 0.223079
vt 0.026705 0.222760
vt 0.293746 0.150000
vt 0.275000 0.210192
vt 0.028141 0.150000
vt 0.031526 0.150000
vt 0.025000 0.166076
vt 0.100000 0.179375
vt 0.275000 0.208027
vt 0.320100 0.150000
vt 0.025000 0.166122
vt 0.072405 0.225000
vt 0.099669 0.162613
vt 0.099799 0.157013
vt 0.340576 0.159353
vt 0.100000 0.154089
vt 0.085667 0.150000
vt 0.040608 0.225000
vt 0.096865 0.150000
vt 0.323224 0.153256
vt 0.094843 0.151623
vt 0.025000 0.213489
vt 0.025000 0.154490
vt 0.025000 0.160334
vt 0.350000 0.157183
vt 0.350000 0.175825
vt 0.025000 0.221283
vt 0.060021 0.150000
vt 0.100000 0.176186
vt 0.100000 0.220482
vt 0.275000 0.191568
vt 0.335301 0.225000
vt 0.087201 0.225000
vt 0.087318 0.225000
vt 0.100000 0.213842
vt 0.025542 0.216757
vt 0.303353 0.222299
vt 0.098480 0.219553
vt 0.042551 0.150000
vt 0.037109 0.225000
vt 0.037623 0.225000
vt 0.340435 0.150000
vt 0.322498 0.150000
vt 0.033872 0.150000
vt 0.064134 0.225000
vt 0.025000 0.195950
vt 0.090865 0.150000
vt 0.350000 0.188017
vt 0.348825 0.182092
vt 0.100000 0.160037
vt 0.098943 0.154223
vt 0.082480 0.150000
vt 0.030191 0.151611
s 0
usemtl HoardAtlas
f 1/1/1 3/2/1 2/3/1
f 1/4/1 4/5/1 3/6/1
f 1/7/1 5/8/1 4/9/1
f 1/7/1 6/10/1 5/11/1
f 1/12/1 7/1/1 6/5/1
f 1/6/1 8/13/1 7/14/1
f 1/6/1 9/15/1 8/16/1
f 1/17/1 10/7/1 9/1/1
f 1/5/1 11/18/1 10/19/1
f 1/5/1 12/20/1 11/21/1
f 1/22/1 13/6/1 12/7/1
f 1/1/1 2/23/1 13/24/1
f 3/25/2 14/26/2 2/27/2
f 4/28/3 15/29/3 3/30/3
f 5/31/4 16/32/4 4/33/4
f 6/34/5 17/35/5 5/36/5
f 7/37/6 18/38/6 6/39/6
f 8/40/7 19/41/7 7/42/7
f 9/43/8 20/44/8 8/45/8
f 10/46/9 21/47/9 9/48/9
f 11/49/10 22/50/10 10/51/10
f 12/52/11 23/53/11 11/54/11
f 13/55/12 24/56/12 12/57/12
f 2/58/13 25/59/13 13/60/13
f 15/61/14 26/62/14 14/63/14
f 16/64/15 27/6/15 15/65/15
f 17/66/16 28/67/16 16/68/16
f 18/69/17 29/70/17 17/71/17
f 19/72/18 30/5/18 18/73/18
f 20/74/19 31/75/19 19/76/19
f 21/77/20 32/78/20 20/79/20
f 22/80/21 33/1/21 21/81/21
f 23/82/22 34/83/22 22/84/22
f 24/85/23 35/86/23 23/87/23
f 25/88/24 36/7/24 24/89/24
f 14/90/25 37/91/25 25/92/25
f 26/93/26 39/94/26 38/95/26
f 28/96/27 39/97/27 27/98/27
f 28/99/28 41/100/28 40/101/28
f 29/102/29 42/103/29 41/104/29
f 31/105/30 42/106/30 30/107/30
f 31/108/31 44/109/31 43/110/31
f 32/111/32 45/112/32 44/113/32
f 34/114/33 45/115/33 33/116/33
f 34/117/34 47/118/34 46/119/34
f 35/120/35 48/121/35 47/122/35
f 37/123/36 48/124/36 36/125/36
f 37/126/37 38/127/37 49/128/37
f 39/129/38 50/130/38 38/131/38
f 40/132/39 51/133/39 39/134/39
f 41/135/40 52/136/40 40/137/40
f 42/138/41 53/139/41 41/140/41
f 43/141/42 54/142/42 42/143/42
f 44/144/43 55/145/43 43/146/43
f 45/147/44 56/148/44 44/149/44
f 46/150/45 57/151/45 45/152/45
f 47/153/46 58/154/46 46/155/46
f 48/156/47 59/157/47 47/158/47
f 49/159/48 60/160/48 48/161/48
f 38/162/49 61/163/49 49/164/49
f 51/165/50 62/166/50 50/167/50
f 52/168/51 63/169/51 51/170/51
f 53/171/52 64/172/52 52/173/52
f 54/174/53 65/175/53 53/176/53
f 55/177/54 66/178/54 54/179/54
f 56/180/55 67/181/55 55/182/55
f 57/183/56 68/184/56 56/185/56
f 58/186/57 69/187/57 57/188/57
f 59/189/58 70/190/58 58/191/58
f 60/192/59 71/193/59 59/194/59
f 61/195/60 72/196/60 60/197/60
f 50/198/61 73/199/61 61/200/61
f 63/201/62 74/202/62 62/203/62
f 64/204/63 75/205/63 63/206/63
f 65/207/64 76/208/64 64/209/64
f 66/210/65 77/211/65 65/212/65
f 67/213/66 78/214/66 66/215/66
f 68/216/67 79/217/67 67/218/67
f 69/219/68 80/220/68 68/221/68
f 70/222/69 81/223/69 69/224/69
f 71/225/70 82/226/70 70/227/70
f 72/228/71 83/229/71 71/230/71
f 73/231/72 84/232/72 72/233/72
f 62/234/73 85/235/73 73/236/73
f 75/237/74 86/238/74 74/239/74
f 75/240/75 88/241/75 87/242/75
f 76/243/76 89/244/76 88/245/76
f 78/246/77 89/247/77 77/248/77
f 78/249/78 91/250/78 90/251/78
f 79/252/79 92/253/79 91/254/79
f 81/255/80 92/256/80 80/257/80
f 81/258/81 94/259/81 93/260/81
f 82/261/82 95/262/82 94/263/82
f 84/264/83 95/265/83 83/266/83
f 84/267/84 97/268/84 96/269/84
f 85/270/85 86/271/85 97/272/85
f 87/273/86 98/274/86 86/275/86
f 88/1/87 99/276/87 87/7/87
f 88/277/88 101/278/88 100/279/88
f 90/280/89 101/281/89 89/282/89
f 91/5/90 102/283/90 90/1/90
f 91/284/91 104/285/91 103/286/91
f 93/287/92 104/288/92 92/289/92
f 94/6/93 105/290/93 93/5/93
f 94/291/94 107/292/94 106/293/94
f 96/294/95 107/295/95 95/296/95
f 97/7/96 108/297/96 96/6/96
f 97/298/97 98/299/97 109/300/97
f 98/301/98 99/19/98 110/5/98
f 99/7/99 100/1/99 110/17/99
f 100/302/100 101/303/100 110/6/100
f 101/13/101 102/304/101 110/6/101
f 102/1/102 103/5/102 110/12/102
f 103/305/103 104/11/103 110/7/103
f 104/306/104 105/9/104 110/7/104
f 105/5/105 106/6/105 110/4/105
f 106/307/106 107/308/106 110/1/106
f 107/23/107 108/309/107 110/1/107
f 108/6/108 109/7/108 110/22/108
f 109/310/109 98/21/109 110/5/109
f 111/311/110 116/312/110 117/313/110
f 112/314/111 115/315/111 116/316/111
f 113/317/112 114/318/112 115/319/112
f 111/6/113 118/320/113 112/321/113
f 116/322/114 122/323/114 117/7/114
f 112/324/115 119/325/115 113/326/115
f 113/327/116 120/328/116 114/1/116
f 120/329/117 115/330/117 114/331/117
f 121/332/118 116/333/118 115/334/118
f 123/335/119 128/336/119 129/337/119
f 125/338/120 128/316/120 124/339/120
f 125/340/121 126/341/121 127/342/121
f 123/6/122 130/343/122 124/344/122
f 128/345/123 134/346/123 129/5/123
f 124/347/124 131/348/124 125/1/124
f 125/349/125 132/350/125 126/351/125
f 132/352/126 127/353/126 126/354/126
f 133/355/127 128/356/127 127/357/127
f 135/358/128 140/359/128 141/360/128
f 137/361/129 140/362/129 136/363/129
f 137/364/130 138/365/130 139/366/130
f 135/1/131 142/367/131 136/368/131
f 140/369/132 146/370/132 141/5/132
f 136/371/133 143/372/133 137/373/133
f 137/374/134 144/375/134 138/376/134
f 144/377/135 139/378/135 138/7/135
f 145/379/136 140/380/136 139/381/136
f 147/382/137 152/383/137 153/384/137
f 149/385/138 152/386/138 148/387/138
f 149/388/139 150/389/139 151/390/139
f 147/1/140 154/391/140 148/392/140
f 152/393/141 158/394/141 153/6/141
f 148/395/142 155/396/142 149/6/142
f 149/397/143 156/398/143 150/399/143
f 156/400/144 151/401/144 150/402/144
f 157/403/145 152/404/145 151/1/145
f 160/405/146 165/406/146 159/407/146
f 160/386/147 163/408/147 164/409/147
f 161/390/148 162/410/148 163/411/148
f 159/7/149 166/412/149 160/5/149
f 164/413/150 170/414/150 165/6/150
f 160/415/151 167/416/151 161/417/151
f 161/418/152 168/419/152 162/420/152
f 168/421/153 163/7/153 162/422/153
f 169/423/154 164/424/154 163/425/154
f 172/426/155 177/427/155 171/428/155
f 172/429/156 175/430/156 176/363/156
f 173/431/157 174/432/157 175/433/157
f 171/7/158 178/434/158 172/435/158
f 176/1/159 182/436/159 177/6/159
f 172/437/160 179/438/160 173/439/160
f 173/6/161 180/440/161 174/441/161
f 180/442/162 175/443/162 174/444/162
f 181/445/163 176/446/163 175/6/163
f 183/447/164 188/448/164 189/449/164
f 184/316/165 187/450/165 188/451/165
f 185/319/166 186/452/166 187/453/166
f 183/5/167 190/454/167 184/7/167
f 188/455/168 194/456/168 189/1/168
f 184/457/169 191/458/169 185/5/169
f 185/459/170 192/460/170 186/461/170
f 192/462/171 187/463/171 186/464/171
f 193/465/172 188/466/172 187/6/172
f 196/467/173 201/468/173 195/469/173
f 197/470/174 200/471/174 196/472/174
f 197/473/175 198/474/175 199/475/175
f 195/5/176 202/476/176 196/477/176
f 200/478/177 206/479/177 201/1/177
f 196/480/178 203/481/178 197/482/178
f 197/1/179 204/483/179 198/484/179
f 204/485/180 199/486/180 198/487/180
f 205/488/181 200/489/181 199/490/181
f 207/491/182 212/492/182 213/493/182
f 208/471/183 211/494/183 212/495/183
f 209/475/184 210/496/184 211/497/184
f 207/5/185 214/498/185 208/499/185
f 212/500/186 218/501/186 213/7/186
f 208/502/187 215/503/187 209/7/187
f 209/504/188 216/505/188 210/506/188
f 216/507/189 211/508/189 210/509/189
f 217/510/190 212/511/190 211/5/190
f 220/512/191 225/513/191 219/514/191
f 220/515/192 223/516/192 224/517/192
f 221/475/193 222/518/193 223/319/193
f 219/6/194 226/519/194 220/520/194
f 224/521/195 230/522/195 225/7/195
f 220/523/196 227/524/196 221/525/196
f 221/526/197 228/527/197 222/1/197
f 228/528/198 223/529/198 222/530/198
f 229/531/199 224/532/199 223/7/199
f 231/533/200 236/534/200 237/535/200
f 232/536/201 235/537/201 236/386/201
f 233/433/202 234/538/202 235/431/202
f 231/6/203 238/539/203 232/540/203
f 236/541/204 242/542/204 237/5/204
f 232/543/205 239/544/205 233/545/205
f 233/546/206 240/547/206 234/548/206
f 240/549/207 235/550/207 234/551/207
f 241/552/208 236/553/208 235/554/208
f 243/555/209 248/556/209 249/557/209
f 244/558/210 247/559/210 248/560/210
f 245/364/211 246/561/211 247/390/211
f 243/1/212 250/562/212 244/563/212
f 248/564/213 254/565/213 249/5/213
f 244/566/214 251/567/214 245/568/214
f 245/569/215 252/570/215 246/571/215
f 252/572/216 247/573/216 246/574/216
f 253/575/217 248/576/217 247/577/217
f 256/578/218 261/579/218 255/580/218
f 256/581/219 259/582/219 260/583/219
f 257/584/220 258/585/220 259/390/220
f 255/1/221 262/586/221 256/587/221
f 260/588/222 266/589/222 261/5/222
f 256/590/223 263/591/223 257/592/223
f 257/593/224 264/594/224 258/6/224
f 264/595/225 259/596/225 258/1/225
f 265/597/226 260/598/226 259/599/226
f 267/600/227 272/601/227 273/602/227
f 268/603/228 271/604/228 272/605/228
f 269/390/229 270/606/229 271/364/229
f 267/1/230 274/607/230 268/608/230
f 272/609/231 278/610/231 273/6/231
f 268/611/232 275/612/232 269/613/232
f 269/614/233 276/615/233 270/616/233
f 276/617/234 271/618/234 270/619/234
f 277/620/235 272/621/235 271/622/235
f 280/623/236 285/624/236 279/625/236
f 280/626/237 283/627/237 284/628/237
f 281/431/238 282/629/238 283/433/238
f 279/7/239 286/630/239 280/631/239
f 284/632/240 290/633/240 285/6/240
f 280/634/241 287/635/241 281/636/241
f 281/637/242 288/638/242 282/639/242
f 288/640/243 283/641/243 282/642/243
f 289/643/244 284/644/244 283/645/244
f 292/646/245 297/647/245 291/648/245
f 292/649/246 295/650/246 296/651/246
f 293/652/247 294/653/247 295/433/247
f 291/7/248 298/654/248 292/655/248
f 296/656/249 302/657/249 297/1/249
f 292/658/250 299/659/250 293/660/250
f 293/661/251 300/662/251 294/663/251
f 300/664/252 295/665/252 294/6/252
f 301/666/253 296/667/253 295/668/253
f 303/669/254 308/670/254 309/671/254
f 304/672/255 307/673/255 308/674/255
f 305/319/256 306/675/256 307/676/256
f 303/5/257 310/677/257 304/678/257
f 308/679/258 314/680/258 309/1/258
f 304/681/259 311/682/259 305/683/259
f 305/684/260 312/685/260 306/5/260
f 312/686/261 307/687/261 306/688/261
f 313/689/262 308/690/262 307/691/262
f 315/692/263 320/693/263 321/694/263
f 317/695/264 320/696/264 316/697/264
f 317/342/265 318/698/265 319/699/265
f 315/5/266 322/700/266 316/701/266
f 320/702/267 326/703/267 321/1/267
f 316/704/268 323/705/268 317/706/268
f 317/707/269 324/708/269 318/709/269
f 324/710/270 319/711/270 318/712/270
f 325/713/271 320/714/271 319/715/271
f 328/716/272 333/717/272 327/718/272
f 329/719/273 332/720/273 328/316/273
f 329/319/274 330/721/274 331/475/274
f 327/5/275 334/722/275 328/723/275
f 332/724/276 338/725/276 333/7/276
f 328/726/277 335/727/277 329/728/277
f 329/729/278 336/730/278 330/731/278
f 336/732/279 331/733/279 330/734/279
f 337/735/280 332/736/280 331/737/280
f 339/738/281 344/739/281 345/740/281
f 341/741/282 344/742/282 340/743/282
f 341/475/283 342/744/283 343/319/283
f 339/6/284 346/745/284 340/746/284
f 344/747/285 350/748/285 345/7/285
f 340/749/286 347/750/286 341/7/286
f 341/751/287 348/752/287 342/753/287
f 348/754/288 343/755/288 342/5/288
f 349/756/289 344/757/289 343/758/289
f 351/759/290 356/760/290 357/761/290
f 353/762/291 356/763/291 352/764/291
f 353/475/292 354/765/292 355/319/292
f 351/6/293 358/766/293 352/767/293
f 356/768/294 362/769/294 357/7/294
f 352/770/295 359/771/295 353/772/295
f 353/773/296 360/774/296 354/775/296
f 360/776/297 355/777/297 354/778/297
f 361/779/298 356/780/298 355/781/298
f 363/782/299 368/783/299 369/784/299
f 365/785/300 368/786/300 364/787/300
f 365/475/301 366/788/301 367/319/301
f 363/6/302 370/789/302 364/790/302
f 368/791/303 374/792/303 369/7/303
f 364/793/304 371/794/304 365/795/304
f 365/796/305 372/797/305 366/798/305
f 372/799/306 367/800/306 366/801/306
f 373/802/307 368/803/307 367/804/307
f 375/805/308 380/806/308 381/807/308
f 377/808/309 380/809/309 376/810/309
f 377/433/310 378/811/310 379/431/310
f 375/1/311 382/812/311 376/813/311
f 380/814/312 386/815/312 381/5/312
f 376/816/313 383/817/313 377/818/313
f 377/819/314 384/820/314 378/821/314
f 384/822/315 379/823/315 378/824/315
f 385/825/316 380/826/316 379/827/316
f 388/828/317 393/829/317 387/830/317
f 388/831/318 391/832/318 392/833/318
f 389/364/319 390/834/319 391/390/319
f 387/1/320 394/835/320 388/836/320
f 392/837/321 398/838/321 393/5/321
f 388/839/322 395/840/322 389/841/322
f 389/842/323 396/843/323 390/844/323
f 396/845/324 391/846/324 390/847/324
f 397/848/325 392/849/325 391/850/325
f 400/851/326 405/852/326 399/853/326
f 401/854/327 404/855/327 400/856/327
f 401/857/328 402/858/328 403/390/328
f 399/1/329 406/859/329 400/860/329
f 404/861/330 410/862/330 405/5/330
f 400/863/331 407/864/331 401/865/331
f 401/866/332 408/867/332 402/868/332
f 408/869/333 403/870/333 402/871/333
f 409/872/334 404/873/334 403/874/334
f 411/875/335 416/876/335 417/877/335
f 413/878/336 416/879/336 412/880/336
f 413/390/337 414/881/337 415/364/337
f 411/7/338 418/882/338 412/883/338
f 416/884/339 422/885/339 417/6/339
f 412/886/340 419/887/340 413/888/340
f 413/889/341 420/890/341 414/891/341
f 420/892/342 415/893/342 414/894/342
f 421/895/343 416/896/343 415/897/343
f 423/898/344 428/899/344 429/900/344
f 424/901/345 427/902/345 428/903/345
f 425/390/346 426/904/346 427/364/346
f 423/7/347 430/905/347 424/906/347
f 428/907/348 434/908/348 429/6/348
f 424/909/349 431/910/349 425/911/349
f 425/912/350 432/913/350 426/914/350
f 432/915/351 427/916/351 426/917/351
f 433/918/352 428/919/352 427/920/352
f 436/921/353 441/922/353 435/923/353
f 437/924/354 440/925/354 436/926/354
f 437/927/355 438/928/355 439/364/355
f 435/7/356 442/929/356 436/930/356
f 440/931/357 446/932/357 441/6/357
f 436/933/358 443/934/358 437/935/358
f 437/936/359 444/937/359 438/938/359
f 444/939/360 439/940/360 438/941/360
f 445/942/361 440/943/361 439/944/361
f 447/945/362 452/946/362 453/947/362
f 449/948/363 452/949/363 448/950/363
f 449/319/364 450/951/364 451/952/364
f 447/5/365 454/953/365 448/954/365
f 452/955/366 458/956/366 453/1/366
f 448/957/367 455/958/367 449/959/367
f 449/960/368 456/961/368 450/962/368
f 456/963/369 451/964/369 450/965/369
f 457/966/370 452/967/370 451/968/370
f 460/969/371 465/970/371 459/971/371
f 460/972/372 463/973/372 464/974/372
f 461/319/373 462/975/373 463/475/373
f 459/5/374 466/976/374 460/977/374
f 464/978/375 470/979/375 465/1/375
f 460/980/376 467/981/376 461/982/376
f 461/983/377 468/984/377 462/985/377
f 468/986/378 463/987/378 462/988/378
f 469/989/379 464/990/379 463/991/379
f 472/992/380 477/993/380 471/994/380
f 473/995/381 476/996/381 472/997/381
f 473/319/382 474/998/382 475/999/382
f 471/5/383 478/1000/383 472/1001/383
f 476/1002/384 482/1003/384 477/7/384
f 472/1004/385 479/1005/385 473/1006/385
f 473/1007/386 480/1008/386 474/6/386
f 480/1009/387 475/1010/387 474/1011/387
f 481/1012/388 476/1013/388 475/1014/388
f 484/1015/389 489/1016/389 483/1017/389
f 485/1018/390 488/1019/390 484/1020/390
f 485/475/391 486/1021/391 487/1022/391
f 483/5/392 490/1023/392 484/1024/392
f 488/1025/393 494/1026/393 489/7/393
f 484/1027/394 491/1028/394 485/1029/394
f 485/1030/395 492/1031/395 486/1032/395
f 492/1033/396 487/1034/396 486/7/396
f 493/1035/397 488/1036/397 487/1037/397
f 496/1038/398 501/1039/398 495/1040/398
f 496/1041/399 499/1042/399 500/1043/399
f 497/699/400 498/1044/400 499/1045/400
f 495/6/401 502/1046/401 496/1047/401
f 500/1048/402 506/1049/402 501/7/402
f 496/1050/403 503/1051/403 497/1052/403
f 497/1053/404 504/1054/404 498/1055/404
f 504/1056/405 499/1057/405 498/1058/405
f 505/1059/406 500/1060/406 499/1061/406
f 508/1062/407 513/1063/407 507/1064/407
f 508/1065/408 511/1066/408 512/1067/408
f 509/475/409 510/1068/409 511/1069/409
f 507/6/410 514/1070/410 508/1071/410
f 512/1072/411 518/1073/411 513/5/411
f 508/1074/412 515/1075/412 509/1076/412
f 509/1077/413 516/1078/413 510/1079/413
f 516/1080/414 511/1081/414 510/6/414
f 517/1082/415 512/1083/415 511/1084/415
f 520/1085/416 525/1086/416 519/1087/416
f 521/1088/417 524/1089/417 520/1090/417
f 521/1091/418 522/1092/418 523/390/418
f 519/1/419 526/1093/419 520/1094/419
f 524/1095/420 530/1096/420 525/5/420
f 520/1097/421 527/1098/421 521/1099/421
f 521/1100/422 528/1101/422 522/1102/422
f 528/1103/423 523/1104/423 522/1105/423
f 529/1106/424 524/1107/424 523/1108/424
f 532/1109/425 537/1110/425 531/1111/425
f 532/1112/426 535/1113/426 536/1114/426
f 533/364/427 534/1115/427 535/1116/427
f 531/1/428 538/1117/428 532/1118/428
f 536/1119/429 542/1120/429 537/5/429
f 532/1121/430 539/1122/430 533/1123/430
f 533/1124/431 540/1125/431 534/1126/431
f 540/1127/432 535/1128/432 534/1129/432
f 541/1130/433 536/1131/433 535/1132/433
f 544/1133/434 549/1134/434 543/1135/434
f 544/1136/435 547/1137/435 548/1138/435
f 545/1139/436 546/1140/436 547/390/436
f 543/1/437 550/1141/437 544/1142/437
f 548/1143/438 554/1144/438 549/6/438
f 544/1145/439 551/1146/439 545/1147/439
f 545/1148/440 552/1149/440 546/1150/440
f 552/1151/441 547/1152/441 546/1153/441
f 553/1154/442 548/1155/442 547/1156/442
f 555/1157/443 560/1158/443 561/1159/443
f 557/1160/444 560/1161/444 556/1162/444
f 557/1163/445 558/1164/445 559/364/445
f 555/7/446 562/1165/446 556/1166/446
f 560/1167/447 566/1168/447 561/6/447
f 556/1169/448 563/1170/448 557/1171/448
f 557/1172/449 564/1173/449 558/1174/449
f 564/1175/450 559/1176/450 558/1177/450
f 565/1178/451 560/1179/451 559/1180/451
f 568/1181/452 573/1182/452 567/1183/452
f 569/1184/453 572/1185/453 568/1186/453
f 569/431/454 570/1187/454 571/1188/454
f 567/7/455 574/1189/455 568/1190/455
f 572/1191/456 578/1192/456 573/6/456
f 568/1193/457 575/1194/457 569/1195/457
f 569/1196/458 576/1197/458 570/1198/458
f 576/1199/459 571/1200/459 570/1201/459
f 577/1202/460 572/1203/460 571/1204/460
f 580/1205/461 585/1206/461 579/1207/461
f 581/1208/462 584/1209/462 580/1210/462
f 581/1211/463 582/1212/463 583/364/463
f 579/7/464 586/1213/464 580/1214/464
f 584/1215/465 590/1216/465 585/6/465
f 580/1217/466 587/1218/466 581/1219/466
f 581/1220/467 588/1221/467 582/1222/467
f 588/1223/468 583/1224/468 582/1225/468
f 589/1226/469 584/1227/469 583/1228/469
f 591/1229/470 596/1230/470 597/1231/470
f 593/1232/471 596/1233/471 592/1234/471
f 593/342/472 594/1235/472 595/1236/472
f 591/7/473 598/1237/473 592/1238/473
f 596/1239/474 602/1240/474 597/1/474
f 592/1241/475 599/1242/475 593/1243/475
f 593/1244/476 600/1245/476 594/1246/476
f 600/1247/477 595/1248/477 594/1249/477
f 601/1250/478 596/1251/478 595/1252/478
f 604/1253/479 609/1254/479 603/1255/479
f 604/1256/480 607/1257/480 608/1258/480
f 605/1259/481 606/1260/481 607/475/481
f 603/5/482 610/1261/482 604/1262/482
f 608/1263/483 614/1264/483 609/1/483
f 604/1265/484 611/1266/484 605/1267/484
f 605/1268/485 612/1269/485 606/1270/485
f 612/1271/486 607/1272/486 606/1273/486
f 613/1274/487 608/1275/487 607/1276/487
f 615/1277/488 620/1278/488 621/1279/488
f 617/1280/489 620/1281/489 616/1282/489
f 617/342/490 618/1283/490 619/1284/490
f 615/5/491 622/1285/491 616/1286/491
f 620/1287/492 626/1288/492 621/1/492
f 616/1289/493 623/1290/493 617/1291/493
f 617/1292/494 624/1293/494 618/1294/494
f 624/1295/495 619/1296/495 618/1297/495
f 625/1298/496 620/1299/496 619/1300/496
f 627/1301/497 632/1302/497 633/1303/497
f 629/1304/498 632/1305/498 628/1306/498
f 629/699/499 630/1307/499 631/1308/499
f 627/5/500 634/1309/500 628/1310/500
f 632/1311/501 638/1312/501 633/7/501
f 628/1313/502 635/1314/502 629/1315/502
f 629/1316/503 636/1317/503 630/6/503
f 636/1318/504 631/1319/504 630/7/504
f 637/1320/505 632/1321/505 631/1322/505
f 640/1323/506 645/1324/506 639/1325/506
f 641/1326/507 644/1327/507 640/1328/507
f 641/1329/508 642/1330/508 643/319/508
f 639/6/509 646/1331/509 640/1332/509
f 644/1333/510 650/1334/510 645/7/510
f 640/1335/511 647/1336/511 641/1337/511
f 641/1338/512 648/1339/512 642/1340/512
f 648/1341/513 643/1342/513 642/1343/513
f 649/1344/514 644/1345/514 643/1346/514
f 652/1347/515 657/1348/515 651/1349/515
f 652/1350/516 655/1351/516 656/1352/516
f 653/1353/517 654/390/517 655/1354/517
f 651/6/518 658/1355/518 652/1356/518
f 656/1357/519 662/1358/519 657/7/519
f 652/1359/520 659/1360/520 653/1361/520
f 653/1362/521 660/1363/521 654/1364/521
f 660/1365/522 655/1366/522 654/1367/522
f 661/1368/523 656/1369/523 655/1370/523
f 663/1371/524 668/1372/524 669/1373/524
f 665/1374/525 668/1375/525 664/1376/525
f 665/475/526 666/1377/526 667/1378/526
f 663/6/527 670/1379/527 664/1380/527
f 668/1381/528 674/1382/528 669/7/528
f 664/1383/529 671/1384/529 665/1385/529
f 665/1386/530 672/1387/530 666/1388/530
f 672/1389/531 667/1390/531 666/1391/531
f 673/1392/532 668/1393/532 667/1394/532
f 675/1395/533 680/1396/533 681/1397/533
f 677/1398/534 680/1399/534 676/1400/534
f 677/1401/535 678/1402/535 679/390/535
f 675/6/536 682/1403/536 676/1404/536
f 680/1405/537 686/1406/537 681/5/537
f 676/1407/538 683/1408/538 677/1409/538
f 677/1410/539 684/1411/539 678/1412/539
f 684/1413/540 679/1414/540 678/1415/540
f 685/1416/541 680/1417/541 679/1418/541
f 688/1419/542 693/1420/542 687/1421/542
f 688/1422/543 691/1423/543 692/1424/543
f 689/1425/544 690/475/544 691/1426/544
f 687/1/545 694/1427/545 688/1428/545
f 692/1429/546 698/1430/546 693/5/546
f 688/1431/547 695/1432/547 689/1433/547
f 689/1434/548 696/1435/548 690/1436/548
f 696/1437/549 691/1438/549 690/1439/549
f 697/1440/550 692/1441/550 691/1442/550
f 700/1443/551 705/1444/551 699/1445/551
f 701/1446/552 704/1447/552 700/1448/552
f 701/364/553 702/1449/553 703/1450/553
f 699/1/554 706/1451/554 700/1452/554
f 704/1453/555 710/1454/555 705/5/555
f 700/1455/556 707/1456/556 701/1457/556
f 701/1458/557 708/1459/557 702/1460/557
f 708/1461/558 703/1462/558 702/1463/558
f 709/1464/559 704/1465/559 703/1466/559
f 712/1467/560 717/1468/560 711/1469/560
f 713/1470/561 716/1471/561 712/1472/561
f 713/1473/562 714/1474/562 715/364/562
f 711/1/563 718/1475/563 712/1476/563
f 716/1477/564 722/1478/564 717/6/564
f 712/1479/565 719/1480/565 713/1481/565
f 713/1482/566 720/1483/566 714/1484/566
f 720/1485/567 715/1486/567 714/1487/567
f 721/1488/568 716/1489/568 715/1490/568
f 723/1491/569 728/1492/569 729/1493/569
f 725/1494/570 728/1495/570 724/1496/570
f 725/1497/571 726/1498/571 727/364/571
f 723/7/572 730/1499/572 724/1500/572
f 728/1501/573 734/1502/573 729/6/573
f 724/1503/574 731/1504/574 725/1505/574
f 725/1506/575 732/1507/575 726/1508/575
f 732/1509/576 727/1510/576 726/1511/576
f 733/1512/577 728/1513/577 727/1514/577
f 736/1515/578 741/1516/578 735/1517/578
f 736/1518/579 739/1519/579 740/1520/579
f 737/390/580 738/1521/580 739/1522/580
f 735/7/581 742/1523/581 736/1524/581
f 740/1525/582 746/1526/582 741/6/582
f 736/1527/583 743/1528/583 737/1529/583
f 737/1530/584 744/1531/584 738/1532/584
f 744/1533/585 739/1534/585 738/1535/585
f 745/1536/586 740/1537/586 739/1538/586
f 748/1539/587 753/1540/587 747/1541/587
f 749/1542/588 752/1543/588 748/1544/588
f 749/1545/589 750/319/589 751/1546/589
f 747/7/590 754/1547/590 748/1548/590
f 752/1549/591 758/1550/591 753/1/591
f 748/1551/592 755/1552/592 749/1553/592
f 749/1554/593 756/1555/593 750/1556/593
f 756/1557/594 751/1558/594 750/1/594
f 757/1559/595 752/1560/595 751/1561/595
f 760/1562/596 765/1563/596 759/1564/596
f 760/1565/597 763/1566/597 764/1567/597
f 761/1568/598 762/1569/598 763/475/598
f 759/5/599 766/1570/599 760/1571/599
f 764/1572/600 770/1573/600 765/1/600
f 760/1574/601 767/1575/601 761/1576/601
f 761/1577/602 768/1578/602 762/1579/602
f 768/1580/603 763/1581/603 762/1582/603
f 769/1583/604 764/1584/604 763/1585/604
f 771/1586/605 776/1587/605 777/1588/605
f 772/1589/606 775/1590/606 776/1591/606
f 773/1592/607 774/433/607 775/1593/607
f 771/5/608 778/1594/608 772/1595/608
f 776/1596/609 782/1597/609 777/1/609
f 772/1598/610 779/1599/610 773/1600/610
f 773/1601/611 780/1602/611 774/1603/611
f 780/1604/612 775/1605/612 774/1606/612
f 781/1607/613 776/1608/613 775/1609/613
f 783/1610/614 788/1611/614 789/1612/614
f 785/1613/615 788/1614/615 784/1615/615
f 785/319/616 786/1616/616 787/1617/616
f 783/5/617 790/1618/617 784/1619/617
f 788/1620/618 794/1621/618 789/7/618
f 784/1622/619 791/1623/619 785/1624/619
f 785/1625/620 792/1626/620 786/1627/620
f 792/1628/621 787/1629/621 786/7/621
f 793/1630/622 788/1631/622 787/1632/622
f 795/1633/623 800/1634/623 801/1635/623
f 796/1636/624 799/1637/624 800/1638/624
f 797/1639/625 798/1640/625 799/342/625
f 795/6/626 802/1641/626 796/1642/626
f 800/1643/627 806/1644/627 801/7/627
f 796/1645/628 803/1646/628 797/1647/628
f 797/1648/629 804/1649/629 798/6/629
f 804/1650/630 799/1651/630 798/1652/630
f 805/1653/631 800/1654/631 799/1655/631
f 808/1656/632 813/1657/632 807/1658/632
f 808/1659/633 811/1660/633 812/1661/633
f 809/699/634 810/1662/634 811/1663/634
f 807/6/635 814/1664/635 808/1665/635
f 812/1666/636 818/1667/636 813/7/636
f 808/1668/637 815/1669/637 809/1670/637
f 809/1671/638 816/1672/638 810/1673/638
f 816/1674/639 811/1675/639 810/1676/639
f 817/1677/640 812/1678/640 811/1679/640
f 820/1680/641 825/1681/641 819/1682/641
f 820/1683/642 823/1684/642 824/471/642
f 821/1685/643 822/1686/643 823/390/643
f 819/6/644 826/1687/644 820/1688/644
f 824/1689/645 830/1690/645 825/5/645
f 820/1691/646 827/1692/646 821/7/646
f 821/1693/647 828/1694/647 822/1695/647
f 828/1696/648 823/1697/648 822/1698/648
f 829/1699/649 824/1700/649 823/1701/649
f 832/1702/650 837/1703/650 831/1704/650
f 832/1705/651 835/1706/651 836/1707/651
f 833/364/652 834/1708/652 835/1709/652
f 831/1/653 838/1710/653 832/1711/653
f 836/1712/654 842/1713/654 837/5/654
f 832/1714/655 839/1715/655 833/1716/655
f 833/1717/656 840/1718/656 834/1719/656
f 840/1720/657 835/1721/657 834/1722/657
f 841/1723/658 836/1724/658 835/1725/658
f 843/1726/659 848/1727/659 849/1728/659
f 845/1729/660 848/1730/660 844/1731/660
f 845/364/661 846/1732/661 847/1733/661
f 843/1/662 850/1734/662 844/1735/662
f 848/1736/663 854/1737/663 849/5/663
f 844/1738/664 851/1739/664 845/1740/664
f 845/1741/665 852/1742/665 846/1743/665
f 852/1744/666 847/1745/666 846/1746/666
f 853/1747/667 848/1748/667 847/1749/667
f 855/1750/668 860/1751/668 861/1752/668
f 856/1753/669 859/1754/669 860/1755/669
f 857/1756/670 858/1757/670 859/364/670
f 855/1758/671 862/1759/671 856/7/671
f 860/1760/672 866/1761/672 861/6/672
f 856/1762/673 863/1763/673 857/1764/673
f 857/1765/674 864/1766/674 858/1767/674
f 864/1768/675 859/1769/675 858/1770/675
f 865/1771/676 860/1772/676 859/1773/676
f 868/1774/677 873/1775/677 867/1776/677
f 868/1777/678 871/1778/678 872/1779/678
f 869/390/679 870/1780/679 871/1781/679
f 867/7/680 874/1782/680 868/1783/680
f 872/1784/681 878/1785/681 873/6/681
f 868/1786/682 875/1787/682 869/1788/682
f 869/1789/683 876/1790/683 870/1791/683
f 876/1792/684 871/1793/684 870/1794/684
f 877/1795/685 872/1796/685 871/1797/685
f 879/1798/686 884/1799/686 885/1800/686
f 881/1801/687 884/1802/687 880/1803/687
f 881/390/688 882/1804/688 883/1805/688
f 879/7/689 886/1806/689 880/1807/689
f 884/1808/690 890/1809/690 885/1/690
f 880/1810/691 887/1811/691 881/1812/691
f 881/1813/692 888/1814/692 882/1815/692
f 888/1816/693 883/1817/693 882/1818/693
f 889/1819/694 884/1820/694 883/1821/694
f 891/1822/695 896/1823/695 897/1824/695
f 893/1825/696 896/1826/696 892/1827/696
f 893/1828/697 894/1829/697 895/475/697
f 891/5/698 898/1830/698 892/1831/698
f 896/1832/699 902/1833/699 897/1/699
f 892/1834/700 899/1835/700 893/1836/700
f 893/1837/701 900/1838/701 894/1839/701
f 900/1840/702 895/1841/702 894/1842/702
f 901/1843/703 896/1844/703 895/1845/703
f 903/1846/704 908/1847/704 909/1848/704
f 905/1849/705 908/1850/705 904/1851/705
f 905/1852/706 906/1853/706 907/475/706
f 903/5/707 910/1854/707 904/1855/707
f 908/1856/708 914/1857/708 909/1/708
f 904/1858/709 911/1859/709 905/1860/709
f 905/1861/710 912/1862/710 906/1863/710
f 912/1864/711 907/1865/711 906/1866/711
f 913/1867/712 908/1868/712 907/1869/712
f 915/1870/713 920/1871/713 921/1872/713
f 917/1873/714 920/1874/714 916/1875/714
f 917/319/715 918/1876/715 919/1877/715
f 915/5/716 922/1878/716 916/1879/716
f 920/1880/717 926/1881/717 921/7/717
f 916/1882/718 923/1883/718 917/1884/718
f 917/1885/719 924/1886/719 918/1887/719
f 924/1888/720 919/1889/720 918/1890/720
f 925/1891/721 920/1892/721 919/1893/721
f 928/1894/722 933/1895/722 927/1896/722
f 929/1897/723 932/1898/723 928/1899/723
f 929/1900/724 930/1901/724 931/319/724
f 927/6/725 934/1902/725 928/1903/725
f 932/1904/726 938/1905/726 933/7/726
f 928/1906/727 935/1907/727 929/1908/727
f 929/1909/728 936/1910/728 930/1911/728
f 936/1912/729 931/1913/729 930/1914/729
f 937/1915/730 932/1916/730 931/1917/730
f 939/1918/731 944/1919/731 945/1920/731
f 941/1921/732 944/1922/732 940/1923/732
f 941/1924/733 942/1925/733 943/342/733
f 939/1926/734 946/1927/734 940/5/734
f 944/1/735 950/1928/735 945/1929/735
f 940/1930/736 947/1931/736 941/1932/736
f 941/1933/737 948/1934/737 942/1935/737
f 948/1936/738 943/1937/738 942/1938/738
f 949/1939/739 944/1940/739 943/1941/739
f 951/1942/740 956/364/740 957/1943/740
f 952/390/741 955/1944/741 956/1945/741
f 953/431/742 954/1946/742 955/1947/742
f 951/1948/743 958/1949/743 952/5/743
f 956/6/744 962/1950/744 957/1951/744
f 952/1952/745 959/1953/745 953/1954/745
f 953/1955/746 960/1956/746 954/1957/746
f 960/1958/747 955/1959/747 954/1960/747
f 961/1961/748 956/1962/748 955/1/748
f 963/1963/749 968/1964/749 969/1965/749
f 965/1966/750 968/1967/750 964/1968/750
f 965/433/751 966/1969/751 967/1970/751
f 963/1971/752 970/1972/752 964/7/752
f 968/6/753 974/1973/753 969/1974/753
f 964/1975/754 971/1976/754 965/1977/754
f 965/1978/755 972/1979/755 966/1980/755
f 972/1981/756 967/1982/756 966/1983/756
f 973/1984/757 968/1985/757 967/1986/757
f 976/1987/758 981/1988/758 975/1989/758
f 976/319/759 979/1990/759 980/1991/759
f 977/433/760 978/1992/760 979/1993/760
f 975/1994/761 982/1995/761 976/7/761
f 980/7/762 986/1996/762 981/1997/762
f 976/1998/763 983/1999/763 977/2000/763
f 977/2001/764 984/2002/764 978/2003/764
f 984/2004/765 979/2005/765 978/2006/765
f 985/2007/766 980/2008/766 979/6/766
f 987/2009/767 992/2010/767 993/2011/767
f 988/2012/768 991/2013/768 992/2014/768
f 989/431/769 990/2015/769 991/433/769
f 987/7/770 994/2016/770 988/2017/770
f 992/7/771 998/2018/771 993/2019/771
f 988/2020/772 995/2021/772 989/6/772
f 989/2022/773 996/2023/773 990/6/773
f 996/2024/774 991/2025/774 990/2026/774
f 997/2027/775 992/2028/775 991/2029/775
f 1000/2030/776 1005/2031/776 999/2032/776
f 1000/364/777 1003/2033/777 1004/2034/777
f 1001/431/778 1002/2035/778 1003/2036/778
f 999/2037/779 1006/2038/779 1000/6/779
f 1004/2039/780 1010/2040/780 1005/6/780
f 1000/2041/781 1007/2042/781 1001/2043/781
f 1001/2044/782 1008/2045/782 1002/2046/782
f 1008/2047/783 1003/2048/783 1002/7/783
f 1009/2049/784 1004/2050/784 1003/7/784
f 1012/475/785 1017/2051/785 1011/2052/785
f 1012/2053/786 1015/2054/786 1016/319/786
f 1013/2055/787 1014/2056/787 1015/699/787
f 1011/2057/788 1018/2058/788 1012/6/788
f 1016/5/789 1022/2059/789 1017/2060/789
f 1012/2061/790 1019/2062/790 1013/1/790
f 1013/2063/791 1020/2064/791 1014/1/791
f 1020/2065/792 1015/2066/792 1014/2067/792
f 1021/2068/793 1016/2069/793 1015/2070/793
f 1023/2071/794 1028/2072/794 1029/2073/794
f 1025/2074/795 1028/2075/795 1024/2076/795
f 1025/2077/796 1026/2078/796 1027/699/796
f 1023/2079/797 1030/2080/797 1024/1/797
f 1028/5/798 1034/2081/798 1029/2082/798
f 1024/2083/799 1031/2084/799 1025/2085/799
f 1025/2086/800 1032/2087/800 1026/2088/800
f 1032/2089/801 1027/1/801 1026/2090/801
f 1033/2091/802 1028/2092/802 1027/5/802
f 1035/2093/803 1040/2094/803 1041/2095/803
f 1037/2096/804 1040/364/804 1036/2097/804
f 1037/2098/805 1038/2099/805 1039/433/805
f 1035/2100/806 1042/2101/806 1036/1/806
f 1040/1/807 1046/2102/807 1041/2103/807
f 1036/2104/808 1043/2105/808 1037/5/808
f 1037/2106/809 1044/2107/809 1038/2108/809
f 1044/2109/810 1039/2110/810 1038/2111/810
f 1045/2112/811 1040/2113/811 1039/5/811
f 1048/2114/812 1053/2115/812 1047/2116/812
f 1048/390/813 1051/2117/813 1052/2118/813
f 1049/431/814 1050/2119/814 1051/2120/814
f 1047/7/815 1054/2121/815 1048/2122/815
f 1052/2123/816 1058/2124/816 1053/1/816
f 1048/2125/817 1055/2126/817 1049/5/817
f 1049/2127/818 1056/2128/818 1050/2129/818
f 1056/2130/819 1051/2131/819 1050/1/819
f 1057/2132/820 1052/2133/820 1051/2134/820
f 1059/2135/821 1064/2136/821 1065/2137/821
f 1060/2138/822 1063/2139/822 1064/2140/822
f 1061/342/823 1062/2141/823 1063/699/823
f 1059/5/824 1066/2142/824 1060/2143/824
f 1064/2144/825 1070/2145/825 1065/1/825
f 1060/2146/826 1067/2147/826 1061/7/826
f 1061/2148/827 1068/2149/827 1062/2150/827
f 1068/2151/828 1063/2152/828 1062/2153/828
f 1069/2154/829 1064/2155/829 1063/6/829
f 1072/364/830 1077/2156/830 1071/2157/830
f 1072/2158/831 1075/2159/831 1076/390/831
f 1073/2160/832 1074/2161/832 1075/431/832
f 1071/5/833 1078/2162/833 1072/2163/833
f 1076/2164/834 1082/2165/834 1077/5/834
f 1072/2166/835 1079/2167/835 1073/2168/835
f 1073/2169/836 1080/2170/836 1074/2171/836
f 1080/2172/837 1075/2173/837 1074/2174/837
f 1081/2175/838 1076/2176/838 1075/7/838
f 1084/2177/839 1089/2178/839 1083/2179/839
f 1084/364/840 1087/2180/840 1088/2181/840
f 1085/433/841 1086/2182/841 1087/2183/841
f 1083/1/842 1090/2184/842 1084/2185/842
f 1088/5/843 1094/2186/843 1089/7/843
f 1084/2187/844 1091/2188/844 1085/6/844
f 1085/2189/845 1092/2190/845 1086/2191/845
f 1092/2192/846 1087/2193/846 1086/2194/846
f 1093/2195/847 1088/2196/847 1087/2197/847
f 1096/2198/848 1101/2199/848 1095/2200/848
f 1097/2201/849 1100/2202/849 1096/2203/849
f 1097/2204/850 1098/2205/850 1099/342/850
f 1095/2206/851 1102/2207/851 1096/1/851
f 1100/5/852 1106/2208/852 1101/2209/852
f 1096/2210/853 1103/2211/853 1097/2212/853
f 1097/2213/854 1104/2214/854 1098/2215/854
f 1104/2216/855 1099/2217/855 1098/2218/855
f 1105/2219/856 1100/2220/856 1099/2221/856
f 1108/390/857 1113/2222/857 1107/2223/857
f 1109/2224/858 1112/364/858 1108/2225/858
f 1109/2226/859 1110/2227/859 1111/433/859
f 1107/6/860 1114/2228/860 1108/1/860
f 1112/2229/861 1118/2230/861 1113/6/861
f 1108/2231/862 1115/2232/862 1109/2233/862
f 1109/2234/863 1116/2235/863 1110/5/863
f 1116/2236/864 1111/2237/864 1110/2238/864
f 1117/2239/865 1112/2240/865 1111/1/865
f 3/25/2 15/2241/2 14/26/2
f 4/28/3 16/2242/3 15/29/3
f 5/31/4 17/2243/4 16/32/4
f 6/34/5 18/2244/5 17/35/5
f 7/37/6 19/2245/6 18/38/6
f 8/40/7 20/2246/7 19/41/7
f 9/43/8 21/2247/8 20/44/8
f 10/46/9 22/2248/9 21/47/9
f 11/49/10 23/2249/10 22/50/10
f 12/52/11 24/2250/11 23/53/11
f 13/55/12 25/2251/12 24/56/12
f 2/58/13 14/2252/13 25/59/13
f 15/61/14 27/2253/14 26/62/14
f 16/64/15 28/5/15 27/6/15
f 17/66/16 29/2254/16 28/67/16
f 18/69/17 30/2255/17 29/70/17
f 19/72/18 31/1/18 30/5/18
f 20/74/19 32/2256/19 31/75/19
f 21/77/20 33/2257/20 32/78/20
f 22/80/21 34/7/21 33/1/21
f 23/82/22 35/2258/22 34/83/22
f 24/85/23 36/2259/23 35/86/23
f 25/88/24 37/6/24 36/7/24
f 14/90/25 26/2260/25 37/91/25
f 26/93/26 27/2261/26 39/94/26
f 28/96/27 40/2262/27 39/97/27
f 28/99/28 29/2263/28 41/100/28
f 29/102/29 30/2264/29 42/103/29
f 31/105/30 43/2265/30 42/106/30
f 31/108/31 32/2266/31 44/109/31
f 32/111/32 33/2267/32 45/112/32
f 34/114/33 46/2268/33 45/115/33
f 34/117/34 35/2269/34 47/118/34
f 35/120/35 36/2270/35 48/121/35
f 37/123/36 49/2271/36 48/124/36
f 37/126/37 26/2272/37 38/127/37
f 39/129/38 51/2273/38 50/130/38
f 40/132/39 52/2274/39 51/133/39
f 41/135/40 53/2275/40 52/136/40
f 42/138/41 54/2276/41 53/139/41
f 43/141/42 55/2277/42 54/142/42
f 44/144/43 56/2278/43 55/145/43
f 45/147/44 57/2279/44 56/148/44
f 46/150/45 58/2280/45 57/151/45
f 47/153/46 59/2281/46 58/154/46
f 48/156/47 60/2282/47 59/157/47
f 49/159/48 61/2283/48 60/160/48
f 38/162/49 50/2284/49 61/163/49
f 51/165/50 63/2285/50 62/166/50
f 52/168/51 64/2286/51 63/169/51
f 53/171/52 65/2287/52 64/172/52
f 54/174/53 66/2288/53 65/175/53
f 55/177/54 67/2289/54 66/178/54
f 56/180/55 68/2290/55 67/181/55
f 57/183/56 69/2291/56 68/184/56
f 58/186/57 70/2292/57 69/187/57
f 59/189/58 71/2293/58 70/190/58
f 60/192/59 72/2294/59 71/193/59
f 61/195/60 73/2295/60 72/196/60
f 50/198/61 62/2296/61 73/199/61
f 63/201/62 75/2297/62 74/202/62
f 64/204/63 76/2298/63 75/205/63
f 65/207/64 77/2299/64 76/208/64
f 66/210/65 78/2300/65 77/211/65
f 67/213/66 79/2301/66 78/214/66
f 68/216/67 80/2302/67 79/217/67
f 69/219/68 81/2303/68 80/220/68
f 70/222/69 82/2304/69 81/223/69
f 71/225/70 83/2305/70 82/226/70
f 72/228/71 84/2306/71 83/229/71
f 73/231/72 85/2307/72 84/232/72
f 62/234/73 74/2308/73 85/235/73
f 75/237/74 87/2309/74 86/238/74
f 75/240/75 76/2310/75 88/241/75
f 76/243/76 77/2311/76 89/244/76
f 78/246/77 90/2312/77 89/247/77
f 78/249/78 79/2313/78 91/250/78
f 79/252/79 80/2314/79 92/253/79
f 81/255/80 93/2315/80 92/256/80
f 81/258/81 82/2316/81 94/259/81
f 82/261/82 83/2317/82 95/262/82
f 84/264/83 96/2318/83 95/265/83
f 84/267/84 85/2319/84 97/268/84
f 85/270/85 74/2320/85 86/271/85
f 87/273/86 99/2321/86 98/274/86
f 88/1/87 100/2322/87 99/276/87
f 88/277/88 89/2323/88 101/278/88
f 90/280/89 102/2324/89 101/281/89
f 91/5/90 103/2325/90 102/283/90
f 91/284/91 92/2326/91 104/285/91
f 93/287/92 105/2327/92 104/288/92
f 94/6/93 106/2328/93 105/290/93
f 94/291/94 95/2329/94 107/292/94
f 96/294/95 108/2330/95 107/295/95
f 97/7/96 109/2331/96 108/297/96
f 97/298/97 86/2332/97 98/299/97
f 111/311/110 112/2333/110 116/312/110
f 112/314/111 113/2334/111 115/315/111
f 112/324/866 118/2335/866 119/325/866
f 113/327/867 119/2336/867 120/328/867
f 120/329/868 121/2337/868 115/330/868
f 121/332/869 122/2338/869 116/333/869
f 123/335/119 124/2339/119 128/336/119
f 125/338/870 127/2340/870 128/316/870
f 124/347/871 130/2341/871 131/348/871
f 125/349/872 131/2342/872 132/350/872
f 132/352/873 133/2343/873 127/353/873
f 133/355/874 134/2344/874 128/356/874
f 135/358/128 136/2345/128 140/359/128
f 137/361/129 139/2346/129 140/362/129
f 136/371/875 142/2347/875 143/372/875
f 137/374/876 143/2348/876 144/375/876
f 144/377/877 145/2349/877 139/378/877
f 145/379/878 146/2350/878 140/380/878
f 147/382/137 148/2351/137 152/383/137
f 149/385/138 151/2352/138 152/386/138
f 148/395/879 154/2353/879 155/396/879
f 149/397/880 155/2354/880 156/398/880
f 156/400/881 157/2355/881 151/401/881
f 157/403/882 158/2356/882 152/404/882
f 160/405/146 164/2357/146 165/406/146
f 160/386/147 161/2358/147 163/408/147
f 160/415/883 166/2359/883 167/416/883
f 161/418/884 167/2360/884 168/419/884
f 168/421/885 169/2361/885 163/7/885
f 169/423/886 170/2362/886 164/424/886
f 172/426/155 176/2363/155 177/427/155
f 172/429/156 173/2364/156 175/430/156
f 172/437/887 178/2365/887 179/438/887
f 173/6/888 179/2366/888 180/440/888
f 180/442/889 181/2367/889 175/443/889
f 181/445/890 182/2368/890 176/446/890
f 183/447/164 184/2369/164 188/448/164
f 184/316/165 185/2370/165 187/450/165
f 184/457/891 190/2371/891 191/458/891
f 185/459/892 191/2372/892 192/460/892
f 192/462/893 193/2373/893 187/463/893
f 193/465/894 194/2374/894 188/466/894
f 196/467/173 200/2375/173 201/468/173
f 197/470/174 199/2376/174 200/471/174
f 196/480/895 202/2377/895 203/481/895
f 197/1/896 203/2378/896 204/483/896
f 204/485/897 205/2379/897 199/486/897
f 205/488/898 206/2380/898 200/489/898
f 207/491/182 208/2381/182 212/492/182
f 208/471/183 209/2382/183 211/494/183
f 208/502/899 214/2383/899 215/503/899
f 209/504/900 215/2384/900 216/505/900
f 216/507/901 217/2385/901 211/508/901
f 217/510/902 218/2386/902 212/511/902
f 220/512/191 224/2387/191 225/513/191
f 220/515/192 221/2388/192 223/516/192
f 220/523/903 226/2389/903 227/524/903
f 221/526/904 227/2390/904 228/527/904
f 228/528/905 229/2391/905 223/529/905
f 229/531/906 230/2392/906 224/532/906
f 231/533/200 232/2393/200 236/534/200
f 232/536/201 233/2394/201 235/537/201
f 232/543/907 238/2395/907 239/544/907
f 233/546/908 239/2396/908 240/547/908
f 240/549/909 241/2397/909 235/550/909
f 241/552/910 242/2398/910 236/553/910
f 243/555/209 244/2399/209 248/556/209
f 244/558/210 245/2400/210 247/559/210
f 244/566/911 250/2401/911 251/567/911
f 245/569/912 251/2402/912 252/570/912
f 252/572/913 253/2403/913 247/573/913
f 253/575/914 254/2404/914 248/576/914
f 256/578/218 260/2405/218 261/579/218
f 256/581/219 257/2406/219 259/582/219
f 256/590/915 262/2407/915 263/591/915
f 257/593/916 263/2408/916 264/594/916
f 264/595/917 265/2409/917 259/596/917
f 265/597/918 266/2410/918 260/598/918
f 267/600/227 268/2411/227 272/601/227
f 268/603/228 269/2412/228 271/604/228
f 268/611/919 274/2413/919 275/612/919
f 269/614/920 275/2414/920 276/615/920
f 276/617/921 277/2415/921 271/618/921
f 277/620/922 278/2416/922 272/621/922
f 280/623/236 284/2417/236 285/624/236
f 280/626/237 281/2418/237 283/627/237
f 280/634/923 286/2419/923 287/635/923
f 281/637/924 287/2420/924 288/638/924
f 288/640/925 289/2421/925 283/641/925
f 289/643/926 290/2422/926 284/644/926
f 292/646/245 296/2423/245 297/647/245
f 292/649/246 293/2424/246 295/650/246
f 292/658/927 298/2425/927 299/659/927
f 293/661/928 299/2426/928 300/662/928
f 300/664/929 301/2427/929 295/665/929
f 301/666/930 302/2428/930 296/667/930
f 303/669/254 304/2429/254 308/670/254
f 304/672/255 305/2430/255 307/673/255
f 304/681/931 310/2431/931 311/682/931
f 305/684/932 311/2432/932 312/685/932
f 312/686/933 313/2433/933 307/687/933
f 313/689/934 314/2434/934 308/690/934
f 315/692/263 316/2435/263 320/693/263
f 317/695/264 319/2436/264 320/696/264
f 316/704/935 322/2437/935 323/705/935
f 317/707/936 323/2438/936 324/708/936
f 324/710/937 325/2439/937 319/711/937
f 325/713/938 326/2440/938 320/714/938
f 328/716/272 332/2441/272 333/717/272
f 329/719/273 331/2442/273 332/720/273
f 328/726/939 334/2443/939 335/727/939
f 329/729/940 335/2444/940 336/730/940
f 336/732/941 337/2445/941 331/733/941
f 337/735/942 338/2446/942 332/736/942
f 339/738/281 340/2447/281 344/739/281
f 341/741/282 343/2448/282 344/742/282
f 340/749/943 346/2449/943 347/750/943
f 341/751/944 347/2450/944 348/752/944
f 348/754/945 349/2451/945 343/755/945
f 349/756/946 350/2452/946 344/757/946
f 351/759/290 352/2453/290 356/760/290
f 353/762/291 355/2454/291 356/763/291
f 352/770/947 358/2455/947 359/771/947
f 353/773/948 359/2456/948 360/774/948
f 360/776/949 361/2457/949 355/777/949
f 361/779/950 362/2458/950 356/780/950
f 363/782/299 364/2459/299 368/783/299
f 365/785/300 367/2460/300 368/786/300
f 364/793/951 370/2461/951 371/794/951
f 365/796/952 371/2462/952 372/797/952
f 372/799/953 373/2463/953 367/800/953
f 373/802/954 374/2464/954 368/803/954
f 375/805/308 376/2465/308 380/806/308
f 377/808/309 379/2466/309 380/809/309
f 376/816/955 382/2467/955 383/817/955
f 377/819/956 383/2468/956 384/820/956
f 384/822/957 385/2469/957 379/823/957
f 385/825/958 386/2470/958 380/826/958
f 388/828/317 392/2471/317 393/829/317
f 388/831/318 389/2472/318 391/832/318
f 388/839/959 394/2473/959 395/840/959
f 389/842/960 395/2474/960 396/843/960
f 396/845/961 397/2475/961 391/846/961
f 397/848/962 398/2476/962 392/849/962
f 400/851/326 404/2477/326 405/852/326
f 401/854/327 403/2478/327 404/855/327
f 400/863/963 406/2479/963 407/864/963
f 401/866/964 407/2480/964 408/867/964
f 408/869/965 409/2481/965 403/870/965
f 409/872/966 410/2482/966 404/873/966
f 411/875/335 412/2483/335 416/876/335
f 413/878/336 415/2484/336 416/879/336
f 412/886/967 418/2485/967 419/887/967
f 413/889/968 419/2486/968 420/890/968
f 420/892/969 421/2487/969 415/893/969
f 421/895/970 422/2488/970 416/896/970
f 423/898/344 424/2489/344 428/899/344
f 424/901/345 425/2490/345 427/902/345
f 424/909/971 430/2491/971 431/910/971
f 425/912/972 431/2492/972 432/913/972
f 432/915/973 433/2493/973 427/916/973
f 433/918/974 434/2494/974 428/919/974
f 436/921/353 440/2495/353 441/922/353
f 437/924/354 439/2496/354 440/925/354
f 436/933/975 442/2497/975 443/934/975
f 437/936/976 443/2498/976 444/937/976
f 444/939/977 445/2499/977 439/940/977
f 445/942/978 446/2500/978 440/943/978
f 447/945/362 448/2501/362 452/946/362
f 449/948/363 451/2502/363 452/949/363
f 448/957/979 454/2503/979 455/958/979
f 449/960/980 455/2504/980 456/961/980
f 456/963/981 457/2505/981 451/964/981
f 457/966/982 458/2506/982 452/967/982
f 460/969/371 464/2507/371 465/970/371
f 460/972/372 461/2508/372 463/973/372
f 460/980/983 466/2509/983 467/981/983
f 461/983/984 467/2510/984 468/984/984
f 468/986/985 469/2511/985 463/987/985
f 469/989/986 470/2512/986 464/990/986
f 472/992/380 476/2513/380 477/993/380
f 473/995/381 475/2514/381 476/996/381
f 472/1004/987 478/2515/987 479/1005/987
f 473/1007/988 479/2516/988 480/1008/988
f 480/1009/989 481/2517/989 475/1010/989
f 481/1012/990 482/2518/990 476/1013/990
f 484/1015/991 488/2519/991 489/1016/991
f 485/1018/390 487/2520/390 488/1019/390
f 484/1027/992 490/2521/992 491/1028/992
f 485/1030/993 491/2522/993 492/1031/993
f 492/1033/994 493/2523/994 487/1034/994
f 493/1035/995 494/2524/995 488/1036/995
f 496/1038/398 500/2525/398 501/1039/398
f 496/1041/399 497/2526/399 499/1042/399
f 496/1050/996 502/2527/996 503/1051/996
f 497/1053/997 503/2528/997 504/1054/997
f 504/1056/998 505/2529/998 499/1057/998
f 505/1059/999 506/2530/999 500/1060/999
f 508/1062/407 512/2531/407 513/1063/407
f 508/1065/408 509/2532/408 511/1066/408
f 508/1074/1000 514/2533/1000 515/1075/1000
f 509/1077/1001 515/2534/1001 516/1078/1001
f 516/1080/1002 517/2535/1002 511/1081/1002
f 517/1082/1003 518/2536/1003 512/1083/1003
f 520/1085/416 524/2537/416 525/1086/416
f 521/1088/417 523/2538/417 524/1089/417
f 520/1097/1004 526/2539/1004 527/1098/1004
f 521/1100/1005 527/2540/1005 528/1101/1005
f 528/1103/1006 529/2541/1006 523/1104/1006
f 529/1106/1007 530/2542/1007 524/1107/1007
f 532/1109/425 536/2543/425 537/1110/425
f 532/1112/426 533/2544/426 535/1113/426
f 532/1121/1008 538/2545/1008 539/1122/1008
f 533/1124/1009 539/2546/1009 540/1125/1009
f 540/1127/1010 541/2547/1010 535/1128/1010
f 541/1130/1011 542/2548/1011 536/1131/1011
f 544/1133/434 548/2549/434 549/1134/434
f 544/1136/435 545/2550/435 547/1137/435
f 544/1145/1012 550/2551/1012 551/1146/1012
f 545/1148/1013 551/2552/1013 552/1149/1013
f 552/1151/1014 553/2553/1014 547/1152/1014
f 553/1154/1015 554/2554/1015 548/1155/1015
f 555/1157/443 556/2555/443 560/1158/443
f 557/1160/444 559/2556/444 560/1161/444
f 556/1169/1016 562/2557/1016 563/1170/1016
f 557/1172/1017 563/2558/1017 564/1173/1017
f 564/1175/1018 565/2559/1018 559/1176/1018
f 565/1178/1019 566/2560/1019 560/1179/1019
f 568/1181/452 572/2561/452 573/1182/452
f 569/1184/453 571/2562/453 572/1185/453
f 568/1193/1020 574/2563/1020 575/1194/1020
f 569/1196/1021 575/2564/1021 576/1197/1021
f 576/1199/1022 577/2565/1022 571/1200/1022
f 577/1202/1023 578/2566/1023 572/1203/1023
f 580/1205/461 584/2567/461 585/1206/461
f 581/1208/462 583/2568/462 584/1209/462
f 580/1217/1024 586/2569/1024 587/1218/1024
f 581/1220/1025 587/2570/1025 588/1221/1025
f 588/1223/1026 589/2571/1026 583/1224/1026
f 589/1226/1027 590/2572/1027 584/1227/1027
f 591/1229/470 592/2573/470 596/1230/470
f 593/1232/471 595/2574/471 596/1233/471
f 592/1241/1028 598/2575/1028 599/1242/1028
f 593/1244/1029 599/2576/1029 600/1245/1029
f 600/1247/1030 601/2577/1030 595/1248/1030
f 601/1250/1031 602/2578/1031 596/1251/1031
f 604/1253/479 608/2579/479 609/1254/479
f 604/1256/480 605/2580/480 607/1257/480
f 604/1265/1032 610/2581/1032 611/1266/1032
f 605/1268/1033 611/2582/1033 612/1269/1033
f 612/1271/1034 613/2583/1034 607/1272/1034
f 613/1274/1035 614/2584/1035 608/1275/1035
f 615/1277/488 616/2585/488 620/1278/488
f 617/1280/489 619/2586/489 620/1281/489
f 616/1289/1036 622/2587/1036 623/1290/1036
f 617/1292/1037 623/2588/1037 624/1293/1037
f 624/1295/1038 625/2589/1038 619/1296/1038
f 625/1298/1039 626/2590/1039 620/1299/1039
f 627/1301/497 628/2591/497 632/1302/497
f 629/1304/498 631/2592/498 632/1305/498
f 628/1313/1040 634/2593/1040 635/1314/1040
f 629/1316/1041 635/2594/1041 636/1317/1041
f 636/1318/1042 637/2595/1042 631/1319/1042
f 637/1320/1043 638/2596/1043 632/1321/1043
f 640/1323/506 644/2597/506 645/1324/506
f 641/1326/507 643/2598/507 644/1327/507
f 640/1335/1044 646/2599/1044 647/1336/1044
f 641/1338/1045 647/2600/1045 648/1339/1045
f 648/1341/1046 649/2601/1046 643/1342/1046
f 649/1344/1047 650/2602/1047 644/1345/1047
f 652/1347/515 656/2603/515 657/1348/515
f 652/1350/516 653/2604/516 655/1351/516
f 652/1359/1048 658/2605/1048 659/1360/1048
f 653/1362/1049 659/2606/1049 660/1363/1049
f 660/1365/1050 661/2607/1050 655/1366/1050
f 661/1368/1051 662/2608/1051 656/1369/1051
f 663/1371/524 664/2609/524 668/1372/524
f 665/1374/525 667/2610/525 668/1375/525
f 664/1383/1052 670/2611/1052 671/1384/1052
f 665/1386/1053 671/2612/1053 672/1387/1053
f 672/1389/1054 673/2613/1054 667/1390/1054
f 673/1392/1055 674/2614/1055 668/1393/1055
f 675/1395/533 676/2615/533 680/1396/533
f 677/1398/534 679/2616/534 680/1399/534
f 676/1407/1056 682/2617/1056 683/1408/1056
f 677/1410/1057 683/2618/1057 684/1411/1057
f 684/1413/1058 685/2619/1058 679/1414/1058
f 685/1416/1059 686/2620/1059 680/1417/1059
f 688/1419/542 692/2621/542 693/1420/542
f 688/1422/543 689/2622/543 691/1423/543
f 688/1431/1060 694/2623/1060 695/1432/1060
f 689/1434/1061 695/2624/1061 696/1435/1061
f 696/1437/1062 697/2625/1062 691/1438/1062
f 697/1440/1063 698/2626/1063 692/1441/1063
f 700/1443/551 704/2627/551 705/1444/551
f 701/1446/552 703/2628/552 704/1447/552
f 700/1455/1064 706/2629/1064 707/1456/1064
f 701/1458/1065 707/2630/1065 708/1459/1065
f 708/1461/1066 709/2631/1066 703/1462/1066
f 709/1464/1067 710/2632/1067 704/1465/1067
f 712/1467/560 716/2633/560 717/1468/560
f 713/1470/561 715/2634/561 716/1471/561
f 712/1479/1068 718/2635/1068 719/1480/1068
f 713/1482/1069 719/2636/1069 720/1483/1069
f 720/1485/1070 721/2637/1070 715/1486/1070
f 721/1488/1071 722/2638/1071 716/1489/1071
f 723/1491/569 724/2639/569 728/1492/569
f 725/1494/570 727/2640/570 728/1495/570
f 724/1503/1072 730/2641/1072 731/1504/1072
f 725/1506/1073 731/2642/1073 732/1507/1073
f 732/1509/1074 733/2643/1074 727/1510/1074
f 733/1512/1075 734/2644/1075 728/1513/1075
f 736/1515/578 740/2645/578 741/1516/578
f 736/1518/579 737/2646/579 739/1519/579
f 736/1527/1076 742/2647/1076 743/1528/1076
f 737/1530/1077 743/2648/1077 744/1531/1077
f 744/1533/1078 745/2649/1078 739/1534/1078
f 745/1536/1079 746/2650/1079 740/1537/1079
f 748/1539/587 752/2651/587 753/1540/587
f 749/1542/588 751/2652/588 752/1543/588
f 748/1551/1080 754/2653/1080 755/1552/1080
f 749/1554/1081 755/2654/1081 756/1555/1081
f 756/1557/1082 757/2655/1082 751/1558/1082
f 757/1559/1083 758/2656/1083 752/1560/1083
f 760/1562/596 764/2657/596 765/1563/596
f 760/1565/597 761/2658/597 763/1566/597
f 760/1574/1084 766/2659/1084 767/1575/1084
f 761/1577/1085 767/2660/1085 768/1578/1085
f 768/1580/1086 769/2661/1086 763/1581/1086
f 769/1583/1087 770/2662/1087 764/1584/1087
f 771/1586/605 772/2663/605 776/1587/605
f 772/1589/606 773/2664/606 775/1590/606
f 772/1598/1088 778/2665/1088 779/1599/1088
f 773/1601/1089 779/2666/1089 780/1602/1089
f 780/1604/1090 781/2667/1090 775/1605/1090
f 781/1607/1091 782/2668/1091 776/1608/1091
f 783/1610/614 784/2669/614 788/1611/614
f 785/1613/615 787/2670/615 788/1614/615
f 784/1622/1092 790/2671/1092 791/1623/1092
f 785/1625/1093 791/2672/1093 792/1626/1093
f 792/1628/1094 793/2673/1094 787/1629/1094
f 793/1630/1095 794/2674/1095 788/1631/1095
f 795/1633/623 796/2675/623 800/1634/623
f 796/1636/624 797/2676/624 799/1637/624
f 796/1645/1096 802/2677/1096 803/1646/1096
f 797/1648/1097 803/2678/1097 804/1649/1097
f 804/1650/1098 805/2679/1098 799/1651/1098
f 805/1653/1099 806/2680/1099 800/1654/1099
f 808/1656/632 812/2681/632 813/1657/632
f 808/1659/633 809/2682/633 811/1660/633
f 808/1668/1100 814/2683/1100 815/1669/1100
f 809/1671/1101 815/2684/1101 816/1672/1101
f 816/1674/1102 817/2685/1102 811/1675/1102
f 817/1677/1103 818/2686/1103 812/1678/1103
f 820/1680/641 824/2687/641 825/1681/641
f 820/1683/642 821/2688/642 823/1684/642
f 820/1691/1104 826/2689/1104 827/1692/1104
f 821/1693/1105 827/2690/1105 828/1694/1105
f 828/1696/1106 829/2691/1106 823/1697/1106
f 829/1699/1107 830/2692/1107 824/1700/1107
f 832/1702/650 836/2693/650 837/1703/650
f 832/1705/651 833/2694/651 835/1706/651
f 832/1714/1108 838/2695/1108 839/1715/1108
f 833/1717/1109 839/2696/1109 840/1718/1109
f 840/1720/1110 841/2697/1110 835/1721/1110
f 841/1723/1111 842/2698/1111 836/1724/1111
f 843/1726/659 844/2699/659 848/1727/659
f 845/1729/660 847/2700/660 848/1730/660
f 844/1738/1112 850/2701/1112 851/1739/1112
f 845/1741/1113 851/2702/1113 852/1742/1113
f 852/1744/1114 853/2703/1114 847/1745/1114
f 853/1747/1115 854/2704/1115 848/1748/1115
f 855/1750/668 856/2705/668 860/1751/668
f 856/1753/669 857/2706/669 859/1754/669
f 856/1762/1116 862/2707/1116 863/1763/1116
f 857/1765/1117 863/2708/1117 864/1766/1117
f 864/1768/1118 865/2709/1118 859/1769/1118
f 865/1771/1119 866/2710/1119 860/1772/1119
f 868/1774/677 872/2711/677 873/1775/677
f 868/1777/678 869/2712/678 871/1778/678
f 868/1786/1120 874/2713/1120 875/1787/1120
f 869/1789/1121 875/2714/1121 876/1790/1121
f 876/1792/1122 877/2715/1122 871/1793/1122
f 877/1795/1123 878/2716/1123 872/1796/1123
f 879/1798/686 880/2717/686 884/1799/686
f 881/1801/687 883/2718/687 884/1802/687
f 880/1810/1124 886/2719/1124 887/1811/1124
f 881/1813/1125 887/2720/1125 888/1814/1125
f 888/1816/1126 889/2721/1126 883/1817/1126
f 889/1819/1127 890/2722/1127 884/1820/1127
f 891/1822/695 892/2723/695 896/1823/695
f 893/1825/696 895/2724/696 896/1826/696
f 892/1834/1128 898/2725/1128 899/1835/1128
f 893/1837/1129 899/2726/1129 900/1838/1129
f 900/1840/1130 901/2727/1130 895/1841/1130
f 901/1843/1131 902/2728/1131 896/1844/1131
f 903/1846/704 904/2729/704 908/1847/704
f 905/1849/705 907/2730/705 908/1850/705
f 904/1858/1132 910/2731/1132 911/1859/1132
f 905/1861/1133 911/2732/1133 912/1862/1133
f 912/1864/1134 913/2733/1134 907/1865/1134
f 913/1867/1135 914/2734/1135 908/1868/1135
f 915/1870/713 916/2735/713 920/1871/713
f 917/1873/714 919/2736/714 920/1874/714
f 916/1882/1136 922/2737/1136 923/1883/1136
f 917/1885/1137 923/2738/1137 924/1886/1137
f 924/1888/1138 925/2739/1138 919/1889/1138
f 925/1891/1139 926/2740/1139 920/1892/1139
f 928/1894/722 932/2741/722 933/1895/722
f 929/1897/723 931/2742/723 932/1898/723
f 928/1906/1140 934/2743/1140 935/1907/1140
f 929/1909/1141 935/2744/1141 936/1910/1141
f 936/1912/1142 937/2745/1142 931/1913/1142
f 937/1915/1143 938/2746/1143 932/1916/1143
f 939/1918/731 940/2747/731 944/1919/731
f 941/1921/1144 943/2748/1144 944/1922/1144
f 940/1930/1145 946/2749/1145 947/1931/1145
f 941/1933/1146 947/2750/1146 948/1934/1146
f 948/1936/1147 949/2751/1147 943/1937/1147
f 949/1939/1148 950/2752/1148 944/1940/1148
f 951/1942/740 952/2753/740 956/364/740
f 952/390/741 953/2754/741 955/1944/741
f 952/1952/1149 958/2755/1149 959/1953/1149
f 953/1955/1150 959/2756/1150 960/1956/1150
f 960/1958/1151 961/2757/1151 955/1959/1151
f 961/1961/1152 962/2758/1152 956/1962/1152
f 963/1963/749 964/2759/749 968/1964/749
f 965/1966/750 967/2760/750 968/1967/750
f 964/1975/1153 970/2761/1153 971/1976/1153
f 965/1978/1154 971/2762/1154 972/1979/1154
f 972/1981/1155 973/2763/1155 967/1982/1155
f 973/1984/1156 974/2764/1156 968/1985/1156
f 976/1987/758 980/475/758 981/1988/758
f 976/319/759 977/2765/759 979/1990/759
f 976/1998/1157 982/2766/1157 983/1999/1157
f 977/2001/1158 983/2767/1158 984/2002/1158
f 984/2004/1159 985/2768/1159 979/2005/1159
f 985/2007/1160 986/2769/1160 980/2008/1160
f 987/2009/767 988/2770/767 992/2010/767
f 988/2012/768 989/2771/768 991/2013/768
f 988/2020/1161 994/2772/1161 995/2021/1161
f 989/2022/1162 995/2773/1162 996/2023/1162
f 996/2024/1163 997/2774/1163 991/2025/1163
f 997/2027/1164 998/2775/1164 992/2028/1164
f 1000/2030/776 1004/390/776 1005/2031/776
f 1000/364/777 1001/2776/777 1003/2033/777
f 1000/2041/1165 1006/2777/1165 1007/2042/1165
f 1001/2044/1166 1007/2778/1166 1008/2045/1166
f 1008/2047/1167 1009/2779/1167 1003/2048/1167
f 1009/2049/1168 1010/2780/1168 1004/2050/1168
f 1012/475/785 1016/2781/785 1017/2051/785
f 1012/2053/1169 1013/2782/1169 1015/2054/1169
f 1012/2061/1170 1018/2783/1170 1019/2062/1170
f 1013/2063/1171 1019/2784/1171 1020/2064/1171
f 1020/2065/1172 1021/2785/1172 1015/2066/1172
f 1021/2068/1173 1022/2786/1173 1016/2069/1173
f 1023/2071/794 1024/2787/794 1028/2072/794
f 1025/2074/795 1027/2788/795 1028/2075/795
f 1024/2083/1174 1030/2789/1174 1031/2084/1174
f 1025/2086/1175 1031/2790/1175 1032/2087/1175
f 1032/2089/1176 1033/2791/1176 1027/1/1176
f 1033/2091/1177 1034/2792/1177 1028/2092/1177
f 1035/2093/803 1036/390/803 1040/2094/803
f 1037/2096/804 1039/2793/804 1040/364/804
f 1036/2104/1178 1042/2794/1178 1043/2105/1178
f 1037/2106/1179 1043/2795/1179 1044/2107/1179
f 1044/2109/1180 1045/2796/1180 1039/2110/1180
f 1045/2112/1181 1046/2797/1181 1040/2113/1181
f 1048/2114/812 1052/364/812 1053/2115/812
f 1048/390/813 1049/2798/813 1051/2117/813
f 1048/2125/1182 1054/2799/1182 1055/2126/1182
f 1049/2127/1183 1055/2800/1183 1056/2128/1183
f 1056/2130/1184 1057/2801/1184 1051/2131/1184
f 1057/2132/1185 1058/2802/1185 1052/2133/1185
f 1059/2135/821 1060/2803/821 1064/2136/821
f 1060/2138/822 1061/2804/822 1063/2139/822
f 1060/2146/1186 1066/2805/1186 1067/2147/1186
f 1061/2148/1187 1067/2806/1187 1068/2149/1187
f 1068/2151/1188 1069/2807/1188 1063/2152/1188
f 1069/2154/1189 1070/2808/1189 1064/2155/1189
f 1072/364/830 1076/2809/830 1077/2156/830
f 1072/2158/831 1073/2810/831 1075/2159/831
f 1072/2166/1190 1078/2811/1190 1079/2167/1190
f 1073/2169/1191 1079/2812/1191 1080/2170/1191
f 1080/2172/1192 1081/2813/1192 1075/2173/1192
f 1081/2175/1193 1082/2814/1193 1076/2176/1193
f 1084/2177/839 1088/390/839 1089/2178/839
f 1084/364/840 1085/2815/840 1087/2180/840
f 1084/2187/1194 1090/2816/1194 1091/2188/1194
f 1085/2189/1195 1091/2817/1195 1092/2190/1195
f 1092/2192/1196 1093/2818/1196 1087/2193/1196
f 1093/2195/1197 1094/2819/1197 1088/2196/1197
f 1096/2198/848 1100/2820/848 1101/2199/848
f 1097/2201/849 1099/2821/849 1100/2202/849
f 1096/2210/1198 1102/2822/1198 1103/2211/1198
f 1097/2213/1199 1103/2823/1199 1104/2214/1199
f 1104/2216/1200 1105/2824/1200 1099/2217/1200
f 1105/2219/1201 1106/2825/1201 1100/2220/1201
f 1108/390/857 1112/2826/857 1113/2222/857
f 1109/2224/858 1111/2827/858 1112/364/858
f 1108/2231/1202 1114/2828/1202 1115/2232/1202
f 1109/2234/1203 1115/2829/1203 1116/2235/1203
f 1116/2236/1204 1117/2830/1204 1111/2237/1204
f 1117/2239/1205 1118/2831/1205 1112/2240/1205
