# Blender 5.2.2 LTS
# www.blender.org
mtllib CoinPile_Large.mtl
o CoinPile_Large
v 1.500000 0.000000 0.000000
v 1.385819 0.000000 -0.574025
v 1.060660 0.000000 -1.060660
v 0.574025 0.000000 -1.385819
v 0.000000 0.000000 -1.500000
v -0.574025 0.000000 -1.385819
v -1.060660 0.000000 -1.060660
v -1.385819 0.000000 -0.574025
v -1.500000 0.000000 -0.000000
v -1.385819 0.000000 0.574025
v -1.060660 0.000000 1.060660
v -0.574025 0.000000 1.385819
v -0.000000 0.000000 1.500000
v 0.574025 0.000000 1.385819
v 1.060660 0.000000 1.060660
v 1.385819 0.000000 0.574025
v 1.250000 0.485776 0.000000
v 1.154849 0.476625 -0.478354
v 0.883883 0.454590 -0.883883
v 0.478354 0.445024 -1.154849
v 0.000000 0.449504 -1.250000
v -0.478354 0.438936 -1.154849
v -0.883883 0.490696 -0.883883
v -1.154849 0.483429 -0.478354
v -1.250000 0.466721 -0.000000
v -1.154849 0.449515 0.478354
v -0.883883 0.480697 0.883883
v -0.478354 0.494047 1.154849
v -0.000000 0.442924 1.250000
v 0.478354 0.504406 1.154849
v 0.883883 0.500059 0.883883
v 1.154849 0.489580 0.478354
v 1.000000 0.743180 0.000000
v 0.923880 0.734852 -0.382683
v 0.707107 0.726141 -0.707107
v 0.382683 0.764891 -0.923880
v 0.000000 0.747596 -1.000000
v -0.382683 0.709075 -0.923880
v -0.707107 0.725175 -0.707107
v -0.923880 0.707266 -0.382683
v -1.000000 0.715126 -0.000000
v -0.923880 0.772100 0.382683
v -0.707107 0.755803 0.707107
v -0.382683 0.735221 0.923880
v -0.000000 0.716928 1.000000
v 0.382683 0.751103 0.923880
v 0.707107 0.728834 0.707107
v 0.923880 0.753029 0.382683
v 0.750000 0.900158 0.000000
v 0.692910 0.953514 -0.287013
v 0.530330 0.958392 -0.530330
v 0.287013 0.947484 -0.692910
v 0.000000 0.960510 -0.750000
v -0.287013 0.911093 -0.692910
v -0.530330 0.915650 -0.530330
v -0.692910 0.893948 -0.287013
v -0.750000 0.958322 -0.000000
v -0.692910 0.944010 0.287013
v -0.530330 0.920038 0.530330
v -0.287013 0.947074 0.692910
v -0.000000 0.894399 0.750000
v 0.287013 0.937485 0.692910
v 0.530330 0.943779 0.530330
v 0.692910 0.958190 0.287013
v 0.500000 1.047248 0.000000
v 0.461940 1.037401 -0.191342
v 0.353553 1.059486 -0.353553
v 0.191342 1.086718 -0.461940
v 0.000000 1.067981 -0.500000
v -0.191342 1.030528 -0.461940
v -0.353553 1.055008 -0.353553
v -0.461940 1.036584 -0.191342
v -0.500000 1.086847 -0.000000
v -0.461940 1.033898 0.191342
v -0.353553 1.022562 0.353553
v -0.191342 1.079684 0.461940
v -0.000000 1.044307 0.500000
v 0.191342 1.019502 0.461940
v 0.353553 1.049791 0.353553
v 0.461940 1.046688 0.191342
v 0.250000 1.138463 0.000000
v 0.230970 1.119565 -0.095671
v 0.176777 1.146985 -0.176777
v 0.095671 1.110342 -0.230970
v 0.000000 1.155640 -0.250000
v -0.095671 1.102528 -0.230970
v -0.176777 1.094410 -0.176777
v -0.230970 1.152653 -0.095671
v -0.250000 1.137543 -0.000000
v -0.230970 1.143616 0.095671
v -0.176777 1.152412 0.176777
v -0.095671 1.128635 0.230970
v -0.000000 1.139138 0.250000
v 0.095671 1.117955 0.230970
v 0.176777 1.153088 0.176777
v 0.230970 1.159632 0.095671
v 0.000000 1.150000 0.000000
v -0.561691 0.860443 -0.590281
v -0.655029 0.942496 -0.373359
v -0.462046 1.024058 -0.429654
v -0.344098 0.982415 -0.606905
v -0.390002 0.848925 -0.771638
v -0.565191 0.724109 -0.799806
v -0.737744 0.701955 -0.670198
v -0.777726 0.799147 -0.480411
v -0.682425 0.987446 -0.402149
v -0.489442 1.069008 -0.458444
v -0.371494 1.027365 -0.635695
v -0.417398 0.893875 -0.800429
v -0.592587 0.769059 -0.828597
v -0.765141 0.746905 -0.698989
v -0.805122 0.844097 -0.509202
v -0.589087 0.905394 -0.619072
v 0.705271 0.593512 0.871484
v 0.918012 0.571395 0.742056
v 0.761129 0.686648 0.646305
v 0.562183 0.731767 0.720119
v 0.470985 0.672778 0.907914
v 0.556208 0.554099 1.068277
v 0.753679 0.465100 1.080451
v 0.914697 0.472797 0.935269
v 0.938929 0.621340 0.767902
v 0.782046 0.736592 0.672152
v 0.583100 0.781712 0.745965
v 0.491901 0.722722 0.933760
v 0.577125 0.604044 1.094123
v 0.774596 0.515044 1.106297
v 0.935614 0.522741 0.961115
v 0.726187 0.643457 0.897331
v -1.186557 0.492520 -0.230335
v -1.087343 0.628766 -0.045691
v -1.009473 0.668439 -0.244250
v -1.064950 0.575641 -0.432332
v -1.212000 0.420252 -0.468305
v -1.339891 0.319282 -0.325083
v -1.352319 0.348764 -0.110513
v -1.239924 0.486498 0.013828
v -1.129556 0.670611 -0.053885
v -1.051685 0.710283 -0.252445
v -1.107163 0.617486 -0.440526
v -1.254213 0.462096 -0.476500
v -1.382104 0.361126 -0.333277
v -1.394531 0.390608 -0.118708
v -1.282137 0.528342 0.005634
v -1.228770 0.534365 -0.238529
v 0.425702 0.860115 0.695326
v 0.646020 0.816462 0.805118
v 0.653048 0.853801 0.591529
v 0.488880 0.895894 0.456101
v 0.277137 0.911045 0.500814
v 0.177267 0.887845 0.691998
v 0.264473 0.843763 0.885688
v 0.473088 0.811995 0.936031
v 0.652435 0.875191 0.815596
v 0.659463 0.912530 0.602007
v 0.495295 0.954623 0.466579
v 0.283552 0.969774 0.511292
v 0.183682 0.946574 0.702476
v 0.270888 0.902492 0.896166
v 0.479502 0.870724 0.946509
v 0.432117 0.918844 0.705803
v 1.050460 0.661892 0.092171
v 1.200781 0.469024 0.144187
v 1.179880 0.518028 -0.066112
v 1.061523 0.675364 -0.157220
v 0.934835 0.822555 -0.060532
v 0.895215 0.848763 0.151145
v 0.972497 0.734254 0.318413
v 1.108487 0.565254 0.315317
v 1.247454 0.506506 0.148282
v 1.226553 0.555510 -0.062017
v 1.108196 0.712846 -0.153125
v 0.981508 0.860037 -0.056437
v 0.941888 0.886245 0.155240
v 1.019170 0.771735 0.322509
v 1.155160 0.602735 0.319412
v 1.097133 0.699373 0.096266
v 1.224677 0.121927 0.757723
v 1.215330 0.257397 0.547817
v 1.068896 0.308581 0.699478
v 1.039768 0.219210 0.894999
v 1.149880 0.056583 0.987148
v 1.316316 -0.056839 0.906536
v 1.413746 -0.035647 0.713865
v 1.368803 0.104201 0.554220
v 1.253750 0.296880 0.571588
v 1.107315 0.348064 0.723249
v 1.078187 0.258693 0.918769
v 1.188300 0.096066 1.010919
v 1.354735 -0.017356 0.930306
v 1.452165 0.003836 0.737635
v 1.407222 0.143684 0.577991
v 1.263096 0.161409 0.781494
v -0.391809 0.168314 -1.363618
v -0.174635 0.279336 -1.418481
v -0.175948 0.062871 -1.432799
v -0.339808 -0.074193 -1.395023
v -0.542826 -0.028645 -1.333597
v -0.632124 0.165218 -1.294778
v -0.540460 0.361412 -1.307797
v -0.336858 0.412199 -1.362850
v -0.191170 0.283242 -1.476025
v -0.192482 0.066777 -1.490344
v -0.356342 -0.070287 -1.452567
v -0.559360 -0.024738 -1.391142
v -0.648658 0.169124 -1.352322
v -0.556994 0.365318 -1.365341
v -0.353393 0.416105 -1.420394
v -0.408343 0.172220 -1.421162
v -1.036320 0.460208 0.670510
v -0.832885 0.602781 0.698564
v -0.934223 0.619920 0.507513
v -1.112443 0.516793 0.439202
v -1.233340 0.371056 0.545071
v -1.205878 0.292452 0.745399
v -1.050735 0.340172 0.889334
v -0.884737 0.478281 0.868490
v -0.866921 0.647014 0.720586
v -0.968260 0.664153 0.529535
v -1.146479 0.561026 0.461224
v -1.267377 0.415289 0.567093
v -1.239914 0.336685 0.767421
v -1.084771 0.384405 0.911356
v -0.918774 0.522514 0.890512
v -1.070357 0.504441 0.692532
v 0.886123 0.793143 0.186644
v 0.997709 0.603926 0.067289
v 0.945447 0.774944 -0.055533
v 0.848513 0.959666 0.004009
v 0.779900 1.018993 0.201079
v 0.791276 0.908250 0.387278
v 0.874073 0.710829 0.422396
v 0.965944 0.575392 0.279987
v 1.051308 0.628413 0.078579
v 0.999047 0.799431 -0.044243
v 0.902113 0.984154 0.015299
v 0.833500 1.043481 0.212368
v 0.844875 0.932737 0.398568
v 0.927672 0.735316 0.433686
v 1.019544 0.599879 0.291277
v 0.939723 0.817630 0.197933
v -1.271705 0.238969 -0.540465
v -1.433579 0.049088 -0.524907
v -1.411714 0.169078 -0.345496
v -1.284420 0.341697 -0.312900
v -1.147551 0.436960 -0.451665
v -1.104173 0.383133 -0.657297
v -1.186950 0.220747 -0.774952
v -1.333549 0.072083 -0.716033
v -1.477701 0.085166 -0.543659
v -1.455837 0.205155 -0.364248
v -1.328542 0.377775 -0.331652
v -1.191674 0.473038 -0.470417
v -1.148295 0.419210 -0.676049
v -1.231072 0.256825 -0.793704
v -1.377672 0.108161 -0.734785
v -1.315827 0.275047 -0.559216
v 0.763325 0.704596 0.660477
v 0.904120 0.765324 0.463021
v 0.767902 0.919252 0.532408
v 0.628237 0.911539 0.698233
v 0.590296 0.747994 0.835627
v 0.682649 0.551768 0.841129
v 0.835753 0.470625 0.710596
v 0.934317 0.565667 0.542322
v 0.946615 0.786355 0.499790
v 0.810396 0.940283 0.569177
v 0.670731 0.932570 0.735002
v 0.632790 0.769025 0.872395
v 0.725143 0.572799 0.877898
v 0.878247 0.491656 0.747365
v 0.976811 0.586698 0.579091
v 0.805819 0.725627 0.697245
v -0.534231 0.115481 -1.340348
v -0.352877 -0.041569 -1.410678
v -0.534576 -0.134498 -1.337101
v -0.716015 -0.039189 -1.265969
v -0.760567 0.172590 -1.250846
v -0.634684 0.341364 -1.303119
v -0.433158 0.340043 -1.383426
v -0.307742 0.169622 -1.431294
v -0.375091 -0.042262 -1.466410
v -0.556790 -0.135191 -1.392833
v -0.738229 -0.039882 -1.321701
v -0.782781 0.171897 -1.306578
v -0.656897 0.340671 -1.358851
v -0.455371 0.339350 -1.439158
v -0.329956 0.168929 -1.487026
v -0.556445 0.114787 -1.396080
v -1.295334 0.329020 0.290326
v -1.247820 0.412926 0.059670
v -1.411380 0.271406 0.076518
v -1.487556 0.173271 0.254367
v -1.418985 0.192418 0.459294
v -1.257303 0.314429 0.536985
v -1.124259 0.447428 0.428937
v -1.120039 0.491263 0.216511
v -1.286165 0.458267 0.068265
v -1.449725 0.316747 0.085112
v -1.525901 0.218611 0.262962
v -1.457330 0.237758 0.467889
v -1.295648 0.359770 0.545580
v -1.162605 0.492769 0.437531
v -1.158384 0.536604 0.225106
v -1.333680 0.374361 0.298920
v -1.295300 0.348288 -0.225841
v -1.371051 0.322370 0.010992
v -1.197471 0.448998 -0.018991
v -1.097558 0.499789 -0.204737
v -1.146549 0.436497 -0.406374
v -1.307553 0.306782 -0.472067
v -1.459330 0.208322 -0.352346
v -1.487590 0.215259 -0.137365
v -1.406921 0.370059 0.004738
v -1.233341 0.496687 -0.025245
v -1.133427 0.547478 -0.210991
v -1.182418 0.484186 -0.412628
v -1.343422 0.354471 -0.478321
v -1.495200 0.256011 -0.358600
v -1.523460 0.262948 -0.143619
v -1.331170 0.395977 -0.232095
v -0.483676 0.701576 0.889716
v -0.413035 0.860205 0.709863
v -0.617432 0.788600 0.697268
v -0.721107 0.651464 0.829590
v -0.645992 0.552065 1.007188
v -0.448649 0.565250 1.096327
v -0.277682 0.681092 1.029884
v -0.261833 0.812359 0.857891
v -0.431302 0.906436 0.743464
v -0.635698 0.834831 0.730869
v -0.739374 0.697696 0.863191
v -0.664258 0.598296 1.040789
v -0.466915 0.611481 1.129928
v -0.295949 0.727323 1.063485
v -0.280099 0.858590 0.891492
v -0.501942 0.747808 0.923317
v -1.398614 0.131411 0.325431
v -1.434535 0.194174 0.086118
v -1.486501 -0.009767 0.138764
v -1.472287 -0.107398 0.331973
v -1.402595 -0.025201 0.520256
v -1.329905 0.174927 0.561832
v -1.308954 0.342287 0.425393
v -1.355519 0.350852 0.213680
v -1.490405 0.211766 0.099118
v -1.542372 0.007826 0.151764
v -1.528157 -0.089805 0.344973
v -1.458466 -0.007609 0.533256
v -1.385776 0.192520 0.574832
v -1.364825 0.359879 0.438393
v -1.411389 0.368445 0.226680
v -1.454484 0.149003 0.338431
v 0.410403 0.595160 -1.041648
v 0.209743 0.744198 -1.036848
v 0.383081 0.816179 -0.928052
v 0.576993 0.721728 -0.904796
v 0.645459 0.531969 -0.984592
v 0.536924 0.389793 -1.107352
v 0.333115 0.402263 -1.180635
v 0.187506 0.559988 -1.149258
v 0.229228 0.772026 -1.086304
v 0.402566 0.844007 -0.977509
v 0.596478 0.749556 -0.954253
v 0.664945 0.559796 -1.034049
v 0.556409 0.417621 -1.156809
v 0.352601 0.430091 -1.230092
v 0.206991 0.587816 -1.198714
v 0.429888 0.622987 -1.091104
v -0.798819 0.636140 -0.727349
v -0.848281 0.683302 -0.486871
v -0.644949 0.723676 -0.550822
v -0.557483 0.698134 -0.747700
v -0.651748 0.625909 -0.929254
v -0.856760 0.561389 -0.958768
v -1.018141 0.553158 -0.814019
v -1.014367 0.607414 -0.604005
v -0.863906 0.739458 -0.501098
v -0.660574 0.779832 -0.565049
v -0.573108 0.754289 -0.761927
v -0.667373 0.682065 -0.943480
v -0.872385 0.617545 -0.972995
v -1.033766 0.609314 -0.828246
v -1.029992 0.663570 -0.618232
v -0.814443 0.692296 -0.741575
v -0.672738 0.157272 1.255178
v -0.493351 0.009222 1.346836
v -0.460822 0.222376 1.370733
v -0.587871 0.386505 1.307615
v -0.778827 0.378017 1.205011
v -0.889896 0.203304 1.140184
v -0.837441 -0.006073 1.161950
v -0.660962 -0.092447 1.253919
v -0.521684 0.007619 1.399700
v -0.489156 0.220773 1.423597
v -0.616205 0.384903 1.360479
v -0.807160 0.376415 1.257875
v -0.918230 0.201701 1.193048
v -0.865775 -0.007676 1.214814
v -0.689295 -0.094050 1.306783
v -0.701072 0.155669 1.308042
v 0.010903 0.113262 1.443787
v -0.178468 -0.049090 1.460530
v 0.020429 -0.135459 1.467174
v 0.212153 -0.034536 1.456207
v 0.252331 0.177682 1.435888
v 0.110709 0.341391 1.421517
v -0.106069 0.333314 1.423916
v -0.234765 0.159534 1.441278
v -0.178017 -0.043456 1.520263
v 0.020880 -0.129825 1.526907
v 0.212604 -0.028902 1.515941
v 0.252782 0.183316 1.495622
v 0.111160 0.347025 1.481251
v -0.105618 0.338948 1.483650
v -0.234314 0.165167 1.501012
v 0.011354 0.118896 1.503521
v -0.429906 0.609117 1.019537
v -0.260354 0.467798 1.136931
v -0.200345 0.672188 1.095851
v -0.313200 0.829084 0.997305
v -0.513937 0.820340 0.915501
v -0.651397 0.652541 0.912038
v -0.622070 0.452043 0.989524
v -0.448040 0.369825 1.089611
v -0.282688 0.485001 1.189896
v -0.222679 0.689391 1.148816
v -0.335533 0.846286 1.050270
v -0.536270 0.837543 0.968466
v -0.673731 0.669744 0.965003
v -0.644404 0.469245 1.042489
v -0.470373 0.387027 1.142576
v -0.452240 0.626320 1.072502
v -1.037963 0.336002 0.820239
v -1.014388 0.527709 0.661517
v -1.167214 0.382161 0.611280
v -1.222711 0.201854 0.718394
v -1.139089 0.122564 0.902199
v -0.979317 0.203997 1.024286
v -0.863707 0.384833 0.992722
v -0.879315 0.528899 0.831274
v -1.054580 0.558948 0.693278
v -1.207406 0.413399 0.643041
v -1.262902 0.233093 0.750155
v -1.179281 0.153802 0.933960
v -1.019509 0.235236 1.056047
v -0.903898 0.416072 1.024483
v -0.919507 0.560137 0.863035
v -1.078155 0.367241 0.852000
v -0.289441 0.704290 0.967363
v -0.070195 0.667065 1.081581
v -0.065578 0.799585 0.909881
v -0.229534 0.860346 0.781467
v -0.438601 0.803593 0.793036
v -0.535347 0.672063 0.935878
v -0.446921 0.564800 1.102428
v -0.239909 0.562575 1.167273
v -0.080933 0.713935 1.117468
v -0.076316 0.846456 0.945768
v -0.240272 0.907217 0.817353
v -0.449339 0.850464 0.828923
v -0.546085 0.718933 0.971764
v -0.457658 0.611670 1.138315
v -0.250646 0.609446 1.203159
v -0.300178 0.751160 1.003250
v 1.419758 0.136463 -0.199575
v 1.467876 -0.003490 0.001914
v 1.456526 -0.110471 -0.186473
v 1.417489 -0.031507 -0.384727
v 1.380161 0.173942 -0.443557
v 1.372650 0.351169 -0.318664
v 1.400613 0.366717 -0.104095
v 1.442993 0.208879 0.038576
v 1.526718 0.004833 -0.006357
v 1.515367 -0.102149 -0.194744
v 1.476330 -0.023184 -0.392998
v 1.439002 0.182265 -0.451829
v 1.431492 0.359491 -0.326936
v 1.459455 0.375039 -0.112366
v 1.501834 0.217202 0.030305
v 1.478600 0.144785 -0.207846
v 1.217471 0.388047 0.419289
v 1.106647 0.611919 0.409329
v 1.093659 0.508850 0.599780
v 1.173904 0.314814 0.654319
v 1.286956 0.175924 0.531875
v 1.347685 0.196766 0.324652
v 1.310360 0.361647 0.188693
v 1.203089 0.546408 0.226378
v 1.157740 0.637995 0.426925
v 1.144751 0.534926 0.617376
v 1.224996 0.340889 0.671915
v 1.338048 0.201999 0.549471
v 1.398777 0.222842 0.342248
v 1.361453 0.387723 0.206289
v 1.254181 0.572483 0.243974
v 1.268564 0.414122 0.436885
v 0.353257 0.898820 0.669543
v 0.318013 0.935135 0.424719
v 0.138288 0.931465 0.546164
v 0.120438 0.903212 0.760517
v 0.277906 0.871652 0.906364
v 0.492115 0.860549 0.873881
v 0.601761 0.878265 0.687527
v 0.524278 0.911459 0.487631
v 0.322325 0.994419 0.432892
v 0.142600 0.990749 0.554337
v 0.124751 0.962496 0.768690
v 0.282219 0.930936 0.914537
v 0.496427 0.919833 0.882054
v 0.606073 0.937549 0.695700
v 0.528590 0.970743 0.495804
v 0.357569 0.958104 0.677716
v -0.966866 0.142471 1.054943
v -1.007716 0.335482 0.901391
v -1.142700 0.167139 0.878949
v -1.145278 -0.019780 0.989033
v -1.013508 -0.084520 1.148749
v -0.846616 0.021668 1.237827
v -0.770275 0.218823 1.189189
v -0.841971 0.358483 1.039461
v -1.044775 0.359806 0.941826
v -1.179759 0.191464 0.919383
v -1.182337 0.004545 1.029468
v -1.050567 -0.060196 1.189184
v -0.883675 0.045992 1.278261
v -0.807333 0.243148 1.229623
v -0.879030 0.382808 1.079896
v -1.003925 0.166795 1.095377
v 1.253592 0.433377 -0.054120
v 1.233092 0.475254 -0.299733
v 1.198056 0.646875 -0.171740
v 1.204840 0.657728 0.044824
v 1.248336 0.499641 0.186882
v 1.295790 0.291656 0.147460
v 1.311468 0.190390 -0.043755
v 1.283565 0.272098 -0.242775
v 1.291431 0.489042 -0.302252
v 1.256396 0.660663 -0.174258
v 1.263180 0.671516 0.042306
v 1.306676 0.513429 0.184363
v 1.354130 0.305444 0.144941
v 1.369808 0.204178 -0.046274
v 1.341905 0.285887 -0.245293
v 1.311932 0.447166 -0.056638
v 0.405018 0.875864 0.680836
v 0.550080 0.741370 0.833703
v 0.644953 0.811921 0.651809
v 0.559149 0.930623 0.491773
v 0.357282 1.008090 0.474105
v 0.191360 0.985988 0.612111
v 0.186328 0.880961 0.801868
v 0.345973 0.772096 0.900486
v 0.566876 0.791577 0.861937
v 0.661749 0.862128 0.680043
v 0.575945 0.980830 0.520007
v 0.374078 1.058297 0.502340
v 0.208156 1.036195 0.640345
v 0.203124 0.931168 0.830102
v 0.362769 0.822303 0.928720
v 0.421814 0.926071 0.709070
v -1.145132 0.174066 0.832860
v -0.962571 0.311079 0.934835
v -1.041413 0.384523 0.746543
v -1.198358 0.299488 0.623250
v -1.315222 0.120008 0.657797
v -1.304005 -0.018765 0.824170
v -1.173152 -0.012332 0.997087
v -1.021200 0.134462 1.046337
v -1.003444 0.343415 0.964562
v -1.082287 0.416859 0.776271
v -1.239232 0.331824 0.652978
v -1.356096 0.152344 0.687525
v -1.344878 0.013571 0.853898
v -1.214026 0.020004 1.026814
v -1.062074 0.166798 1.076065
v -1.186005 0.206402 0.862588
v 0.606786 0.981565 -0.068580
v 0.380931 1.006220 -0.172896
v 0.385202 1.008551 0.043991
v 0.556330 0.990562 0.176110
v 0.765452 0.965798 0.123972
v 0.855096 0.952907 -0.073162
v 0.757757 0.961597 -0.266845
v 0.546734 0.985323 -0.311232
v 0.387796 1.065821 -0.173672
v 0.392067 1.068152 0.043215
v 0.563194 1.050163 0.175334
v 0.772317 1.025399 0.123196
v 0.861960 1.012508 -0.073938
v 0.764621 1.021198 -0.267621
v 0.553598 1.044924 -0.312007
v 0.613651 1.041166 -0.069356
v 1.190563 0.497619 0.183119
v 1.224369 0.467172 0.428944
v 1.389624 0.405161 0.302811
v 1.404981 0.412774 0.086548
v 1.258877 0.484277 -0.056996
v 1.061331 0.565827 -0.019728
v 0.961099 0.596015 0.170288
v 1.033658 0.552110 0.369966
v 1.247802 0.522289 0.432548
v 1.413057 0.460279 0.306416
v 1.428414 0.467891 0.090152
v 1.282310 0.539394 -0.053392
v 1.084764 0.620944 -0.016124
v 0.984532 0.651132 0.173892
v 1.057091 0.607227 0.373570
v 1.213996 0.552737 0.186723
v -0.973517 0.403750 0.825640
v -0.898831 0.641047 0.800901
v -1.047336 0.573703 0.657811
v -1.140254 0.378381 0.641099
v -1.107615 0.202162 0.763351
v -0.973998 0.177743 0.932507
v -0.840019 0.323512 1.021191
v -0.806566 0.529701 0.962621
v -0.942570 0.658680 0.837996
v -1.091074 0.591337 0.694906
v -1.183992 0.396014 0.678194
v -1.151354 0.219795 0.800445
v -1.017737 0.195376 0.969602
v -0.883757 0.341145 1.058285
v -0.850305 0.547335 0.999715
v -1.017256 0.421383 0.862735
v -0.697270 0.867198 0.402301
v -0.813553 0.649550 0.442390
v -0.680204 0.715507 0.600287
v -0.559706 0.895691 0.609096
v -0.542796 1.054419 0.462184
v -0.642208 1.072167 0.270179
v -0.783083 0.935569 0.177664
v -0.859339 0.747486 0.254305
v -0.858998 0.678659 0.468610
v -0.725648 0.744616 0.626506
v -0.605150 0.924800 0.635316
v -0.588240 1.083529 0.488404
v -0.687653 1.101276 0.296399
v -0.828527 0.964678 0.203884
v -0.904783 0.776596 0.280525
v -0.742714 0.896307 0.428521
v 0.419449 0.809950 -0.778148
v 0.431858 0.633947 -0.955260
v 0.244298 0.742298 -0.943210
v 0.188631 0.901593 -0.806864
v 0.306774 0.991879 -0.648894
v 0.509764 0.945169 -0.588255
v 0.644745 0.796637 -0.670609
v 0.610073 0.658130 -0.833942
v 0.452817 0.674553 -0.994143
v 0.265258 0.782904 -0.982093
v 0.209590 0.942199 -0.845747
v 0.327733 1.032485 -0.687777
v 0.530723 0.985775 -0.627138
v 0.665704 0.837243 -0.709492
v 0.631033 0.698736 -0.872825
v 0.440408 0.850556 -0.817031
v 0.717618 0.292098 1.144278
v 0.763803 0.117884 1.317531
v 0.923663 0.153976 1.175383
v 0.928367 0.294077 1.009813
v 0.774372 0.432687 0.945498
v 0.577640 0.465431 1.030869
v 0.486314 0.367651 1.201639
v 0.569165 0.212978 1.329216
v 0.786533 0.159953 1.353774
v 0.946393 0.196045 1.211626
v 0.951096 0.336146 1.046056
v 0.797101 0.474756 0.981741
v 0.600369 0.507500 1.067112
v 0.509043 0.409720 1.237882
v 0.591894 0.255047 1.365459
v 0.740347 0.334167 1.180521
v 1.230435 0.148128 0.725476
v 1.123555 0.126500 0.950441
v 1.295748 -0.000726 0.915414
v 1.418759 -0.015862 0.737361
v 1.399957 0.092490 0.550358
v 1.253502 0.242738 0.495222
v 1.089676 0.321743 0.613473
v 1.031844 0.270012 0.816064
v 1.159629 0.169468 0.971710
v 1.331822 0.042242 0.936684
v 1.454833 0.027106 0.758630
v 1.436031 0.135458 0.571627
v 1.289576 0.285707 0.516492
v 1.125750 0.364711 0.634742
v 1.067918 0.312980 0.837333
v 1.266508 0.191096 0.746746
v -0.924593 0.397773 -0.886275
v -1.123572 0.246680 -0.895128
v -1.111582 0.376474 -0.721711
v -0.958786 0.522306 -0.672213
v -0.780241 0.574362 -0.783909
v -0.710397 0.493443 -0.972688
v -0.801846 0.340482 -1.096396
v -0.985726 0.230662 -1.061879
v -1.154334 0.288920 -0.924615
v -1.142345 0.418714 -0.751198
v -0.989548 0.564546 -0.701701
v -0.811004 0.616602 -0.813396
v -0.741159 0.535682 -1.002175
v -0.832608 0.382722 -1.125883
v -1.016489 0.272902 -1.091366
v -0.955355 0.440013 -0.915762
v -1.116149 0.436914 -0.567437
v -1.146611 0.337945 -0.794983
v -1.298015 0.285805 -0.648620
v -1.312470 0.347453 -0.441124
v -1.179091 0.476467 -0.328745
v -0.998316 0.575697 -0.396105
v -0.906271 0.570421 -0.592481
v -0.972269 0.464611 -0.769999
v -1.178966 0.385722 -0.811432
v -1.330370 0.333582 -0.665069
v -1.344824 0.395229 -0.457573
v -1.211446 0.524244 -0.345193
v -1.030670 0.623474 -0.412553
v -0.938626 0.618198 -0.608930
v -1.004623 0.512388 -0.786447
v -1.148504 0.484691 -0.583885
v 1.191515 0.492634 0.202591
v 1.049190 0.585065 0.019015
v 0.970745 0.608656 0.219897
v 1.058544 0.544879 0.407747
v 1.246473 0.441760 0.441110
v 1.393017 0.376950 0.294863
v 1.387826 0.399252 0.079133
v 1.234809 0.491872 -0.043631
v 1.077307 0.637854 0.023796
v 0.998862 0.661444 0.224678
v 1.086661 0.597667 0.412528
v 1.274589 0.494548 0.445891
v 1.421134 0.429738 0.299644
v 1.415943 0.452040 0.083914
v 1.262926 0.544660 -0.038850
v 1.219632 0.545422 0.207371
v 1.043858 0.652015 -0.208741
v 1.044074 0.635324 -0.458183
v 0.858515 0.703119 -0.368541
v 0.812523 0.732431 -0.158567
v 0.940732 0.701188 0.013626
v 1.146597 0.632917 0.018372
v 1.275097 0.579027 -0.147903
v 1.229470 0.580098 -0.359989
v 1.063001 0.692135 -0.461968
v 0.877442 0.759929 -0.372326
v 0.831451 0.789241 -0.162351
v 0.959659 0.757998 0.009841
v 1.165524 0.689727 0.014587
v 1.294025 0.635837 -0.151687
v 1.248398 0.636908 -0.363774
v 1.062786 0.708825 -0.212526
v -0.070003 0.745766 0.960468
v 0.036458 0.608535 1.140284
v 0.173001 0.718434 1.012448
v 0.126558 0.848914 0.845470
v -0.067900 0.901722 0.765088
v -0.263941 0.837092 0.831831
v -0.313943 0.703692 0.995440
v -0.180253 0.601974 1.132715
v 0.033734 0.655394 1.177658
v 0.170277 0.765292 1.049822
v 0.123834 0.895773 0.882845
v -0.070624 0.948581 0.802462
v -0.266665 0.883951 0.869205
v -0.316667 0.750551 1.032815
v -0.182977 0.648833 1.170089
v -0.072727 0.792625 0.997842
v 1.143604 0.290882 0.720086
v 1.122474 0.524891 0.634688
v 1.018880 0.482823 0.820597
v 1.009205 0.296219 0.930819
v 1.100735 0.105596 0.882356
v 1.224546 0.054496 0.711700
v 1.287407 0.181400 0.547360
v 1.241980 0.390746 0.513086
v 1.171482 0.540578 0.665546
v 1.067887 0.498509 0.851455
v 1.058212 0.311905 0.961677
v 1.149742 0.121282 0.913214
v 1.273554 0.070183 0.742558
v 1.336414 0.197086 0.578218
v 1.290987 0.406432 0.543944
v 1.192611 0.306568 0.750945
v -0.116079 0.648966 1.061262
v 0.055637 0.575438 1.227416
v 0.132720 0.669323 1.047673
v 0.022453 0.747879 0.878163
v -0.192131 0.751952 0.846529
v -0.349447 0.678474 0.976593
v -0.331031 0.582777 1.170415
v -0.150752 0.536922 1.282041
v 0.052710 0.629063 1.254171
v 0.129794 0.722948 1.074428
v 0.019527 0.801504 0.904917
v -0.195058 0.805576 0.873284
v -0.352373 0.732099 1.003348
v -0.333958 0.636402 1.197169
v -0.153679 0.590546 1.308796
v -0.119005 0.702591 1.088016
v 0.242336 0.239565 1.360032
v 0.217811 0.476497 1.284125
v 0.035269 0.379258 1.349598
v 0.008652 0.176827 1.422928
v 0.158005 0.021640 1.448896
v 0.370861 0.030554 1.407948
v 0.486935 0.196858 1.330919
v 0.418821 0.395321 1.275812
v 0.227795 0.495482 1.340160
v 0.045253 0.398243 1.405632
v 0.018637 0.195813 1.478962
v 0.167989 0.040625 1.504931
v 0.380845 0.049540 1.463983
v 0.496919 0.215844 1.386953
v 0.428806 0.414307 1.331847
v 0.252321 0.258550 1.416067
v 1.117210 0.434679 0.569050
v 0.899133 0.548962 0.612431
v 0.987415 0.447010 0.782360
v 1.173435 0.335773 0.791663
v 1.317117 0.299014 0.633334
v 1.310265 0.364414 0.426598
v 1.158039 0.482725 0.327132
v 0.975068 0.564856 0.409835
v 0.928409 0.599167 0.627343
v 1.016691 0.497215 0.797272
v 1.202711 0.385978 0.806575
v 1.346393 0.349219 0.648246
v 1.339541 0.414619 0.441510
v 1.187315 0.532930 0.342044
v 1.004344 0.615062 0.424747
v 1.146486 0.484884 0.583962
v -0.978225 0.509596 0.685879
v -1.131194 0.336111 0.590992
v -1.029524 0.281615 0.774723
v -0.889225 0.398793 0.891553
v -0.815944 0.599407 0.853507
v -0.864864 0.732392 0.689233
v -0.999147 0.697606 0.522434
v -1.117675 0.521245 0.478713
v -1.176681 0.358775 0.622885
v -1.075012 0.304279 0.806617
v -0.934712 0.421457 0.923447
v -0.861432 0.622072 0.885400
v -0.910352 0.755056 0.721127
v -1.044634 0.720270 0.554328
v -1.163162 0.543909 0.510606
v -1.023712 0.532260 0.717773
v -1.064576 0.345295 0.775055
v -1.185140 0.381918 0.559131
v -1.259007 0.218874 0.681705
v -1.186463 0.151028 0.874572
v -1.022135 0.229469 0.992501
v -0.889766 0.395129 0.946688
v -0.889032 0.523264 0.771632
v -1.020486 0.517384 0.599152
v -1.222856 0.419648 0.586590
v -1.296723 0.256604 0.709163
v -1.224178 0.188758 0.902031
v -1.059851 0.267199 1.019960
v -0.927482 0.432859 0.974147
v -0.926748 0.560994 0.799090
v -1.058202 0.555114 0.626611
v -1.102291 0.383025 0.802513
v 0.320559 0.208207 1.361296
v 0.554736 0.121716 1.347856
v 0.521685 0.317788 1.261096
v 0.337183 0.431343 1.249787
v 0.140162 0.376872 1.322447
v 0.078984 0.195393 1.424361
v 0.199716 0.023563 1.478785
v 0.411446 -0.009226 1.444737
v 0.567185 0.147209 1.400725
v 0.534135 0.343281 1.313964
v 0.349632 0.456835 1.302656
v 0.152612 0.402364 1.375316
v 0.091433 0.220885 1.477230
v 0.212166 0.049056 1.531654
v 0.423895 0.016267 1.497606
v 0.333008 0.233700 1.414165
v 0.269806 0.174570 1.389778
v 0.455703 0.008158 1.405570
v 0.511454 0.204993 1.333380
v 0.385240 0.378920 1.303660
v 0.172101 0.398966 1.338788
v 0.032537 0.250037 1.412313
v 0.071642 0.044280 1.468868
v 0.259968 -0.063367 1.465867
v 0.466637 0.025717 1.461891
v 0.522388 0.222552 1.389702
v 0.396174 0.396478 1.359982
v 0.183035 0.416525 1.395110
v 0.043471 0.267596 1.468634
v 0.082576 0.061839 1.525190
v 0.270902 -0.045808 1.522189
v 0.280741 0.192129 1.446100
v 1.507168 0.000000 0.447394
v 1.753566 0.000000 0.489680
v 1.711298 0.000000 0.303065
v 1.549453 0.000000 0.200996
v 1.362839 0.000000 0.243264
v 1.260770 0.000000 0.405108
v 1.303038 0.000000 0.591723
v 1.464882 0.000000 0.693792
v 1.651497 0.000000 0.651524
v 1.753566 0.060000 0.489680
v 1.711298 0.060000 0.303065
v 1.549453 0.060000 0.200996
v 1.362839 0.060000 0.243264
v 1.260770 0.060000 0.405108
v 1.303038 0.060000 0.591723
v 1.464882 0.060000 0.693792
v 1.651497 0.060000 0.651524
v 1.507168 0.060000 0.447394
v 0.431449 0.000000 -1.435723
v 0.502315 0.000000 -1.675469
v 0.312033 0.000000 -1.655359
v 0.191703 0.000000 -1.506589
v 0.211814 0.000000 -1.316307
v 0.360584 0.000000 -1.195977
v 0.550866 0.000000 -1.216088
v 0.671195 0.000000 -1.364857
v 0.651085 0.000000 -1.555139
v 0.502315 0.060000 -1.675469
v 0.312033 0.060000 -1.655359
v 0.191703 0.060000 -1.506589
v 0.211814 0.060000 -1.316307
v 0.360584 0.060000 -1.195977
v 0.550866 0.060000 -1.216088
v 0.671195 0.060000 -1.364857
v 0.651085 0.060000 -1.555139
v 0.431449 0.060000 -1.435723
v -0.602357 0.000000 -1.520385
v -0.433441 0.000000 -1.704687
v -0.613237 0.000000 -1.770148
v -0.786659 0.000000 -1.689301
v -0.852120 0.000000 -1.509505
v -0.771273 0.000000 -1.336082
v -0.591477 0.000000 -1.270621
v -0.418055 0.000000 -1.351468
v -0.352594 0.000000 -1.531264
v -0.433441 0.060000 -1.704687
v -0.613237 0.060000 -1.770148
v -0.786659 0.060000 -1.689301
v -0.852120 0.060000 -1.509505
v -0.771273 0.060000 -1.336082
v -0.591477 0.060000 -1.270621
v -0.418055 0.060000 -1.351468
v -0.352594 0.060000 -1.531264
v -0.602357 0.060000 -1.520385
v -1.417888 0.000000 0.422959
v -1.361279 0.000000 0.666465
v -1.205674 0.000000 0.555115
v -1.174382 0.000000 0.366349
v -1.285732 0.000000 0.210745
v -1.474498 0.000000 0.179452
v -1.630102 0.000000 0.290802
v -1.661395 0.000000 0.479568
v -1.550044 0.000000 0.635172
v -1.361279 0.060000 0.666465
v -1.205674 0.060000 0.555115
v -1.174382 0.060000 0.366349
v -1.285732 0.060000 0.210745
v -1.474498 0.060000 0.179452
v -1.630102 0.060000 0.290802
v -1.661395 0.060000 0.479568
v -1.550044 0.060000 0.635172
v -1.417888 0.060000 0.422959
v -0.748261 0.000000 1.377504
v -0.502362 0.000000 1.422601
v -0.542496 0.000000 1.235516
v -0.703164 0.000000 1.131605
v -0.890249 0.000000 1.171739
v -0.994160 0.000000 1.332407
v -0.954026 0.000000 1.519492
v -0.793359 0.000000 1.623403
v -0.606273 0.000000 1.583269
v -0.502362 0.060000 1.422601
v -0.542496 0.060000 1.235516
v -0.703164 0.060000 1.131605
v -0.890249 0.060000 1.171739
v -0.994160 0.060000 1.332407
v -0.954026 0.060000 1.519492
v -0.793359 0.060000 1.623403
v -0.606273 0.060000 1.583269
v -0.748261 0.060000 1.377504
v 1.083286 0.000000 1.133960
v 1.079044 0.000000 1.383924
v 1.257038 0.000000 1.313710
v 1.333250 0.000000 1.138201
v 1.263036 0.000000 0.960208
v 1.087527 0.000000 0.883996
v 0.909533 0.000000 0.954210
v 0.833322 0.000000 1.129719
v 0.903535 0.000000 1.307712
v 1.079044 0.060000 1.383924
v 1.257038 0.060000 1.313710
v 1.333250 0.060000 1.138201
v 1.263036 0.060000 0.960208
v 1.087527 0.060000 0.883996
v 0.909533 0.060000 0.954210
v 0.833322 0.060000 1.129719
v 0.903535 0.060000 1.307712
v 1.083286 0.060000 1.133960
v 0.384501 1.137074 -0.218109
v 0.391047 1.109517 -0.281945
v 0.377249 1.135664 -0.159498
v 0.326383 1.105077 -0.196299
v 0.424346 1.137074 -0.123866
v 0.368209 1.105077 -0.097370
v 0.478695 1.139894 -0.146845
v 0.474700 1.109517 -0.084087
v 0.485947 1.141304 -0.205455
v 0.539364 1.113957 -0.169733
v 0.438850 1.139894 -0.241087
v 0.497537 1.113957 -0.268662
v 0.436651 1.023689 -0.184613
v 0.089473 0.735204 -1.083555
v 0.041298 0.699407 -1.095263
v 0.131363 0.750591 -1.057404
v 0.079892 0.747865 -1.024503
v 0.178380 0.735203 -1.072510
v 0.173220 0.747865 -1.012908
v 0.183505 0.704429 -1.113767
v 0.227955 0.699407 -1.072074
v 0.141614 0.689041 -1.139918
v 0.189361 0.650949 -1.142834
v 0.094598 0.704429 -1.124812
v 0.096033 0.650949 -1.154429
v 0.129108 0.638935 -1.039247
v -0.764650 0.887633 -0.510540
v -0.810323 0.846004 -0.470984
v -0.710525 0.902537 -0.537009
v -0.707917 0.892940 -0.464312
v -0.699831 0.887633 -0.596302
v -0.639876 0.892940 -0.554339
v -0.743262 0.857825 -0.629127
v -0.674241 0.846004 -0.651037
v -0.797386 0.842922 -0.602658
v -0.776647 0.799069 -0.657709
v -0.808080 0.857825 -0.543365
v -0.844688 0.799069 -0.567683
v -0.707693 0.766820 -0.534869
v -0.889714 0.837585 0.437876
v -0.870462 0.791928 0.497584
v -0.888237 0.858072 0.375541
v -0.819341 0.856448 0.411191
v -0.933983 0.837585 0.333171
v -0.865811 0.856448 0.301280
v -0.981205 0.796609 0.353136
v -0.963402 0.791928 0.277761
v -0.982682 0.776121 0.415471
v -1.014523 0.727408 0.364154
v -0.936937 0.796609 0.457841
v -0.968053 0.727408 0.474066
v -0.862036 0.717354 0.364463
v -0.054180 0.921939 0.901653
v 0.009697 0.876635 0.899315
v -0.108983 0.950104 0.877254
v -0.043313 0.965331 0.837332
v -0.168090 0.921939 0.887502
v -0.162888 0.965331 0.822477
v -0.172395 0.865611 0.922150
v -0.229453 0.876635 0.869605
v -0.117592 0.837446 0.946549
v -0.176443 0.787940 0.931589
v -0.058484 0.865611 0.936301
v -0.056868 0.787940 0.946444
v -0.099777 0.825851 0.803152
v 0.933343 0.705528 0.644938
v 0.956918 0.667942 0.596267
v 0.893544 0.729935 0.675333
v 0.892656 0.744802 0.611180
v 0.875164 0.705528 0.721916
v 0.831584 0.744802 0.691986
v 0.896582 0.656716 0.738104
v 0.834773 0.667942 0.757879
v 0.936381 0.632309 0.707709
v 0.899035 0.591082 0.742965
v 0.954761 0.656716 0.661126
v 0.960107 0.591082 0.662159
v 0.839203 0.628891 0.634263
vn 0.8742 0.4499 -0.1825
vn 0.7285 0.4557 -0.5115
vn 0.4815 0.4739 -0.7373
vn 0.1709 0.4826 -0.8590
vn -0.1815 0.4780 -0.8594
vn -0.4850 0.4877 -0.7259
vn -0.7477 0.4465 -0.4916
vn -0.8782 0.4511 -0.1589
vn -0.8656 0.4637 0.1889
vn -0.7299 0.4789 0.4877
vn -0.4949 0.4544 0.7407
vn -0.1296 0.4404 0.8884
vn 0.1707 0.4843 0.8581
vn 0.5030 0.4369 0.7458
vn 0.7521 0.4395 0.4912
vn 0.8778 0.4475 0.1710
vn 0.7086 0.6882 -0.1559
vn 0.5956 0.6870 -0.4164
vn 0.4021 0.6688 -0.6253
vn 0.1288 0.6056 -0.7853
vn -0.2122 0.6280 -0.7488
vn -0.3469 0.6774 -0.6486
vn -0.5955 0.7190 -0.3582
vn -0.6567 0.7399 -0.1458
vn -0.6954 0.6998 0.1635
vn -0.6807 0.6084 0.4080
vn -0.3872 0.6615 0.6423
vn -0.1048 0.7092 0.6972
vn 0.0602 0.6728 0.7374
vn 0.4292 0.7004 0.5703
vn 0.5772 0.7295 0.3669
vn 0.7227 0.6795 0.1263
vn 0.5277 0.8404 -0.1233
vn 0.5456 0.7446 -0.3846
vn 0.4372 0.7313 -0.5236
vn 0.0826 0.7982 -0.5968
vn -0.2517 0.7368 -0.6275
vn -0.3244 0.7745 -0.5430
vn -0.5474 0.7828 -0.2960
vn -0.5889 0.7971 -0.1335
vn -0.6969 0.7164 0.0320
vn -0.4467 0.8107 0.3784
vn -0.2760 0.8260 0.4914
vn 0.0007 0.7368 0.6761
vn 0.0423 0.8147 0.5783
vn 0.3207 0.7976 0.5108
vn 0.5171 0.7557 0.4019
vn 0.6680 0.7439 -0.0175
vn 0.5062 0.8604 0.0593
vn 0.2755 0.9470 -0.1651
vn 0.1863 0.9215 -0.3407
vn 0.0175 0.8595 -0.5109
vn -0.2502 0.8895 -0.3824
vn -0.2304 0.9000 -0.3700
vn -0.4647 0.8595 -0.2129
vn -0.4191 0.8646 -0.2773
vn -0.4333 0.8428 0.3194
vn -0.2635 0.9340 0.2413
vn -0.2765 0.9252 0.2600
vn 0.0559 0.8557 0.5144
vn 0.2088 0.8387 0.5029
vn 0.1572 0.9494 0.2720
vn 0.2981 0.9202 0.2537
vn 0.3320 0.9408 0.0688
vn 0.3322 0.9106 -0.2459
vn 0.3063 0.9489 -0.0755
vn -0.0630 0.8680 -0.4926
vn -0.0709 0.9889 -0.1305
vn -0.5080 0.8129 -0.2850
vn -0.0431 0.9587 -0.2810
vn -0.1977 0.9800 -0.0208
vn -0.3261 0.8964 -0.3003
vn -0.1987 0.9798 -0.0227
vn -0.3171 0.9076 0.2753
vn -0.1004 0.8471 0.5219
vn -0.1374 0.9790 0.1506
vn 0.2675 0.9009 0.3417
vn 0.0713 0.9279 0.3660
vn 0.3330 0.9204 0.2049
vn 0.4703 0.8768 -0.1004
vn 0.0451 0.9783 -0.2022
vn 0.2045 0.9606 0.1881
vn -0.2463 0.9330 -0.2622
vn 0.4245 0.9052 0.0204
vn -0.4823 0.8758 0.0198
vn -0.1814 0.9754 -0.1253
vn 0.2069 0.8549 -0.4757
vn -0.0492 0.9880 0.1463
vn -0.0497 0.9973 -0.0534
vn -0.0566 0.9959 -0.0702
vn 0.1759 0.9709 0.1627
vn -0.1175 0.9921 0.0431
vn 0.2240 0.9737 0.0423
vn -0.2505 0.9394 0.2341
vn -0.0587 0.9974 0.0413
vn 0.0451 0.9772 -0.2073
vn 0.4566 -0.7492 0.4798
vn 0.0140 0.5453 0.8381
vn 0.7042 0.6340 0.3197
vn 0.8641 0.2452 -0.4395
vn 0.3734 -0.3282 -0.8677
vn -0.3986 -0.6545 -0.6425
vn -0.8704 -0.4879 0.0665
vn -0.6868 0.0461 0.7254
vn -0.4566 0.7492 -0.4798
vn -0.3486 -0.8324 -0.4308
vn 0.5962 0.1577 -0.7872
vn -0.1936 0.5136 -0.8359
vn -0.8377 0.4829 -0.2551
vn -0.8510 0.0885 0.5177
vn -0.2234 -0.3725 0.9007
vn 0.5724 -0.5530 0.6055
vn 0.9371 -0.3171 -0.1457
vn 0.3486 0.8324 0.4308
vn 0.7035 -0.6974 0.1366
vn 0.6133 0.6930 0.3790
vn 0.6630 0.5750 -0.4793
vn 0.2135 0.0241 -0.9767
vn -0.3969 -0.5450 -0.7386
vn -0.7083 -0.7037 0.0557
vn -0.4864 -0.3325 0.8080
vn 0.1018 0.2891 0.9519
vn -0.7035 0.6974 -0.1366
vn -0.1069 -0.9788 -0.1746
vn 0.9937 -0.1109 0.0133
vn 0.6449 0.0654 -0.7614
vn -0.1895 0.1925 -0.9628
vn -0.8813 0.1746 -0.4392
vn -0.9094 0.0253 0.4152
vn -0.2527 -0.1431 0.9569
vn 0.5943 -0.2037 0.7780
vn 0.1069 0.9788 0.1746
vn -0.7779 -0.6247 -0.0683
vn 0.6210 -0.7475 -0.2359
vn 0.3119 -0.2894 -0.9050
vn -0.2321 0.3866 -0.8926
vn -0.6013 0.7715 -0.2081
vn -0.5177 0.5755 0.6331
vn -0.0443 -0.0539 0.9976
vn 0.4625 -0.6427 0.6108
vn 0.7779 0.6247 0.0683
vn -0.6403 -0.6580 -0.3962
vn -0.3666 0.7151 -0.5953
vn -0.7563 0.6303 0.1754
vn -0.5765 0.0709 0.8140
vn 0.0374 -0.5419 0.8396
vn 0.6231 -0.7466 0.2330
vn 0.7396 -0.3891 -0.5491
vn 0.2992 0.2614 -0.9177
vn 0.6403 0.6580 0.3962
vn 0.2756 -0.0651 0.9591
vn 0.9613 0.0124 -0.2754
vn 0.5946 -0.7724 -0.2233
vn -0.2198 -0.9755 -0.0031
vn -0.8687 -0.4441 0.2195
vn -0.8634 0.4218 0.2767
vn -0.2080 0.9700 0.1256
vn 0.6041 0.7878 -0.1201
vn -0.2756 0.0651 -0.9591
vn 0.5673 -0.7372 -0.3670
vn 0.6782 0.6710 -0.2996
vn 0.0577 0.4801 -0.8753
vn -0.6063 -0.0723 -0.7919
vn -0.8137 -0.5703 -0.1122
vn -0.4084 -0.6388 0.6520
vn 0.3045 -0.2263 0.9252
vn 0.7881 0.3566 0.5018
vn -0.5673 0.7372 0.3670
vn -0.8933 -0.4081 -0.1882
vn 0.3794 -0.4604 -0.8025
vn 0.0482 0.3293 -0.9430
vn -0.3193 0.8710 -0.3734
vn -0.4463 0.7569 0.4774
vn -0.2373 0.0728 0.9687
vn 0.1504 -0.6661 0.7305
vn 0.4249 -0.9034 -0.0577
vn 0.8933 0.4081 0.1882
vn 0.7354 -0.6013 0.3125
vn -0.6701 -0.5767 0.4673
vn -0.3390 0.0729 0.9380
vn 0.2474 0.6675 0.7023
vn 0.6475 0.7595 -0.0622
vn 0.5600 0.2796 -0.7799
vn 0.0509 -0.4109 -0.9103
vn -0.4966 -0.7920 -0.3552
vn -0.7354 0.6013 -0.3125
vn -0.7082 -0.3505 -0.6128
vn 0.3227 0.6113 -0.7226
vn -0.2897 0.9359 -0.2005
vn -0.6840 0.5557 0.4726
vn -0.5632 -0.2429 0.7898
vn -0.0183 -0.8586 0.5123
vn 0.5404 -0.8278 -0.1510
vn 0.6921 -0.1736 -0.7006
vn 0.7082 0.3505 0.6128
vn 0.3702 0.0116 0.9289
vn 0.4018 -0.9035 -0.1489
vn -0.4043 -0.8983 0.1723
vn -0.9060 -0.2166 0.3638
vn -0.7254 0.6282 0.2813
vn 0.0014 0.9999 -0.0130
vn 0.7271 0.6187 -0.2975
vn 0.9053 -0.2284 -0.3580
vn -0.3702 -0.0116 -0.9289
vn 0.6391 -0.7557 -0.1432
vn -0.1521 0.0584 -0.9866
vn -0.6843 -0.4736 -0.5544
vn -0.7012 -0.6490 0.2953
vn -0.1901 -0.3356 0.9226
vn 0.4642 0.2305 0.8552
vn 0.7689 0.6230 0.1438
vn 0.4946 0.5464 -0.6759
vn -0.6391 0.7557 0.1432
vn 0.5978 -0.7948 0.1042
vn 0.0490 0.1660 0.9849
vn 0.6561 0.5599 0.5060
vn 0.7692 0.5321 -0.3539
vn 0.3030 0.1037 -0.9473
vn -0.3913 -0.4028 -0.8274
vn -0.7910 -0.6060 -0.0844
vn -0.5950 -0.3528 0.7221
vn -0.5978 0.7948 -0.1042
vn 0.3044 -0.7705 -0.5600
vn -0.1401 0.5453 -0.8264
vn -0.8240 0.0819 -0.5607
vn -0.8874 -0.4431 0.1273
vn -0.2826 -0.6345 0.7194
vn 0.5350 -0.3481 0.7698
vn 0.9497 0.2004 0.2405
vn 0.6493 0.5980 -0.4699
vn -0.3044 0.7705 0.5600
vn 0.9312 -0.2932 -0.2167
vn -0.2748 -0.1741 -0.9456
vn -0.3586 -0.8435 -0.3998
vn -0.1724 -0.8778 0.4470
vn 0.1437 -0.2511 0.9573
vn 0.3515 0.5647 0.7467
vn 0.2947 0.9552 -0.0262
vn 0.0159 0.6264 -0.7793
vn -0.9312 0.2932 0.2167
vn -0.3248 -0.4638 0.8243
vn -0.5061 0.8215 0.2628
vn 0.3092 0.7716 0.5559
vn 0.8916 0.1407 0.4304
vn 0.8026 -0.5962 -0.0192
vn 0.1093 -0.8841 -0.4544
vn -0.6664 -0.5063 -0.5474
vn -0.9402 0.2528 -0.2282
vn 0.3248 0.4638 -0.8243
vn 0.2604 -0.9359 0.2371
vn 0.2318 0.2990 0.9257
vn 0.8773 0.3319 0.3467
vn 0.8622 0.1149 -0.4934
vn 0.1979 -0.1886 -0.9619
vn -0.6155 -0.3501 -0.7061
vn -0.9653 -0.2480 0.0814
vn -0.5883 0.0409 0.8076
vn -0.2604 0.9359 -0.2371
vn 0.4722 0.0267 -0.8811
vn 0.8686 -0.1841 0.4600
vn 0.6588 0.6534 0.3729
vn -0.0471 0.9989 0.0050
vn -0.7176 0.5922 -0.3666
vn -0.8477 -0.2604 -0.4622
vn -0.3395 -0.9169 -0.2097
vn 0.4244 -0.8830 0.2007
vn -0.4722 -0.0267 0.8811
vn -0.0075 -0.0939 -0.9956
vn -0.3992 -0.9125 0.0891
vn 0.4679 -0.8802 0.0795
vn 0.9827 -0.1851 0.0100
vn 0.7575 0.6494 -0.0670
vn -0.0381 0.9949 -0.0935
vn -0.8050 0.5912 -0.0497
vn -0.9657 -0.2577 0.0316
vn 0.0075 0.0939 0.9956
vn 0.3722 -0.2867 -0.8827
vn 0.8860 -0.1737 0.4300
vn 0.7687 0.6283 0.1201
vn 0.0725 0.9572 -0.2803
vn -0.6782 0.5653 -0.4696
vn -0.9182 -0.2523 -0.3053
vn -0.4668 -0.8799 0.0889
vn 0.3361 -0.8449 0.4161
vn -0.3722 0.2867 0.8827
vn 0.6699 -0.5206 -0.5294
vn -0.2346 0.5280 -0.8162
vn -0.6970 -0.1953 -0.6899
vn -0.6346 -0.7716 -0.0441
vn -0.0943 -0.7668 0.6349
vn 0.5170 -0.1846 0.8358
vn 0.7390 0.5366 0.4074
vn 0.4045 0.8538 -0.3278
vn -0.6699 0.5206 0.5294
vn 0.1790 -0.7812 -0.5981
vn 0.9836 0.1289 0.1259
vn 0.6299 0.5580 -0.5403
vn -0.1981 0.5669 -0.7996
vn -0.8770 0.1489 -0.4569
vn -0.8955 -0.3812 0.2299
vn -0.2396 -0.6242 0.7436
vn 0.5966 -0.3972 0.6973
vn -0.1790 0.7812 0.5981
vn -0.9807 -0.1387 0.1379
vn 0.1884 -0.8588 0.4764
vn 0.0766 -0.9210 -0.3819
vn -0.0929 -0.2897 -0.9526
vn -0.1925 0.5598 -0.8060
vn -0.1471 0.9877 -0.0524
vn 0.0091 0.6719 0.7406
vn 0.1584 -0.1499 0.9759
vn 0.9807 0.1387 -0.1379
vn -0.8515 -0.4346 -0.2933
vn -0.5209 0.7651 0.3785
vn -0.3716 0.1056 0.9224
vn 0.0575 -0.6334 0.7716
vn 0.4433 -0.8955 0.0398
vn 0.4953 -0.4832 -0.7220
vn 0.1743 0.2929 -0.9401
vn -0.2779 0.8485 -0.4503
vn 0.8515 0.4346 0.2933
vn -0.0719 -0.9881 -0.1362
vn -0.5554 0.1531 -0.8173
vn -0.9940 0.0822 -0.0719
vn -0.6841 -0.0506 0.7276
vn 0.1410 -0.1453 0.9793
vn 0.8599 -0.1306 0.4935
vn 0.9313 -0.0176 -0.3639
vn 0.3014 0.1087 -0.9473
vn 0.0719 0.9881 0.1362
vn 0.6176 -0.4054 -0.6739
vn -0.4810 0.4832 -0.7315
vn -0.7864 -0.3054 -0.5370
vn -0.4996 -0.8641 0.0619
vn 0.1634 -0.7720 0.6142
vn 0.7033 -0.0987 0.7040
vn 0.7136 0.6490 0.2636
vn 0.1866 0.9080 -0.3752
vn -0.6176 0.4054 0.6739
vn -0.9723 -0.2298 0.0420
vn -0.1688 0.5669 -0.8063
vn -0.2315 0.9719 -0.0415
vn -0.1199 0.6451 0.7546
vn 0.0820 -0.1675 0.9825
vn 0.2221 -0.8540 0.4705
vn 0.1950 -0.8974 -0.3958
vn 0.0210 -0.2651 -0.9640
vn 0.9723 0.2298 -0.0420
vn -0.2799 -0.8368 -0.4706
vn 0.8546 -0.4405 0.2749
vn 0.8748 -0.0204 -0.4841
vn 0.2362 0.4151 -0.8786
vn -0.5803 0.5380 -0.6115
vn -0.9597 0.2558 0.1161
vn -0.6165 -0.2190 0.7563
vn 0.1909 -0.5289 0.8269
vn 0.2799 0.8368 0.4706
vn 0.6812 -0.5389 -0.4955
vn 0.6355 0.7713 0.0348
vn 0.1121 0.7456 -0.6569
vn -0.4957 0.1584 -0.8539
vn -0.7302 -0.5481 -0.4079
vn -0.4149 -0.8418 0.3453
vn 0.2129 -0.5017 0.8384
vn 0.6804 0.2162 0.7003
vn -0.6812 0.5389 0.4955
vn -0.1144 -0.9933 0.0129
vn -0.9932 0.1146 0.0183
vn -0.6039 0.0799 0.7931
vn 0.2402 -0.0150 0.9706
vn 0.9034 -0.0986 0.4173
vn 0.8863 -0.1079 -0.4503
vn 0.2018 -0.0360 -0.9788
vn -0.6347 0.0631 -0.7702
vn 0.1144 0.9933 -0.0129
vn -0.3906 -0.9186 -0.0601
vn 0.5169 -0.2728 0.8114
vn 0.9179 -0.3936 0.0513
vn 0.6276 -0.2180 -0.7474
vn -0.1352 0.1218 -0.9833
vn -0.7962 0.3698 -0.4788
vn -0.8577 0.3394 0.3863
vn -0.2733 0.0534 0.9605
vn 0.3906 0.9186 0.0601
vn 0.7290 -0.2939 -0.6182
vn 0.0019 0.9040 -0.4275
vn -0.5340 0.3210 -0.7822
vn -0.6678 -0.5038 -0.5479
vn -0.2987 -0.9492 0.0990
vn 0.2953 -0.6798 0.6713
vn 0.6669 0.1015 0.7382
vn 0.5364 0.8064 0.2492
vn -0.7290 0.2939 0.6182
vn 0.7574 -0.4852 -0.4370
vn -0.2202 -0.8199 0.5285
vn 0.3433 -0.2735 0.8985
vn 0.6483 0.4788 0.5920
vn 0.4651 0.8706 -0.1604
vn -0.0683 0.6068 -0.7919
vn -0.5503 -0.1140 -0.8272
vn -0.6179 -0.7489 -0.2395
vn -0.7574 0.4852 0.4370
vn -0.3493 -0.6768 0.6480
vn -0.3613 -0.5409 -0.7596
vn -0.9012 0.0533 -0.4302
vn -0.7625 0.6073 0.2232
vn -0.0496 0.7040 0.7085
vn 0.7006 0.2706 0.6602
vn 0.9233 -0.3666 0.1149
vn 0.4507 -0.7277 -0.5170
vn 0.3493 0.6768 -0.6480
vn -0.3788 -0.7011 -0.6041
vn -0.3788 -0.7012 -0.6041
vn 0.5599 -0.6933 0.4536
vn 0.9252 -0.3022 -0.2294
vn 0.5938 0.3165 -0.7397
vn -0.1847 0.6969 -0.6930
vn -0.8242 0.5525 -0.1244
vn -0.8430 -0.0079 0.5379
vn -0.2270 -0.5624 0.7951
vn 0.3788 0.7011 0.6041
vn 0.3788 0.7012 0.6041
vn -0.6012 -0.7161 -0.3545
vn -0.0923 -0.3784 0.9210
vn 0.5630 -0.6945 0.4480
vn 0.7944 -0.4875 -0.3624
vn 0.4275 0.0865 -0.8999
vn -0.2613 0.5954 -0.7598
vn -0.7533 0.6560 -0.0475
vn -0.6781 0.2226 0.7005
vn 0.6012 0.7161 0.3545
vn 0.5127 -0.7040 0.4915
vn -0.8568 -0.3827 0.3457
vn -0.4910 0.2292 0.8405
vn 0.2445 0.6684 0.7024
vn 0.7959 0.6044 0.0354
vn 0.7480 0.0852 -0.6583
vn 0.1368 -0.4981 -0.8562
vn -0.5774 -0.7064 -0.4095
vn -0.5127 0.7040 -0.4915
vn 0.5392 -0.7963 0.2741
vn -0.4713 -0.5551 -0.6853
vn -0.8395 -0.5340 0.1002
vn -0.5755 -0.1108 0.8102
vn 0.1218 0.3959 0.9102
vn 0.7275 0.6044 0.3247
vn 0.7853 0.3578 -0.5052
vn 0.2518 -0.1582 -0.9548
vn -0.5392 0.7963 -0.2741
vn -0.4686 -0.8798 -0.0797
vn -0.8060 0.4627 -0.3691
vn -0.7852 0.3735 0.4938
vn -0.1732 0.0030 0.9849
vn 0.5693 -0.3697 0.7343
vn 0.8831 -0.4641 -0.0692
vn 0.5319 -0.2090 -0.8206
vn -0.2198 0.2035 -0.9541
vn 0.4686 0.8798 0.0797
vn -0.3155 -0.9468 0.0631
vn -0.4110 0.0764 -0.9085
vn -0.9250 0.2920 -0.2434
vn -0.7424 0.2877 0.6050
vn -0.0009 0.0668 0.9978
vn 0.7414 -0.2044 0.6392
vn 0.9253 -0.3217 -0.2007
vn 0.4125 -0.1967 -0.8895
vn 0.3155 0.9468 -0.0631
vn 0.0454 -0.7810 -0.6229
vn 0.7758 -0.3653 0.5145
vn 0.9758 0.1683 -0.1399
vn 0.4410 0.5752 -0.6890
vn -0.4258 0.5489 -0.7193
vn -0.9720 0.1093 -0.2079
vn -0.7862 -0.4126 0.4600
vn -0.0084 -0.6238 0.7815
vn -0.0454 0.7810 0.6229
vn -0.8168 -0.2614 -0.5143
vn -0.3238 0.9455 0.0335
vn -0.5752 0.4379 0.6909
vn -0.3935 -0.3995 0.8280
vn 0.0845 -0.9360 0.3416
vn 0.4989 -0.7678 -0.4020
vn 0.5376 -0.0213 -0.8429
vn 0.1715 0.7411 -0.6491
vn 0.8168 0.2614 0.5143
vn 0.0488 -0.8937 -0.4459
vn 0.9335 -0.1180 0.3387
vn 0.8598 0.2648 -0.4366
vn 0.1387 0.4482 -0.8831
vn -0.6869 0.2941 -0.6646
vn -0.9952 -0.0814 0.0544
vn -0.5541 -0.3956 0.7324
vn 0.3042 -0.4119 0.8589
vn -0.0488 0.8937 0.4459
vn -0.1664 -0.3164 -0.9339
vn -0.5141 0.8360 -0.1917
vn -0.9784 0.1708 0.1165
vn -0.7059 -0.6230 0.3369
vn 0.0981 -0.9477 0.3036
vn 0.8283 -0.5588 0.0417
vn 0.9347 0.2510 -0.2516
vn 0.3373 0.8717 -0.3555
vn 0.1664 0.3164 0.9339
vn -0.4879 -0.8368 -0.2485
vn -0.7722 0.2811 0.5698
vn -0.1633 -0.1922 0.9677
vn 0.5686 -0.5207 0.6369
vn 0.8723 -0.4571 -0.1735
vn 0.5192 -0.0493 -0.8532
vn -0.2249 0.3956 -0.8905
vn -0.7996 0.5427 -0.2571
vn 0.4879 0.8368 0.2485
vn 0.7581 -0.3777 -0.5316
vn -0.4534 -0.8912 -0.0134
vn 0.0837 -0.7520 0.6538
vn 0.5578 -0.0466 0.8287
vn 0.6119 0.6939 0.3796
vn 0.2052 0.9119 -0.3554
vn -0.3560 0.4432 -0.8227
vn -0.6491 -0.3592 -0.6705
vn -0.7581 0.3777 0.5316
vn 0.6286 -0.6288 -0.4576
vn -0.6992 -0.1993 -0.6865
vn -0.7022 -0.7119 0.0137
vn -0.1764 -0.6884 0.7036
vn 0.4823 -0.1465 0.8637
vn 0.7777 0.5057 0.3734
vn 0.4875 0.7771 -0.3981
vn -0.1698 0.4633 -0.8698
vn -0.6286 0.6288 0.4576
vn -0.2075 -0.4249 -0.8811
vn 0.9663 0.0513 -0.2523
vn 0.4834 0.7386 -0.4700
vn -0.3635 0.8697 -0.3338
vn -0.9367 0.3460 0.0538
vn -0.8045 -0.4383 0.4008
vn -0.0665 -0.8925 0.4460
vn 0.7216 -0.6747 0.1554
vn 0.2075 0.4249 0.8811
vn -0.1822 -0.2926 -0.9387
vn 0.9491 -0.3019 -0.0901
vn 0.7927 0.5212 -0.3164
vn 0.0394 0.9517 -0.3044
vn -0.7436 0.6656 -0.0632
vn -0.9666 -0.1217 0.2256
vn -0.4617 -0.8174 0.3445
vn 0.3908 -0.8976 0.2040
vn 0.1822 0.2926 0.9387
vn -0.0000 -1.0000 -0.0000
vn 0.9753 -0.0000 -0.2209
vn 0.5334 -0.0000 -0.8458
vn -0.2209 -0.0000 -0.9753
vn -0.8458 -0.0000 -0.5334
vn -0.9753 -0.0000 0.2209
vn -0.5334 -0.0000 0.8458
vn 0.2209 -0.0000 0.9753
vn 0.8458 -0.0000 0.5334
vn -0.0000 1.0000 -0.0000
vn -0.1051 -0.0000 -0.9945
vn -0.7775 -0.0000 -0.6289
vn -0.9945 -0.0000 0.1051
vn -0.6289 -0.0000 0.7775
vn 0.1051 -0.0000 0.9945
vn 0.7775 -0.0000 0.6289
vn 0.9945 -0.0000 -0.1051
vn 0.6289 -0.0000 -0.7775
vn 0.3421 -0.0000 -0.9397
vn -0.4225 -0.0000 -0.9064
vn -0.9397 -0.0000 -0.3421
vn -0.9064 -0.0000 0.4225
vn -0.3421 -0.0000 0.9397
vn 0.4225 -0.0000 0.9064
vn 0.9397 -0.0000 0.3421
vn 0.9064 -0.0000 -0.4225
vn 0.5819 -0.0000 0.8132
vn 0.9865 -0.0000 0.1635
vn 0.8132 -0.0000 -0.5819
vn 0.1635 -0.0000 -0.9865
vn -0.5819 -0.0000 -0.8132
vn -0.9865 -0.0000 -0.1635
vn -0.8132 -0.0000 0.5819
vn -0.1635 -0.0000 0.9865
vn 0.9778 -0.0000 -0.2097
vn 0.5431 -0.0000 -0.8397
vn -0.2097 -0.0000 -0.9778
vn -0.8397 -0.0000 -0.5431
vn -0.9778 -0.0000 0.2097
vn -0.5431 -0.0000 0.8397
vn 0.2097 -0.0000 0.9778
vn 0.8397 -0.0000 0.5431
vn 0.3670 -0.0000 0.9302
vn 0.9173 -0.0000 0.3983
vn 0.9302 -0.0000 -0.3670
vn 0.3983 -0.0000 -0.9173
vn -0.3670 -0.0000 -0.9302
vn -0.9173 -0.0000 -0.3983
vn -0.9302 -0.0000 0.3670
vn -0.3983 -0.0000 0.9173
vn -0.5087 -0.7499 -0.4229
vn -0.5513 0.7439 -0.3777
vn -0.2175 0.8878 -0.4056
vn 0.0463 0.7749 -0.6303
vn 0.1156 -0.7175 -0.6869
vn -0.5920 -0.7661 0.2503
vn 0.6566 -0.7013 -0.2776
vn 0.5733 -0.7175 0.3956
vn -0.0510 -0.7499 0.6596
vn -0.6310 0.7284 0.2668
vn -0.4934 0.8689 -0.0401
vn -0.0440 0.9989 0.0186
vn 0.2368 0.9068 -0.3489
vn 0.5642 0.7904 -0.2385
vn -0.3150 0.8689 0.3819
vn -0.1132 0.7439 0.6586
vn 0.4153 0.9068 0.0732
vn 0.4844 0.7749 0.4059
vn 0.1394 0.8878 0.4386
vn -0.6034 -0.7923 0.0906
vn -0.4703 0.4179 -0.7773
vn -0.1229 0.4783 -0.8696
vn 0.1201 0.2246 -0.9670
vn 0.0134 -0.9941 -0.1075
vn -0.6707 -0.3885 0.6319
vn 0.5629 -0.7923 0.2355
vn 0.4957 -0.3885 0.7768
vn -0.1211 -0.1867 0.9749
vn -0.5347 0.8043 -0.2592
vn -0.3896 0.7144 -0.5813
vn 0.0733 0.8037 -0.5904
vn 0.0733 0.8038 -0.5904
vn 0.3319 0.4783 -0.8131
vn 0.0734 0.8038 -0.5904
vn 0.6462 0.4179 -0.6386
vn -0.0086 0.9976 0.0692
vn -0.2015 0.9505 -0.2365
vn 0.5200 0.7144 -0.4683
vn 0.5818 0.8043 -0.1205
vn 0.2533 0.9505 -0.1800
vn -0.7458 0.3549 -0.5637
vn -0.4801 0.5890 -0.6501
vn -0.1794 0.5109 -0.8407
vn 0.3983 -0.8072 -0.4355
vn -0.1934 -0.9702 -0.1462
vn -0.8578 0.5109 0.0569
vn -0.7564 0.5890 -0.2845
vn -0.3103 -0.8072 0.5021
vn -0.3831 0.8771 -0.2896
vn -0.0642 0.7796 -0.6230
vn 0.2752 0.8229 -0.4972
vn 0.8732 -0.4814 -0.0767
vn 0.7563 -0.3184 0.5716
vn 0.1645 -0.4814 0.8609
vn -0.4032 0.8229 0.4004
vn -0.6168 0.7796 0.1082
vn 0.0753 0.9702 -0.2303
vn 0.1632 0.9788 0.1234
vn -0.2010 0.9702 0.1353
vn -0.8900 0.3911 -0.2345
vn -0.0505 -0.7856 -0.6166
vn -0.0658 -0.9974 0.0278
vn -0.9046 0.1884 0.3824
vn -0.8859 0.4465 0.1258
vn -0.6896 0.6943 -0.2060
vn -0.5750 0.7812 0.2431
vn 0.4377 -0.3620 -0.8230
vn -0.4226 0.7967 -0.4321
vn 0.9106 -0.1502 -0.3850
vn 0.8953 -0.3620 0.2595
vn 0.4071 -0.7856 0.4659
vn -0.4518 0.3911 0.8018
vn -0.7074 0.4465 0.5479
vn -0.3148 0.9421 -0.1157
vn -0.1363 0.9421 0.3064
vn 0.0302 0.9995 -0.0128
vn 0.0155 0.7967 0.6042
vn -0.3327 0.6943 0.6382
vn -0.3463 0.1309 0.9289
vn -0.6590 0.1245 0.7418
vn -0.5282 -0.6754 -0.5147
vn 0.0329 -0.9637 -0.2648
vn -0.1219 -0.1516 0.9809
vn -0.1048 0.5268 0.8435
vn 0.1085 0.1309 0.9854
vn -0.5479 0.4683 0.6932
vn -0.6168 0.6766 0.4021
vn -0.4842 -0.0986 -0.8694
vn 0.6822 -0.0986 -0.7245
vn 0.6381 -0.6754 -0.3698
vn 0.1210 0.1898 -0.9743
vn 0.4575 0.1245 0.8805
vn -0.2947 0.8056 0.5140
vn 0.3616 0.4683 0.8062
vn 0.4997 0.6766 0.5409
vn 0.1600 0.8056 0.5705
vn -0.0375 0.9527 0.3017
vn -0.7744 0.2405 -0.5852
vn 0.2817 0.9356 0.2129
vn 0.6069 0.7761 0.1715
vn 0.7458 0.6510 -0.1415
vn -0.2896 -0.0567 -0.9555
vn -0.0287 -0.6513 -0.7583
vn -0.2526 -0.9486 -0.1909
vn -0.7373 -0.6513 0.1793
vn -0.9982 -0.0567 -0.0179
vn 0.0674 0.6510 0.7561
vn 0.3306 0.7761 0.5370
vn 0.6990 0.4819 0.5283
vn 0.8976 0.4283 0.1040
vn 0.9955 0.0818 0.0473
vn 0.9120 0.0806 0.4021
vn 0.7812 -0.2027 0.5904
vn 0.6357 0.0806 0.7677
vn 0.3171 0.0818 0.9448
vn 0.3450 0.4284 0.8352
vn 0.8721 0.4575 -0.1735
vn 0.7318 0.4747 -0.4890
vn 0.4866 0.4826 -0.7282
vn 0.1756 0.4785 -0.8603
vn -0.1703 0.4877 -0.8562
vn -0.4584 0.4428 -0.7706
vn -0.7415 0.4523 -0.4955
vn -0.8683 0.4651 -0.1727
vn -0.8610 0.4789 0.1713
vn -0.7574 0.4519 0.4713
vn -0.5080 0.4436 0.7384
vn -0.1707 0.4843 0.8581
vn 0.1222 0.4323 0.8934
vn 0.4988 0.4403 0.7466
vn 0.7434 0.4478 0.4968
vn 0.8756 0.4506 0.1742
vn 0.7075 0.6898 -0.1539
vn 0.5977 0.6729 -0.4359
vn 0.4922 0.6015 -0.6292
vn 0.1565 0.6347 -0.7568
vn -0.1585 0.6735 -0.7220
vn -0.3608 0.7195 -0.5935
vn -0.5657 0.7396 -0.3647
vn -0.7002 0.7047 -0.1147
vn -0.8010 0.5945 0.0708
vn -0.6029 0.6679 0.4364
vn -0.4068 0.7109 0.5738
vn -0.0747 0.6721 0.7367
vn 0.0794 0.6975 0.7121
vn 0.3840 0.7318 0.5630
vn 0.5880 0.6765 0.4434
vn 0.7107 0.6903 0.1359
vn 0.6871 0.7265 -0.0016
vn 0.5795 0.7248 -0.3727
vn 0.3046 0.8045 -0.5099
vn 0.1614 0.7513 -0.6399
vn -0.1971 0.7769 -0.5979
vn -0.3314 0.7885 -0.5181
vn -0.5199 0.7986 -0.3033
vn -0.6680 0.6867 -0.2869
vn -0.5495 0.8219 0.1503
vn -0.4391 0.8335 0.3353
vn -0.4242 0.7480 0.5104
vn -0.0759 0.8131 0.5772
vn 0.0075 0.7797 0.6261
vn 0.3990 0.7555 0.5196
vn 0.5160 0.7627 0.3899
vn 0.5299 0.8439 0.0837
vn 0.2994 0.9480 -0.1083
vn 0.3871 0.9122 -0.1345
vn 0.3813 0.8530 -0.3563
vn 0.1194 0.9121 -0.3921
vn -0.2287 0.9001 -0.3707
vn -0.1926 0.8551 -0.4814
vn -0.4450 0.8681 -0.2199
vn -0.4349 0.8459 -0.3087
vn -0.3203 0.9408 0.1106
vn -0.2670 0.9252 0.2696
vn -0.4795 0.8320 0.2791
vn 0.0550 0.8563 0.5135
vn -0.0684 0.9309 0.3589
vn 0.1152 0.8985 0.4236
vn 0.2884 0.9415 0.1747
vn 0.5057 0.8596 -0.0732
vn 0.2935 0.9499 -0.1073
vn 0.4468 0.8946 0.0039
vn 0.1819 0.9830 -0.0252
vn 0.4562 0.8398 -0.2945
vn -0.2268 0.9525 -0.2030
vn -0.1473 0.9864 -0.0726
vn -0.1229 0.7654 -0.6318
vn -0.1974 0.9736 0.1145
vn -0.3004 0.9022 0.3094
vn -0.4419 0.8744 0.2004
vn -0.3603 0.9316 0.0482
vn 0.1018 0.9301 0.3528
vn 0.1841 0.9294 0.3199
vn -0.0219 0.8535 0.5206
vn 0.3218 0.9020 0.2878
vn 0.3419 0.9371 0.0707
vn 0.5962 0.1576 -0.7872
vn 0.3118 -0.2894 -0.9050
vn 0.1437 -0.2511 0.9572
vn 0.3516 0.5647 0.7467
vn -0.5554 0.1531 -0.8174
vn -0.2315 0.9720 -0.0415
vn 0.6804 0.2162 0.7002
vn -0.0496 0.7040 0.7084
vn 0.5938 0.3165 -0.7398
vn 0.1219 0.3959 0.9102
vn 0.6119 0.6939 0.3795
vt 0.025000 0.065667
vt 0.100000 0.065545
vt 0.066503 0.100000
vt 0.150000 0.059453
vt 0.225000 0.069704
vt 0.186045 0.100000
vt 0.198134 0.100000
vt 0.184385 0.025000
vt 0.225000 0.053906
vt 0.025000 0.057911
vt 0.100000 0.060354
vt 0.066796 0.100000
vt 0.312285 0.100000
vt 0.318190 0.025000
vt 0.350000 0.063397
vt 0.275000 0.053251
vt 0.350000 0.066683
vt 0.310906 0.100000
vt 0.053083 0.025000
vt 0.064477 0.100000
vt 0.025000 0.071978
vt 0.059316 0.025000
vt 0.059940 0.100000
vt 0.025000 0.066644
vt 0.063055 0.025000
vt 0.056975 0.100000
vt 0.025000 0.062492
vt 0.100000 0.071879
vt 0.025000 0.059281
vt 0.064248 0.025000
vt 0.314728 0.100000
vt 0.305318 0.025000
vt 0.350000 0.054128
vt 0.225000 0.055113
vt 0.150000 0.065225
vt 0.177674 0.025000
vt 0.059911 0.100000
vt 0.062181 0.025000
vt 0.100000 0.058020
vt 0.350000 0.066419
vt 0.275000 0.053292
vt 0.313613 0.025000
vt 0.150000 0.070284
vt 0.225000 0.061697
vt 0.196255 0.100000
vt 0.150000 0.069523
vt 0.225000 0.062685
vt 0.194763 0.100000
vt 0.150000 0.074104
vt 0.225000 0.060652
vt 0.190819 0.100000
vt 0.335762 0.025000
vt 0.285249 0.100000
vt 0.275000 0.039937
vt 0.340962 0.100000
vt 0.288185 0.025332
vt 0.350000 0.025000
vt 0.191706 0.100000
vt 0.190104 0.025000
vt 0.225000 0.060423
vt 0.311244 0.100000
vt 0.318460 0.025000
vt 0.350000 0.066255
vt 0.033724 0.100000
vt 0.077080 0.025000
vt 0.100000 0.079674
vt 0.218007 0.100000
vt 0.170234 0.025000
vt 0.225000 0.041755
vt 0.074209 0.100000
vt 0.062002 0.025000
vt 0.100000 0.062126
vt 0.225000 0.077415
vt 0.150000 0.054225
vt 0.187410 0.025000
vt 0.100000 0.084068
vt 0.025000 0.054659
vt 0.072569 0.025000
vt 0.025000 0.099724
vt 0.100000 0.039724
vt 0.093003 0.100000
vt 0.100000 0.041913
vt 0.025000 0.070300
vt 0.052173 0.025000
vt 0.053451 0.100000
vt 0.061144 0.025000
vt 0.100000 0.054364
vt 0.025000 0.045699
vt 0.100000 0.081310
vt 0.044693 0.100000
vt 0.100000 0.044835
vt 0.025000 0.080447
vt 0.030938 0.025000
vt 0.025000 0.080883
vt 0.100000 0.054948
vt 0.072354 0.100000
vt 0.225000 0.081084
vt 0.150000 0.054724
vt 0.191247 0.025000
vt 0.350000 0.099880
vt 0.275000 0.043630
vt 0.337707 0.025000
vt 0.083465 0.100000
vt 0.032303 0.025000
vt 0.100000 0.025326
vt 0.320628 0.100000
vt 0.299511 0.025000
vt 0.350000 0.041352
vt 0.350000 0.059689
vt 0.275000 0.056983
vt 0.310256 0.025000
vt 0.031304 0.100000
vt 0.076273 0.025000
vt 0.100000 0.081907
vt 0.093057 0.100000
vt 0.048656 0.025000
vt 0.100000 0.038405
vt 0.025000 0.061507
vt 0.100000 0.058802
vt 0.074031 0.100000
vt 0.025000 0.040314
vt 0.100000 0.066673
vt 0.050859 0.100000
vt 0.040018 0.100000
vt 0.087353 0.025068
vt 0.100000 0.081199
vt 0.160071 0.025000
vt 0.212125 0.099582
vt 0.150000 0.100000
vt 0.150000 0.081642
vt 0.225000 0.055283
vt 0.204949 0.100000
vt 0.198197 0.025000
vt 0.187606 0.100000
vt 0.150000 0.066985
vt 0.275000 0.045142
vt 0.350000 0.087608
vt 0.297215 0.100000
vt 0.225000 0.043846
vt 0.150000 0.086312
vt 0.154456 0.025000
vt 0.053057 0.025000
vt 0.063767 0.100000
vt 0.025000 0.070998
vt 0.100000 0.080480
vt 0.025000 0.065758
vt 0.070856 0.025000
vt 0.100000 0.099670
vt 0.025000 0.049670
vt 0.086884 0.025000
vt 0.213923 0.100000
vt 0.160980 0.025273
vt 0.225000 0.025000
vt 0.100000 0.047007
vt 0.025000 0.061729
vt 0.044411 0.025000
vt 0.100000 0.064301
vt 0.025000 0.049186
vt 0.059216 0.025000
vt 0.030436 0.100000
vt 0.072212 0.025000
vt 0.100000 0.083814
vt 0.343662 0.100000
vt 0.304045 0.025000
vt 0.350000 0.034656
vt 0.025000 0.064491
vt 0.100000 0.049377
vt 0.075927 0.100000
vt 0.056432 0.100000
vt 0.075437 0.025000
vt 0.100000 0.060260
vt 0.039990 0.100000
vt 0.090423 0.025000
vt 0.100000 0.075003
vt 0.164392 0.025000
vt 0.211395 0.100000
vt 0.150000 0.099632
vt 0.150000 0.078821
vt 0.225000 0.064099
vt 0.206062 0.100000
vt 0.275000 0.058773
vt 0.350000 0.073888
vt 0.319078 0.100000
vt 0.096115 0.025000
vt 0.051634 0.100000
vt 0.025000 0.041142
vt 0.100000 0.040539
vt 0.025000 0.090765
vt 0.026488 0.025000
vt 0.049454 0.025000
vt 0.055960 0.100000
vt 0.025000 0.074649
vt 0.198824 0.025000
vt 0.164228 0.100000
vt 0.150000 0.076686
vt 0.350000 0.099130
vt 0.275000 0.061630
vt 0.341834 0.025000
vt 0.100000 0.025945
vt 0.025000 0.063445
vt 0.027977 0.025000
vt 0.324165 0.100000
vt 0.291168 0.025000
vt 0.350000 0.052318
vt 0.225000 0.073714
vt 0.150000 0.041474
vt 0.175025 0.025000
vt 0.151482 0.100000
vt 0.185993 0.025000
vt 0.225000 0.090150
vt 0.275000 0.093170
vt 0.348886 0.034086
vt 0.350000 0.100000
vt 0.275000 0.069311
vt 0.350000 0.037071
vt 0.319855 0.100000
vt 0.179644 0.100000
vt 0.212910 0.025000
vt 0.225000 0.048858
vt 0.025000 0.025265
vt 0.100000 0.062765
vt 0.034972 0.100000
vt 0.025000 0.100000
vt 0.100000 0.062741
vt 0.097576 0.099518
vt 0.150000 0.073344
vt 0.225000 0.077580
vt 0.210786 0.100000
vt 0.025000 0.052965
vt 0.100000 0.085205
vt 0.077523 0.100000
vt 0.214970 0.025000
vt 0.190574 0.100000
vt 0.150000 0.036707
vt 0.350000 0.035063
vt 0.275000 0.094147
vt 0.277896 0.025000
vt 0.183157 0.025000
vt 0.172527 0.100000
vt 0.150000 0.086727
vt 0.081736 0.025000
vt 0.100000 0.059410
vt 0.219391 0.025000
vt 0.225000 0.100000
vt 0.150000 0.100000
vt 0.350000 0.025000
vt 0.344424 0.100000
vt 0.275000 0.025000
vt 0.350000 0.065590
vt 0.328903 0.100000
vt 0.100000 0.082403
vt 0.057012 0.100000
vt 0.025000 0.025000
vt 0.225000 0.094291
vt 0.151764 0.025000
vt 0.150000 0.094291
vt 0.206690 0.025000
vt 0.059962 0.100000
vt 0.025000 0.082403
vt 0.100000 0.025000
vt 0.292604 0.100000
vt 0.275000 0.065590
vt 0.030734 0.100000
vt 0.025000 0.025000
vt 0.275000 0.100000
vt 0.280777 0.025000
vt 0.350000 0.100000
vt 0.025000 0.059410
vt 0.042799 0.025000
vt 0.100000 0.100000
vt 0.025000 0.042597
vt 0.060887 0.025000
vt 0.150000 0.030709
vt 0.224221 0.100000
vt 0.150170 0.025000
vt 0.225000 0.030709
vt 0.064374 0.025000
vt 0.100000 0.042597
vt 0.040839 0.025000
vt 0.100000 0.064388
vt 0.083290 0.100000
vt 0.025000 0.042089
vt 0.100000 0.096558
vt 0.051097 0.025000
vt 0.055379 0.100000
vt 0.025000 0.028404
vt 0.077306 0.025000
vt 0.025000 0.087417
vt 0.100000 0.056107
vt 0.046116 0.100000
vt 0.025000 0.065343
vt 0.097408 0.025000
vt 0.157904 0.100000
vt 0.217096 0.025000
vt 0.225000 0.054526
vt 0.186834 0.025000
vt 0.188166 0.100000
vt 0.150000 0.094844
vt 0.150000 0.096145
vt 0.225000 0.028855
vt 0.193901 0.100000
vt 0.150000 0.069215
vt 0.225000 0.055785
vt 0.221208 0.100000
vt 0.225000 0.057491
vt 0.150000 0.067509
vt 0.154143 0.025000
vt 0.225000 0.096002
vt 0.150000 0.028998
vt 0.193199 0.025000
vt 0.223397 0.100000
vt 0.151603 0.025000
vt 0.225000 0.041655
vt 0.275000 0.064388
vt 0.334161 0.025000
vt 0.350000 0.042089
vt 0.291710 0.100000
vt 0.323903 0.025000
vt 0.275000 0.096558
vt 0.350000 0.028404
vt 0.319621 0.100000
vt 0.350000 0.087417
vt 0.297694 0.025000
vt 0.328884 0.100000
vt 0.275000 0.056107
vt 0.277592 0.025000
vt 0.350000 0.065343
vt 0.100000 0.049733
vt 0.035976 0.100000
vt 0.094335 0.100000
vt 0.025000 0.068128
vt 0.030773 0.025000
vt 0.100000 0.075396
vt 0.025000 0.039576
vt 0.081375 0.100000
vt 0.062148 0.025000
vt 0.100000 0.086091
vt 0.057674 0.100000
vt 0.100000 0.029347
vt 0.025000 0.077129
vt 0.070500 0.025000
vt 0.150000 0.032229
vt 0.225000 0.092771
vt 0.193678 0.100000
vt 0.150000 0.032972
vt 0.225000 0.092028
vt 0.195644 0.100000
vt 0.225000 0.072217
vt 0.150000 0.052783
vt 0.158628 0.025000
vt 0.225000 0.051613
vt 0.150000 0.073387
vt 0.153028 0.025000
vt 0.225000 0.031901
vt 0.150000 0.093099
vt 0.192738 0.025000
vt 0.225000 0.036939
vt 0.150000 0.088061
vt 0.203418 0.025000
vt 0.150000 0.066642
vt 0.225000 0.058358
vt 0.156537 0.100000
vt 0.339024 0.100000
vt 0.275000 0.049733
vt 0.350000 0.068128
vt 0.280665 0.100000
vt 0.275000 0.075396
vt 0.344227 0.025000
vt 0.293625 0.100000
vt 0.350000 0.039576
vt 0.275000 0.086091
vt 0.312852 0.025000
vt 0.275000 0.029347
vt 0.317326 0.100000
vt 0.304500 0.025000
vt 0.350000 0.077129
vt 0.100000 0.062864
vt 0.037985 0.100000
vt 0.025000 0.056742
vt 0.094842 0.100000
vt 0.048681 0.025000
vt 0.100000 0.071262
vt 0.074316 0.100000
vt 0.025000 0.035215
vt 0.025000 0.093302
vt 0.057574 0.025000
vt 0.100000 0.031849
vt 0.048902 0.100000
vt 0.086435 0.025000
vt 0.025000 0.080659
vt 0.161610 0.025000
vt 0.213390 0.100000
vt 0.150000 0.047096
vt 0.195774 0.025000
vt 0.179226 0.100000
vt 0.150000 0.091976
vt 0.225000 0.093231
vt 0.150000 0.031769
vt 0.224435 0.025000
vt 0.223207 0.100000
vt 0.151793 0.025000
vt 0.225000 0.043194
vt 0.176761 0.025000
vt 0.198239 0.100000
vt 0.150000 0.034088
vt 0.223310 0.100000
vt 0.151690 0.025000
vt 0.225000 0.042372
vt 0.225000 0.091804
vt 0.150000 0.033195
vt 0.224303 0.025000
vt 0.337015 0.100000
vt 0.275000 0.062864
vt 0.280158 0.100000
vt 0.350000 0.056742
vt 0.275000 0.071262
vt 0.326319 0.025000
vt 0.350000 0.035215
vt 0.300684 0.100000
vt 0.317426 0.025000
vt 0.350000 0.093302
vt 0.326098 0.100000
vt 0.275000 0.031849
vt 0.350000 0.080659
vt 0.288565 0.025000
vt 0.025000 0.071930
vt 0.075619 0.025000
vt 0.100000 0.055929
vt 0.030857 0.100000
vt 0.087830 0.100000
vt 0.025000 0.063486
vt 0.037678 0.025000
vt 0.100000 0.080038
vt 0.025000 0.032779
vt 0.076710 0.100000
vt 0.066814 0.025000
vt 0.100000 0.092416
vt 0.051509 0.100000
vt 0.100000 0.034547
vt 0.212772 0.025000
vt 0.162228 0.100000
vt 0.150000 0.078854
vt 0.207622 0.100000
vt 0.167378 0.025000
vt 0.225000 0.084826
vt 0.150000 0.039052
vt 0.225000 0.085948
vt 0.206317 0.100000
vt 0.225000 0.078117
vt 0.150000 0.046883
vt 0.161745 0.025000
vt 0.160642 0.025000
vt 0.214358 0.100000
vt 0.150000 0.048721
vt 0.169505 0.100000
vt 0.205495 0.025000
vt 0.225000 0.038405
vt 0.164823 0.100000
vt 0.210177 0.025000
vt 0.225000 0.042771
vt 0.299381 0.025000
vt 0.350000 0.071930
vt 0.344142 0.100000
vt 0.275000 0.055929
vt 0.350000 0.063486
vt 0.287170 0.100000
vt 0.275000 0.080038
vt 0.337322 0.025000
vt 0.298290 0.100000
vt 0.350000 0.032779
vt 0.275000 0.092416
vt 0.308186 0.025000
vt 0.275000 0.034547
vt 0.323491 0.100000
vt 0.041634 0.025000
vt 0.100000 0.065037
vt 0.082403 0.100000
vt 0.025000 0.041439
vt 0.100000 0.097552
vt 0.051723 0.025000
vt 0.054753 0.100000
vt 0.025000 0.027428
vt 0.078169 0.025000
vt 0.025000 0.086749
vt 0.100000 0.056775
vt 0.045367 0.100000
vt 0.025000 0.064512
vt 0.098157 0.025000
vt 0.169376 0.100000
vt 0.205624 0.025000
vt 0.225000 0.038504
vt 0.172766 0.025000
vt 0.202234 0.100000
vt 0.150000 0.097580
vt 0.150000 0.097565
vt 0.225000 0.027435
vt 0.202129 0.100000
vt 0.150000 0.042088
vt 0.225000 0.082912
vt 0.209560 0.100000
vt 0.225000 0.096570
vt 0.150000 0.028430
vt 0.196111 0.025000
vt 0.225000 0.097806
vt 0.150000 0.027194
vt 0.203802 0.025000
vt 0.225000 0.054379
vt 0.150000 0.070621
vt 0.217037 0.025000
vt 0.400000 0.065037
vt 0.458366 0.025000
vt 0.475000 0.100000
vt 0.400000 0.025000
vt 0.475000 0.041439
vt 0.417598 0.100000
vt 0.448277 0.025000
vt 0.400000 0.097552
vt 0.475000 0.027428
vt 0.445247 0.100000
vt 0.475000 0.086749
vt 0.400000 0.100000
vt 0.421831 0.025000
vt 0.454633 0.100000
vt 0.400000 0.056775
vt 0.475000 0.025000
vt 0.401843 0.025000
vt 0.475000 0.064512
vt 0.060550 0.025000
vt 0.100000 0.098212
vt 0.100000 0.041692
vt 0.059915 0.100000
vt 0.025000 0.082337
vt 0.083609 0.025000
vt 0.027374 0.100000
vt 0.100000 0.051770
vt 0.025000 0.054707
vt 0.097644 0.025000
vt 0.100000 0.078233
vt 0.038300 0.025000
vt 0.068176 0.100000
vt 0.025000 0.045311
vt 0.150000 0.094186
vt 0.225000 0.030814
vt 0.224521 0.100000
vt 0.225000 0.071996
vt 0.150000 0.053004
vt 0.158532 0.025000
vt 0.221364 0.100000
vt 0.153636 0.025000
vt 0.225000 0.025291
vt 0.221452 0.100000
vt 0.153548 0.025000
vt 0.225000 0.025284
vt 0.225000 0.054627
vt 0.150000 0.070373
vt 0.217136 0.025000
vt 0.150000 0.042878
vt 0.225000 0.082122
vt 0.151754 0.100000
vt 0.150000 0.025259
vt 0.225000 0.099741
vt 0.153251 0.100000
vt 0.400000 0.098212
vt 0.439450 0.025000
vt 0.440085 0.100000
vt 0.400000 0.041692
vt 0.416391 0.025000
vt 0.475000 0.082337
vt 0.400000 0.051770
vt 0.472626 0.100000
vt 0.402356 0.025000
vt 0.475000 0.054707
vt 0.461700 0.025000
vt 0.400000 0.078233
vt 0.475000 0.045311
vt 0.431824 0.100000
vt 0.072313 0.100000
vt 0.025000 0.049778
vt 0.055464 0.025000
vt 0.100000 0.093745
vt 0.100000 0.036700
vt 0.063840 0.100000
vt 0.025000 0.087832
vt 0.079684 0.025000
vt 0.033306 0.100000
vt 0.100000 0.047940
vt 0.025000 0.058537
vt 0.091915 0.025000
vt 0.100000 0.073020
vt 0.034163 0.025000
vt 0.150000 0.039144
vt 0.225000 0.085856
vt 0.206429 0.100000
vt 0.225000 0.072243
vt 0.150000 0.052757
vt 0.158640 0.025000
vt 0.159567 0.025000
vt 0.215433 0.100000
vt 0.150000 0.050761
vt 0.225000 0.039050
vt 0.150000 0.085950
vt 0.206314 0.025000
vt 0.225000 0.041987
vt 0.150000 0.083013
vt 0.209466 0.025000
vt 0.215026 0.025000
vt 0.159974 0.100000
vt 0.150000 0.075044
vt 0.217564 0.025000
vt 0.157436 0.100000
vt 0.150000 0.069248
vt 0.225000 0.049778
vt 0.177687 0.100000
vt 0.150000 0.025000
vt 0.150000 0.093745
vt 0.194536 0.025000
vt 0.186160 0.100000
vt 0.150000 0.036700
vt 0.170316 0.025000
vt 0.225000 0.087832
vt 0.150000 0.047940
vt 0.216694 0.100000
vt 0.158085 0.025000
vt 0.225000 0.058537
vt 0.215837 0.025000
vt 0.150000 0.073020
vt 0.100000 0.084379
vt 0.042877 0.025000
vt 0.063600 0.100000
vt 0.025000 0.039857
vt 0.066358 0.025000
vt 0.025000 0.096505
vt 0.100000 0.047019
vt 0.055287 0.100000
vt 0.025000 0.076260
vt 0.088237 0.025000
vt 0.029572 0.025000
vt 0.100000 0.056143
vt 0.095358 0.100000
vt 0.025000 0.050333
vt 0.150000 0.079310
vt 0.225000 0.045690
vt 0.162541 0.100000
vt 0.219872 0.100000
vt 0.155128 0.025000
vt 0.225000 0.061723
vt 0.151778 0.100000
vt 0.223222 0.025000
vt 0.225000 0.081932
vt 0.225000 0.073566
vt 0.150000 0.051434
vt 0.159241 0.025000
vt 0.157126 0.100000
vt 0.217874 0.025000
vt 0.225000 0.056612
vt 0.151990 0.100000
vt 0.223010 0.025000
vt 0.225000 0.080297
vt 0.221263 0.025000
vt 0.153737 0.100000
vt 0.150000 0.055506
vt 0.207123 0.025000
vt 0.150000 0.084379
vt 0.225000 0.039857
vt 0.186400 0.100000
vt 0.225000 0.096505
vt 0.183642 0.025000
vt 0.194713 0.100000
vt 0.150000 0.047019
vt 0.161763 0.025000
vt 0.225000 0.076260
vt 0.150000 0.056143
vt 0.220428 0.025000
vt 0.225000 0.050333
vt 0.154642 0.100000
vt 0.076198 0.100000
vt 0.025000 0.036714
vt 0.025000 0.095359
vt 0.056189 0.025000
vt 0.100000 0.029713
vt 0.050288 0.100000
vt 0.084443 0.025000
vt 0.025000 0.082076
vt 0.100000 0.061447
vt 0.039798 0.100000
vt 0.025000 0.058582
vt 0.096451 0.100000
vt 0.047072 0.025000
vt 0.100000 0.069762
vt 0.197269 0.025000
vt 0.177731 0.100000
vt 0.150000 0.091349
vt 0.150000 0.092974
vt 0.225000 0.032026
vt 0.181898 0.100000
vt 0.150000 0.050171
vt 0.225000 0.074829
vt 0.215137 0.100000
vt 0.210832 0.100000
vt 0.164168 0.025000
vt 0.225000 0.081458
vt 0.225000 0.092942
vt 0.150000 0.032058
vt 0.181804 0.025000
vt 0.225000 0.091485
vt 0.150000 0.033515
vt 0.178044 0.025000
vt 0.163184 0.100000
vt 0.211816 0.025000
vt 0.225000 0.044797
vt 0.350000 0.036714
vt 0.298802 0.100000
vt 0.318811 0.025000
vt 0.350000 0.095359
vt 0.324712 0.100000
vt 0.275000 0.029713
vt 0.350000 0.082076
vt 0.290557 0.025000
vt 0.335202 0.100000
vt 0.275000 0.061447
vt 0.278549 0.100000
vt 0.350000 0.058582
vt 0.275000 0.069762
vt 0.327928 0.025000
vt 0.100000 0.068668
vt 0.030512 0.025000
vt 0.075965 0.100000
vt 0.025000 0.053401
vt 0.051101 0.025000
vt 0.100000 0.090122
vt 0.100000 0.032147
vt 0.067117 0.100000
vt 0.025000 0.092680
vt 0.076407 0.025000
vt 0.038118 0.100000
vt 0.100000 0.044655
vt 0.025000 0.061822
vt 0.087426 0.025000
vt 0.192697 0.025000
vt 0.182303 0.100000
vt 0.150000 0.029103
vt 0.221892 0.100000
vt 0.153108 0.025000
vt 0.225000 0.052081
vt 0.225000 0.074382
vt 0.150000 0.050618
vt 0.222137 0.025000
vt 0.162364 0.025000
vt 0.212636 0.100000
vt 0.150000 0.045946
vt 0.155293 0.100000
vt 0.219707 0.025000
vt 0.225000 0.062639
vt 0.150147 0.100000
vt 0.224853 0.025000
vt 0.225000 0.098118
vt 0.217517 0.025000
vt 0.157483 0.100000
vt 0.150000 0.069374
vt 0.469488 0.025000
vt 0.400000 0.068668
vt 0.475000 0.053401
vt 0.424035 0.100000
vt 0.400000 0.090122
vt 0.448899 0.025000
vt 0.432883 0.100000
vt 0.400000 0.032147
vt 0.423593 0.025000
vt 0.475000 0.092680
vt 0.400000 0.044655
vt 0.461882 0.100000
vt 0.412574 0.025000
vt 0.475000 0.061822
vt 0.100000 0.070920
vt 0.032424 0.025000
vt 0.074053 0.100000
vt 0.025000 0.051539
vt 0.053372 0.025000
vt 0.100000 0.091984
vt 0.100000 0.034549
vt 0.065422 0.100000
vt 0.025000 0.090141
vt 0.078102 0.025000
vt 0.035644 0.100000
vt 0.100000 0.046364
vt 0.025000 0.060112
vt 0.089716 0.025000
vt 0.150000 0.094834
vt 0.225000 0.030166
vt 0.188127 0.100000
vt 0.150000 0.081389
vt 0.225000 0.043611
vt 0.223153 0.100000
vt 0.222491 0.025000
vt 0.152509 0.100000
vt 0.150000 0.048363
vt 0.188026 0.025000
vt 0.186974 0.100000
vt 0.150000 0.030192
vt 0.223401 0.100000
vt 0.151599 0.025000
vt 0.225000 0.041623
vt 0.225000 0.064905
vt 0.150000 0.060095
vt 0.220273 0.025000
vt 0.150000 0.093595
vt 0.225000 0.031405
vt 0.183772 0.100000
vt 0.342576 0.025000
vt 0.275000 0.070920
vt 0.350000 0.051539
vt 0.300947 0.100000
vt 0.275000 0.091984
vt 0.321628 0.025000
vt 0.309578 0.100000
vt 0.275000 0.034549
vt 0.296898 0.025000
vt 0.350000 0.090141
vt 0.275000 0.046364
vt 0.339355 0.100000
vt 0.285284 0.025000
vt 0.350000 0.060112
vt 0.038090 0.025000
vt 0.100000 0.080326
vt 0.025000 0.032348
vt 0.076425 0.100000
vt 0.067098 0.025000
vt 0.100000 0.092825
vt 0.051127 0.100000
vt 0.100000 0.034857
vt 0.025000 0.071619
vt 0.075943 0.025000
vt 0.100000 0.056307
vt 0.030533 0.100000
vt 0.087451 0.100000
vt 0.025000 0.063197
vt 0.225000 0.068582
vt 0.150000 0.056418
vt 0.157195 0.025000
vt 0.225000 0.068946
vt 0.150000 0.056054
vt 0.157326 0.025000
vt 0.167643 0.100000
vt 0.207357 0.025000
vt 0.225000 0.039936
vt 0.160229 0.100000
vt 0.214771 0.025000
vt 0.225000 0.049472
vt 0.150000 0.070648
vt 0.225000 0.054352
vt 0.157973 0.100000
vt 0.150000 0.040405
vt 0.225000 0.084595
vt 0.207874 0.100000
vt 0.150000 0.042133
vt 0.225000 0.082867
vt 0.209602 0.100000
vt 0.275000 0.080326
vt 0.336910 0.025000
vt 0.298575 0.100000
vt 0.350000 0.032348
vt 0.275000 0.092825
vt 0.307902 0.025000
vt 0.275000 0.034857
vt 0.323873 0.100000
vt 0.299057 0.025000
vt 0.350000 0.071619
vt 0.344467 0.100000
vt 0.275000 0.056307
vt 0.350000 0.063197
vt 0.287549 0.100000
vt 0.092169 0.100000
vt 0.025000 0.066641
vt 0.033039 0.025000
vt 0.100000 0.076882
vt 0.025000 0.037427
vt 0.079864 0.100000
vt 0.063660 0.025000
vt 0.100000 0.088061
vt 0.055700 0.100000
vt 0.100000 0.031053
vt 0.025000 0.075423
vt 0.072119 0.025000
vt 0.100000 0.051741
vt 0.034358 0.100000
vt 0.223519 0.100000
vt 0.151481 0.025000
vt 0.225000 0.040635
vt 0.225000 0.069733
vt 0.150000 0.055267
vt 0.157618 0.025000
vt 0.168086 0.025000
vt 0.206914 0.100000
vt 0.150000 0.039550
vt 0.152624 0.100000
vt 0.222376 0.025000
vt 0.225000 0.075881
vt 0.150003 0.100000
vt 0.224997 0.025000
vt 0.225000 0.099960
vt 0.210528 0.025000
vt 0.164472 0.100000
vt 0.150000 0.081822
vt 0.150000 0.072146
vt 0.225000 0.052855
vt 0.221757 0.100000
vt 0.225000 0.066641
vt 0.157831 0.100000
vt 0.150000 0.076882
vt 0.216961 0.025000
vt 0.170136 0.100000
vt 0.225000 0.037427
vt 0.150000 0.088061
vt 0.186340 0.025000
vt 0.150000 0.031053
vt 0.194300 0.100000
vt 0.177881 0.025000
vt 0.225000 0.075423
vt 0.215642 0.100000
vt 0.150000 0.051741
vt 0.035606 0.025000
vt 0.100000 0.060348
vt 0.089010 0.100000
vt 0.025000 0.046129
vt 0.100000 0.090489
vt 0.047133 0.025000
vt 0.059343 0.100000
vt 0.025000 0.034222
vt 0.071942 0.025000
vt 0.025000 0.091725
vt 0.100000 0.051799
vt 0.050685 0.100000
vt 0.025000 0.070607
vt 0.092838 0.025000
vt 0.153091 0.100000
vt 0.221909 0.025000
vt 0.225000 0.073018
vt 0.210042 0.025000
vt 0.164958 0.100000
vt 0.150000 0.082382
vt 0.150000 0.089856
vt 0.225000 0.035144
vt 0.174633 0.100000
vt 0.222912 0.100000
vt 0.152088 0.025000
vt 0.225000 0.045433
vt 0.221510 0.100000
vt 0.153490 0.025000
vt 0.225000 0.054215
vt 0.225000 0.088200
vt 0.150000 0.036800
vt 0.171796 0.025000
vt 0.225000 0.092396
vt 0.150000 0.032604
vt 0.224358 0.025000
vt 0.275000 0.060348
vt 0.339394 0.025000
vt 0.350000 0.046129
vt 0.285990 0.100000
vt 0.327867 0.025000
vt 0.275000 0.090489
vt 0.350000 0.034222
vt 0.315657 0.100000
vt 0.350000 0.091725
vt 0.303058 0.025000
vt 0.324315 0.100000
vt 0.275000 0.051799
vt 0.282162 0.025000
vt 0.350000 0.070607
vt 0.072636 0.100000
vt 0.025000 0.050110
vt 0.055074 0.025000
vt 0.100000 0.093414
vt 0.100000 0.036303
vt 0.064136 0.100000
vt 0.025000 0.088260
vt 0.079387 0.025000
vt 0.033747 0.100000
vt 0.100000 0.047646
vt 0.025000 0.058830
vt 0.091498 0.025000
vt 0.100000 0.072627
vt 0.033840 0.025000
vt 0.150000 0.049519
vt 0.225000 0.075481
vt 0.214796 0.100000
vt 0.224656 0.025000
vt 0.150344 0.100000
vt 0.150000 0.029265
vt 0.155228 0.025000
vt 0.219772 0.100000
vt 0.150000 0.062888
vt 0.225000 0.044454
vt 0.150000 0.080546
vt 0.211556 0.025000
vt 0.154602 0.100000
vt 0.220398 0.025000
vt 0.225000 0.065438
vt 0.222183 0.025000
vt 0.152817 0.100000
vt 0.150000 0.050336
vt 0.218431 0.025000
vt 0.156569 0.100000
vt 0.150000 0.066739
vt 0.350000 0.050110
vt 0.302364 0.100000
vt 0.275000 0.093414
vt 0.319926 0.025000
vt 0.310864 0.100000
vt 0.275000 0.036303
vt 0.295613 0.025000
vt 0.350000 0.088260
vt 0.275000 0.047646
vt 0.341253 0.100000
vt 0.283502 0.025000
vt 0.350000 0.058830
vt 0.341160 0.025000
vt 0.275000 0.072627
vt 0.034595 0.025000
vt 0.100000 0.059611
vt 0.090092 0.100000
vt 0.025000 0.046865
vt 0.100000 0.089404
vt 0.046397 0.025000
vt 0.060079 0.100000
vt 0.025000 0.035239
vt 0.070963 0.025000
vt 0.025000 0.092539
vt 0.100000 0.050984
vt 0.051502 0.100000
vt 0.025000 0.071585
vt 0.092021 0.025000
vt 0.160247 0.100000
vt 0.214753 0.025000
vt 0.225000 0.049440
vt 0.204741 0.025000
vt 0.170259 0.100000
vt 0.150000 0.087154
vt 0.150000 0.089312
vt 0.225000 0.035687
vt 0.173640 0.100000
vt 0.216214 0.100000
vt 0.158786 0.025000
vt 0.225000 0.072575
vt 0.150000 0.050059
vt 0.225000 0.074941
vt 0.215079 0.100000
vt 0.225000 0.089323
vt 0.150000 0.035677
vt 0.173659 0.025000
vt 0.155611 0.100000
vt 0.219389 0.025000
vt 0.225000 0.061458
vt 0.400000 0.059611
vt 0.465405 0.025000
vt 0.475000 0.046865
vt 0.409908 0.100000
vt 0.453603 0.025000
vt 0.400000 0.089404
vt 0.475000 0.035239
vt 0.439921 0.100000
vt 0.475000 0.092539
vt 0.429037 0.025000
vt 0.448498 0.100000
vt 0.400000 0.050984
vt 0.407979 0.025000
vt 0.475000 0.071585
vt 0.089905 0.100000
vt 0.025000 0.046738
vt 0.100000 0.089591
vt 0.046525 0.025000
vt 0.059952 0.100000
vt 0.025000 0.035064
vt 0.071132 0.025000
vt 0.025000 0.092398
vt 0.100000 0.051125
vt 0.051362 0.100000
vt 0.025000 0.071415
vt 0.092162 0.025000
vt 0.034770 0.025000
vt 0.100000 0.059738
vt 0.193603 0.025000
vt 0.181397 0.100000
vt 0.150000 0.092798
vt 0.198255 0.025000
vt 0.176745 0.100000
vt 0.150000 0.090905
vt 0.150000 0.030571
vt 0.225000 0.094429
vt 0.188397 0.100000
vt 0.150000 0.030661
vt 0.225000 0.094339
vt 0.188721 0.100000
vt 0.225000 0.092680
vt 0.150000 0.032320
vt 0.181068 0.025000
vt 0.225000 0.032698
vt 0.150000 0.092302
vt 0.194943 0.025000
vt 0.188397 0.100000
vt 0.186603 0.025000
vt 0.225000 0.030097
vt 0.350000 0.046738
vt 0.285095 0.100000
vt 0.328475 0.025000
vt 0.275000 0.089591
vt 0.350000 0.035064
vt 0.315048 0.100000
vt 0.350000 0.092398
vt 0.303868 0.025000
vt 0.323638 0.100000
vt 0.275000 0.051125
vt 0.282838 0.025000
vt 0.350000 0.071415
vt 0.275000 0.059738
vt 0.340230 0.025000
vt 0.030319 0.025000
vt 0.100000 0.056640
vt 0.094587 0.100000
vt 0.025000 0.049837
vt 0.100000 0.085089
vt 0.043387 0.025000
vt 0.063090 0.100000
vt 0.025000 0.039213
vt 0.067017 0.025000
vt 0.025000 0.095924
vt 0.100000 0.047600
vt 0.054751 0.100000
vt 0.025000 0.075583
vt 0.088772 0.025000
vt 0.161097 0.100000
vt 0.213903 0.025000
vt 0.225000 0.047934
vt 0.203352 0.025000
vt 0.171648 0.100000
vt 0.150000 0.088104
vt 0.201265 0.025000
vt 0.173735 0.100000
vt 0.150000 0.089366
vt 0.150000 0.050362
vt 0.225000 0.074638
vt 0.215234 0.100000
vt 0.214477 0.100000
vt 0.160523 0.025000
vt 0.225000 0.076066
vt 0.174397 0.025000
vt 0.200603 0.100000
vt 0.150000 0.035270
vt 0.156577 0.100000
vt 0.218423 0.025000
vt 0.225000 0.058236
vt 0.275000 0.056640
vt 0.344681 0.025000
vt 0.350000 0.049837
vt 0.280413 0.100000
vt 0.331613 0.025000
vt 0.275000 0.085089
vt 0.350000 0.039213
vt 0.311910 0.100000
vt 0.350000 0.095924
vt 0.307983 0.025000
vt 0.320249 0.100000
vt 0.275000 0.047600
vt 0.286228 0.025000
vt 0.350000 0.075583
vt 0.100000 0.058628
vt 0.043231 0.100000
vt 0.025000 0.062185
vt 0.099708 0.100000
vt 0.043815 0.025000
vt 0.100000 0.066872
vt 0.079942 0.100000
vt 0.025000 0.039605
vt 0.025000 0.099613
vt 0.053476 0.025000
vt 0.100000 0.025387
vt 0.053001 0.100000
vt 0.080605 0.025000
vt 0.025000 0.084896
vt 0.169597 0.025000
vt 0.205403 0.100000
vt 0.150000 0.038335
vt 0.225000 0.074752
vt 0.150000 0.050248
vt 0.159824 0.025000
vt 0.185843 0.100000
vt 0.189157 0.025000
vt 0.225000 0.030784
vt 0.205251 0.025000
vt 0.169749 0.100000
vt 0.150000 0.086779
vt 0.208596 0.025000
vt 0.166404 0.100000
vt 0.150000 0.083905
vt 0.150000 0.031280
vt 0.225000 0.093720
vt 0.190826 0.100000
vt 0.150000 0.031454
vt 0.225000 0.093546
vt 0.191382 0.100000
vt 0.331769 0.100000
vt 0.275000 0.058628
vt 0.275292 0.100000
vt 0.350000 0.062185
vt 0.275000 0.066872
vt 0.331185 0.025000
vt 0.350000 0.039605
vt 0.295058 0.100000
vt 0.321524 0.025000
vt 0.350000 0.099613
vt 0.321999 0.100000
vt 0.275000 0.025387
vt 0.350000 0.084896
vt 0.294395 0.025000
vt 0.100000 0.032104
vt 0.048736 0.100000
vt 0.086676 0.025000
vt 0.025000 0.080490
vt 0.100000 0.063034
vt 0.037764 0.100000
vt 0.025000 0.056520
vt 0.094651 0.100000
vt 0.048873 0.025000
vt 0.100000 0.071444
vt 0.074091 0.100000
vt 0.025000 0.035033
vt 0.025000 0.093059
vt 0.057741 0.025000
vt 0.150000 0.041987
vt 0.225000 0.083013
vt 0.209466 0.100000
vt 0.150000 0.043734
vt 0.225000 0.081266
vt 0.210989 0.100000
vt 0.225000 0.080944
vt 0.150000 0.044056
vt 0.163753 0.025000
vt 0.225000 0.077166
vt 0.150000 0.047834
vt 0.161157 0.025000
vt 0.225000 0.041440
vt 0.150000 0.083560
vt 0.208941 0.025000
vt 0.213396 0.025000
vt 0.161604 0.100000
vt 0.150000 0.077895
vt 0.211395 0.025000
vt 0.163605 0.100000
vt 0.150000 0.080755
vt 0.201264 0.100000
vt 0.150000 0.032104
vt 0.225000 0.080490
vt 0.163324 0.025000
vt 0.212236 0.100000
vt 0.150000 0.063034
vt 0.155349 0.100000
vt 0.225000 0.056520
vt 0.150000 0.071444
vt 0.201127 0.025000
vt 0.225000 0.035033
vt 0.175909 0.100000
vt 0.192259 0.025000
vt 0.225000 0.093059
vt 0.100000 0.065167
vt 0.034901 0.100000
vt 0.025000 0.053710
vt 0.092266 0.100000
vt 0.051257 0.025000
vt 0.100000 0.073770
vt 0.071258 0.100000
vt 0.025000 0.032707
vt 0.025000 0.090066
vt 0.059857 0.025000
vt 0.100000 0.035270
vt 0.046619 0.100000
vt 0.089766 0.025000
vt 0.025000 0.078356
vt 0.161334 0.025000
vt 0.213666 0.100000
vt 0.150000 0.047540
vt 0.154485 0.025000
vt 0.220515 0.100000
vt 0.150000 0.065948
vt 0.181026 0.100000
vt 0.193974 0.025000
vt 0.225000 0.032336
vt 0.213201 0.025000
vt 0.161799 0.100000
vt 0.150000 0.078202
vt 0.216132 0.025000
vt 0.158868 0.100000
vt 0.150000 0.072758
vt 0.194523 0.100000
vt 0.180477 0.025000
vt 0.225000 0.092461
vt 0.150000 0.033648
vt 0.225000 0.091352
vt 0.197263 0.100000
vt 0.215099 0.100000
vt 0.150000 0.065167
vt 0.157734 0.100000
vt 0.225000 0.053710
vt 0.150000 0.073770
vt 0.198743 0.025000
vt 0.225000 0.032707
vt 0.178742 0.100000
vt 0.190143 0.025000
vt 0.225000 0.090066
vt 0.203381 0.100000
vt 0.150000 0.035270
vt 0.225000 0.078356
vt 0.160234 0.025000
vt 0.025000 0.087364
vt 0.080009 0.025000
vt 0.032822 0.100000
vt 0.100000 0.048261
vt 0.025000 0.058215
vt 0.092374 0.025000
vt 0.100000 0.073452
vt 0.034515 0.025000
vt 0.071962 0.100000
vt 0.025000 0.049414
vt 0.055891 0.025000
vt 0.100000 0.094110
vt 0.100000 0.037131
vt 0.063515 0.100000
vt 0.150000 0.093066
vt 0.225000 0.031934
vt 0.224420 0.100000
vt 0.150000 0.065307
vt 0.225000 0.059693
vt 0.156121 0.100000
vt 0.171889 0.025000
vt 0.203111 0.100000
vt 0.150000 0.097708
vt 0.150000 0.097822
vt 0.225000 0.027178
vt 0.203917 0.100000
vt 0.220103 0.100000
vt 0.154897 0.025000
vt 0.225000 0.060797
vt 0.223450 0.025000
vt 0.151550 0.100000
vt 0.150000 0.041218
vt 0.225000 0.097982
vt 0.150000 0.027018
vt 0.205084 0.025000
vt 0.294991 0.025000
vt 0.350000 0.087364
vt 0.275000 0.048261
vt 0.342178 0.100000
vt 0.282626 0.025000
vt 0.350000 0.058215
vt 0.340485 0.025000
vt 0.275000 0.073452
vt 0.350000 0.049414
vt 0.303038 0.100000
vt 0.275000 0.094109
vt 0.319109 0.025000
vt 0.311485 0.100000
vt 0.275000 0.037131
vt 0.025000 0.062579
vt 0.086441 0.025000
vt 0.100000 0.067681
vt 0.029657 0.025000
vt 0.076820 0.100000
vt 0.025000 0.054211
vt 0.050096 0.025000
vt 0.100000 0.089313
vt 0.100000 0.031061
vt 0.067861 0.100000
vt 0.025000 0.093816
vt 0.075663 0.025000
vt 0.039192 0.100000
vt 0.100000 0.043898
vt 0.222379 0.025000
vt 0.152621 0.100000
vt 0.150000 0.049098
vt 0.220586 0.025000
vt 0.154414 0.100000
vt 0.150000 0.058734
vt 0.150000 0.045582
vt 0.225000 0.079418
vt 0.212383 0.100000
vt 0.150776 0.025000
vt 0.224224 0.100000
vt 0.150000 0.090982
vt 0.225000 0.056304
vt 0.150000 0.068696
vt 0.153896 0.025000
vt 0.166306 0.100000
vt 0.208694 0.025000
vt 0.225000 0.041191
vt 0.155978 0.100000
vt 0.219022 0.025000
vt 0.225000 0.060175
vt 0.413559 0.025000
vt 0.475000 0.062579
vt 0.470343 0.025000
vt 0.400000 0.067681
vt 0.475000 0.054211
vt 0.423180 0.100000
vt 0.400000 0.089313
vt 0.449904 0.025000
vt 0.432139 0.100000
vt 0.400000 0.031061
vt 0.424337 0.025000
vt 0.475000 0.093816
vt 0.400000 0.043898
vt 0.460808 0.100000
vt 0.025000 0.084375
vt 0.082126 0.025000
vt 0.029638 0.100000
vt 0.100000 0.050336
vt 0.025000 0.056141
vt 0.095432 0.025000
vt 0.100000 0.076264
vt 0.036766 0.025000
vt 0.069710 0.100000
vt 0.025000 0.047016
vt 0.058646 0.025000
vt 0.100000 0.096508
vt 0.100000 0.039861
vt 0.061398 0.100000
vt 0.225000 0.040152
vt 0.150000 0.084848
vt 0.207598 0.025000
vt 0.225000 0.038176
vt 0.150000 0.086824
vt 0.205191 0.025000
vt 0.150000 0.087081
vt 0.225000 0.037918
vt 0.170159 0.100000
vt 0.208607 0.025000
vt 0.166393 0.100000
vt 0.150000 0.083894
vt 0.150000 0.037940
vt 0.225000 0.087060
vt 0.204871 0.100000
vt 0.225000 0.084889
vt 0.150000 0.040111
vt 0.167447 0.025000
vt 0.169822 0.025000
vt 0.205178 0.100000
vt 0.150000 0.038166
vt 0.417874 0.025000
vt 0.475000 0.084375
vt 0.400000 0.050336
vt 0.470362 0.100000
vt 0.404568 0.025000
vt 0.475000 0.056141
vt 0.463234 0.025000
vt 0.400000 0.076264
vt 0.475000 0.047016
vt 0.430290 0.100000
vt 0.400000 0.096508
vt 0.441354 0.025000
vt 0.438602 0.100000
vt 0.400000 0.039861
vt 0.089925 0.025000
vt 0.025000 0.078248
vt 0.100000 0.065275
vt 0.034751 0.100000
vt 0.025000 0.053566
vt 0.092146 0.100000
vt 0.051377 0.025000
vt 0.100000 0.073890
vt 0.071114 0.100000
vt 0.025000 0.032587
vt 0.025000 0.089917
vt 0.059966 0.025000
vt 0.100000 0.035429
vt 0.046511 0.100000
vt 0.212624 0.100000
vt 0.162376 0.025000
vt 0.225000 0.079071
vt 0.225000 0.093731
vt 0.150000 0.031269
vt 0.184209 0.025000
vt 0.225000 0.093225
vt 0.150000 0.031775
vt 0.182635 0.025000
vt 0.225000 0.048941
vt 0.150000 0.076059
vt 0.214481 0.025000
vt 0.196346 0.025000
vt 0.178654 0.100000
vt 0.150000 0.091743
vt 0.189622 0.025000
vt 0.185378 0.100000
vt 0.150000 0.094082
vt 0.150000 0.058194
vt 0.225000 0.066806
vt 0.218410 0.100000
vt 0.350000 0.078248
vt 0.285075 0.025000
vt 0.340249 0.100000
vt 0.275000 0.065275
vt 0.282854 0.100000
vt 0.350000 0.053566
vt 0.275000 0.073890
vt 0.323623 0.025000
vt 0.350000 0.032587
vt 0.303886 0.100000
vt 0.315034 0.025000
vt 0.350000 0.089917
vt 0.328489 0.100000
vt 0.275000 0.035429
vt 0.077739 0.025000
vt 0.025000 0.087081
vt 0.100000 0.056442
vt 0.045741 0.100000
vt 0.025000 0.064926
vt 0.097782 0.025000
vt 0.041238 0.025000
vt 0.100000 0.064713
vt 0.082844 0.100000
vt 0.025000 0.041763
vt 0.100000 0.097055
vt 0.051411 0.025000
vt 0.055065 0.100000
vt 0.025000 0.027917
vt 0.150000 0.042846
vt 0.225000 0.082154
vt 0.210242 0.100000
vt 0.225000 0.080047
vt 0.150000 0.044953
vt 0.163069 0.025000
vt 0.165619 0.100000
vt 0.209381 0.025000
vt 0.225000 0.041897
vt 0.225000 0.039710
vt 0.150000 0.085290
vt 0.207099 0.025000
vt 0.150000 0.078571
vt 0.225000 0.046429
vt 0.162040 0.100000
vt 0.150000 0.078394
vt 0.225000 0.046606
vt 0.161923 0.100000
vt 0.150000 0.039471
vt 0.225000 0.085529
vt 0.206820 0.100000
vt 0.225000 0.087081
vt 0.172261 0.025000
vt 0.204259 0.100000
vt 0.150000 0.056442
vt 0.152218 0.025000
vt 0.225000 0.064926
vt 0.150000 0.064713
vt 0.208762 0.025000
vt 0.225000 0.041763
vt 0.167156 0.100000
vt 0.198589 0.025000
vt 0.150000 0.097055
vt 0.225000 0.027917
vt 0.194935 0.100000
vt 0.074918 0.100000
vt 0.025000 0.035698
vt 0.025000 0.093955
vt 0.057129 0.025000
vt 0.100000 0.031168
vt 0.049347 0.100000
vt 0.085793 0.025000
vt 0.025000 0.081113
vt 0.100000 0.062411
vt 0.038572 0.100000
vt 0.025000 0.057333
vt 0.095355 0.100000
vt 0.048168 0.025000
vt 0.100000 0.070778
vt 0.152993 0.100000
vt 0.222007 0.025000
vt 0.225000 0.073593
vt 0.150000 0.065698
vt 0.225000 0.059302
vt 0.156240 0.100000
vt 0.159862 0.100000
vt 0.215138 0.025000
vt 0.225000 0.099141
vt 0.150000 0.025976
vt 0.225000 0.099024
vt 0.161030 0.100000
vt 0.215186 0.100000
vt 0.159814 0.025000
vt 0.225000 0.074732
vt 0.224119 0.025000
vt 0.150881 0.100000
vt 0.150000 0.035091
vt 0.215487 0.100000
vt 0.159513 0.025000
vt 0.225000 0.025824
vt 0.475000 0.035698
vt 0.425082 0.100000
vt 0.442871 0.025000
vt 0.475000 0.093955
vt 0.450653 0.100000
vt 0.400000 0.031168
vt 0.475000 0.081113
vt 0.414207 0.025000
vt 0.461428 0.100000
vt 0.400000 0.062411
vt 0.404645 0.100000
vt 0.475000 0.057333
vt 0.400000 0.070778
vt 0.451832 0.025000
vt 0.100000 0.076000
vt 0.036558 0.025000
vt 0.069918 0.100000
vt 0.025000 0.047242
vt 0.058389 0.025000
vt 0.100000 0.096281
vt 0.100000 0.039611
vt 0.061596 0.100000
vt 0.025000 0.084651
vt 0.081927 0.025000
vt 0.029939 0.100000
vt 0.100000 0.050143
vt 0.025000 0.056334
vt 0.095141 0.025000
vt 0.150000 0.086699
vt 0.225000 0.038301
vt 0.169642 0.100000
vt 0.150000 0.039997
vt 0.225000 0.085003
vt 0.207425 0.100000
vt 0.225000 0.086425
vt 0.150000 0.038575
vt 0.169284 0.025000
vt 0.172865 0.025000
vt 0.202135 0.100000
vt 0.150000 0.036138
vt 0.225000 0.043096
vt 0.150000 0.081904
vt 0.210458 0.025000
vt 0.167790 0.100000
vt 0.207210 0.025000
vt 0.225000 0.039807
vt 0.150000 0.088794
vt 0.225000 0.036206
vt 0.172752 0.100000
vt 0.213442 0.025000
vt 0.150000 0.076000
vt 0.225000 0.047242
vt 0.180082 0.100000
vt 0.150000 0.096281
vt 0.191611 0.025000
vt 0.188404 0.100000
vt 0.150000 0.039611
vt 0.168073 0.025000
vt 0.225000 0.084651
vt 0.150000 0.050143
vt 0.220061 0.100000
vt 0.154859 0.025000
vt 0.225000 0.056334
vt 0.090154 0.100000
vt 0.025000 0.046907
vt 0.100000 0.089343
vt 0.046356 0.025000
vt 0.060121 0.100000
vt 0.025000 0.035296
vt 0.070908 0.025000
vt 0.025000 0.092586
vt 0.100000 0.050938
vt 0.051548 0.100000
vt 0.025000 0.071640
vt 0.091975 0.025000
vt 0.034537 0.025000
vt 0.100000 0.059570
vt 0.217654 0.025000
vt 0.157346 0.100000
vt 0.150000 0.069001
vt 0.150000 0.050883
vt 0.225000 0.074118
vt 0.152906 0.100000
vt 0.150000 0.033012
vt 0.225000 0.091988
vt 0.195745 0.100000
vt 0.150000 0.039139
vt 0.225000 0.085861
vt 0.206422 0.100000
vt 0.155724 0.025000
vt 0.219276 0.100000
vt 0.150000 0.061055
vt 0.178553 0.100000
vt 0.196447 0.025000
vt 0.225000 0.033300
vt 0.176224 0.100000
vt 0.198776 0.025000
vt 0.225000 0.034342
vt 0.350000 0.046907
vt 0.284846 0.100000
vt 0.328644 0.025000
vt 0.275000 0.089343
vt 0.350000 0.035296
vt 0.314879 0.100000
vt 0.350000 0.092586
vt 0.304092 0.025000
vt 0.323452 0.100000
vt 0.275000 0.050938
vt 0.283025 0.025000
vt 0.350000 0.071640
vt 0.275000 0.059570
vt 0.340463 0.025000
vt 0.100000 0.063958
vt 0.036542 0.100000
vt 0.025000 0.055308
vt 0.093613 0.100000
vt 0.049911 0.025000
vt 0.100000 0.072442
vt 0.072863 0.100000
vt 0.025000 0.034035
vt 0.025000 0.091748
vt 0.058654 0.025000
vt 0.100000 0.033482
vt 0.047823 0.100000
vt 0.088002 0.025000
vt 0.025000 0.079565
vt 0.198529 0.025000
vt 0.176471 0.100000
vt 0.150000 0.028004
vt 0.225000 0.097131
vt 0.150000 0.027869
vt 0.199343 0.025000
vt 0.154605 0.100000
vt 0.220395 0.025000
vt 0.225000 0.065425
vt 0.225000 0.048086
vt 0.150000 0.076914
vt 0.152467 0.025000
vt 0.174314 0.025000
vt 0.200686 0.100000
vt 0.150000 0.097345
vt 0.225000 0.095064
vt 0.150000 0.029936
vt 0.224598 0.025000
vt 0.150000 0.053718
vt 0.225000 0.071282
vt 0.216769 0.100000
vt 0.463458 0.100000
vt 0.400000 0.063958
vt 0.406387 0.100000
vt 0.475000 0.055308
vt 0.400000 0.072442
vt 0.450089 0.025000
vt 0.475000 0.034035
vt 0.427137 0.100000
vt 0.441346 0.025000
vt 0.475000 0.091748
vt 0.452177 0.100000
vt 0.400000 0.033482
vt 0.475000 0.079565
vt 0.411998 0.025000
vt 0.100000 0.049763
vt 0.052702 0.100000
vt 0.025000 0.073039
vt 0.090822 0.025000
vt 0.033066 0.025000
vt 0.100000 0.058523
vt 0.091714 0.100000
vt 0.025000 0.047954
vt 0.100000 0.087812
vt 0.045302 0.025000
vt 0.061174 0.100000
vt 0.025000 0.036718
vt 0.069518 0.025000
vt 0.025000 0.093761
vt 0.225000 0.084132
vt 0.150000 0.040868
vt 0.166637 0.025000
vt 0.166144 0.100000
vt 0.208856 0.025000
vt 0.225000 0.041354
vt 0.168998 0.100000
vt 0.206002 0.025000
vt 0.225000 0.038799
vt 0.150000 0.083590
vt 0.225000 0.041410
vt 0.166089 0.100000
vt 0.210457 0.025000
vt 0.164543 0.100000
vt 0.150000 0.081905
vt 0.150000 0.038758
vt 0.225000 0.086242
vt 0.205950 0.100000
vt 0.150000 0.041519
vt 0.225000 0.083481
vt 0.209018 0.100000
vt 0.447298 0.100000
vt 0.400000 0.049763
vt 0.409178 0.025000
vt 0.475000 0.073039
vt 0.400000 0.058523
vt 0.466934 0.025000
vt 0.475000 0.047954
vt 0.408286 0.100000
vt 0.454698 0.025000
vt 0.400000 0.087812
vt 0.475000 0.036718
vt 0.438826 0.100000
vt 0.475000 0.093761
vt 0.430482 0.025000
vt 0.051928 0.100000
vt 0.100000 0.034205
vt 0.025000 0.072272
vt 0.075265 0.025000
vt 0.100000 0.055515
vt 0.031212 0.100000
vt 0.088249 0.100000
vt 0.025000 0.063801
vt 0.037224 0.025000
vt 0.100000 0.079722
vt 0.025000 0.033249
vt 0.077022 0.100000
vt 0.066502 0.025000
vt 0.100000 0.091969
vt 0.176571 0.100000
vt 0.198429 0.025000
vt 0.225000 0.034177
vt 0.208972 0.025000
vt 0.166028 0.100000
vt 0.150000 0.083528
vt 0.199169 0.100000
vt 0.175831 0.025000
vt 0.225000 0.090468
vt 0.150000 0.032646
vt 0.225000 0.092354
vt 0.194808 0.100000
vt 0.225000 0.084210
vt 0.150000 0.040790
vt 0.166718 0.025000
vt 0.225000 0.079467
vt 0.150000 0.045533
vt 0.162651 0.025000
vt 0.179968 0.100000
vt 0.195032 0.025000
vt 0.225000 0.032732
vt 0.275000 0.034205
vt 0.323072 0.100000
vt 0.299735 0.025000
vt 0.350000 0.072272
vt 0.343788 0.100000
vt 0.275000 0.055515
vt 0.350000 0.063801
vt 0.286751 0.100000
vt 0.275000 0.079722
vt 0.337776 0.025000
vt 0.297978 0.100000
vt 0.350000 0.033249
vt 0.275000 0.091969
vt 0.308498 0.025000
vt 0.100000 0.025750
vt 0.071301 0.100000
vt 0.025000 0.099249
vt 0.072223 0.025000
vt 0.044082 0.100000
vt 0.100000 0.040339
vt 0.025000 0.066138
vt 0.082047 0.025000
vt 0.100000 0.063112
vt 0.025566 0.025000
vt 0.080911 0.100000
vt 0.025000 0.057892
vt 0.045370 0.025000
vt 0.100000 0.085631
vt 0.225000 0.098329
vt 0.150000 0.026671
vt 0.207787 0.025000
vt 0.158489 0.100000
vt 0.216511 0.025000
vt 0.225000 0.053105
vt 0.150000 0.062238
vt 0.225000 0.062762
vt 0.155260 0.100000
vt 0.166719 0.025000
vt 0.208281 0.100000
vt 0.150000 0.098390
vt 0.150000 0.097827
vt 0.225000 0.027173
vt 0.203954 0.100000
vt 0.211713 0.100000
vt 0.163287 0.025000
vt 0.225000 0.080339
vt 0.225000 0.098088
vt 0.150000 0.026912
vt 0.205888 0.025000
vt 0.178699 0.100000
vt 0.150000 0.025750
vt 0.177777 0.025000
vt 0.225000 0.099249
vt 0.150000 0.040339
vt 0.205919 0.100000
vt 0.167953 0.025000
vt 0.225000 0.066138
vt 0.224434 0.025000
vt 0.150000 0.063112
vt 0.225000 0.057892
vt 0.169089 0.100000
vt 0.150000 0.085631
vt 0.204630 0.025000
vt 0.100000 0.084490
vt 0.042957 0.025000
vt 0.063520 0.100000
vt 0.025000 0.039757
vt 0.066461 0.025000
vt 0.025000 0.096413
vt 0.100000 0.047110
vt 0.055203 0.100000
vt 0.025000 0.076154
vt 0.088320 0.025000
vt 0.029690 0.025000
vt 0.100000 0.056221
vt 0.095237 0.100000
vt 0.025000 0.050255
vt 0.184741 0.025000
vt 0.190259 0.100000
vt 0.150000 0.095356
vt 0.150000 0.066653
vt 0.225000 0.058347
vt 0.220672 0.100000
vt 0.225000 0.038199
vt 0.150000 0.086801
vt 0.151206 0.025000
vt 0.225000 0.095359
vt 0.150000 0.029641
vt 0.190270 0.025000
vt 0.150000 0.095931
vt 0.225000 0.029069
vt 0.224672 0.100000
vt 0.225000 0.055001
vt 0.150000 0.069999
vt 0.217281 0.025000
vt 0.188849 0.025000
vt 0.186151 0.100000
vt 0.150000 0.094303
vt 0.332043 0.025000
vt 0.275000 0.084490
vt 0.350000 0.039757
vt 0.311480 0.100000
vt 0.350000 0.096413
vt 0.308539 0.025000
vt 0.319797 0.100000
vt 0.275000 0.047110
vt 0.286680 0.025000
vt 0.350000 0.076154
vt 0.275000 0.056221
vt 0.345310 0.025000
vt 0.350000 0.050255
vt 0.279763 0.100000
vt 0.085028 0.100000
vt 0.025000 0.061309
vt 0.040748 0.025000
vt 0.100000 0.082214
vt 0.025000 0.029503
vt 0.074578 0.100000
vt 0.068945 0.025000
vt 0.100000 0.095563
vt 0.048619 0.100000
vt 0.100000 0.036859
vt 0.025000 0.069618
vt 0.078086 0.025000
vt 0.100000 0.058760
vt 0.028391 0.100000
vt 0.150000 0.029669
vt 0.225000 0.095331
vt 0.184850 0.100000
vt 0.225000 0.099565
vt 0.150000 0.025435
vt 0.219691 0.025000
vt 0.225000 0.099483
vt 0.150000 0.025517
vt 0.218762 0.025000
vt 0.186971 0.100000
vt 0.188029 0.025000
vt 0.225000 0.030471
vt 0.156666 0.025000
vt 0.218334 0.100000
vt 0.150000 0.099444
vt 0.155208 0.025000
vt 0.219792 0.100000
vt 0.150000 0.099574
vt 0.225000 0.095765
vt 0.150000 0.029235
vt 0.192081 0.025000
vt 0.475000 0.061309
vt 0.414972 0.100000
vt 0.400000 0.082214
vt 0.459252 0.025000
vt 0.425422 0.100000
vt 0.475000 0.029503
vt 0.400000 0.095563
vt 0.431055 0.025000
vt 0.400000 0.036859
vt 0.451381 0.100000
vt 0.421914 0.025000
vt 0.475000 0.069618
vt 0.471609 0.100000
vt 0.400000 0.058760
vt 0.056227 0.100000
vt 0.100000 0.030602
vt 0.025000 0.075875
vt 0.071685 0.025000
vt 0.100000 0.051207
vt 0.034792 0.100000
vt 0.092739 0.100000
vt 0.025000 0.067038
vt 0.032439 0.025000
vt 0.100000 0.076485
vt 0.025000 0.038004
vt 0.080265 0.100000
vt 0.063258 0.025000
vt 0.100000 0.087530
vt 0.150000 0.082677
vt 0.225000 0.042323
vt 0.223316 0.100000
vt 0.223179 0.025000
vt 0.151821 0.100000
vt 0.150000 0.043406
vt 0.150000 0.029650
vt 0.225000 0.095350
vt 0.184765 0.100000
vt 0.225000 0.050966
vt 0.150000 0.074034
vt 0.215534 0.025000
vt 0.225000 0.061181
vt 0.150000 0.063819
vt 0.154991 0.025000
vt 0.223066 0.025000
vt 0.151934 0.100000
vt 0.150000 0.044280
vt 0.190050 0.100000
vt 0.184949 0.025000
vt 0.225000 0.029693
vt 0.400000 0.030602
vt 0.443773 0.100000
vt 0.428315 0.025000
vt 0.475000 0.075875
vt 0.465208 0.100000
vt 0.400000 0.051207
vt 0.475000 0.067038
vt 0.407261 0.100000
vt 0.400000 0.076485
vt 0.467561 0.025000
vt 0.419735 0.100000
vt 0.475000 0.038004
vt 0.400000 0.087530
vt 0.436742 0.025000
vt 0.041956 0.025000
vt 0.100000 0.065303
vt 0.082041 0.100000
vt 0.025000 0.041173
vt 0.100000 0.097961
vt 0.051979 0.025000
vt 0.054498 0.100000
vt 0.025000 0.027025
vt 0.078522 0.025000
vt 0.025000 0.086477
vt 0.100000 0.057047
vt 0.045059 0.100000
vt 0.025000 0.064172
vt 0.098465 0.025000
vt 0.207647 0.100000
vt 0.167353 0.025000
vt 0.225000 0.026688
vt 0.155130 0.100000
vt 0.219870 0.025000
vt 0.225000 0.063268
vt 0.218577 0.025000
vt 0.156423 0.100000
vt 0.150000 0.066283
vt 0.167475 0.100000
vt 0.207525 0.025000
vt 0.225000 0.098297
vt 0.170302 0.100000
vt 0.204697 0.025000
vt 0.225000 0.097929
vt 0.225000 0.077602
vt 0.150000 0.047398
vt 0.161421 0.025000
vt 0.204223 0.100000
vt 0.170777 0.025000
vt 0.225000 0.027136
vt 0.275000 0.065303
vt 0.333044 0.025000
vt 0.350000 0.041173
vt 0.292959 0.100000
vt 0.323021 0.025000
vt 0.275000 0.097961
vt 0.350000 0.027025
vt 0.320502 0.100000
vt 0.350000 0.086477
vt 0.296478 0.025000
vt 0.329941 0.100000
vt 0.275000 0.057047
vt 0.276535 0.025000
vt 0.350000 0.064172
vt 0.100000 0.033093
vt 0.066458 0.100000
vt 0.025000 0.091686
vt 0.077065 0.025000
vt 0.037161 0.100000
vt 0.100000 0.045322
vt 0.025000 0.061155
vt 0.088307 0.025000
vt 0.100000 0.069543
vt 0.031261 0.025000
vt 0.075216 0.100000
vt 0.025000 0.052681
vt 0.051987 0.025000
vt 0.100000 0.090843
vt 0.198392 0.025000
vt 0.176608 0.100000
vt 0.150000 0.028027
vt 0.150543 0.100000
vt 0.224457 0.025000
vt 0.225000 0.093468
vt 0.158777 0.100000
vt 0.216223 0.025000
vt 0.225000 0.052446
vt 0.178651 0.025000
vt 0.196349 0.100000
vt 0.150000 0.096614
vt 0.178200 0.025000
vt 0.196800 0.100000
vt 0.150000 0.096695
vt 0.150000 0.062230
vt 0.225000 0.062770
vt 0.219599 0.100000
vt 0.150000 0.049316
vt 0.225000 0.075684
vt 0.152655 0.100000
vt 0.308542 0.100000
vt 0.275000 0.033093
vt 0.297935 0.025000
vt 0.350000 0.091686
vt 0.275000 0.045322
vt 0.337839 0.100000
vt 0.286693 0.025000
vt 0.350000 0.061155
vt 0.343739 0.025000
vt 0.275000 0.069543
vt 0.350000 0.052681
vt 0.299784 0.100000
vt 0.275000 0.090843
vt 0.323013 0.025000
vt 0.064064 0.025000
vt 0.025000 0.098563
vt 0.100000 0.044961
vt 0.057133 0.100000
vt 0.025000 0.078635
vt 0.086390 0.025000
vt 0.026897 0.025000
vt 0.100000 0.054416
vt 0.098091 0.100000
vt 0.025000 0.052060
vt 0.100000 0.081927
vt 0.041088 0.025000
vt 0.065388 0.100000
vt 0.025000 0.042058
vt 0.150000 0.058501
vt 0.225000 0.066499
vt 0.218508 0.100000
vt 0.225000 0.092180
vt 0.150000 0.032820
vt 0.179742 0.025000
vt 0.150311 0.100000
vt 0.224689 0.025000
vt 0.225000 0.096126
vt 0.225000 0.062172
vt 0.150000 0.062828
vt 0.219583 0.025000
vt 0.150000 0.089915
vt 0.225000 0.035085
vt 0.174744 0.100000
vt 0.150000 0.092533
vt 0.225000 0.032467
vt 0.180668 0.100000
vt 0.150000 0.072023
vt 0.225000 0.052977
vt 0.221735 0.100000
vt 0.350000 0.098563
vt 0.310936 0.025000
vt 0.317867 0.100000
vt 0.275000 0.044961
vt 0.288610 0.025000
vt 0.350000 0.078635
vt 0.275000 0.054416
vt 0.348103 0.025000
vt 0.350000 0.052060
vt 0.276909 0.100000
vt 0.333912 0.025000
vt 0.275000 0.081927
vt 0.350000 0.042058
vt 0.309612 0.100000
vt 0.025101 0.025000
vt 0.100000 0.071823
vt 0.025000 0.044641
vt 0.085080 0.100000
vt 0.058443 0.025000
vt 0.100000 0.081553
vt 0.062418 0.100000
vt 0.100000 0.025076
vt 0.025000 0.081401
vt 0.066687 0.025000
vt 0.100000 0.044813
vt 0.039790 0.100000
vt 0.099899 0.100000
vt 0.025000 0.071700
vt 0.225000 0.084691
vt 0.150000 0.040309
vt 0.167230 0.025000
vt 0.160614 0.025000
vt 0.214386 0.100000
vt 0.150000 0.048770
vt 0.185576 0.100000
vt 0.189424 0.025000
vt 0.225000 0.030861
vt 0.179691 0.100000
vt 0.195309 0.025000
vt 0.225000 0.032840
vt 0.209665 0.025000
vt 0.165335 0.100000
vt 0.150000 0.082798
vt 0.150000 0.031845
vt 0.225000 0.093155
vt 0.192575 0.100000
vt 0.150000 0.031097
vt 0.225000 0.093903
vt 0.190227 0.100000
vt 0.275000 0.071823
vt 0.349899 0.025000
vt 0.289920 0.100000
vt 0.350000 0.044641
vt 0.275000 0.081553
vt 0.316557 0.025000
vt 0.275000 0.025076
vt 0.312582 0.100000
vt 0.308313 0.025000
vt 0.350000 0.081401
vt 0.335210 0.100000
vt 0.275000 0.044813
vt 0.350000 0.071700
vt 0.275101 0.100000
vt 0.088594 0.025000
vt 0.025000 0.079157
vt 0.100000 0.064366
vt 0.035993 0.100000
vt 0.025000 0.054770
vt 0.093157 0.100000
vt 0.050367 0.025000
vt 0.100000 0.072888
vt 0.072321 0.100000
vt 0.025000 0.033589
vt 0.025000 0.091176
vt 0.059059 0.025000
vt 0.100000 0.034088
vt 0.047418 0.100000
vt 0.199618 0.100000
vt 0.175382 0.025000
vt 0.225000 0.090244
vt 0.225000 0.086395
vt 0.150000 0.038605
vt 0.169246 0.025000
vt 0.225000 0.079498
vt 0.150000 0.045502
vt 0.162673 0.025000
vt 0.176723 0.100000
vt 0.198277 0.025000
vt 0.225000 0.034106
vt 0.150000 0.085443
vt 0.225000 0.039557
vt 0.168078 0.100000
vt 0.150000 0.084938
vt 0.225000 0.040062
vt 0.167502 0.100000
vt 0.200476 0.100000
vt 0.174524 0.025000
vt 0.225000 0.089798
vt 0.350000 0.079157
vt 0.286406 0.025000
vt 0.339007 0.100000
vt 0.275000 0.064366
vt 0.281843 0.100000
vt 0.350000 0.054770
vt 0.275000 0.072888
vt 0.324633 0.025000
vt 0.350000 0.033589
vt 0.302679 0.100000
vt 0.315941 0.025000
vt 0.350000 0.091176
vt 0.327582 0.100000
vt 0.275000 0.034088
vt 0.060078 0.100000
vt 0.100000 0.027214
vt 0.025000 0.079263
vt 0.068555 0.025000
vt 0.100000 0.047257
vt 0.037922 0.100000
vt 0.097088 0.100000
vt 0.025000 0.069938
vt 0.027940 0.025000
vt 0.100000 0.073586
vt 0.025000 0.042160
vt 0.083240 0.100000
vt 0.060284 0.025000
vt 0.100000 0.083758
vt 0.223798 0.025000
vt 0.151202 0.100000
vt 0.150000 0.038167
vt 0.222594 0.025000
vt 0.152406 0.100000
vt 0.150000 0.047673
vt 0.150000 0.037527
vt 0.225000 0.087473
vt 0.204290 0.100000
vt 0.150000 0.045546
vt 0.225000 0.079454
vt 0.212358 0.100000
vt 0.225000 0.044797
vt 0.150000 0.080202
vt 0.152002 0.025000
vt 0.225000 0.047262
vt 0.150000 0.077738
vt 0.152346 0.025000
vt 0.168362 0.100000
vt 0.206638 0.025000
vt 0.225000 0.039317
vt 0.275000 0.027214
vt 0.314922 0.100000
vt 0.306445 0.025000
vt 0.350000 0.079263
vt 0.337078 0.100000
vt 0.275000 0.047257
vt 0.350000 0.069938
vt 0.277912 0.100000
vt 0.275000 0.073586
vt 0.347060 0.025000
vt 0.291760 0.100000
vt 0.350000 0.042160
vt 0.275000 0.083758
vt 0.314716 0.025000
vt 0.087338 0.100000
vt 0.025000 0.063112
vt 0.038213 0.025000
vt 0.100000 0.080412
vt 0.025000 0.032220
vt 0.076341 0.100000
vt 0.067182 0.025000
vt 0.100000 0.092948
vt 0.051013 0.100000
vt 0.100000 0.034949
vt 0.025000 0.071527
vt 0.076040 0.025000
vt 0.100000 0.056419
vt 0.030437 0.100000
vt 0.150000 0.061934
vt 0.225000 0.063066
vt 0.219519 0.100000
vt 0.225000 0.088114
vt 0.150000 0.036886
vt 0.171663 0.025000
vt 0.225000 0.092078
vt 0.150000 0.032922
vt 0.179482 0.025000
vt 0.153220 0.100000
vt 0.221780 0.025000
vt 0.225000 0.072273
vt 0.156644 0.100000
vt 0.218356 0.025000
vt 0.225000 0.058030
vt 0.197323 0.025000
vt 0.177677 0.100000
vt 0.150000 0.091325
vt 0.150000 0.098082
vt 0.225000 0.026918
vt 0.224850 0.100000
vt 0.475000 0.063112
vt 0.412662 0.100000
vt 0.400000 0.080412
vt 0.461787 0.025000
vt 0.423659 0.100000
vt 0.475000 0.032220
vt 0.400000 0.092948
vt 0.432818 0.025000
vt 0.400000 0.034949
vt 0.448987 0.100000
vt 0.423960 0.025000
vt 0.475000 0.071527
vt 0.469563 0.100000
vt 0.400000 0.056419
vt 0.091466 0.100000
vt 0.025000 0.047788
vt 0.100000 0.088053
vt 0.045470 0.025000
vt 0.061007 0.100000
vt 0.025000 0.036495
vt 0.069738 0.025000
vt 0.025000 0.093574
vt 0.100000 0.049950
vt 0.052520 0.100000
vt 0.025000 0.072817
vt 0.091004 0.025000
vt 0.033301 0.025000
vt 0.100000 0.058688
vt 0.150000 0.063736
vt 0.225000 0.061264
vt 0.155665 0.100000
vt 0.150000 0.064815
vt 0.225000 0.060185
vt 0.155975 0.100000
vt 0.150000 0.040411
vt 0.225000 0.084589
vt 0.207881 0.100000
vt 0.225000 0.055986
vt 0.150000 0.069014
vt 0.153832 0.025000
vt 0.225000 0.066228
vt 0.150000 0.058772
vt 0.156405 0.025000
vt 0.167567 0.100000
vt 0.207433 0.025000
vt 0.225000 0.040004
vt 0.163879 0.100000
vt 0.211121 0.025000
vt 0.225000 0.043899
vt 0.225000 0.047788
vt 0.158534 0.100000
vt 0.204530 0.025000
vt 0.150000 0.088053
vt 0.225000 0.036495
vt 0.188993 0.100000
vt 0.225000 0.093574
vt 0.180262 0.025000
vt 0.197480 0.100000
vt 0.150000 0.049950
vt 0.158996 0.025000
vt 0.225000 0.072817
vt 0.150000 0.058688
vt 0.216699 0.025000
vt 0.039822 0.100000
vt 0.100000 0.043450
vt 0.025000 0.063026
vt 0.085868 0.025000
vt 0.100000 0.067099
vt 0.029149 0.025000
vt 0.077328 0.100000
vt 0.025000 0.054684
vt 0.049501 0.025000
vt 0.100000 0.088839
vt 0.100000 0.030411
vt 0.068298 0.100000
vt 0.025000 0.094491
vt 0.075225 0.025000
vt 0.158958 0.100000
vt 0.216042 0.025000
vt 0.225000 0.052044
vt 0.150000 0.072435
vt 0.225000 0.052565
vt 0.158724 0.100000
vt 0.150000 0.072451
vt 0.225000 0.052549
vt 0.158731 0.100000
vt 0.212543 0.100000
vt 0.162457 0.025000
vt 0.225000 0.079189
vt 0.225000 0.065754
vt 0.150000 0.059246
vt 0.156257 0.025000
vt 0.159565 0.025000
vt 0.215435 0.100000
vt 0.150000 0.050765
vt 0.163689 0.100000
vt 0.211311 0.025000
vt 0.225000 0.044138
vt 0.275000 0.043450
vt 0.335178 0.100000
vt 0.289132 0.025000
vt 0.350000 0.063026
vt 0.345851 0.025000
vt 0.275000 0.067099
vt 0.350000 0.054684
vt 0.297672 0.100000
vt 0.275000 0.088839
vt 0.325499 0.025000
vt 0.306702 0.100000
vt 0.275000 0.030411
vt 0.299775 0.025000
vt 0.350000 0.094491
vt 0.025000 0.049258
vt 0.088646 0.100000
vt 0.054878 0.025000
vt 0.100000 0.077537
vt 0.066862 0.100000
vt 0.025000 0.028940
vt 0.025000 0.085635
vt 0.063210 0.025000
vt 0.100000 0.040079
vt 0.043266 0.100000
vt 0.094768 0.025000
vt 0.025000 0.075046
vt 0.100000 0.068477
vt 0.030143 0.100000
vt 0.225000 0.063306
vt 0.150000 0.061694
vt 0.155546 0.025000
vt 0.189053 0.100000
vt 0.185947 0.025000
vt 0.225000 0.029933
vt 0.225000 0.032795
vt 0.150000 0.092205
vt 0.195195 0.025000
vt 0.214321 0.025000
vt 0.160679 0.100000
vt 0.150000 0.076344
vt 0.150000 0.030385
vt 0.225000 0.094615
vt 0.187712 0.100000
vt 0.188092 0.100000
vt 0.186908 0.025000
vt 0.225000 0.094512
vt 0.225000 0.080606
vt 0.150000 0.044394
vt 0.163490 0.025000
vt 0.411355 0.100000
vt 0.475000 0.049258
vt 0.400000 0.077537
vt 0.445122 0.025000
vt 0.475000 0.028940
vt 0.433138 0.100000
vt 0.436790 0.025000
vt 0.475000 0.085635
vt 0.456734 0.100000
vt 0.400000 0.040079
vt 0.475000 0.075046
vt 0.405232 0.025000
vt 0.469857 0.100000
vt 0.400000 0.068477
vt 0.025000 0.061116
vt 0.088359 0.025000
vt 0.100000 0.069594
vt 0.031304 0.025000
vt 0.075173 0.100000
vt 0.025000 0.052639
vt 0.052038 0.025000
vt 0.100000 0.090885
vt 0.100000 0.033147
vt 0.066420 0.100000
vt 0.025000 0.091629
vt 0.077103 0.025000
vt 0.037105 0.100000
vt 0.100000 0.045360
vt 0.178781 0.025000
vt 0.196219 0.100000
vt 0.150000 0.096590
vt 0.180652 0.025000
vt 0.194348 0.100000
vt 0.150000 0.096234
vt 0.215622 0.100000
vt 0.159378 0.025000
vt 0.225000 0.073853
vt 0.225000 0.095504
vt 0.150000 0.029496
vt 0.190903 0.025000
vt 0.197162 0.025000
vt 0.177838 0.100000
vt 0.150000 0.028240
vt 0.154572 0.100000
vt 0.220428 0.025000
vt 0.225000 0.065571
vt 0.225000 0.046318
vt 0.150000 0.078682
vt 0.212887 0.025000
vt 0.411641 0.025000
vt 0.475000 0.061116
vt 0.468696 0.025000
vt 0.400000 0.069594
vt 0.475000 0.052639
vt 0.424827 0.100000
vt 0.400000 0.090885
vt 0.447962 0.025000
vt 0.433580 0.100000
vt 0.400000 0.033147
vt 0.422897 0.025000
vt 0.475000 0.091629
vt 0.400000 0.045360
vt 0.462895 0.100000
vt 0.049884 0.025000
vt 0.100000 0.089144
vt 0.100000 0.030830
vt 0.068017 0.100000
vt 0.025000 0.094056
vt 0.075507 0.025000
vt 0.039417 0.100000
vt 0.100000 0.043738
vt 0.025000 0.062738
vt 0.086236 0.025000
vt 0.100000 0.067473
vt 0.029476 0.025000
vt 0.077001 0.100000
vt 0.025000 0.054380
vt 0.150000 0.053727
vt 0.225000 0.071273
vt 0.153400 0.100000
vt 0.175174 0.025000
vt 0.199826 0.100000
vt 0.150000 0.097209
vt 0.156008 0.100000
vt 0.218992 0.025000
vt 0.225000 0.060073
vt 0.222551 0.100000
vt 0.152449 0.025000
vt 0.225000 0.047962
vt 0.150000 0.056390
vt 0.225000 0.068610
vt 0.153914 0.100000
vt 0.225000 0.097552
vt 0.150000 0.027448
vt 0.202040 0.025000
vt 0.150000 0.079078
vt 0.225000 0.045922
vt 0.222844 0.100000
vt 0.275000 0.089144
vt 0.325116 0.025000
vt 0.306983 0.100000
vt 0.275000 0.030830
vt 0.299493 0.025000
vt 0.350000 0.094056
vt 0.275000 0.043738
vt 0.335583 0.100000
vt 0.288764 0.025000
vt 0.350000 0.062738
vt 0.345524 0.025000
vt 0.275000 0.067473
vt 0.350000 0.054380
vt 0.297999 0.100000
vt 0.100000 0.046411
vt 0.055840 0.100000
vt 0.025000 0.076964
vt 0.087684 0.025000
vt 0.028787 0.025000
vt 0.100000 0.055629
vt 0.096165 0.100000
vt 0.025000 0.050848
vt 0.100000 0.083644
vt 0.042346 0.025000
vt 0.064130 0.100000
vt 0.025000 0.040520
vt 0.065674 0.025000
vt 0.025000 0.097112
vt 0.225000 0.068684
vt 0.150000 0.056316
vt 0.157231 0.025000
vt 0.225000 0.043760
vt 0.150000 0.081240
vt 0.211010 0.025000
vt 0.159534 0.100000
vt 0.215466 0.025000
vt 0.225000 0.050827
vt 0.150000 0.062786
vt 0.225000 0.062214
vt 0.155405 0.100000
vt 0.217288 0.025000
vt 0.157712 0.100000
vt 0.150000 0.069979
vt 0.150000 0.045160
vt 0.225000 0.079840
vt 0.212082 0.100000
vt 0.225000 0.047723
vt 0.150000 0.077277
vt 0.152413 0.025000
vt 0.319160 0.100000
vt 0.275000 0.046411
vt 0.287316 0.025000
vt 0.350000 0.076964
vt 0.275000 0.055629
vt 0.346213 0.025000
vt 0.350000 0.050848
vt 0.278835 0.100000
vt 0.332654 0.025000
vt 0.275000 0.083644
vt 0.350000 0.040520
vt 0.310870 0.100000
vt 0.350000 0.097112
vt 0.309326 0.025000
vt 0.100000 0.069966
vt 0.027868 0.100000
vt 0.025000 0.047219
vt 0.087048 0.100000
vt 0.056475 0.025000
vt 0.100000 0.079296
vt 0.064885 0.100000
vt 0.025000 0.027180
vt 0.025000 0.083722
vt 0.064745 0.025000
vt 0.100000 0.042200
vt 0.041731 0.100000
vt 0.097104 0.025000
vt 0.025000 0.073558
vt 0.158573 0.025000
vt 0.216427 0.100000
vt 0.150000 0.052911
vt 0.225000 0.074592
vt 0.150000 0.050408
vt 0.159743 0.025000
vt 0.225000 0.045566
vt 0.150000 0.079434
vt 0.212372 0.025000
vt 0.150000 0.062883
vt 0.225000 0.062117
vt 0.155431 0.100000
vt 0.150000 0.075161
vt 0.225000 0.049839
vt 0.160035 0.100000
vt 0.150000 0.044971
vt 0.225000 0.080030
vt 0.211944 0.100000
vt 0.150000 0.049886
vt 0.225000 0.075114
vt 0.214989 0.100000
vt 0.347132 0.100000
vt 0.275000 0.069966
vt 0.287952 0.100000
vt 0.350000 0.047219
vt 0.275000 0.079296
vt 0.318525 0.025000
vt 0.350000 0.027180
vt 0.310115 0.100000
vt 0.310255 0.025000
vt 0.350000 0.083722
vt 0.333269 0.100000
vt 0.275000 0.042200
vt 0.350000 0.073558
vt 0.277896 0.025000
vt 0.025000 0.084464
vt 0.056068 0.025000
vt 0.100000 0.041995
vt 0.037866 0.100000
vt 0.084464 0.100000
vt 0.025000 0.068932
vt 0.041995 0.025000
vt 0.100000 0.087134
vt 0.100000 0.040536
vt 0.068932 0.100000
vt 0.025000 0.083006
vt 0.087134 0.025000
vt 0.040536 0.025000
vt 0.100000 0.056068
vt 0.083005 0.100000
vt 0.025000 0.037866
vt 0.207435 0.025000
vt 0.167565 0.100000
vt 0.150000 0.081753
vt 0.150000 0.045284
vt 0.225000 0.079716
vt 0.209278 0.100000
vt 0.150000 0.043247
vt 0.225000 0.081753
vt 0.207435 0.100000
vt 0.225000 0.079716
vt 0.150000 0.045284
vt 0.165722 0.025000
vt 0.225000 0.081753
vt 0.150000 0.043247
vt 0.167565 0.025000
vt 0.165722 0.100000
vt 0.209278 0.025000
vt 0.225000 0.045284
vt 0.225000 0.043247
vt 0.209278 0.025000
vt 0.165722 0.100000
vt 0.150000 0.079716
vt 0.318932 0.025000
vt 0.350000 0.084464
vt 0.337134 0.100000
vt 0.275000 0.041995
vt 0.350000 0.068932
vt 0.290536 0.100000
vt 0.275000 0.087134
vt 0.333005 0.025000
vt 0.306068 0.100000
vt 0.275000 0.040536
vt 0.287866 0.025000
vt 0.350000 0.083006
vt 0.275000 0.056068
vt 0.334464 0.025000
vt 0.350000 0.037866
vt 0.291995 0.100000
vt 0.075801 0.100000
vt 0.025000 0.062357
vt 0.052932 0.025000
vt 0.100000 0.093709
vt 0.100000 0.049199
vt 0.062357 0.100000
vt 0.025000 0.072068
vt 0.093709 0.025000
vt 0.049199 0.025000
vt 0.100000 0.062643
vt 0.072068 0.100000
vt 0.025000 0.031291
vt 0.025000 0.075801
vt 0.062643 0.025000
vt 0.100000 0.052932
vt 0.031291 0.100000
vt 0.150000 0.042980
vt 0.225000 0.082020
vt 0.207172 0.100000
vt 0.225000 0.078445
vt 0.150000 0.046555
vt 0.164701 0.025000
vt 0.150000 0.042980
vt 0.167828 0.025000
vt 0.164701 0.100000
vt 0.210299 0.025000
vt 0.225000 0.046555
vt 0.167828 0.100000
vt 0.207172 0.025000
vt 0.225000 0.042980
vt 0.210299 0.025000
vt 0.164701 0.100000
vt 0.150000 0.078445
vt 0.150000 0.082020
vt 0.210299 0.100000
vt 0.475000 0.062357
vt 0.424199 0.100000
vt 0.400000 0.093709
vt 0.447068 0.025000
vt 0.437643 0.100000
vt 0.400000 0.049199
vt 0.406291 0.025000
vt 0.475000 0.072068
vt 0.400000 0.062643
vt 0.450801 0.025000
vt 0.475000 0.031291
vt 0.427932 0.100000
vt 0.437357 0.025000
vt 0.475000 0.075801
vt 0.468709 0.100000
vt 0.400000 0.052932
vt 0.049277 0.100000
vt 0.025000 0.029427
vt 0.095462 0.025000
vt 0.025000 0.080343
vt 0.100000 0.075723
vt 0.029427 0.100000
vt 0.025000 0.029538
vt 0.080343 0.100000
vt 0.075723 0.025000
vt 0.100000 0.095573
vt 0.029538 0.100000
vt 0.100000 0.044657
vt 0.025000 0.049277
vt 0.095573 0.025000
vt 0.100000 0.095462
vt 0.044657 0.025000
vt 0.150000 0.043766
vt 0.225000 0.081234
vt 0.207931 0.100000
vt 0.150000 0.044278
vt 0.225000 0.080722
vt 0.208402 0.100000
vt 0.150000 0.043766
vt 0.167069 0.025000
vt 0.225000 0.080722
vt 0.150000 0.044278
vt 0.166598 0.025000
vt 0.167069 0.100000
vt 0.207931 0.025000
vt 0.225000 0.043766
vt 0.166598 0.100000
vt 0.208402 0.025000
vt 0.225000 0.044278
vt 0.150000 0.081234
vt 0.208402 0.025000
vt 0.166598 0.100000
vt 0.150000 0.080722
vt 0.350000 0.029427
vt 0.325723 0.100000
vt 0.350000 0.080343
vt 0.279538 0.025000
vt 0.345573 0.100000
vt 0.275000 0.075723
vt 0.294657 0.100000
vt 0.350000 0.029538
vt 0.275000 0.095573
vt 0.299277 0.025000
vt 0.275000 0.044657
vt 0.345462 0.100000
vt 0.279427 0.025000
vt 0.350000 0.049277
vt 0.330343 0.025000
vt 0.275000 0.095462
vt 0.047492 0.100000
vt 0.100000 0.034638
vt 0.025000 0.059296
vt 0.079993 0.025000
vt 0.100000 0.077508
vt 0.034638 0.025000
vt 0.059296 0.100000
vt 0.025000 0.045007
vt 0.077508 0.025000
vt 0.025000 0.090362
vt 0.100000 0.065704
vt 0.045007 0.100000
vt 0.025000 0.047492
vt 0.090362 0.100000
vt 0.065704 0.025000
vt 0.100000 0.079993
vt 0.165239 0.100000
vt 0.209761 0.025000
vt 0.225000 0.045872
vt 0.207280 0.025000
vt 0.167720 0.100000
vt 0.150000 0.081911
vt 0.209761 0.025000
vt 0.165239 0.100000
vt 0.150000 0.079128
vt 0.150000 0.043089
vt 0.225000 0.081911
vt 0.207280 0.100000
vt 0.150000 0.045872
vt 0.225000 0.079128
vt 0.209761 0.100000
vt 0.150000 0.043089
vt 0.167720 0.025000
vt 0.225000 0.079128
vt 0.150000 0.045872
vt 0.165239 0.025000
vt 0.225000 0.043089
vt 0.275000 0.034638
vt 0.327508 0.100000
vt 0.295007 0.025000
vt 0.350000 0.059296
vt 0.340362 0.025000
vt 0.275000 0.077508
vt 0.350000 0.045007
vt 0.315704 0.100000
vt 0.350000 0.090362
vt 0.297492 0.025000
vt 0.329993 0.100000
vt 0.275000 0.065704
vt 0.284638 0.100000
vt 0.350000 0.047492
vt 0.275000 0.079993
vt 0.309296 0.025000
vt 0.025000 0.083562
vt 0.056693 0.025000
vt 0.100000 0.043079
vt 0.037241 0.100000
vt 0.083562 0.100000
vt 0.025000 0.068307
vt 0.043079 0.025000
vt 0.100000 0.087759
vt 0.100000 0.041438
vt 0.068307 0.100000
vt 0.025000 0.081921
vt 0.087759 0.025000
vt 0.041438 0.025000
vt 0.100000 0.056693
vt 0.081921 0.100000
vt 0.025000 0.037241
vt 0.207401 0.025000
vt 0.167599 0.100000
vt 0.150000 0.081788
vt 0.150000 0.045393
vt 0.225000 0.079607
vt 0.209368 0.100000
vt 0.150000 0.043212
vt 0.225000 0.081788
vt 0.207401 0.100000
vt 0.225000 0.079607
vt 0.150000 0.045393
vt 0.165632 0.025000
vt 0.225000 0.081788
vt 0.150000 0.043212
vt 0.167599 0.025000
vt 0.165632 0.100000
vt 0.209368 0.025000
vt 0.225000 0.045393
vt 0.167599 0.100000
vt 0.207401 0.025000
vt 0.225000 0.043212
vt 0.150000 0.079607
vt 0.193307 0.025000
vt 0.225000 0.083562
vt 0.212759 0.100000
vt 0.150000 0.043079
vt 0.225000 0.068307
vt 0.166438 0.100000
vt 0.150000 0.087759
vt 0.206921 0.025000
vt 0.181693 0.100000
vt 0.150000 0.041438
vt 0.162241 0.025000
vt 0.225000 0.081921
vt 0.150000 0.056693
vt 0.208562 0.025000
vt 0.225000 0.037241
vt 0.168079 0.100000
vt 0.026770 0.025000
vt 0.100000 0.047867
vt 0.098213 0.100000
vt 0.025000 0.046067
vt 0.025000 0.098230
vt 0.047867 0.025000
vt 0.100000 0.026787
vt 0.046067 0.100000
vt 0.098230 0.100000
vt 0.025000 0.077133
vt 0.026787 0.025000
vt 0.100000 0.078933
vt 0.100000 0.026770
vt 0.077133 0.100000
vt 0.025000 0.098213
vt 0.078933 0.025000
vt 0.166937 0.100000
vt 0.208063 0.025000
vt 0.225000 0.043908
vt 0.208247 0.025000
vt 0.166753 0.100000
vt 0.150000 0.080892
vt 0.150000 0.081092
vt 0.150000 0.044108
vt 0.225000 0.080892
vt 0.208247 0.100000
vt 0.150000 0.043908
vt 0.225000 0.081092
vt 0.208063 0.100000
vt 0.166753 0.025000
vt 0.150000 0.043908
vt 0.166937 0.025000
vt 0.225000 0.044108
vt 0.150000 0.047867
vt 0.223230 0.025000
vt 0.225000 0.046067
vt 0.151787 0.100000
vt 0.202133 0.025000
vt 0.225000 0.098230
vt 0.203933 0.100000
vt 0.150000 0.026787
vt 0.225000 0.077133
vt 0.151770 0.100000
vt 0.150000 0.078933
vt 0.223213 0.025000
vt 0.172867 0.100000
vt 0.150000 0.026770
vt 0.171067 0.025000
vt 0.225000 0.098213
vt 0.295985 0.400000
vt 0.350000 0.463991
vt 0.275000 0.475000
vt 0.525000 0.447532
vt 0.568309 0.400000
vt 0.600000 0.475000
vt 0.400000 0.426537
vt 0.475000 0.400000
vt 0.474499 0.475000
vt 0.525000 0.419482
vt 0.600000 0.400000
vt 0.538483 0.475000
vt 0.275000 0.412154
vt 0.350000 0.400000
vt 0.304944 0.475000
vt 0.332531 0.475000
vt 0.275000 0.410018
vt 0.291151 0.400000
vt 0.350000 0.462658
vt 0.275000 0.411356
vt 0.329578 0.475000
vt 0.321328 0.400000
vt 0.350000 0.464824
vt 0.525000 0.400000
vt 0.600000 0.428288
vt 0.564338 0.475000
vt 0.423305 0.400000
vt 0.475000 0.443938
vt 0.400000 0.475000
vt 0.600000 0.429189
vt 0.559480 0.475000
vt 0.407684 0.400000
vt 0.475000 0.446794
vt 0.525000 0.456879
vt 0.594410 0.475000
vt 0.525000 0.447497
vt 0.558246 0.400000
vt 0.466277 0.475000
vt 0.400000 0.426871
vt 0.588336 0.400000
vt 0.600000 0.456440
vt 0.525000 0.475000
vt 0.452493 0.475000
vt 0.400000 0.431788
vt 0.556868 0.475000
vt 0.600000 0.426780
vt 0.475000 0.448896
vt 0.401232 0.400000
vt 0.534730 0.420621
vt 0.568090 0.400000
vt 0.600000 0.433759
vt 0.684337 0.400000
vt 0.725000 0.472758
vt 0.650000 0.475000
vt 0.900000 0.400000
vt 0.975000 0.435089
vt 0.912769 0.475000
vt 0.828694 0.400000
vt 0.850000 0.475000
vt 0.775000 0.465999
vt 0.968371 0.406019
vt 0.975000 0.475000
vt 0.650000 0.421922
vt 0.725000 0.400000
vt 0.687084 0.475000
vt 0.674298 0.475000
vt 0.650000 0.402702
vt 0.655395 0.400000
vt 0.725000 0.445279
vt 0.656608 0.400000
vt 0.725000 0.447109
vt 0.650000 0.444261
vt 0.695081 0.400000
vt 0.725000 0.475000
vt 0.975000 0.433930
vt 0.918162 0.475000
vt 0.799717 0.400000
vt 0.850000 0.445253
vt 0.775000 0.475000
vt 0.900000 0.448987
vt 0.903167 0.400000
vt 0.975000 0.452026
vt 0.935916 0.475000
vt 0.975000 0.426013
vt 0.971833 0.475000
vt 0.850000 0.423157
vt 0.781074 0.475000
vt 0.775000 0.400000
vt 0.900000 0.422974
vt 0.939084 0.400000
vt 0.975000 0.451930
vt 0.900000 0.475000
vt 0.953649 0.400000
vt 0.972472 0.400000
vt 0.975000 0.461725
vt 0.850000 0.400000
vt 0.836496 0.475000
vt 0.775000 0.420470
vt 0.842623 0.475000
vt 0.775000 0.443542
vt 0.936401 0.475000
vt 0.975000 0.406104
vt 0.850000 0.447285
vt 0.776485 0.475000
vt 0.350000 0.593269
vt 0.290853 0.600000
vt 0.275000 0.525000
vt 0.175020 0.525000
vt 0.225000 0.570540
vt 0.150000 0.600000
vt 0.326035 0.525000
vt 0.350000 0.600000
vt 0.275000 0.548538
vt 0.025000 0.557346
vt 0.100000 0.525000
vt 0.071739 0.600000
vt 0.049823 0.525000
vt 0.100000 0.591403
vt 0.025000 0.600000
vt 0.275000 0.568378
vt 0.322269 0.525000
vt 0.181887 0.600000
vt 0.150000 0.533014
vt 0.225000 0.525000
vt 0.025000 0.525000
vt 0.100000 0.542113
vt 0.066623 0.600000
vt 0.350000 0.557321
vt 0.309067 0.600000
vt 0.275000 0.579401
vt 0.350000 0.525000
vt 0.343710 0.600000
vt 0.150000 0.525000
vt 0.225000 0.553665
vt 0.157323 0.600000
vt 0.275000 0.583323
vt 0.283173 0.525000
vt 0.087965 0.600000
vt 0.025000 0.544312
vt 0.100000 0.565669
vt 0.043400 0.600000
vt 0.025000 0.547882
vt 0.099968 0.525000
vt 0.100000 0.600000
vt 0.341690 0.595794
vt 0.275000 0.600000
vt 0.201808 0.600000
vt 0.150000 0.531017
vt 0.285774 0.544961
vt 0.318790 0.525000
vt 0.350000 0.560078
vt 0.150000 0.564237
vt 0.211549 0.600000
vt 0.308070 0.600000
vt 0.350000 0.546896
vt 0.225000 0.579855
vt 0.160795 0.525000
vt 0.683400 0.600000
vt 0.650000 0.525000
vt 0.725000 0.545491
vt 0.400000 0.600000
vt 0.415925 0.525000
vt 0.475000 0.585934
vt 0.400000 0.526719
vt 0.475000 0.525000
vt 0.453029 0.600000
vt 0.725000 0.600000
vt 0.655903 0.593257
vt 0.592746 0.600000
vt 0.525000 0.568624
vt 0.600000 0.525000
vt 0.595449 0.600000
vt 0.525000 0.549099
vt 0.650000 0.560438
vt 0.725000 0.525000
vt 0.679042 0.600000
vt 0.711197 0.582281
vt 0.650000 0.600000
vt 0.475000 0.539097
vt 0.415872 0.600000
vt 0.400000 0.525000
vt 0.650000 0.547468
vt 0.669934 0.600000
vt 0.475000 0.555639
vt 0.430020 0.600000
vt 0.475000 0.592102
vt 0.425911 0.525000
vt 0.450997 0.525000
vt 0.475000 0.597844
vt 0.679654 0.525000
vt 0.725000 0.565142
vt 0.544492 0.600000
vt 0.525000 0.525000
vt 0.600000 0.536790
vt 0.663803 0.542719
vt 0.695958 0.525000
vt 0.725000 0.564562
vt 0.530555 0.525000
vt 0.600000 0.569120
vt 0.525000 0.600000
vt 0.525000 0.556341
vt 0.577001 0.600000
vt 0.675824 0.525000
vt 0.650000 0.575140
vt 0.680047 0.600000
vt 0.725000 0.558503
vt 0.600000 0.580754
vt 0.537162 0.525000
vt 0.421660 0.400000
vt 0.475000 0.466552
vt 0.525000 0.436034
vt 0.591971 0.475000
vt 0.347360 0.475000
vt 0.275000 0.433765
vt 0.313776 0.400000
vt 0.350000 0.454147
vt 0.531783 0.405862
vt 0.600000 0.428904
vt 0.586119 0.475000
vt 0.465606 0.475000
vt 0.400000 0.421054
vt 0.559324 0.475000
vt 0.600000 0.430392
vt 0.525000 0.459804
vt 0.531352 0.400000
vt 0.525000 0.417191
vt 0.569440 0.400000
vt 0.400000 0.417690
vt 0.439081 0.475000
vt 0.558878 0.400000
vt 0.600000 0.456608
vt 0.324546 0.475000
vt 0.275000 0.408193
vt 0.345508 0.400000
vt 0.350000 0.475000
vt 0.275000 0.443937
vt 0.275000 0.400000
vt 0.350000 0.407089
vt 0.302158 0.475000
vt 0.304925 0.400000
vt 0.350000 0.444267
vt 0.525000 0.454066
vt 0.566703 0.400000
vt 0.464350 0.400000
vt 0.475000 0.475000
vt 0.400000 0.433717
vt 0.413417 0.400000
vt 0.475000 0.435738
vt 0.586151 0.400000
vt 0.525000 0.440136
vt 0.475000 0.450619
vt 0.410622 0.400000
vt 0.529252 0.475000
vt 0.525000 0.414365
vt 0.705843 0.475000
vt 0.650000 0.440097
vt 0.900000 0.452245
vt 0.942135 0.400000
vt 0.775000 0.409474
vt 0.824106 0.475000
vt 0.908043 0.470492
vt 0.721965 0.475000
vt 0.650000 0.433194
vt 0.725000 0.437173
vt 0.672826 0.475000
vt 0.650000 0.400000
vt 0.650000 0.408782
vt 0.700466 0.475000
vt 0.725000 0.432687
vt 0.677900 0.475000
vt 0.725000 0.470263
vt 0.680700 0.400000
vt 0.975000 0.472462
vt 0.913281 0.475000
vt 0.778215 0.400000
vt 0.850000 0.428774
vt 0.932410 0.475000
vt 0.975000 0.455975
vt 0.900000 0.419025
vt 0.942590 0.400000
vt 0.975000 0.427988
vt 0.964820 0.475000
vt 0.775000 0.446633
vt 0.847444 0.475000
vt 0.935096 0.475000
vt 0.975000 0.412733
vt 0.850000 0.455833
vt 0.787282 0.400000
vt 0.960079 0.475000
vt 0.900000 0.469839
vt 0.975000 0.400000
vt 0.775000 0.470725
vt 0.804439 0.400000
vt 0.900000 0.438815
vt 0.967756 0.400000
vt 0.803566 0.475000
vt 0.775000 0.402880
vt 0.900000 0.447012
vt 0.910180 0.400000
vt 0.065880 0.025000
vt 0.198135 0.025000
vt 0.150000 0.064472
vt 0.065453 0.025000
vt 0.275000 0.053216
vt 0.323876 0.025000
vt 0.100000 0.059252
vt 0.100000 0.066278
vt 0.100000 0.071166
vt 0.052530 0.100000
vt 0.275000 0.062501
vt 0.187473 0.100000
vt 0.025000 0.056099
vt 0.303393 0.100000
vt 0.185369 0.025000
vt 0.186595 0.025000
vt 0.192819 0.025000
vt 0.350000 0.099937
vt 0.275000 0.084734
vt 0.150000 0.053959
vt 0.275000 0.046439
vt 0.025000 0.044063
vt 0.150000 0.077366
vt 0.025000 0.055426
vt 0.173859 0.100000
vt 0.050914 0.100000
vt 0.038880 0.025000
vt 0.068586 0.100000
vt 0.025000 0.062453
vt 0.094680 0.025000
vt 0.079404 0.100000
vt 0.060307 0.025000
vt 0.169870 0.100000
vt 0.282712 0.100000
vt 0.025000 0.081576
vt 0.275000 0.067711
vt 0.301437 0.100000
vt 0.025000 0.039441
vt 0.025000 0.080872
vt 0.066788 0.025000
vt 0.075081 0.025000
vt 0.225000 0.044063
vt 0.181529 0.025000
vt 0.225000 0.069690
vt 0.344612 0.025000
vt 0.202985 0.100000
vt 0.100000 0.068293
vt 0.047566 0.100000
vt 0.032141 0.100000
vt 0.150000 0.074818
vt 0.067618 0.100000
vt 0.048517 0.100000
vt 0.025000 0.033587
vt 0.275000 0.084883
vt 0.066226 0.025000
vt 0.025000 0.045538
vt 0.025000 0.025003
vt 0.225000 0.049632
vt 0.178437 0.025000
vt 0.326093 0.025000
vt 0.100000 0.091369
vt 0.074187 0.100000
vt 0.100000 0.059535
vt 0.225000 0.072450
vt 0.277774 0.100000
vt 0.088231 0.100000
vt 0.275000 0.048082
vt 0.176495 0.100000
vt 0.150000 0.031065
vt 0.309480 0.025000
vt 0.326553 0.025000
vt 0.150000 0.053094
vt 0.096608 0.025000
vt 0.039489 0.025000
vt 0.175627 0.025000
vt 0.070394 0.025000
vt 0.225000 0.095791
vt 0.310825 0.100000
vt 0.225000 0.054486
vt 0.150000 0.070474
vt 0.225000 0.030156
vt 0.181099 0.025000
vt 0.153792 0.025000
vt 0.220857 0.100000
vt 0.181801 0.100000
vt 0.150000 0.083345
vt 0.181322 0.025000
vt 0.179356 0.025000
vt 0.216372 0.100000
vt 0.221972 0.100000
vt 0.182262 0.100000
vt 0.171582 0.100000
vt 0.218463 0.025000
vt 0.225000 0.077904
vt 0.225000 0.033024
vt 0.150565 0.100000
vt 0.150000 0.081806
vt 0.225000 0.090912
vt 0.150000 0.082628
vt 0.150697 0.100000
vt 0.225000 0.046146
vt 0.150000 0.040174
vt 0.168683 0.025000
vt 0.213255 0.100000
vt 0.225000 0.076279
vt 0.150000 0.086595
vt 0.150000 0.082229
vt 0.150000 0.086496
vt 0.225000 0.027420
vt 0.172871 0.025000
vt 0.165440 0.025000
vt 0.178889 0.100000
vt 0.171198 0.100000
vt 0.157963 0.100000
vt 0.150479 0.025000
vt 0.216468 0.100000
vt 0.150000 0.099709
vt 0.150000 0.099716
vt 0.157864 0.100000
vt 0.223247 0.025000
vt 0.221749 0.025000
vt 0.168572 0.025000
vt 0.216360 0.100000
vt 0.225000 0.074239
vt 0.168686 0.100000
vt 0.165534 0.100000
vt 0.225000 0.049956
vt 0.225000 0.055752
vt 0.212459 0.025000
vt 0.150000 0.063277
vt 0.150000 0.043068
vt 0.215759 0.100000
vt 0.150000 0.068388
vt 0.150000 0.044703
vt 0.225000 0.069494
vt 0.225000 0.033651
vt 0.193102 0.025000
vt 0.159863 0.025000
vt 0.150000 0.043542
vt 0.193196 0.100000
vt 0.196956 0.100000
vt 0.150000 0.080202
vt 0.225000 0.095897
vt 0.150000 0.072919
vt 0.152863 0.100000
vt 0.225000 0.079054
vt 0.150000 0.062361
vt 0.150000 0.026882
vt 0.225000 0.055626
vt 0.186873 0.025000
vt 0.151847 0.025000
vt 0.225000 0.076637
vt 0.225000 0.094808
vt 0.150000 0.083376
vt 0.154727 0.100000
vt 0.191228 0.025000
vt 0.217805 0.100000
vt 0.217674 0.100000
vt 0.150000 0.085064
vt 0.150000 0.075528
vt 0.217027 0.025000
vt 0.167126 0.025000
vt 0.165398 0.025000
vt 0.150000 0.084365
vt 0.217382 0.100000
vt 0.225000 0.085450
vt 0.150000 0.049119
vt 0.150000 0.025040
vt 0.225000 0.043178
vt 0.153243 0.025000
vt 0.150000 0.051982
vt 0.225000 0.042618
vt 0.200367 0.025000
vt 0.150000 0.079567
vt 0.150000 0.070785
vt 0.203204 0.100000
vt 0.150642 0.100000
vt 0.160204 0.025000
vt 0.225000 0.095735
vt 0.225000 0.062112
vt 0.163444 0.100000
vt 0.150000 0.059562
vt 0.225000 0.074664
vt 0.225000 0.058261
vt 0.150000 0.075560
vt 0.225000 0.037846
vt 0.201360 0.025000
vt 0.150000 0.052425
vt 0.159921 0.025000
vt 0.201341 0.100000
vt 0.150000 0.063542
vt 0.225000 0.032202
vt 0.225000 0.034095
vt 0.186603 0.025000
vt 0.186279 0.025000
vt 0.193932 0.100000
vt 0.180057 0.100000
vt 0.150000 0.094903
vt 0.150000 0.077066
vt 0.225000 0.036896
vt 0.225000 0.035634
vt 0.159766 0.025000
vt 0.150000 0.048934
vt 0.225000 0.089730
vt 0.150000 0.066764
vt 0.225000 0.086665
vt 0.215176 0.100000
vt 0.150000 0.094216
vt 0.225000 0.038221
vt 0.225000 0.041095
vt 0.184174 0.025000
vt 0.183618 0.025000
vt 0.165534 0.025000
vt 0.164011 0.025000
vt 0.211247 0.100000
vt 0.213843 0.100000
vt 0.166059 0.100000
vt 0.225000 0.047105
vt 0.225000 0.044245
vt 0.225000 0.077460
vt 0.225000 0.059052
vt 0.150000 0.092664
vt 0.225000 0.046797
vt 0.225000 0.052242
vt 0.150000 0.032539
vt 0.177737 0.025000
vt 0.150580 0.025000
vt 0.218879 0.025000
vt 0.225000 0.027292
vt 0.171083 0.025000
vt 0.150000 0.064203
vt 0.225000 0.083782
vt 0.169916 0.100000
vt 0.225000 0.075902
vt 0.225000 0.066266
vt 0.162617 0.025000
vt 0.225000 0.034018
vt 0.221104 0.100000
vt 0.150000 0.083809
vt 0.150000 0.064825
vt 0.167402 0.100000
vt 0.169809 0.100000
vt 0.204841 0.025000
vt 0.225000 0.041106
vt 0.170129 0.025000
vt 0.207553 0.100000
vt 0.225000 0.086834
vt 0.150000 0.045929
vt 0.190791 0.100000
vt 0.192365 0.100000
vt 0.160519 0.100000
vt 0.225000 0.033258
vt 0.225000 0.030918
vt 0.156590 0.025000
vt 0.164758 0.025000
vt 0.211931 0.100000
vt 0.150000 0.083103
vt 0.167901 0.100000
vt 0.212960 0.025000
vt 0.213077 0.025000
vt 0.168180 0.025000
vt 0.150000 0.051407
vt 0.218760 0.025000
vt 0.150000 0.025859
vt 0.213970 0.025000
vt 0.150000 0.050268
vt 0.225000 0.089909
vt 0.150000 0.099176
vt 0.205358 0.025000
vt 0.167575 0.025000
vt 0.205716 0.100000
vt 0.225000 0.088862
vt 0.164542 0.100000
vt 0.150000 0.085193
vt 0.202248 0.025000
vt 0.225000 0.055999
vt 0.222094 0.025000
vt 0.179255 0.025000
vt 0.168578 0.025000
vt 0.225000 0.063945
vt 0.150000 0.091700
vt 0.150000 0.090658
vt 0.225000 0.096996
vt 0.175657 0.100000
vt 0.150000 0.059575
vt 0.222533 0.100000
vt 0.225000 0.027655
vt 0.150402 0.100000
vt 0.158231 0.025000
vt 0.208363 0.100000
vt 0.150000 0.083646
vt 0.150000 0.086201
vt 0.208911 0.025000
vt 0.225000 0.043095
vt 0.169050 0.025000
vt 0.165982 0.025000
vt 0.150000 0.090823
vt 0.225000 0.041472
vt 0.150000 0.034532
vt 0.180192 0.025000
vt 0.208282 0.100000
vt 0.212349 0.100000
vt 0.150000 0.092268
vt 0.167213 0.100000
vt 0.150000 0.071895
vt 0.219740 0.025000
vt 0.225000 0.026610
vt 0.171046 0.025000
vt 0.150000 0.044661
vt 0.169112 0.100000
vt 0.225000 0.029644
vt 0.154328 0.025000
vt 0.223794 0.100000
vt 0.184730 0.100000
vt 0.150328 0.025000
vt 0.157719 0.100000
vt 0.225000 0.030697
vt 0.190150 0.025000
vt 0.155309 0.100000
vt 0.156238 0.100000
vt 0.150000 0.094529
vt 0.225000 0.025555
vt 0.225000 0.025426
vt 0.182919 0.100000
vt 0.151684 0.025000
vt 0.225000 0.081594
vt 0.190235 0.025000
vt 0.159466 0.100000
vt 0.220009 0.100000
vt 0.225000 0.080720
vt 0.150000 0.095307
vt 0.150000 0.098312
vt 0.150000 0.061732
vt 0.225000 0.058717
vt 0.150000 0.026703
vt 0.150000 0.027071
vt 0.213579 0.100000
vt 0.150000 0.097864
vt 0.225000 0.096973
vt 0.150000 0.031532
vt 0.150000 0.072554
vt 0.225000 0.028386
vt 0.225000 0.028305
vt 0.155401 0.025000
vt 0.222345 0.025000
vt 0.156491 0.025000
vt 0.195258 0.100000
vt 0.150000 0.028874
vt 0.155416 0.100000
vt 0.200256 0.025000
vt 0.194332 0.025000
vt 0.153265 0.025000
vt 0.207770 0.100000
vt 0.225000 0.076230
vt 0.150000 0.094139
vt 0.150000 0.092160
vt 0.225000 0.042202
vt 0.182425 0.025000
vt 0.184773 0.025000
vt 0.150000 0.034756
vt 0.205754 0.100000
vt 0.212327 0.100000
vt 0.150000 0.090894
vt 0.206922 0.025000
vt 0.207498 0.025000
vt 0.150000 0.035202
vt 0.225000 0.086833
vt 0.225000 0.077327
vt 0.170710 0.025000
vt 0.162642 0.025000
vt 0.222998 0.100000
vt 0.222654 0.100000
vt 0.150000 0.085683
vt 0.155481 0.025000
vt 0.203337 0.100000
vt 0.195518 0.100000
vt 0.150000 0.052727
vt 0.150000 0.066970
vt 0.225000 0.033675
vt 0.150150 0.025000
vt 0.219335 0.025000
vt 0.219025 0.025000
vt 0.167119 0.025000
vt 0.221168 0.100000
vt 0.218595 0.100000
vt 0.150000 0.084996
vt 0.150000 0.081101
vt 0.150000 0.072956
vt 0.216276 0.025000
vt 0.216269 0.025000
vt 0.150000 0.045811
vt 0.218743 0.100000
vt 0.225000 0.074235
vt 0.150000 0.080862
vt 0.219454 0.100000
vt 0.150000 0.095067
vt 0.179805 0.100000
vt 0.225000 0.048656
vt 0.187288 0.025000
vt 0.150000 0.030488
vt 0.211510 0.100000
vt 0.225000 0.028410
vt 0.225000 0.028766
vt 0.150000 0.051147
vt 0.184097 0.100000
vt 0.225000 0.096760
vt 0.150000 0.059429
vt 0.162113 0.100000
vt 0.221600 0.025000
vt 0.225000 0.027791
vt 0.150000 0.064927
vt 0.150000 0.077038
vt 0.221086 0.025000
vt 0.172960 0.100000
vt 0.152156 0.025000
vt 0.217769 0.100000
vt 0.163990 0.100000
vt 0.150000 0.074173
vt 0.219595 0.025000
vt 0.225000 0.055021
vt 0.162918 0.025000
vt 0.222587 0.100000
vt 0.225000 0.072089
vt 0.215257 0.100000
vt 0.162628 0.100000
vt 0.219569 0.025000
vt 0.214965 0.025000
vt 0.163056 0.025000
vt 0.160011 0.025000
vt 0.225000 0.043247
vt 0.165722 0.025000
vt 0.209278 0.100000
vt 0.150000 0.079716
vt 0.225000 0.045284
vt 0.167828 0.025000
vt 0.210299 0.100000
vt 0.207172 0.100000
vt 0.150000 0.078445
vt 0.150000 0.082020
vt 0.225000 0.046555
vt 0.225000 0.042980
vt 0.164701 0.025000
vt 0.150000 0.080722
vt 0.225000 0.043766
vt 0.225000 0.044278
vt 0.150000 0.079128
vt 0.225000 0.043089
vt 0.225000 0.045872
vt 0.165239 0.025000
vt 0.209761 0.100000
vt 0.150000 0.081911
vt 0.225000 0.043212
vt 0.167599 0.025000
vt 0.207401 0.100000
vt 0.150000 0.079607
vt 0.225000 0.045393
s 0
usemtl HoardAtlas
f 1/1/1 18/2/1 17/3/1
f 2/4/2 19/5/2 18/6/2
f 3/7/3 20/8/3 19/9/3
f 5/10/4 20/11/4 4/12/4
f 5/13/5 22/14/5 21/15/5
f 7/16/6 22/17/6 6/18/6
f 7/19/7 24/20/7 23/21/7
f 8/22/8 25/23/8 24/24/8
f 9/25/9 26/26/9 25/27/9
f 11/28/10 26/29/10 10/30/10
f 12/31/11 27/32/11 11/33/11
f 12/34/12 29/35/12 28/36/12
f 14/37/13 29/38/13 13/39/13
f 14/40/14 31/41/14 30/42/14
f 15/43/15 32/44/15 31/45/15
f 16/46/16 17/47/16 32/48/16
f 17/49/17 34/50/17 33/51/17
f 18/52/18 35/53/18 34/54/18
f 20/55/19 35/56/19 19/57/19
f 20/58/20 37/59/20 36/60/20
f 21/61/21 38/62/21 37/63/21
f 23/64/22 38/65/22 22/66/22
f 23/67/23 40/68/23 39/69/23
f 24/70/24 41/71/24 40/72/24
f 26/73/25 41/74/25 25/75/25
f 27/76/26 42/77/26 26/78/26
f 27/79/27 44/80/27 43/81/27
f 28/82/28 45/83/28 44/84/28
f 30/85/29 45/86/29 29/87/29
f 30/88/30 47/89/30 46/90/30
f 32/91/31 47/92/31 31/93/31
f 32/94/32 33/95/32 48/96/32
f 34/97/33 49/98/33 33/99/33
f 35/100/34 50/101/34 34/102/34
f 36/103/35 51/104/35 35/105/35
f 37/106/36 52/107/36 36/108/36
f 37/109/37 54/110/37 53/111/37
f 39/112/38 54/113/38 38/114/38
f 39/115/39 56/116/39 55/117/39
f 41/118/40 56/119/40 40/120/40
f 42/121/41 57/122/41 41/123/41
f 42/124/42 59/125/42 58/126/42
f 44/127/43 59/128/43 43/129/43
f 44/130/44 61/131/44 60/132/44
f 46/133/45 61/134/45 45/135/45
f 46/136/46 63/137/46 62/138/46
f 48/139/47 63/140/47 47/141/47
f 48/142/48 49/143/48 64/144/48
f 50/145/49 65/146/49 49/147/49
f 51/148/50 66/149/50 50/150/50
f 52/151/51 67/152/51 51/153/51
f 52/154/52 69/155/52 68/156/52
f 53/157/53 70/158/53 69/159/53
f 55/160/54 70/161/54 54/162/54
f 55/163/55 72/164/55 71/165/55
f 57/166/56 72/167/56 56/168/56
f 57/169/57 74/170/57 73/171/57
f 58/172/58 75/173/58 74/174/58
f 60/175/59 75/176/59 59/177/59
f 60/178/60 77/179/60 76/180/60
f 61/181/61 78/182/61 77/183/61
f 63/184/62 78/185/62 62/186/62
f 64/187/63 79/188/63 63/189/63
f 64/190/64 65/191/64 80/192/64
f 65/193/65 82/194/65 81/195/65
f 67/196/66 82/197/66 66/198/66
f 67/199/67 84/200/67 83/201/67
f 69/202/68 84/203/68 68/204/68
f 69/205/69 86/206/69 85/207/69
f 71/208/70 86/209/70 70/210/70
f 72/211/71 87/212/71 71/213/71
f 73/214/72 88/215/72 72/216/72
f 73/217/73 90/218/73 89/219/73
f 75/220/74 90/221/74 74/222/74
f 75/223/75 92/224/75 91/225/75
f 76/226/76 93/227/76 92/228/76
f 77/229/77 94/230/77 93/231/77
f 79/232/78 94/233/78 78/234/78
f 80/235/79 95/236/79 79/237/79
f 80/238/80 81/239/80 96/240/80
f 81/241/81 82/242/81 97/223/81
f 82/243/82 83/244/82 97/245/82
f 83/246/83 84/247/83 97/248/83
f 84/249/84 85/250/84 97/248/84
f 85/251/85 86/252/85 97/253/85
f 86/254/86 87/129/86 97/255/86
f 87/244/87 88/256/87 97/257/87
f 88/258/88 89/259/88 97/260/88
f 89/261/89 90/262/89 97/57/89
f 90/263/90 91/264/90 97/260/90
f 91/265/91 92/266/91 97/267/91
f 92/268/92 93/269/92 97/270/92
f 93/271/93 94/272/93 97/270/93
f 94/273/94 95/153/94 97/274/94
f 95/275/95 96/276/95 97/129/95
f 96/277/96 81/278/96 97/223/96
f 98/223/97 100/279/97 99/280/97
f 98/281/97 101/282/97 100/260/97
f 98/283/97 102/223/97 101/284/97
f 98/260/97 103/285/97 102/286/97
f 98/287/97 104/270/97 103/288/97
f 98/253/97 105/289/97 104/290/97
f 98/291/97 99/292/97 105/270/97
f 100/293/98 106/294/98 99/295/98
f 101/296/99 107/297/99 100/298/99
f 101/299/100 109/300/100 108/301/100
f 103/302/101 109/303/101 102/304/101
f 104/305/102 110/306/102 103/307/102
f 105/308/103 111/309/103 104/310/103
f 105/311/104 106/312/104 112/313/104
f 106/314/105 107/315/105 113/213/105
f 107/248/105 108/316/105 113/317/105
f 108/318/105 109/213/105 113/319/105
f 109/320/105 110/321/105 113/248/105
f 110/322/105 111/265/105 113/323/105
f 111/324/105 112/325/105 113/57/105
f 112/265/105 106/326/105 113/327/105
f 114/328/106 116/329/106 115/253/106
f 114/260/106 117/330/106 116/331/106
f 114/332/106 118/333/106 117/223/106
f 114/334/106 119/260/106 118/335/106
f 114/223/106 120/336/106 119/337/106
f 114/338/106 121/253/106 120/339/106
f 114/270/106 115/340/106 121/341/106
f 116/342/107 122/343/107 115/344/107
f 117/345/108 123/346/108 116/347/108
f 118/348/109 124/349/109 117/350/109
f 119/351/110 125/352/110 118/353/110
f 119/354/111 127/355/111 126/356/111
f 120/357/112 128/358/112 127/359/112
f 121/360/113 122/361/113 128/362/113
f 122/57/114 123/363/114 129/364/114
f 123/365/114 124/366/114 129/248/114
f 124/213/114 125/367/114 129/368/114
f 125/369/114 126/248/114 129/370/114
f 126/371/114 127/372/114 129/213/114
f 127/373/114 128/57/114 129/374/114
f 128/375/114 122/376/114 129/265/114
f 130/253/115 132/377/115 131/378/115
f 130/379/115 133/260/115 132/380/115
f 130/223/115 134/381/115 133/382/115
f 130/383/115 135/384/115 134/260/115
f 130/270/115 136/385/115 135/386/115
f 130/387/115 137/388/115 136/253/115
f 130/389/115 131/270/115 137/390/115
f 131/391/116 139/392/116 138/393/116
f 133/394/117 139/395/117 132/396/117
f 133/397/118 141/398/118 140/399/118
f 134/400/119 142/401/119 141/402/119
f 135/403/120 143/404/120 142/405/120
f 136/406/121 144/407/121 143/408/121
f 137/409/122 138/410/122 144/411/122
f 138/412/123 139/413/123 145/57/123
f 139/414/123 140/248/123 145/415/123
f 140/416/123 141/417/123 145/213/123
f 141/248/123 142/418/123 145/419/123
f 142/420/123 143/421/123 145/265/123
f 143/57/123 144/422/123 145/423/123
f 144/424/123 138/265/123 145/425/123
f 146/270/124 148/426/124 147/427/124
f 146/428/124 149/429/124 148/253/124
f 146/260/124 150/430/124 149/431/124
f 146/432/124 151/433/124 150/223/124
f 146/434/124 152/260/124 151/435/124
f 146/223/124 153/436/124 152/437/124
f 146/438/124 147/253/124 153/439/124
f 148/440/125 154/441/125 147/442/125
f 148/443/126 156/444/126 155/445/126
f 150/446/127 156/447/127 149/448/127
f 151/449/128 157/450/128 150/451/128
f 151/452/129 159/453/129 158/454/129
f 153/455/130 159/456/130 152/457/130
f 147/458/131 160/459/131 153/460/131
f 154/461/132 155/462/132 161/265/132
f 155/57/132 156/463/132 161/464/132
f 156/465/132 157/466/132 161/248/132
f 157/213/132 158/467/132 161/468/132
f 158/469/132 159/248/132 161/470/132
f 159/471/132 160/472/132 161/213/132
f 160/473/132 154/57/132 161/474/132
f 162/223/133 164/475/133 163/476/133
f 162/477/133 165/478/133 164/260/133
f 162/479/133 166/223/133 165/480/133
f 162/260/133 167/481/133 166/482/133
f 162/483/133 168/270/133 167/484/133
f 162/253/133 169/485/133 168/486/133
f 162/487/133 163/488/133 169/270/133
f 164/489/134 170/490/134 163/491/134
f 165/492/135 171/493/135 164/494/135
f 165/495/136 173/496/136 172/497/136
f 167/498/137 173/499/137 166/500/137
f 168/501/138 174/502/138 167/503/138
f 169/504/139 175/505/139 168/506/139
f 169/507/140 170/508/140 176/509/140
f 170/510/141 171/511/141 177/512/141
f 171/513/141 172/514/141 177/515/141
f 172/516/141 173/512/141 177/517/141
f 173/518/141 174/519/141 177/513/141
f 174/520/141 175/521/141 177/522/141
f 175/523/141 176/524/141 177/525/141
f 176/521/141 170/526/141 177/527/141
f 178/528/142 180/529/142 179/223/142
f 178/253/142 181/530/142 180/531/142
f 178/532/142 182/533/142 181/270/142
f 178/534/142 183/253/142 182/535/142
f 178/270/142 184/536/142 183/537/142
f 178/538/142 185/223/142 184/539/142
f 178/260/142 179/540/142 185/541/142
f 180/542/143 186/543/143 179/544/143
f 181/545/144 187/546/144 180/547/144
f 182/548/145 188/549/145 181/550/145
f 183/551/146 189/552/146 182/553/146
f 183/554/147 191/555/147 190/556/147
f 184/557/148 192/558/148 191/559/148
f 179/560/149 192/561/149 185/562/149
f 186/512/150 187/563/150 193/564/150
f 187/565/150 188/566/150 193/525/150
f 188/521/150 189/567/150 193/568/150
f 189/569/150 190/525/150 193/570/150
f 190/571/150 191/572/150 193/521/150
f 191/573/150 192/512/150 193/574/150
f 192/575/150 186/576/150 193/513/150
f 194/260/151 196/577/151 195/578/151
f 194/579/151 197/580/151 196/223/151
f 194/253/151 198/581/151 197/582/151
f 194/583/151 199/584/151 198/270/151
f 194/585/151 200/253/151 199/586/151
f 194/270/151 201/587/151 200/588/151
f 194/589/151 195/223/151 201/590/151
f 196/591/152 202/592/152 195/593/152
f 197/594/153 203/595/153 196/596/153
f 197/597/154 205/598/154 204/599/154
f 198/600/155 206/601/155 205/602/155
f 199/603/156 207/604/156 206/605/156
f 201/606/157 207/607/157 200/608/157
f 195/609/158 208/610/158 201/611/158
f 202/612/159 203/613/159 209/614/159
f 203/244/159 204/615/159 209/616/159
f 204/617/159 205/618/159 209/153/159
f 205/129/159 206/619/159 209/620/159
f 206/621/159 207/153/159 209/622/159
f 207/623/159 208/624/159 209/129/159
f 208/625/159 202/244/159 209/626/159
f 210/627/160 212/223/160 211/628/160
f 210/260/160 213/629/160 212/630/160
f 210/631/160 214/270/160 213/632/160
f 210/253/160 215/633/160 214/634/160
f 210/635/160 216/636/160 215/270/160
f 210/223/160 217/637/160 216/638/160
f 210/639/160 211/640/160 217/260/160
f 211/641/161 219/642/161 218/643/161
f 212/644/162 220/645/162 219/646/162
f 214/647/163 220/648/163 213/649/163
f 215/650/164 221/651/164 214/652/164
f 216/653/165 222/654/165 215/655/165
f 217/656/166 223/657/166 216/658/166
f 211/659/167 224/660/167 217/661/167
f 218/662/168 219/244/168 225/663/168
f 219/664/168 220/665/168 225/614/168
f 220/666/168 221/129/168 225/667/168
f 221/668/168 222/669/168 225/153/168
f 222/129/168 223/670/168 225/671/168
f 223/672/168 224/673/168 225/244/168
f 224/614/168 218/674/168 225/675/168
f 226/676/169 228/677/169 227/260/169
f 226/270/169 229/678/169 228/679/169
f 226/680/169 230/681/169 229/253/169
f 226/682/169 231/270/169 230/683/169
f 226/253/169 232/684/169 231/685/169
f 226/686/169 233/260/169 232/687/169
f 226/223/169 227/688/169 233/689/169
f 228/690/170 234/691/170 227/692/170
f 228/693/171 236/694/171 235/695/171
f 230/696/172 236/697/172 229/698/172
f 230/699/173 238/700/173 237/701/173
f 232/702/174 238/703/174 231/704/174
f 233/705/175 239/706/175 232/707/175
f 227/708/176 240/709/176 233/710/176
f 234/248/177 235/711/177 241/712/177
f 235/713/177 236/714/177 241/265/177
f 236/57/177 237/715/177 241/716/177
f 237/717/177 238/265/177 241/718/177
f 238/719/177 239/720/177 241/57/177
f 239/721/177 240/248/177 241/722/177
f 240/723/177 234/724/177 241/213/177
f 242/725/178 244/223/178 243/726/178
f 242/260/178 245/727/178 244/728/178
f 242/729/178 246/730/178 245/223/178
f 242/253/178 247/731/178 246/732/178
f 242/733/178 248/734/178 247/270/178
f 242/735/178 249/253/178 248/736/178
f 242/270/178 243/737/178 249/738/178
f 243/739/179 251/740/179 250/741/179
f 244/742/180 252/743/180 251/744/180
f 245/745/181 253/746/181 252/747/181
f 246/748/182 254/749/182 253/750/182
f 248/751/183 254/752/183 247/753/183
f 249/754/184 255/755/184 248/756/184
f 243/757/185 256/758/185 249/759/185
f 250/760/186 251/512/186 257/761/186
f 251/762/186 252/763/186 257/513/186
f 252/512/186 253/764/186 257/765/186
f 253/766/186 254/767/186 257/525/186
f 254/521/186 255/768/186 257/769/186
f 255/770/186 256/525/186 257/771/186
f 256/772/186 250/773/186 257/521/186
f 258/774/187 260/223/187 259/775/187
f 258/260/187 261/776/187 260/777/187
f 258/778/187 262/779/187 261/223/187
f 258/253/187 263/780/187 262/781/187
f 258/782/187 264/783/187 263/270/187
f 258/784/187 265/253/187 264/785/187
f 258/270/187 259/786/187 265/787/187
f 259/788/188 267/789/188 266/790/188
f 261/791/189 267/792/189 260/793/189
f 262/794/190 268/795/190 261/796/190
f 262/797/191 270/798/191 269/799/191
f 263/800/192 271/801/192 270/802/192
f 264/803/193 272/804/193 271/805/193
f 265/806/194 266/807/194 272/808/194
f 266/809/195 267/213/195 273/810/195
f 267/811/195 268/812/195 273/248/195
f 268/213/195 269/813/195 273/814/195
f 269/815/195 270/816/195 273/57/195
f 270/265/195 271/817/195 273/818/195
f 271/819/195 272/57/195 273/820/195
f 272/821/195 266/822/195 273/265/195
f 274/823/196 276/824/196 275/223/196
f 274/825/196 277/260/196 276/826/196
f 274/223/196 278/827/196 277/828/196
f 274/829/196 279/253/196 278/830/196
f 274/270/196 280/831/196 279/832/196
f 274/833/196 281/834/196 280/253/196
f 274/260/196 275/835/196 281/836/196
f 276/837/197 282/838/197 275/839/197
f 277/840/198 283/841/198 276/842/198
f 278/843/199 284/844/199 277/845/199
f 279/846/200 285/847/200 278/848/200
f 279/849/201 287/850/201 286/851/201
f 281/852/202 287/853/202 280/854/202
f 275/855/203 288/856/203 281/857/203
f 282/213/204 283/858/204 289/859/204
f 283/860/204 284/248/204 289/861/204
f 284/862/204 285/863/204 289/213/204
f 285/864/204 286/57/204 289/865/204
f 286/866/204 287/867/204 289/265/204
f 287/57/204 288/868/204 289/869/204
f 288/870/204 282/871/204 289/248/204
f 290/260/205 292/872/205 291/873/205
f 290/874/205 293/875/205 292/223/205
f 290/876/205 294/260/205 293/877/205
f 290/223/205 295/878/205 294/879/205
f 290/880/205 296/253/205 295/881/205
f 290/270/205 297/882/205 296/883/205
f 290/884/205 291/885/205 297/253/205
f 291/886/206 299/887/206 298/888/206
f 293/889/207 299/890/207 292/891/207
f 293/892/208 301/893/208 300/894/208
f 295/895/209 301/896/209 294/897/209
f 296/898/210 302/899/210 295/900/210
f 297/901/211 303/902/211 296/903/211
f 291/904/212 304/905/212 297/906/212
f 298/907/213 299/908/213 305/614/213
f 299/244/213 300/909/213 305/910/213
f 300/911/213 301/614/213 305/912/213
f 301/913/213 302/914/213 305/244/213
f 302/915/213 303/153/213 305/916/213
f 303/917/213 304/918/213 305/129/213
f 304/153/213 298/919/213 305/920/213
f 306/223/214 308/921/214 307/922/214
f 306/923/214 309/924/214 308/260/214
f 306/925/214 310/223/214 309/926/214
f 306/260/214 311/927/214 310/928/214
f 306/929/214 312/270/214 311/930/214
f 306/253/214 313/931/214 312/932/214
f 306/933/214 307/934/214 313/270/214
f 308/935/215 314/936/215 307/937/215
f 309/938/216 315/939/216 308/940/216
f 309/941/217 317/942/217 316/943/217
f 310/944/218 318/945/218 317/946/218
f 311/947/219 319/948/219 318/949/219
f 313/950/220 319/951/220 312/952/220
f 313/953/221 314/954/221 320/955/221
f 314/956/222 315/957/222 321/213/222
f 315/248/222 316/958/222 321/959/222
f 316/960/222 317/213/222 321/961/222
f 317/962/222 318/963/222 321/248/222
f 318/964/222 319/265/222 321/965/222
f 319/966/222 320/967/222 321/57/222
f 320/265/222 314/968/222 321/969/222
f 322/260/223 324/970/223 323/971/223
f 322/972/223 325/973/223 324/223/223
f 322/253/223 326/974/223 325/975/223
f 322/976/223 327/977/223 326/270/223
f 322/978/223 328/253/223 327/979/223
f 322/270/223 329/980/223 328/981/223
f 322/982/223 323/223/223 329/983/223
f 324/984/224 330/985/224 323/986/224
f 325/987/225 331/988/225 324/989/225
f 325/990/226 333/991/226 332/992/226
f 326/993/227 334/994/227 333/995/227
f 328/996/228 334/997/228 327/998/228
f 329/999/229 335/1000/229 328/1001/229
f 323/1002/230 336/1003/230 329/1004/230
f 330/1005/231 331/1006/231 337/248/231
f 331/213/231 332/1007/231 337/1008/231
f 332/1009/231 333/1010/231 337/57/231
f 333/265/231 334/1011/231 337/1012/231
f 334/1013/231 335/57/231 337/1014/231
f 335/1015/231 336/1016/231 337/265/231
f 336/1017/231 330/213/231 337/1018/231
f 338/223/232 340/1019/232 339/1020/232
f 338/1021/232 341/1022/232 340/260/232
f 338/1023/232 342/223/232 341/1024/232
f 338/260/232 343/1025/232 342/1026/232
f 338/1027/232 344/270/232 343/1028/232
f 338/253/232 345/1029/232 344/1030/232
f 338/1031/232 339/1032/232 345/270/232
f 340/1033/233 346/1034/233 339/1035/233
f 341/1036/234 347/1037/234 340/1038/234
f 341/1039/235 349/1040/235 348/1041/235
f 342/1042/236 350/1043/236 349/1044/236
f 344/1045/237 350/1046/237 343/1047/237
f 345/1048/238 351/1049/238 344/1050/238
f 339/1051/239 352/1052/239 345/1053/239
f 346/1054/240 347/1055/240 353/512/240
f 347/513/240 348/1056/240 353/1057/240
f 348/1058/240 349/512/240 353/1059/240
f 349/1060/240 350/1061/240 353/513/240
f 350/1062/240 351/521/240 353/1063/240
f 351/1064/240 352/1065/240 353/525/240
f 352/521/240 346/1066/240 353/1067/240
f 354/1068/241 356/1069/241 355/260/241
f 354/1070/241 357/223/241 356/1071/241
f 354/260/241 358/1072/241 357/1073/241
f 354/1074/241 359/270/241 358/1075/241
f 354/253/241 360/1076/241 359/1077/241
f 354/1078/241 361/1079/241 360/270/241
f 354/223/241 355/1080/241 361/1081/241
f 356/1082/242 362/1083/242 355/1084/242
f 357/1085/243 363/1086/243 356/1087/243
f 358/1088/244 364/1089/244 357/1090/244
f 359/1091/245 365/1092/245 358/1093/245
f 360/1094/246 366/1095/246 359/1096/246
f 360/1097/247 368/1098/247 367/1099/247
f 355/1100/248 368/1101/248 361/1102/248
f 362/248/249 363/1103/249 369/1104/249
f 363/1105/249 364/213/249 369/1106/249
f 364/1107/249 365/1108/249 369/248/249
f 365/1109/249 366/265/249 369/1110/249
f 366/1111/249 367/1112/249 369/57/249
f 367/265/249 368/1113/249 369/1114/249
f 368/1115/249 362/1116/249 369/213/249
f 370/223/250 372/1117/250 371/1118/250
f 370/1119/250 373/1120/250 372/260/250
f 370/1121/250 374/223/250 373/1122/250
f 370/260/250 375/1123/250 374/1124/250
f 370/1125/250 376/270/250 375/1126/250
f 370/253/250 377/1127/250 376/1128/250
f 370/1129/250 371/1130/250 377/270/250
f 372/1131/251 378/1132/251 371/1133/251
f 373/1134/252 379/1135/252 372/1136/252
f 374/1137/253 380/1138/253 373/1139/253
f 375/1140/254 381/1141/254 374/1142/254
f 375/1143/255 383/1144/255 382/1145/255
f 376/1146/256 384/1147/256 383/1148/256
f 371/1149/257 384/1150/257 377/1151/257
f 378/1152/258 379/1153/258 385/213/258
f 379/248/258 380/1154/258 385/1155/258
f 380/1156/258 381/213/258 385/1157/258
f 381/1158/258 382/1159/258 385/248/258
f 382/1160/258 383/265/258 385/1161/258
f 383/1162/258 384/1163/258 385/57/258
f 384/265/258 378/1164/258 385/1165/258
f 386/253/259 388/1166/259 387/1167/259
f 386/1168/259 389/260/259 388/1169/259
f 386/223/259 390/1170/259 389/1171/259
f 386/1172/259 391/1173/259 390/260/259
f 386/270/259 392/1174/259 391/1175/259
f 386/1176/259 393/1177/259 392/253/259
f 386/1178/259 387/270/259 393/1179/259
f 387/1180/260 395/1181/260 394/1182/260
f 389/1183/261 395/1184/261 388/1185/261
f 390/1186/262 396/1187/262 389/1188/262
f 391/1189/263 397/1190/263 390/1191/263
f 392/1192/264 398/1193/264 391/1194/264
f 393/1195/265 399/1196/265 392/1197/265
f 387/1198/266 400/1199/266 393/1200/266
f 394/1201/267 395/1202/267 401/57/267
f 395/1203/267 396/248/267 401/1204/267
f 396/1205/267 397/1206/267 401/213/267
f 397/248/267 398/1207/267 401/1208/267
f 398/1209/267 399/1210/267 401/265/267
f 399/57/267 400/1211/267 401/1212/267
f 400/1213/267 394/265/267 401/1214/267
f 402/1215/268 404/1216/268 403/253/268
f 402/1217/268 405/270/268 404/1218/268
f 402/253/268 406/1219/268 405/1220/268
f 402/1221/268 407/260/268 406/1222/268
f 402/223/268 408/1223/268 407/1224/268
f 402/1225/268 409/1226/268 408/260/268
f 402/270/268 403/1227/268 409/1228/268
f 404/1229/269 410/1230/269 403/1231/269
f 405/1232/270 411/1233/270 404/1234/270
f 406/1235/271 412/1236/271 405/1237/271
f 407/1238/272 413/1239/272 406/1240/272
f 407/1241/273 415/1242/273 414/1243/273
f 409/1244/274 415/1245/274 408/1246/274
f 403/1247/275 416/1248/275 409/1249/275
f 410/153/276 411/1250/276 417/1251/276
f 411/1252/276 412/129/276 417/1253/276
f 412/1254/276 413/1255/276 417/153/276
f 413/1256/276 414/614/276 417/1257/276
f 414/1258/276 415/1259/276 417/244/276
f 415/614/276 416/1260/276 417/1261/276
f 416/1262/276 410/1263/276 417/129/276
f 418/253/277 420/1264/277 419/1265/277
f 418/1266/277 421/260/277 420/1267/277
f 418/223/277 422/1268/277 421/1269/277
f 418/1270/277 423/1271/277 422/260/277
f 418/270/277 424/1272/277 423/1273/277
f 418/1274/277 425/1275/277 424/253/277
f 418/1276/277 419/270/277 425/1277/277
f 419/1278/278 427/1279/278 426/1280/278
f 420/1281/279 428/1282/279 427/1283/279
f 422/1284/280 428/1285/280 421/1286/280
f 423/1287/281 429/1288/281 422/1289/281
f 424/1290/282 430/1291/282 423/1292/282
f 424/1293/283 432/1294/283 431/1295/283
f 419/1296/284 432/1297/284 425/1298/284
f 426/1299/285 427/1300/285 433/153/285
f 427/1301/285 428/614/285 433/1302/285
f 428/1303/285 429/1304/285 433/244/285
f 429/614/285 430/1305/285 433/1306/285
f 430/1307/285 431/1308/285 433/129/285
f 431/153/285 432/1309/285 433/1310/285
f 432/1311/285 426/129/285 433/1312/285
f 434/1313/286 436/1314/286 435/270/286
f 434/1315/286 437/253/286 436/1316/286
f 434/270/286 438/1317/286 437/1318/286
f 434/1319/286 439/223/286 438/1320/286
f 434/260/286 440/1321/286 439/1322/286
f 434/1323/286 441/1324/286 440/223/286
f 434/253/286 435/1325/286 441/1326/286
f 436/1327/287 442/1328/287 435/1329/287
f 436/1330/288 444/1331/288 443/1332/288
f 438/1333/289 444/1334/289 437/1335/289
f 438/1336/290 446/1337/290 445/1338/290
f 439/1339/291 447/1340/291 446/1341/291
f 441/1342/292 447/1343/292 440/1344/292
f 435/1345/293 448/1346/293 441/1347/293
f 442/265/294 443/1348/294 449/1349/294
f 443/1350/294 444/57/294 449/1351/294
f 444/1352/294 445/1353/294 449/265/294
f 445/1354/294 446/213/294 449/1355/294
f 446/1356/294 447/1357/294 449/248/294
f 447/213/294 448/1358/294 449/1359/294
f 448/1360/294 442/1361/294 449/57/294
f 450/270/295 452/1362/295 451/1363/295
f 450/1364/295 453/223/295 452/1365/295
f 450/260/295 454/1366/295 453/1367/295
f 450/1368/295 455/1369/295 454/223/295
f 450/253/295 456/1370/295 455/1371/295
f 450/1372/295 457/1373/295 456/270/295
f 450/1374/295 451/253/295 457/1375/295
f 452/1376/296 458/1377/296 451/1378/296
f 453/1379/297 459/1380/297 452/1381/297
f 454/1382/298 460/1383/298 453/1384/298
f 454/1385/299 462/1386/299 461/1387/299
f 456/1388/300 462/1389/300 455/1390/300
f 457/1391/301 463/1392/301 456/1393/301
f 451/1394/302 464/1395/302 457/1396/302
f 458/1397/303 459/1398/303 465/521/303
f 459/1399/303 460/512/303 465/1400/303
f 460/1401/303 461/1402/303 465/513/303
f 461/512/303 462/1403/303 465/1404/303
f 462/1405/303 463/1406/303 465/525/303
f 463/521/303 464/1407/303 465/1408/303
f 464/1409/303 458/525/303 465/1410/303
f 466/1411/304 468/1412/304 467/270/304
f 466/1413/304 469/253/304 468/1414/304
f 466/270/304 470/1415/304 469/1416/304
f 466/1417/304 471/223/304 470/1418/304
f 466/260/304 472/1419/304 471/1420/304
f 466/1421/304 473/1422/304 472/223/304
f 466/253/304 467/1423/304 473/1424/304
f 467/1425/305 475/1426/305 474/1427/305
f 468/1428/306 476/1429/306 475/1430/306
f 469/1431/307 477/1432/307 476/1433/307
f 471/1434/308 477/1435/308 470/1436/308
f 472/1437/309 478/1438/309 471/1439/309
f 473/1440/310 479/1441/310 472/1442/310
f 473/1443/311 474/1444/311 480/1445/311
f 474/521/312 475/1446/312 481/1447/312
f 475/1448/312 476/525/312 481/1449/312
f 476/1450/312 477/1451/312 481/521/312
f 477/1452/312 478/512/312 481/1453/312
f 478/1454/312 479/1455/312 481/513/312
f 479/512/312 480/1456/312 481/1457/312
f 480/1458/312 474/1459/312 481/525/312
f 482/1460/313 484/270/313 483/1461/313
f 482/253/313 485/1462/313 484/1463/313
f 482/1464/313 486/260/313 485/1465/313
f 482/223/313 487/1466/313 486/1467/313
f 482/1468/313 488/1469/313 487/260/313
f 482/270/313 489/1470/313 488/1471/313
f 482/1472/313 483/1473/313 489/253/313
f 483/1474/314 491/1475/314 490/1476/314
f 485/1477/315 491/1478/315 484/1479/315
f 486/1480/316 492/1481/316 485/1482/316
f 486/1483/317 494/1484/317 493/1485/317
f 488/1486/318 494/1487/318 487/1488/318
f 489/1489/319 495/1490/319 488/1491/319
f 483/1492/320 496/1493/320 489/1494/320
f 490/1495/321 491/265/321 497/1496/321
f 491/1497/321 492/1498/321 497/57/321
f 492/1499/321 493/248/321 497/1500/321
f 493/1501/321 494/1502/321 497/213/321
f 494/248/321 495/1503/321 497/1504/321
f 495/1505/321 496/1506/321 497/265/321
f 496/57/321 490/1507/321 497/1508/321
f 498/1509/322 500/270/322 499/1510/322
f 498/253/322 501/1511/322 500/1512/322
f 498/1513/322 502/1514/322 501/270/322
f 498/223/322 503/1515/322 502/1516/322
f 498/1517/322 504/1518/322 503/260/322
f 498/1519/322 505/223/322 504/1520/322
f 498/260/322 499/1521/322 505/1522/322
f 500/1523/323 506/1524/323 499/1525/323
f 501/1526/324 507/1527/324 500/1528/324
f 502/1529/325 508/1530/325 501/1531/325
f 502/1532/326 510/1533/326 509/1534/326
f 503/1535/327 511/1536/327 510/1537/327
f 504/1538/328 512/1539/328 511/1540/328
f 499/1541/329 512/1542/329 505/1543/329
f 506/1544/330 507/129/330 513/1545/330
f 507/1546/330 508/1547/330 513/153/330
f 508/129/330 509/1548/330 513/1549/330
f 509/1550/330 510/1551/330 513/244/330
f 510/614/330 511/1552/330 513/1553/330
f 511/1554/330 512/244/330 513/1555/330
f 512/1556/330 506/1557/330 513/614/330
f 514/1558/331 516/1559/331 515/260/331
f 514/270/331 517/1560/331 516/1561/331
f 514/1562/331 518/1563/331 517/253/331
f 514/1564/331 519/270/331 518/1565/331
f 514/253/331 520/1566/331 519/1567/331
f 514/1568/331 521/260/331 520/1569/331
f 514/223/331 515/1570/331 521/1571/331
f 516/1572/332 522/1573/332 515/1574/332
f 516/1575/333 524/1576/333 523/1577/333
f 517/1578/334 525/1579/334 524/1580/334
f 519/1581/335 525/1582/335 518/1583/335
f 519/1584/336 527/1585/336 526/1586/336
f 521/1587/337 527/1588/337 520/1589/337
f 515/1590/338 528/1591/338 521/1592/338
f 522/513/339 523/1593/339 529/1594/339
f 523/1595/339 524/1596/339 529/521/339
f 524/525/339 525/1597/339 529/1598/339
f 525/1599/339 526/521/339 529/1600/339
f 526/1601/339 527/1602/339 529/525/339
f 527/1603/339 528/513/339 529/1604/339
f 528/1605/339 522/1606/339 529/512/339
f 530/1607/340 532/223/340 531/1608/340
f 530/260/340 533/1609/340 532/1610/340
f 530/1611/340 534/1612/340 533/223/340
f 530/253/340 535/1613/340 534/1614/340
f 530/1615/340 536/1616/340 535/270/340
f 530/1617/340 537/253/340 536/1618/340
f 530/270/340 531/1619/340 537/1620/340
f 531/1621/341 539/1622/341 538/1623/341
f 533/1624/342 539/1625/342 532/1626/342
f 534/1627/343 540/1628/343 533/1629/343
f 534/1630/344 542/1631/344 541/1632/344
f 535/1633/345 543/1634/345 542/1635/345
f 537/1636/346 543/1637/346 536/1638/346
f 537/1639/347 538/1640/347 544/1641/347
f 538/1642/348 539/244/348 545/1643/348
f 539/1644/348 540/1645/348 545/614/348
f 540/244/348 541/1646/348 545/1647/348
f 541/1648/348 542/1649/348 545/153/348
f 542/129/348 543/1650/348 545/1651/348
f 543/1652/348 544/153/348 545/1653/348
f 544/1654/348 538/1655/348 545/129/348
f 546/1656/349 548/1657/349 547/260/349
f 546/1658/349 549/223/349 548/1659/349
f 546/260/349 550/1660/349 549/1661/349
f 546/1662/349 551/270/349 550/1663/349
f 546/253/349 552/1664/349 551/1665/349
f 546/1666/349 553/1667/349 552/270/349
f 546/223/349 547/1668/349 553/1669/349
f 548/1670/350 554/1671/350 547/1672/350
f 548/1673/351 556/1674/351 555/1675/351
f 550/1676/352 556/1677/352 549/1678/352
f 551/1679/353 557/1680/353 550/1681/353
f 551/1682/354 559/1683/354 558/1684/354
f 553/1685/355 559/1686/355 552/1687/355
f 547/1688/356 560/1689/356 553/1690/356
f 554/248/357 555/1691/357 561/1692/357
f 555/1693/357 556/213/357 561/1694/357
f 556/1695/357 557/1696/357 561/248/357
f 557/1697/357 558/265/357 561/1698/357
f 558/1699/357 559/1700/357 561/57/357
f 559/265/357 560/1701/357 561/1702/357
f 560/1703/357 554/1704/357 561/213/357
f 562/253/358 564/1705/358 563/1706/358
f 562/1707/358 565/260/358 564/1708/358
f 562/223/358 566/1709/358 565/1710/358
f 562/1711/358 567/1712/358 566/260/358
f 562/270/358 568/1713/358 567/1714/358
f 562/1715/358 569/1716/358 568/253/358
f 562/1717/358 563/270/358 569/1718/358
f 563/1719/359 571/1720/359 570/1721/359
f 565/1722/360 571/1723/360 564/1724/360
f 566/1725/361 572/1726/361 565/1727/361
f 567/1728/362 573/1729/362 566/1730/362
f 568/1731/363 574/1732/363 567/1733/363
f 568/1734/364 576/1735/364 575/1736/364
f 563/1737/365 576/1738/365 569/1739/365
f 570/1740/366 571/1741/366 577/525/366
f 571/1742/366 572/513/366 577/1743/366
f 572/1744/366 573/1745/366 577/512/366
f 573/513/366 574/1746/366 577/1747/366
f 574/1748/366 575/1749/366 577/521/366
f 575/525/366 576/1750/366 577/1751/366
f 576/1752/366 570/521/366 577/1753/366
f 578/253/367 580/1754/367 579/1755/367
f 578/1756/367 581/1757/367 580/270/367
f 578/223/367 582/1758/367 581/1759/367
f 578/1760/367 583/1761/367 582/260/367
f 578/1762/367 584/223/367 583/1763/367
f 578/260/367 585/1764/367 584/1765/367
f 578/1766/367 579/270/367 585/1767/367
f 580/1768/368 586/1769/368 579/1770/368
f 581/1771/369 587/1772/369 580/1773/369
f 582/1774/370 588/1775/370 581/1776/370
f 582/1777/371 590/1778/371 589/1779/371
f 584/1780/372 590/1781/372 583/1782/372
f 585/1783/373 591/1784/373 584/1785/373
f 579/1786/374 592/1787/374 585/1788/374
f 586/1789/375 587/1790/375 593/525/375
f 587/521/375 588/1791/375 593/1792/375
f 588/1793/375 589/1794/375 593/512/375
f 589/513/375 590/1795/375 593/1796/375
f 590/1797/375 591/512/375 593/1798/375
f 591/1799/375 592/1800/375 593/513/375
f 592/1801/375 586/521/375 593/1802/375
f 594/1803/376 596/253/376 595/1804/376
f 594/270/376 597/1805/376 596/1806/376
f 594/1807/376 598/1808/376 597/253/376
f 594/260/376 599/1809/376 598/1810/376
f 594/1811/376 600/1812/376 599/223/376
f 594/1813/376 601/260/376 600/1814/376
f 594/223/376 595/1815/376 601/1816/376
f 596/1817/377 602/1818/377 595/1819/377
f 597/1820/378 603/1821/378 596/1822/378
f 597/1823/379 605/1824/379 604/1825/379
f 599/1826/380 605/1827/380 598/1828/380
f 600/1829/381 606/1830/381 599/1831/381
f 601/1832/382 607/1833/382 600/1834/382
f 595/1835/383 608/1836/383 601/1837/383
f 602/1838/384 603/57/384 609/1839/384
f 603/1840/384 604/1841/384 609/265/384
f 604/57/384 605/1842/384 609/1843/384
f 605/1844/384 606/1845/384 609/248/384
f 606/213/384 607/1846/384 609/1847/384
f 607/1848/384 608/248/384 609/1849/384
f 608/1850/384 602/1851/384 609/213/384
f 610/253/385 612/1852/385 611/1853/385
f 610/1854/385 613/1855/385 612/270/385
f 610/1856/385 614/253/385 613/1857/385
f 610/270/385 615/1858/385 614/1859/385
f 610/1860/385 616/223/385 615/1861/385
f 610/260/385 617/1862/385 616/1863/385
f 610/1864/385 611/1865/385 617/223/385
f 612/1866/386 618/1867/386 611/1868/386
f 613/1869/387 619/1870/387 612/1871/387
f 613/1872/388 621/1873/388 620/1874/388
f 615/1875/389 621/1876/389 614/1877/389
f 615/1878/390 623/1879/390 622/1880/390
f 616/1881/391 624/1882/391 623/1883/391
f 611/1884/392 624/1885/392 617/1886/392
f 618/1887/393 619/1888/393 625/153/393
f 619/129/393 620/1889/393 625/1890/393
f 620/1891/393 621/153/393 625/1892/393
f 621/1893/393 622/1894/393 625/129/393
f 622/1895/393 623/244/393 625/1896/393
f 623/1897/393 624/1898/393 625/614/393
f 624/244/393 618/1899/393 625/1900/393
f 626/1901/394 628/223/394 627/1902/394
f 626/260/394 629/1903/394 628/1904/394
f 626/1905/394 630/270/394 629/1906/394
f 626/253/394 631/1907/394 630/1908/394
f 626/1909/394 632/1910/394 631/270/394
f 626/223/394 633/1911/394 632/1912/394
f 626/1913/394 627/1914/394 633/260/394
f 628/1915/395 634/1916/395 627/1917/395
f 629/1918/396 635/1919/396 628/1920/396
f 630/1921/397 636/1922/397 629/1923/397
f 631/1924/398 637/1925/398 630/1926/398
f 632/1927/399 638/1928/399 631/1929/399
f 632/1930/400 640/1931/400 639/1932/400
f 627/1933/401 640/1934/401 633/1935/401
f 634/1936/402 635/213/402 641/1937/402
f 635/1938/402 636/1939/402 641/248/402
f 636/1940/402 637/265/402 641/1941/402
f 637/1942/402 638/1943/402 641/57/402
f 638/265/402 639/1944/402 641/1945/402
f 639/1946/402 640/1947/402 641/213/402
f 640/248/402 634/1948/402 641/1949/402
f 642/260/403 644/1950/403 643/1951/403
f 642/1952/403 645/1953/403 644/223/403
f 642/1954/403 646/260/403 645/1955/403
f 642/223/403 647/1956/403 646/1957/403
f 642/1958/403 648/253/403 647/1959/403
f 642/270/403 649/1960/403 648/1961/403
f 642/1962/403 643/1963/403 649/253/403
f 644/1964/404 650/1965/404 643/1966/404
f 645/1967/405 651/1968/405 644/1969/405
f 646/1970/406 652/1971/406 645/1972/406
f 647/1973/407 653/1974/407 646/1975/407
f 648/1976/408 654/1977/408 647/1978/408
f 649/1979/409 655/1980/409 648/1981/409
f 643/1982/410 656/1983/410 649/1984/410
f 650/1985/411 651/1986/411 657/513/411
f 651/512/411 652/1987/411 657/1988/411
f 652/1989/411 653/513/411 657/1990/411
f 653/1991/411 654/1992/411 657/512/411
f 654/1993/411 655/525/411 657/1994/411
f 655/1995/411 656/1996/411 657/521/411
f 656/525/411 650/1997/411 657/1998/411
f 658/1999/412 660/253/412 659/2000/412
f 658/270/413 661/2001/413 660/2002/413
f 658/2003/412 662/2004/412 661/253/412
f 658/260/413 663/2005/413 662/2006/413
f 658/2007/412 664/2008/412 663/223/412
f 658/2009/413 665/260/413 664/2010/413
f 658/223/412 659/2011/412 665/2012/412
f 660/2013/414 666/2014/414 659/2015/414
f 661/2016/415 667/2017/415 660/2018/415
f 662/2019/416 668/2020/416 661/2021/416
f 662/2022/417 670/2023/417 669/2024/417
f 664/2025/418 670/2026/418 663/2027/418
f 665/2028/419 671/2029/419 664/2030/419
f 659/2031/420 672/2032/420 665/2033/420
f 666/2034/421 667/525/421 673/2035/421
f 667/2036/422 668/2037/422 673/521/422
f 668/525/422 669/2038/422 673/2039/422
f 669/2040/422 670/2041/422 673/513/422
f 670/512/421 671/2042/421 673/2043/421
f 671/2044/422 672/513/422 673/2045/422
f 672/2046/421 666/2047/421 673/512/421
f 674/223/423 676/2048/423 675/2049/423
f 674/2050/423 677/2051/423 676/260/423
f 674/2052/423 678/223/423 677/2053/423
f 674/260/423 679/2054/423 678/2055/423
f 674/2056/423 680/270/423 679/2057/423
f 674/253/423 681/2058/423 680/2059/423
f 674/2060/423 675/2061/423 681/270/423
f 676/2062/424 682/2063/424 675/2064/424
f 677/2065/425 683/2066/425 676/2067/425
f 678/2068/426 684/2069/426 677/2070/426
f 678/2071/427 686/2072/427 685/2073/427
f 679/2074/428 687/2075/428 686/2076/428
f 681/2077/429 687/2078/429 680/2079/429
f 675/2080/430 688/2081/430 681/2082/430
f 682/2083/431 683/2084/431 689/213/431
f 683/248/431 684/2085/431 689/2086/431
f 684/2087/431 685/213/431 689/2088/431
f 685/2089/431 686/2090/431 689/248/431
f 686/2091/431 687/265/431 689/2092/431
f 687/2093/431 688/2094/431 689/57/431
f 688/265/431 682/2095/431 689/2096/431
f 690/253/432 692/2097/432 691/2098/432
f 690/2099/432 693/2100/432 692/270/432
f 690/2101/432 694/253/432 693/2102/432
f 690/270/432 695/2103/432 694/2104/432
f 690/2105/432 696/223/432 695/2106/432
f 690/260/432 697/2107/432 696/2108/432
f 690/2109/432 691/2110/432 697/223/432
f 691/2111/433 699/2112/433 698/2113/433
f 693/2114/434 699/2115/434 692/2116/434
f 694/2117/435 700/2118/435 693/2119/435
f 695/2120/436 701/2121/436 694/2122/436
f 696/2123/437 702/2124/437 695/2125/437
f 697/2126/438 703/2127/438 696/2128/438
f 697/2129/439 698/2130/439 704/2131/439
f 698/2132/440 699/2133/440 705/57/440
f 699/265/440 700/2134/440 705/2135/440
f 700/2136/440 701/57/440 705/2137/440
f 701/2138/440 702/2139/440 705/265/440
f 702/2140/440 703/213/440 705/2141/440
f 703/2142/440 704/2143/440 705/248/440
f 704/213/440 698/2144/440 705/2145/440
f 706/2146/441 708/270/441 707/2147/441
f 706/253/441 709/2148/441 708/2149/441
f 706/2150/441 710/2151/441 709/270/441
f 706/223/441 711/2152/441 710/2153/441
f 706/2154/441 712/2155/441 711/260/441
f 706/2156/441 713/223/441 712/2157/441
f 706/260/441 707/2158/441 713/2159/441
f 708/2160/442 714/2161/442 707/2162/442
f 709/2163/443 715/2164/443 708/2165/443
f 710/2166/444 716/2167/444 709/2168/444
f 710/2169/445 718/2170/445 717/2171/445
f 711/2172/446 719/2173/446 718/2174/446
f 712/2175/447 720/2176/447 719/2177/447
f 707/2178/448 720/2179/448 713/2180/448
f 714/2181/449 715/265/449 721/2182/449
f 715/2183/449 716/2184/449 721/57/449
f 716/265/449 717/2185/449 721/2186/449
f 717/2187/449 718/2188/449 721/213/449
f 718/248/449 719/2189/449 721/2190/449
f 719/2191/449 720/213/449 721/2192/449
f 720/2193/449 714/2194/449 721/248/449
f 722/2195/450 724/2196/450 723/223/450
f 722/2197/450 725/260/450 724/2198/450
f 722/223/450 726/2199/450 725/2200/450
f 722/2201/450 727/253/450 726/2202/450
f 722/270/450 728/2203/450 727/2204/450
f 722/2205/450 729/2206/450 728/253/450
f 722/260/450 723/2207/450 729/2208/450
f 724/2209/451 730/2210/451 723/2211/451
f 724/2212/452 732/2213/452 731/2214/452
f 726/2215/453 732/2216/453 725/2217/453
f 727/2218/454 733/2219/454 726/2220/454
f 728/2221/455 734/2222/455 727/2223/455
f 729/2224/456 735/2225/456 728/2226/456
f 723/2227/457 736/2228/457 729/2229/457
f 730/213/458 731/2230/458 737/2231/458
f 731/2232/458 732/248/458 737/2233/458
f 732/2234/458 733/2235/458 737/213/458
f 733/2236/458 734/57/458 737/2237/458
f 734/2238/458 735/2239/458 737/265/458
f 735/57/458 736/2240/458 737/2241/458
f 736/2242/458 730/2243/458 737/248/458
f 738/2244/459 740/270/459 739/2245/459
f 738/253/459 741/2246/459 740/2247/459
f 738/2248/459 742/260/459 741/2249/459
f 738/223/459 743/2250/459 742/2251/459
f 738/2252/459 744/2253/459 743/260/459
f 738/270/459 745/2254/459 744/2255/459
f 738/2256/459 739/2257/459 745/253/459
f 739/2258/460 747/2259/460 746/2260/460
f 741/2261/461 747/2262/461 740/2263/461
f 742/2264/462 748/2265/462 741/2266/462
f 743/2267/463 749/2268/463 742/2269/463
f 743/2270/464 751/2271/464 750/2272/464
f 744/2273/465 752/2274/465 751/2275/465
f 745/2276/466 746/2277/466 752/2278/466
f 746/2279/467 747/265/467 753/2280/467
f 747/2281/467 748/2282/467 753/57/467
f 748/2283/467 749/248/467 753/2284/467
f 749/2285/467 750/2286/467 753/213/467
f 750/248/467 751/2287/467 753/2288/467
f 751/2289/467 752/2290/467 753/265/467
f 752/57/467 746/2291/467 753/2292/467
f 754/2293/468 756/253/468 755/2294/468
f 754/270/468 757/2295/468 756/2296/468
f 754/2297/468 758/2298/468 757/253/468
f 754/260/468 759/2299/468 758/2300/468
f 754/2301/468 760/2302/468 759/223/468
f 754/2303/468 761/260/468 760/2304/468
f 754/223/468 755/2305/468 761/2306/468
f 756/2307/469 762/2308/469 755/2309/469
f 757/2310/470 763/2311/470 756/2312/470
f 758/2313/471 764/2314/471 757/2315/471
f 759/2316/472 765/2317/472 758/2318/472
f 760/2319/473 766/2320/473 759/2321/473
f 761/2322/474 767/2323/474 760/2324/474
f 755/2325/475 768/2326/475 761/2327/475
f 762/2328/476 763/57/476 769/2329/476
f 763/2330/476 764/2331/476 769/265/476
f 764/57/476 765/2332/476 769/2333/476
f 765/2334/476 766/2335/476 769/248/476
f 766/213/476 767/2336/476 769/2337/476
f 767/2338/476 768/248/476 769/2339/476
f 768/2340/476 762/2341/476 769/213/476
f 770/260/477 772/2342/477 771/2343/477
f 770/2344/477 773/2345/477 772/223/477
f 770/2346/477 774/260/477 773/2347/477
f 770/223/477 775/2348/477 774/2349/477
f 770/2350/477 776/253/477 775/2351/477
f 770/270/477 777/2352/477 776/2353/477
f 770/2354/477 771/2355/477 777/253/477
f 772/2356/478 778/2357/478 771/2358/478
f 773/2359/479 779/2360/479 772/2361/479
f 774/2362/480 780/2363/480 773/2364/480
f 775/2365/481 781/2366/481 774/2367/481
f 776/2368/482 782/2369/482 775/2370/482
f 777/2371/483 783/2372/483 776/2373/483
f 771/2374/484 784/2375/484 777/2376/484
f 778/2377/485 779/2378/485 785/513/485
f 779/512/485 780/2379/485 785/2380/485
f 780/2381/485 781/513/485 785/2382/485
f 781/2383/485 782/2384/485 785/512/485
f 782/2385/485 783/525/485 785/2386/485
f 783/2387/485 784/2388/485 785/521/485
f 784/525/485 778/2389/485 785/2390/485
f 786/2391/486 788/2392/486 787/260/486
f 786/2393/486 789/223/486 788/2394/486
f 786/260/486 790/2395/486 789/2396/486
f 786/2397/486 791/270/486 790/2398/486
f 786/253/486 792/2399/486 791/2400/486
f 786/2401/486 793/2402/486 792/270/486
f 786/223/486 787/2403/486 793/2404/486
f 787/2405/487 795/2406/487 794/2407/487
f 788/2408/488 796/2409/488 795/2410/488
f 790/2411/489 796/2412/489 789/2413/489
f 791/2414/490 797/2415/490 790/2416/490
f 792/2417/491 798/2418/491 791/2419/491
f 793/2420/492 799/2421/492 792/2422/492
f 787/2423/493 800/2424/493 793/2425/493
f 794/614/494 795/2426/494 801/2427/494
f 795/2428/494 796/244/494 801/2429/494
f 796/2430/494 797/2431/494 801/614/494
f 797/2432/494 798/129/494 801/2433/494
f 798/2434/494 799/2435/494 801/153/494
f 799/129/494 800/2436/494 801/2437/494
f 800/2438/494 794/2439/494 801/244/494
f 802/2440/495 804/253/495 803/2441/495
f 802/270/495 805/2442/495 804/2443/495
f 802/2444/495 806/223/495 805/2445/495
f 802/260/495 807/2446/495 806/2447/495
f 802/2448/495 808/2449/495 807/223/495
f 802/253/495 809/2450/495 808/2451/495
f 802/2452/495 803/2453/495 809/270/495
f 804/2454/496 810/2455/496 803/2456/496
f 804/2457/497 812/2458/497 811/2459/497
f 805/2460/498 813/2461/498 812/2462/498
f 806/2463/499 814/2464/499 813/2465/499
f 808/2466/500 814/2467/500 807/2468/500
f 808/2469/501 816/2470/501 815/2471/501
f 803/2472/502 816/2473/502 809/2474/502
f 810/2475/503 811/57/503 817/2476/503
f 811/2477/503 812/2478/503 817/265/503
f 812/2479/503 813/213/503 817/2480/503
f 813/2481/503 814/2482/503 817/248/503
f 814/213/503 815/2483/503 817/2484/503
f 815/2485/503 816/2486/503 817/57/503
f 816/265/503 810/2487/503 817/2488/503
f 818/2489/504 820/260/504 819/2490/504
f 818/223/504 821/2491/504 820/2492/504
f 818/2493/504 822/2494/504 821/260/504
f 818/270/504 823/2495/504 822/2496/504
f 818/2497/504 824/2498/504 823/253/504
f 818/2499/504 825/270/504 824/2500/504
f 818/253/504 819/2501/504 825/2502/504
f 820/2503/505 826/2504/505 819/2505/505
f 821/2506/506 827/2507/506 820/2508/506
f 821/2509/507 829/2510/507 828/2511/507
f 823/2512/508 829/2513/508 822/2514/508
f 824/2515/509 830/2516/509 823/2517/509
f 824/2518/510 832/2519/510 831/2520/510
f 819/2521/511 832/2522/511 825/2523/511
f 826/2524/512 827/513/512 833/2525/512
f 827/2526/512 828/2527/512 833/512/512
f 828/513/512 829/2528/512 833/2529/512
f 829/2530/512 830/2531/512 833/521/512
f 830/525/512 831/2532/512 833/2533/512
f 831/2534/512 832/521/512 833/2535/512
f 832/2536/512 826/2537/512 833/525/512
f 834/270/513 836/2538/513 835/2539/513
f 834/2540/513 837/223/513 836/2541/513
f 834/260/513 838/2542/513 837/2543/513
f 834/2544/513 839/2545/513 838/223/513
f 834/253/513 840/2546/513 839/2547/513
f 834/2548/513 841/2549/513 840/270/513
f 834/2550/513 835/253/513 841/2551/513
f 836/2552/514 842/2553/514 835/2554/514
f 837/2555/515 843/2556/515 836/2557/515
f 837/2558/516 845/2559/516 844/2560/516
f 839/2561/517 845/2562/517 838/2563/517
f 839/2564/518 847/2565/518 846/2566/518
f 841/2567/519 847/2568/519 840/2569/519
f 841/2570/520 842/2571/520 848/2572/520
f 842/2573/521 843/2574/521 849/521/521
f 843/2575/521 844/512/521 849/2576/521
f 844/2577/521 845/2578/521 849/513/521
f 845/512/521 846/2579/521 849/2580/521
f 846/2581/521 847/2582/521 849/525/521
f 847/521/521 848/2583/521 849/2584/521
f 848/2585/521 842/525/521 849/2586/521
f 850/2587/522 852/2588/522 851/223/522
f 850/253/522 853/2589/522 852/2590/522
f 850/2591/522 854/2592/522 853/270/522
f 850/2593/522 855/253/522 854/2594/522
f 850/270/522 856/2595/522 855/2596/522
f 850/2597/522 857/223/522 856/2598/522
f 850/260/522 851/2599/522 857/2600/522
f 851/2601/523 859/2602/523 858/2603/523
f 853/2604/524 859/2605/524 852/2606/524
f 854/2607/525 860/2608/525 853/2609/525
f 854/2610/526 862/2611/526 861/2612/526
f 855/2613/527 863/2614/527 862/2615/527
f 857/2616/528 863/2617/528 856/2618/528
f 851/2619/529 864/2620/529 857/2621/529
f 858/213/530 859/2622/530 865/2623/530
f 859/2624/530 860/2625/530 865/57/530
f 860/265/530 861/2626/530 865/2627/530
f 861/2628/530 862/57/530 865/2629/530
f 862/2630/530 863/2631/530 865/265/530
f 863/2632/530 864/213/530 865/2633/530
f 864/2634/530 858/2635/530 865/248/530
f 866/253/531 868/2636/531 867/2637/531
f 866/2638/531 869/2639/531 868/270/531
f 866/223/531 870/2640/531 869/2641/531
f 866/2642/531 871/2643/531 870/260/531
f 866/2644/531 872/223/531 871/2645/531
f 866/260/531 873/2646/531 872/2647/531
f 866/2648/531 867/270/531 873/2649/531
f 868/2650/532 874/2651/532 867/2652/532
f 868/2653/533 876/2654/533 875/2655/533
f 870/2656/534 876/2657/534 869/2658/534
f 870/2659/535 878/2660/535 877/2661/535
f 872/2662/536 878/2663/536 871/2664/536
f 873/2665/537 879/2666/537 872/2667/537
f 867/2668/538 880/2669/538 873/2670/538
f 874/2671/539 875/2672/539 881/57/539
f 875/265/539 876/2673/539 881/2674/539
f 876/2675/539 877/2676/539 881/213/539
f 877/248/539 878/2677/539 881/2678/539
f 878/2679/539 879/213/539 881/2680/539
f 879/2681/539 880/2682/539 881/248/539
f 880/2683/539 874/265/539 881/2684/539
f 882/253/540 884/2685/540 883/2686/540
f 882/2687/540 885/260/540 884/2688/540
f 882/223/540 886/2689/540 885/2690/540
f 882/2691/540 887/2692/540 886/260/540
f 882/270/540 888/2693/540 887/2694/540
f 882/2695/540 889/2696/540 888/253/540
f 882/2697/540 883/270/540 889/2698/540
f 883/2699/541 891/2700/541 890/2701/541
f 885/2702/542 891/2703/542 884/2704/542
f 885/2705/543 893/2706/543 892/2707/543
f 886/2708/544 894/2709/544 893/2710/544
f 887/2711/545 895/2712/545 894/2713/545
f 889/2714/546 895/2715/546 888/2716/546
f 883/2717/547 896/2718/547 889/2719/547
f 890/2720/548 891/2721/548 897/57/548
f 891/2722/548 892/248/548 897/2723/548
f 892/2724/548 893/2725/548 897/213/548
f 893/248/548 894/2726/548 897/2727/548
f 894/2728/548 895/2729/548 897/265/548
f 895/57/548 896/2730/548 897/2731/548
f 896/2732/548 890/265/548 897/2733/548
f 898/270/549 900/2734/549 899/2735/549
f 898/2736/549 901/2737/549 900/253/549
f 898/260/549 902/2738/549 901/2739/549
f 898/2740/549 903/2741/549 902/223/549
f 898/253/549 904/2742/549 903/2743/549
f 898/2744/549 905/2745/549 904/270/549
f 898/223/549 906/2746/549 905/2747/549
f 898/2748/549 899/2749/549 906/260/549
f 900/2750/550 907/2751/550 899/2752/550
f 901/2753/551 908/2754/551 900/2755/551
f 902/2756/552 909/2757/552 901/2758/552
f 903/2759/553 910/2760/553 902/2761/553
f 904/2762/554 911/2763/554 903/2764/554
f 905/2765/555 912/2766/555 904/2767/555
f 906/2751/556 913/2750/556 905/2768/556
f 899/2769/557 914/2770/557 906/2771/557
f 907/2772/558 908/2773/558 915/265/558
f 908/57/558 909/2774/558 915/2775/558
f 909/2776/558 910/2777/558 915/248/558
f 910/213/558 911/2778/558 915/2779/558
f 911/2780/558 912/2781/558 915/57/558
f 912/265/558 913/2782/558 915/2783/558
f 913/2784/558 914/2785/558 915/213/558
f 914/248/558 907/2786/558 915/2787/558
f 916/260/549 918/2788/549 917/2789/549
f 916/2790/549 919/2791/549 918/223/549
f 916/253/549 920/2792/549 919/2793/549
f 916/2794/549 921/2795/549 920/270/549
f 916/223/549 922/2796/549 921/2797/549
f 916/2798/549 923/2799/549 922/260/549
f 916/270/549 924/2800/549 923/2801/549
f 916/2802/549 917/2803/549 924/253/549
f 918/2804/559 925/2805/559 917/2806/559
f 919/2807/560 926/2808/560 918/2809/560
f 920/2805/561 927/2810/561 919/2811/561
f 921/2812/562 928/2813/562 920/2814/562
f 922/2815/563 929/2816/563 921/2817/563
f 923/2818/564 930/2819/564 922/2820/564
f 924/2816/565 931/2815/565 923/2821/565
f 917/2808/566 932/2807/566 924/2822/566
f 925/2823/558 926/2824/558 933/513/558
f 926/512/558 927/2825/558 933/2826/558
f 927/2827/558 928/2828/558 933/525/558
f 928/521/558 929/2829/558 933/2830/558
f 929/2831/558 930/2832/558 933/512/558
f 930/513/558 931/2833/558 933/2834/558
f 931/2835/558 932/2836/558 933/521/558
f 932/525/558 925/2837/558 933/2838/558
f 934/260/549 936/2839/549 935/2840/549
f 934/2841/549 937/270/549 936/2842/549
f 934/253/549 938/2843/549 937/2844/549
f 934/2845/549 939/260/549 938/2846/549
f 934/223/549 940/2847/549 939/2848/549
f 934/2849/549 941/253/549 940/2850/549
f 934/270/549 942/2851/549 941/2852/549
f 934/2853/549 935/223/549 942/2854/549
f 936/2855/567 943/2856/567 935/2857/567
f 937/2858/568 944/2859/568 936/2860/568
f 938/2856/569 945/2861/569 937/2862/569
f 939/2863/570 946/2864/570 938/2865/570
f 940/2866/571 947/2867/571 939/2868/571
f 941/2869/572 948/2870/572 940/2871/572
f 942/2867/573 949/2866/573 941/2872/573
f 935/2873/574 950/2874/574 942/2875/574
f 943/2876/558 944/2877/558 951/248/558
f 944/2878/558 945/265/558 951/2879/558
f 945/2880/558 946/2881/558 951/57/558
f 946/2882/558 947/248/558 951/2883/558
f 947/2884/558 948/2885/558 951/213/558
f 948/2886/558 949/57/558 951/2887/558
f 949/2888/558 950/2889/558 951/265/558
f 950/2890/558 943/213/558 951/2891/558
f 952/2892/549 954/253/549 953/2893/549
f 952/270/549 955/2894/549 954/2895/549
f 952/2896/549 956/223/549 955/2897/549
f 952/260/549 957/2898/549 956/2899/549
f 952/2900/549 958/270/549 957/2901/549
f 952/253/549 959/2902/549 958/2903/549
f 952/2904/549 960/260/549 959/2905/549
f 952/223/549 953/2906/549 960/2907/549
f 954/2908/575 961/2909/575 953/2910/575
f 955/2911/576 962/2912/576 954/2913/576
f 956/2914/577 963/2915/577 955/2916/577
f 957/2917/578 964/2918/578 956/2919/578
f 958/2920/579 965/2921/579 957/2922/579
f 959/2918/580 966/2923/580 958/2924/580
f 960/2925/581 967/2926/581 959/2927/581
f 953/2912/582 968/2911/582 960/2928/582
f 961/2929/558 962/57/558 969/2930/558
f 962/2931/558 963/2932/558 969/265/558
f 963/2933/558 964/213/558 969/2934/558
f 964/2935/558 965/2936/558 969/248/558
f 965/2937/558 966/265/558 969/2938/558
f 966/2939/558 967/2940/558 969/57/558
f 967/2941/558 968/248/558 969/2942/558
f 968/2943/558 961/2944/558 969/213/558
f 970/270/549 972/2945/549 971/2946/549
f 970/2947/549 973/2948/549 972/253/549
f 970/260/549 974/2949/549 973/2950/549
f 970/2951/549 975/2952/549 974/223/549
f 970/253/549 976/2953/549 975/2954/549
f 970/2955/549 977/2956/549 976/270/549
f 970/223/549 978/2957/549 977/2958/549
f 970/2959/549 971/2960/549 978/260/549
f 972/2961/583 979/2962/583 971/2963/583
f 973/2964/584 980/2965/584 972/2966/584
f 974/2967/585 981/2968/585 973/2969/585
f 975/2970/586 982/2971/586 974/2972/586
f 976/2973/587 983/2974/587 975/2975/587
f 977/2976/588 984/2977/588 976/2978/588
f 978/2979/589 985/2980/589 977/2981/589
f 971/2977/590 986/2976/590 978/2982/590
f 979/2983/558 980/2984/558 987/129/558
f 980/153/558 981/2985/558 987/2986/558
f 981/2987/558 982/2988/558 987/614/558
f 982/244/558 983/2989/558 987/2990/558
f 983/2991/558 984/2992/558 987/153/558
f 984/129/558 985/2993/558 987/2994/558
f 985/2995/558 986/2996/558 987/244/558
f 986/614/558 979/2997/558 987/2998/558
f 988/223/549 990/2999/549 989/3000/549
f 988/3001/549 991/3002/549 990/260/549
f 988/270/549 992/3003/549 991/3004/549
f 988/3005/549 993/3006/549 992/253/549
f 988/260/549 994/3007/549 993/3008/549
f 988/3009/549 995/3010/549 994/223/549
f 988/253/549 996/3011/549 995/3012/549
f 988/3013/549 989/3014/549 996/270/549
f 990/3015/591 997/3016/591 989/3017/591
f 991/3018/592 998/3019/592 990/3020/592
f 992/3016/593 999/3015/593 991/3021/593
f 993/3022/594 1000/3023/594 992/3024/594
f 994/3025/595 1001/3026/595 993/3027/595
f 995/3023/596 1002/3022/596 994/3028/596
f 996/3026/597 1003/3029/597 995/3030/597
f 989/3019/598 1004/3018/598 996/3031/598
f 997/3032/558 998/3033/558 1005/244/558
f 998/614/558 999/3034/558 1005/3035/558
f 999/3036/558 1000/3037/558 1005/129/558
f 1000/153/558 1001/3038/558 1005/3039/558
f 1001/3040/558 1002/3041/558 1005/614/558
f 1002/244/558 1003/3042/558 1005/3043/558
f 1003/3044/558 1004/3045/558 1005/153/558
f 1004/129/558 997/3046/558 1005/3047/558
f 1018/3048/599 1009/3049/599 1007/3050/599
f 1009/3051/600 1006/3052/600 1007/3053/600
f 1006/3054/601 1016/3055/601 1007/3056/601
f 1016/3057/602 1017/3058/602 1007/3059/602
f 1017/3060/603 1018/3061/603 1007/3062/603
f 1011/3061/604 1009/3063/604 1018/3064/604
f 1017/3050/605 1015/3065/605 1018/3066/605
f 1015/3067/606 1013/3061/606 1018/3068/606
f 1013/3069/607 1011/3070/607 1018/3050/607
f 1011/3071/608 1008/3072/608 1009/3073/608
f 1008/3074/609 1006/3075/609 1009/3076/609
f 1008/3071/610 1016/3077/610 1006/3078/610
f 1014/3079/611 1017/3080/611 1016/3076/611
f 1008/3081/610 1014/3058/610 1016/3082/610
f 1014/3083/612 1015/3084/612 1017/3053/612
f 1010/3055/613 1008/3085/613 1011/3086/613
f 1013/3087/614 1010/3088/614 1011/3089/614
f 1014/3090/615 1012/3091/615 1015/3055/615
f 1012/3092/616 1013/3071/616 1015/3093/616
f 1012/3094/617 1010/3076/617 1013/3095/617
f 1010/3096/610 1012/3058/610 1008/3089/610
f 1012/3097/610 1014/3098/610 1008/3089/610
f 1031/3099/618 1020/3100/618 1030/3101/618
f 1020/3102/619 1029/3103/619 1030/3104/619
f 1029/3105/620 1027/3106/620 1030/3107/620
f 1027/3108/621 1028/3109/621 1030/3102/621
f 1028/3110/622 1031/3111/622 1030/3112/622
f 1022/3113/623 1020/3114/623 1031/3111/623
f 1028/3101/624 1026/3115/624 1031/3116/624
f 1026/3101/625 1024/3117/625 1031/3118/625
f 1024/3119/626 1022/3120/626 1031/3121/626
f 1022/3102/627 1019/3122/627 1020/3123/627
f 1019/3124/628 1029/3125/628 1020/3126/628
f 1019/3127/629 1021/3128/629 1029/3109/629
f 1021/3102/630 1027/3129/630 1029/3130/630
f 1023/3102/630 1025/3131/630 1027/3132/630
f 1025/3133/631 1028/3134/631 1027/3135/631
f 1021/3136/632 1023/3137/632 1027/3109/632
f 1025/3138/633 1026/3139/633 1028/3140/633
f 1024/3141/634 1021/3142/634 1022/3139/634
f 1021/3143/635 1019/3144/635 1022/3145/635
f 1025/3146/636 1023/3147/636 1026/3143/636
f 1023/3148/637 1024/3102/637 1026/3149/637
f 1023/3150/638 1021/3151/638 1024/3135/638
f 1043/3152/639 1040/3153/639 1041/3154/639
f 1040/3155/640 1038/3156/640 1041/3157/640
f 1038/3158/641 1039/3159/641 1041/3160/641
f 1039/3161/642 1044/3162/642 1041/3163/642
f 1044/3164/643 1043/3165/643 1041/3166/643
f 1033/3159/644 1042/3167/644 1043/3168/644
f 1042/3169/645 1040/3170/645 1043/3171/645
f 1044/3172/646 1033/3173/646 1043/3174/646
f 1042/3154/647 1038/3175/647 1040/3176/647
f 1042/3177/647 1036/3178/647 1038/3179/647
f 1036/3180/648 1039/3181/648 1038/3182/648
f 1036/3183/649 1037/3184/649 1039/3159/649
f 1037/3185/650 1044/3186/650 1039/3162/650
f 1037/3187/651 1035/3188/651 1044/3172/651
f 1035/3189/652 1033/3190/652 1044/3191/652
f 1035/3178/653 1032/3192/653 1033/3193/653
f 1032/3171/654 1042/3194/654 1033/3195/654
f 1032/3196/647 1034/3178/647 1042/3193/647
f 1034/3197/647 1036/3198/647 1042/3193/647
f 1034/3199/655 1037/3171/655 1036/3200/655
f 1034/3201/656 1035/3154/656 1037/3202/656
f 1034/3203/657 1032/3157/657 1035/3204/657
f 1051/3205/658 1052/3206/658 1054/3207/658
f 1052/3208/659 1057/3209/659 1054/3210/659
f 1057/3211/660 1056/3212/660 1054/3213/660
f 1056/3214/661 1053/3215/661 1054/3206/661
f 1053/3216/662 1051/3217/662 1054/3218/662
f 1049/3218/663 1052/3219/663 1051/3220/663
f 1053/3221/664 1047/3222/664 1051/3223/664
f 1047/3222/664 1049/3224/664 1051/3225/664
f 1050/3226/665 1057/3227/665 1052/3228/665
f 1049/3229/666 1050/3222/666 1052/3230/666
f 1050/3231/667 1048/3232/667 1057/3228/667
f 1048/3233/668 1046/3208/668 1057/3234/668
f 1046/3235/669 1056/3236/669 1057/3208/669
f 1046/3225/670 1055/3237/670 1056/3238/670
f 1055/3239/671 1053/3240/671 1056/3241/671
f 1055/3242/664 1045/3222/664 1053/3225/664
f 1045/3243/664 1047/3244/664 1053/3225/664
f 1047/3245/672 1050/3246/672 1049/3247/672
f 1045/3248/673 1048/3218/673 1047/3249/673
f 1048/3250/674 1050/3214/674 1047/3251/674
f 1045/3252/675 1046/3206/675 1048/3253/675
f 1045/3254/676 1055/3247/676 1046/3255/676
f 1066/3076/677 1064/3256/677 1067/3257/677
f 1064/3258/678 1065/3058/678 1067/3259/678
f 1065/3260/679 1070/3261/679 1067/3061/679
f 1070/3050/680 1069/3262/680 1067/3263/680
f 1069/3089/681 1066/3264/681 1067/3058/681
f 1062/3071/682 1064/3265/682 1066/3266/682
f 1069/3267/683 1068/3268/683 1066/3055/683
f 1068/3269/682 1058/3071/682 1066/3270/682
f 1058/3271/682 1060/3272/682 1066/3053/682
f 1060/3273/682 1062/3274/682 1066/3053/682
f 1062/3275/684 1065/3055/684 1064/3276/684
f 1062/3277/685 1063/3278/685 1065/3089/685
f 1063/3061/686 1070/3279/686 1065/3280/686
f 1061/3281/687 1059/3282/687 1070/3283/687
f 1059/3284/688 1069/3285/688 1070/3286/688
f 1063/3287/689 1061/3288/689 1070/3050/689
f 1059/3289/690 1068/3290/690 1069/3053/690
f 1060/3291/691 1063/3292/691 1062/3293/691
f 1059/3076/692 1058/3294/692 1068/3295/692
f 1059/3296/693 1061/3053/693 1058/3297/693
f 1061/3298/694 1060/3076/694 1058/3299/694
f 1061/3058/695 1063/3300/695 1060/3301/695
f 1083/3111/696 1076/3302/696 1074/3303/696
f 1076/3304/697 1073/3305/697 1074/3109/697
f 1073/3306/698 1071/3143/698 1074/3307/698
f 1071/3308/699 1072/3102/699 1074/3109/699
f 1072/3309/700 1083/3310/700 1074/3111/700
f 1072/3311/701 1082/3312/701 1083/3313/701
f 1082/3314/702 1080/3111/702 1083/3315/702
f 1080/3316/703 1078/3317/703 1083/3313/703
f 1078/3318/704 1076/3101/704 1083/3319/704
f 1078/3320/705 1075/3321/705 1076/3102/705
f 1075/3322/706 1073/3323/706 1076/3126/706
f 1075/3324/707 1079/3102/707 1073/3325/707
f 1079/3326/707 1081/3327/707 1073/3109/707
f 1081/3102/707 1071/3328/707 1073/3329/707
f 1081/3330/708 1072/3143/708 1071/3331/708
f 1081/3332/709 1082/3102/709 1072/3333/709
f 1081/3334/710 1079/3126/710 1082/3335/710
f 1079/3336/711 1080/3337/711 1082/3338/711
f 1079/3339/712 1077/3340/712 1080/3106/712
f 1077/3341/713 1078/3342/713 1080/3109/713
f 1077/3343/714 1075/3344/714 1078/3143/714
f 1077/3345/707 1079/3346/707 1075/3109/707
f 1/1/715 2/3347/715 18/2/715
f 2/4/716 3/3348/716 19/5/716
f 3/7/717 4/3349/717 20/8/717
f 5/10/718 21/3350/718 20/11/718
f 5/13/719 6/3351/719 22/14/719
f 7/16/720 23/3352/720 22/17/720
f 7/19/721 8/3353/721 24/20/721
f 8/22/722 9/3354/722 25/23/722
f 9/25/723 10/3355/723 26/26/723
f 11/28/724 27/3356/724 26/29/724
f 12/31/725 28/3357/725 27/32/725
f 12/34/726 13/3358/726 29/35/726
f 14/37/727 30/3359/727 29/38/727
f 14/40/728 15/3360/728 31/41/728
f 15/43/729 16/3361/729 32/44/729
f 16/46/730 1/3362/730 17/47/730
f 17/49/731 18/3363/731 34/50/731
f 18/52/732 19/3364/732 35/53/732
f 20/55/733 36/3365/733 35/56/733
f 20/58/734 21/3366/734 37/59/734
f 21/61/735 22/3367/735 38/62/735
f 23/64/736 39/3368/736 38/65/736
f 23/67/737 24/3369/737 40/68/737
f 24/70/738 25/3370/738 41/71/738
f 26/73/739 42/3371/739 41/74/739
f 27/76/740 43/3372/740 42/77/740
f 27/79/741 28/3373/741 44/80/741
f 28/82/742 29/3374/742 45/83/742
f 30/85/743 46/3375/743 45/86/743
f 30/88/744 31/3376/744 47/89/744
f 32/91/745 48/3377/745 47/92/745
f 32/94/746 17/3378/746 33/95/746
f 34/97/747 50/3379/747 49/98/747
f 35/100/748 51/3380/748 50/101/748
f 36/103/749 52/3381/749 51/104/749
f 37/106/750 53/3382/750 52/107/750
f 37/109/751 38/3383/751 54/110/751
f 39/112/752 55/3384/752 54/113/752
f 39/115/753 40/3385/753 56/116/753
f 41/118/754 57/3386/754 56/119/754
f 42/121/755 58/3387/755 57/122/755
f 42/124/756 43/253/756 59/125/756
f 44/127/757 60/3388/757 59/128/757
f 44/130/758 45/3389/758 61/131/758
f 46/133/759 62/3390/759 61/134/759
f 46/136/760 47/3391/760 63/137/760
f 48/139/761 64/3392/761 63/140/761
f 48/142/762 33/3393/762 49/143/762
f 50/145/763 66/3394/763 65/146/763
f 51/148/764 67/3395/764 66/149/764
f 52/151/765 68/3396/765 67/152/765
f 52/154/766 53/3397/766 69/155/766
f 53/157/767 54/3398/767 70/158/767
f 55/160/768 71/3399/768 70/161/768
f 55/163/769 56/3400/769 72/164/769
f 57/166/770 73/3401/770 72/167/770
f 57/169/771 58/3402/771 74/170/771
f 58/172/772 59/3403/772 75/173/772
f 60/175/773 76/3404/773 75/176/773
f 60/178/774 61/3405/774 77/179/774
f 61/181/775 62/3406/775 78/182/775
f 63/184/776 79/3407/776 78/185/776
f 64/187/777 80/3408/777 79/188/777
f 64/190/778 49/3409/778 65/191/778
f 65/193/779 66/3410/779 82/194/779
f 67/196/780 83/3411/780 82/197/780
f 67/199/781 68/3412/781 84/200/781
f 69/202/782 85/3413/782 84/203/782
f 69/205/783 70/3414/783 86/206/783
f 71/208/784 87/3415/784 86/209/784
f 72/211/785 88/3416/785 87/212/785
f 73/214/786 89/3417/786 88/215/786
f 73/217/787 74/3418/787 90/218/787
f 75/220/788 91/3419/788 90/221/788
f 75/223/789 76/3420/789 92/224/789
f 76/226/790 77/3421/790 93/227/790
f 77/229/791 78/3422/791 94/230/791
f 79/232/792 95/3423/792 94/233/792
f 80/235/793 96/3424/793 95/236/793
f 80/238/794 65/3425/794 81/239/794
f 100/293/98 107/3426/98 106/294/98
f 101/296/99 108/3427/99 107/297/99
f 101/299/100 102/3428/100 109/300/100
f 103/302/101 110/3429/101 109/303/101
f 104/305/102 111/3430/102 110/306/102
f 105/308/103 112/3431/103 111/309/103
f 105/311/104 99/3432/104 106/312/104
f 116/342/795 123/3433/795 122/343/795
f 117/345/108 124/3434/108 123/346/108
f 118/348/109 125/3435/109 124/349/109
f 119/351/110 126/3436/110 125/352/110
f 119/354/111 120/3437/111 127/355/111
f 120/357/112 121/3438/112 128/358/112
f 121/360/113 115/3439/113 122/361/113
f 131/391/116 132/3440/116 139/392/116
f 133/394/117 140/3441/117 139/395/117
f 133/397/118 134/3442/118 141/398/118
f 134/400/119 135/3443/119 142/401/119
f 135/403/120 136/3444/120 143/404/120
f 136/406/121 137/3445/121 144/407/121
f 137/409/122 131/3446/122 138/410/122
f 148/440/125 155/3447/125 154/441/125
f 148/443/126 149/3448/126 156/444/126
f 150/446/127 157/3449/127 156/447/127
f 151/449/128 158/3450/128 157/450/128
f 151/452/129 152/3451/129 159/453/129
f 153/455/130 160/3452/130 159/456/130
f 147/458/131 154/3453/131 160/459/131
f 164/489/134 171/3454/134 170/490/134
f 165/492/796 172/3455/796 171/493/796
f 165/495/136 166/3456/136 173/496/136
f 167/498/137 174/3457/137 173/499/137
f 168/501/138 175/3458/138 174/502/138
f 169/504/139 176/3459/139 175/505/139
f 169/507/140 163/3460/140 170/508/140
f 180/542/143 187/3461/143 186/543/143
f 181/545/144 188/3462/144 187/546/144
f 182/548/145 189/3463/145 188/549/145
f 183/551/146 190/3464/146 189/552/146
f 183/554/147 184/3465/147 191/555/147
f 184/557/148 185/3466/148 192/558/148
f 179/560/149 186/3467/149 192/561/149
f 196/591/152 203/3468/152 202/592/152
f 197/594/153 204/3469/153 203/595/153
f 197/597/154 198/3470/154 205/598/154
f 198/600/155 199/3471/155 206/601/155
f 199/603/156 200/3472/156 207/604/156
f 201/606/157 208/3473/157 207/607/157
f 195/609/158 202/3474/158 208/610/158
f 211/641/161 212/3475/161 219/642/161
f 212/644/162 213/3476/162 220/645/162
f 214/647/163 221/3477/163 220/648/163
f 215/650/164 222/3478/164 221/651/164
f 216/653/165 223/3479/165 222/654/165
f 217/656/166 224/3480/166 223/657/166
f 211/659/167 218/3481/167 224/660/167
f 228/690/170 235/3482/170 234/691/170
f 228/693/171 229/3483/171 236/694/171
f 230/696/172 237/3484/172 236/697/172
f 230/699/173 231/3485/173 238/700/173
f 232/702/174 239/3486/174 238/703/174
f 233/705/175 240/3487/175 239/706/175
f 227/708/176 234/3488/176 240/709/176
f 243/739/179 244/3489/179 251/740/179
f 244/742/180 245/3490/180 252/743/180
f 245/745/181 246/3491/181 253/746/181
f 246/748/182 247/3492/182 254/749/182
f 248/751/183 255/3493/183 254/752/183
f 249/754/184 256/3494/184 255/755/184
f 243/757/185 250/3495/185 256/758/185
f 259/788/188 260/3496/188 267/789/188
f 261/791/189 268/3497/189 267/792/189
f 262/794/190 269/3498/190 268/795/190
f 262/797/191 263/3499/191 270/798/191
f 263/800/192 264/3500/192 271/801/192
f 264/803/193 265/3501/193 272/804/193
f 265/806/194 259/3502/194 266/807/194
f 276/837/197 283/3503/197 282/838/197
f 277/840/198 284/3504/198 283/841/198
f 278/843/199 285/3505/199 284/844/199
f 279/846/200 286/3506/200 285/847/200
f 279/849/201 280/3507/201 287/850/201
f 281/852/202 288/3508/202 287/853/202
f 275/855/203 282/3509/203 288/856/203
f 291/886/206 292/3510/206 299/887/206
f 293/889/207 300/3511/207 299/890/207
f 293/892/208 294/3512/208 301/893/208
f 295/895/209 302/3513/209 301/896/209
f 296/898/210 303/3514/210 302/899/210
f 297/901/211 304/3515/211 303/902/211
f 291/904/212 298/3516/212 304/905/212
f 308/935/215 315/3517/215 314/936/215
f 309/938/216 316/3518/216 315/939/216
f 309/941/217 310/3519/217 317/942/217
f 310/944/218 311/3520/218 318/945/218
f 311/947/219 312/3521/219 319/948/219
f 313/950/220 320/3522/220 319/951/220
f 313/953/221 307/3523/221 314/954/221
f 324/984/224 331/3524/224 330/985/224
f 325/987/225 332/3525/225 331/988/225
f 325/990/226 326/3526/226 333/991/226
f 326/993/227 327/3527/227 334/994/227
f 328/996/228 335/3528/228 334/997/228
f 329/999/229 336/3529/229 335/1000/229
f 323/1002/230 330/3530/230 336/1003/230
f 340/1033/233 347/3531/233 346/1034/233
f 341/1036/234 348/3532/234 347/1037/234
f 341/1039/235 342/3533/235 349/1040/235
f 342/1042/797 343/3534/797 350/1043/797
f 344/1045/798 351/3535/798 350/1046/798
f 345/1048/238 352/3536/238 351/1049/238
f 339/1051/239 346/3537/239 352/1052/239
f 356/1082/242 363/3538/242 362/1083/242
f 357/1085/243 364/3539/243 363/1086/243
f 358/1088/244 365/3540/244 364/1089/244
f 359/1091/245 366/3541/245 365/1092/245
f 360/1094/246 367/3542/246 366/1095/246
f 360/1097/247 361/3543/247 368/1098/247
f 355/1100/248 362/3544/248 368/1101/248
f 372/1131/251 379/3545/251 378/1132/251
f 373/1134/252 380/3546/252 379/1135/252
f 374/1137/253 381/3547/253 380/1138/253
f 375/1140/254 382/3548/254 381/1141/254
f 375/1143/255 376/3549/255 383/1144/255
f 376/1146/256 377/3550/256 384/1147/256
f 371/1149/257 378/3551/257 384/1150/257
f 387/1180/260 388/3552/260 395/1181/260
f 389/1183/261 396/3553/261 395/1184/261
f 390/1186/262 397/3554/262 396/1187/262
f 391/1189/263 398/3555/263 397/1190/263
f 392/1192/264 399/3556/264 398/1193/264
f 393/1195/265 400/3557/265 399/1196/265
f 387/1198/266 394/3558/266 400/1199/266
f 404/1229/269 411/3559/269 410/1230/269
f 405/1232/270 412/3560/270 411/1233/270
f 406/1235/271 413/3561/271 412/1236/271
f 407/1238/272 414/3562/272 413/1239/272
f 407/1241/273 408/3563/273 415/1242/273
f 409/1244/274 416/3564/274 415/1245/274
f 403/1247/275 410/3565/275 416/1248/275
f 419/1278/278 420/3566/278 427/1279/278
f 420/1281/279 421/3567/279 428/1282/279
f 422/1284/280 429/3568/280 428/1285/280
f 423/1287/281 430/3569/281 429/1288/281
f 424/1290/282 431/3570/282 430/1291/282
f 424/1293/283 425/3571/283 432/1294/283
f 419/1296/284 426/3572/284 432/1297/284
f 436/1327/287 443/3573/287 442/1328/287
f 436/1330/288 437/3574/288 444/1331/288
f 438/1333/289 445/3575/289 444/1334/289
f 438/1336/290 439/3576/290 446/1337/290
f 439/1339/291 440/3577/291 447/1340/291
f 441/1342/292 448/3578/292 447/1343/292
f 435/1345/293 442/3579/293 448/1346/293
f 452/1376/296 459/3580/296 458/1377/296
f 453/1379/297 460/3581/297 459/1380/297
f 454/1382/298 461/3582/298 460/1383/298
f 454/1385/299 455/3583/299 462/1386/299
f 456/1388/300 463/3584/300 462/1389/300
f 457/1391/301 464/3585/301 463/1392/301
f 451/1394/302 458/3586/302 464/1395/302
f 467/1425/305 468/3587/305 475/1426/305
f 468/1428/306 469/3588/306 476/1429/306
f 469/1431/307 470/3589/307 477/1432/307
f 471/1434/308 478/3590/308 477/1435/308
f 472/1437/309 479/3591/309 478/1438/309
f 473/1440/310 480/3592/310 479/1441/310
f 473/1443/311 467/3593/311 474/1444/311
f 483/1474/314 484/3594/314 491/1475/314
f 485/1477/315 492/3595/315 491/1478/315
f 486/1480/316 493/3596/316 492/1481/316
f 486/1483/317 487/3597/317 494/1484/317
f 488/1486/318 495/3598/318 494/1487/318
f 489/1489/319 496/3599/319 495/1490/319
f 483/1492/320 490/3600/320 496/1493/320
f 500/1523/799 507/3601/799 506/1524/799
f 501/1526/324 508/3602/324 507/1527/324
f 502/1529/325 509/3603/325 508/1530/325
f 502/1532/326 503/3604/326 510/1533/326
f 503/1535/327 504/3605/327 511/1536/327
f 504/1538/328 505/3606/328 512/1539/328
f 499/1541/329 506/3607/329 512/1542/329
f 516/1572/332 523/3608/332 522/1573/332
f 516/1575/333 517/3609/333 524/1576/333
f 517/1578/334 518/3610/334 525/1579/334
f 519/1581/335 526/3611/335 525/1582/335
f 519/1584/336 520/3612/336 527/1585/336
f 521/1587/337 528/3613/337 527/1588/337
f 515/1590/338 522/3614/338 528/1591/338
f 531/1621/341 532/3615/341 539/1622/341
f 533/1624/800 540/3616/800 539/1625/800
f 534/1627/343 541/3617/343 540/1628/343
f 534/1630/344 535/3618/344 542/1631/344
f 535/1633/345 536/3619/345 543/1634/345
f 537/1636/346 544/3620/346 543/1637/346
f 537/1639/347 531/3621/347 538/1640/347
f 548/1670/350 555/3622/350 554/1671/350
f 548/1673/351 549/3623/351 556/1674/351
f 550/1676/352 557/3624/352 556/1677/352
f 551/1679/353 558/3625/353 557/1680/353
f 551/1682/354 552/3626/354 559/1683/354
f 553/1685/355 560/3627/355 559/1686/355
f 547/1688/356 554/3628/356 560/1689/356
f 563/1719/359 564/3629/359 571/1720/359
f 565/1722/360 572/3630/360 571/1723/360
f 566/1725/361 573/3631/361 572/1726/361
f 567/1728/362 574/3632/362 573/1729/362
f 568/1731/363 575/3633/363 574/1732/363
f 568/1734/364 569/3634/364 576/1735/364
f 563/1737/801 570/3635/801 576/1738/801
f 580/1768/368 587/3636/368 586/1769/368
f 581/1771/369 588/3637/369 587/1772/369
f 582/1774/370 589/3638/370 588/1775/370
f 582/1777/371 583/3639/371 590/1778/371
f 584/1780/372 591/3640/372 590/1781/372
f 585/1783/373 592/3641/373 591/1784/373
f 579/1786/374 586/3642/374 592/1787/374
f 596/1817/377 603/3643/377 602/1818/377
f 597/1820/378 604/3644/378 603/1821/378
f 597/1823/379 598/3645/379 605/1824/379
f 599/1826/380 606/3646/380 605/1827/380
f 600/1829/381 607/3647/381 606/1830/381
f 601/1832/382 608/3648/382 607/1833/382
f 595/1835/383 602/3649/383 608/1836/383
f 612/1866/386 619/3650/386 618/1867/386
f 613/1869/387 620/3651/387 619/1870/387
f 613/1872/388 614/3652/388 621/1873/388
f 615/1875/389 622/3653/389 621/1876/389
f 615/1878/390 616/3654/390 623/1879/390
f 616/1881/391 617/3655/391 624/1882/391
f 611/1884/392 618/3656/392 624/1885/392
f 628/1915/395 635/3657/395 634/1916/395
f 629/1918/396 636/3658/396 635/1919/396
f 630/1921/397 637/3659/397 636/1922/397
f 631/1924/398 638/3660/398 637/1925/398
f 632/1927/399 639/3661/399 638/1928/399
f 632/1930/400 633/3662/400 640/1931/400
f 627/1933/401 634/3663/401 640/1934/401
f 644/1964/404 651/3664/404 650/1965/404
f 645/1967/405 652/3665/405 651/1968/405
f 646/1970/406 653/3666/406 652/1971/406
f 647/1973/802 654/3667/802 653/1974/802
f 648/1976/408 655/3668/408 654/1977/408
f 649/1979/409 656/3669/409 655/1980/409
f 643/1982/410 650/3670/410 656/1983/410
f 660/2013/414 667/3671/414 666/2014/414
f 661/2016/415 668/3672/415 667/2017/415
f 662/2019/803 669/3673/803 668/2020/803
f 662/2022/417 663/3674/417 670/2023/417
f 664/2025/418 671/3675/418 670/2026/418
f 665/2028/419 672/3676/419 671/2029/419
f 659/2031/420 666/3677/420 672/2032/420
f 676/2062/424 683/3678/424 682/2063/424
f 677/2065/425 684/3679/425 683/2066/425
f 678/2068/426 685/3680/426 684/2069/426
f 678/2071/427 679/3681/427 686/2072/427
f 679/2074/428 680/3682/428 687/2075/428
f 681/2077/429 688/3683/429 687/2078/429
f 675/2080/430 682/3684/430 688/2081/430
f 691/2111/433 692/3685/433 699/2112/433
f 693/2114/434 700/3686/434 699/2115/434
f 694/2117/435 701/3687/435 700/2118/435
f 695/2120/436 702/3688/436 701/2121/436
f 696/2123/437 703/3689/437 702/2124/437
f 697/2126/438 704/3690/438 703/2127/438
f 697/2129/439 691/3691/439 698/2130/439
f 708/2160/442 715/3692/442 714/2161/442
f 709/2163/443 716/3693/443 715/2164/443
f 710/2166/444 717/3694/444 716/2167/444
f 710/2169/804 711/3695/804 718/2170/804
f 711/2172/446 712/3696/446 719/2173/446
f 712/2175/447 713/3697/447 720/2176/447
f 707/2178/448 714/3698/448 720/2179/448
f 724/2209/451 731/3699/451 730/2210/451
f 724/2212/452 725/3700/452 732/2213/452
f 726/2215/453 733/3701/453 732/2216/453
f 727/2218/454 734/3702/454 733/2219/454
f 728/2221/455 735/3703/455 734/2222/455
f 729/2224/456 736/3704/456 735/2225/456
f 723/2227/457 730/3705/457 736/2228/457
f 739/2258/460 740/3706/460 747/2259/460
f 741/2261/461 748/3707/461 747/2262/461
f 742/2264/462 749/3708/462 748/2265/462
f 743/2267/463 750/3709/463 749/2268/463
f 743/2270/464 744/3710/464 751/2271/464
f 744/2273/465 745/3711/465 752/2274/465
f 745/2276/466 739/3712/466 746/2277/466
f 756/2307/469 763/3713/469 762/2308/469
f 757/2310/470 764/3714/470 763/2311/470
f 758/2313/471 765/3715/471 764/2314/471
f 759/2316/472 766/3716/472 765/2317/472
f 760/2319/473 767/3717/473 766/2320/473
f 761/2322/474 768/3718/474 767/2323/474
f 755/2325/475 762/3719/475 768/2326/475
f 772/2356/478 779/3720/478 778/2357/478
f 773/2359/479 780/3721/479 779/2360/479
f 774/2362/480 781/3722/480 780/2363/480
f 775/2365/481 782/3723/481 781/2366/481
f 776/2368/482 783/3724/482 782/2369/482
f 777/2371/483 784/3725/483 783/2372/483
f 771/2374/484 778/3726/484 784/2375/484
f 787/2405/487 788/3727/487 795/2406/487
f 788/2408/488 789/3728/488 796/2409/488
f 790/2411/489 797/3729/489 796/2412/489
f 791/2414/490 798/3730/490 797/2415/490
f 792/2417/491 799/3731/491 798/2418/491
f 793/2420/492 800/3732/492 799/2421/492
f 787/2423/493 794/3733/493 800/2424/493
f 804/2454/496 811/3734/496 810/2455/496
f 804/2457/497 805/3735/497 812/2458/497
f 805/2460/498 806/3736/498 813/2461/498
f 806/2463/499 807/3737/499 814/2464/499
f 808/2466/500 815/3738/500 814/2467/500
f 808/2469/501 809/3739/501 816/2470/501
f 803/2472/502 810/3740/502 816/2473/502
f 820/2503/505 827/3741/505 826/2504/505
f 821/2506/506 828/3742/506 827/2507/506
f 821/2509/507 822/3743/507 829/2510/507
f 823/2512/508 830/3744/508 829/2513/508
f 824/2515/509 831/3745/509 830/2516/509
f 824/2518/510 825/3746/510 832/2519/510
f 819/2521/511 826/3747/511 832/2522/511
f 836/2552/514 843/3748/514 842/2553/514
f 837/2555/515 844/3749/515 843/2556/515
f 837/2558/516 838/3750/516 845/2559/516
f 839/2561/805 846/3751/805 845/2562/805
f 839/2564/518 840/3752/518 847/2565/518
f 841/2567/519 848/3753/519 847/2568/519
f 841/2570/520 835/3754/520 842/2571/520
f 851/2601/523 852/3755/523 859/2602/523
f 853/2604/524 860/3756/524 859/2605/524
f 854/2607/525 861/3757/525 860/2608/525
f 854/2610/526 855/3758/526 862/2611/526
f 855/2613/527 856/3759/527 863/2614/527
f 857/2616/528 864/3760/528 863/2617/528
f 851/2619/529 858/3761/529 864/2620/529
f 868/2650/532 875/3762/532 874/2651/532
f 868/2653/533 869/3763/533 876/2654/533
f 870/2656/534 877/3764/534 876/2657/534
f 870/2659/535 871/3765/535 878/2660/535
f 872/2662/536 879/3766/536 878/2663/536
f 873/2665/537 880/3767/537 879/2666/537
f 867/2668/538 874/3768/538 880/2669/538
f 883/2699/541 884/3769/541 891/2700/541
f 885/2702/542 892/3770/542 891/2703/542
f 885/2705/543 886/3771/543 893/2706/543
f 886/2708/544 887/3772/544 894/2709/544
f 887/2711/545 888/3773/545 895/2712/545
f 889/2714/546 896/3774/546 895/2715/546
f 883/2717/547 890/3775/547 896/2718/547
f 900/2750/550 908/3776/550 907/2751/550
f 901/2753/551 909/3777/551 908/2754/551
f 902/2756/552 910/2764/552 909/2757/552
f 903/2759/553 911/3778/553 910/2760/553
f 904/2762/554 912/2758/554 911/2763/554
f 905/2765/555 913/3779/555 912/2766/555
f 906/2751/556 914/2752/556 913/2750/556
f 899/2769/557 907/3780/557 914/2770/557
f 918/2804/559 926/3781/559 925/2805/559
f 919/2807/560 927/3782/560 926/2808/560
f 920/2805/561 928/3783/561 927/2810/561
f 921/2812/562 929/3784/562 928/2813/562
f 922/2815/563 930/3785/563 929/2816/563
f 923/2818/564 931/3786/564 930/2819/564
f 924/2816/565 932/3787/565 931/2815/565
f 917/2808/566 925/3788/566 932/2807/566
f 936/2855/567 944/2862/567 943/2856/567
f 937/2858/568 945/2865/568 944/2859/568
f 938/2856/569 946/2857/569 945/2861/569
f 939/2863/570 947/2860/570 946/2864/570
f 940/2866/571 948/2872/571 947/2867/571
f 941/2869/572 949/3789/572 948/2870/572
f 942/2867/573 950/3790/573 949/2866/573
f 935/2873/574 943/3791/574 950/2874/574
f 954/2908/575 962/3792/575 961/2909/575
f 955/2911/576 963/3793/576 962/2912/576
f 956/2914/577 964/3794/577 963/2915/577
f 957/2917/578 965/2924/578 964/2918/578
f 958/2920/579 966/3795/579 965/2921/579
f 959/2918/580 967/2919/580 966/2923/580
f 960/2925/581 968/3796/581 967/2926/581
f 953/2912/582 961/3797/582 968/2911/582
f 972/2961/583 980/3798/583 979/2962/583
f 973/2964/584 981/2972/584 980/2965/584
f 974/2967/585 982/3799/585 981/2968/585
f 975/2970/586 983/2966/586 982/2971/586
f 976/2973/587 984/3800/587 983/2974/587
f 977/2976/588 985/3801/588 984/2977/588
f 978/2979/589 986/2963/589 985/2980/589
f 971/2977/590 979/3802/590 986/2976/590
f 990/3015/591 998/3021/591 997/3016/591
f 991/3018/592 999/3031/592 998/3019/592
f 992/3016/593 1000/3017/593 999/3015/593
f 993/3022/594 1001/3028/594 1000/3023/594
f 994/3025/595 1002/3030/595 1001/3026/595
f 995/3023/596 1003/3024/596 1002/3022/596
f 996/3026/597 1004/3027/597 1003/3029/597
f 989/3019/598 997/3020/598 1004/3018/598
