# Blender 5.2.2 LTS
# www.blender.org
mtllib Egg_Venom.mtl
o Egg_Venom
v 0.000000 0.000000 0.000000
v 0.200000 0.000000 0.000000
v 0.173205 0.000000 -0.100000
v 0.100000 0.000000 -0.173205
v 0.000000 0.000000 -0.200000
v -0.100000 0.000000 -0.173205
v -0.173205 0.000000 -0.100000
v -0.200000 0.000000 -0.000000
v -0.173205 0.000000 0.100000
v -0.100000 0.000000 0.173205
v -0.000000 0.000000 0.200000
v 0.100000 0.000000 0.173205
v 0.173205 0.000000 0.100000
v 0.250727 0.079642 0.000000
v 0.217136 0.079642 -0.125363
v 0.125363 0.079642 -0.217136
v 0.000000 0.079642 -0.250727
v -0.125363 0.079642 -0.217136
v -0.217136 0.079642 -0.125363
v -0.250727 0.079642 -0.000000
v -0.217136 0.079642 0.125363
v -0.125363 0.079642 0.217136
v -0.000000 0.079642 0.250727
v 0.125363 0.079642 0.217136
v 0.217136 0.079642 0.125363
v 0.398958 0.234909 0.000000
v 0.345508 0.234909 -0.199479
v 0.199479 0.234909 -0.345508
v 0.000000 0.234909 -0.398958
v -0.199479 0.234909 -0.345508
v -0.345508 0.234909 -0.199479
v -0.398958 0.234909 -0.000000
v -0.345508 0.234909 0.199479
v -0.199479 0.234909 0.345508
v -0.000000 0.234909 0.398958
v 0.199479 0.234909 0.345508
v 0.345508 0.234909 0.199479
v 0.491766 0.453542 0.000000
v 0.425882 0.453542 -0.245883
v 0.245883 0.453542 -0.425882
v 0.000000 0.453542 -0.491766
v -0.245883 0.453542 -0.425882
v -0.425882 0.453542 -0.245883
v -0.491766 0.453542 -0.000000
v -0.425882 0.453542 0.245883
v -0.245883 0.453542 0.425882
v -0.000000 0.453542 0.491766
v 0.245883 0.453542 0.425882
v 0.425882 0.453542 0.245883
v 0.521087 0.711025 0.000000
v 0.451275 0.711025 -0.260544
v 0.260544 0.711025 -0.451275
v 0.000000 0.711025 -0.521087
v -0.260544 0.711025 -0.451275
v -0.451275 0.711025 -0.260544
v -0.521087 0.711025 -0.000000
v -0.451275 0.711025 0.260544
v -0.260544 0.711025 0.451275
v -0.000000 0.711025 0.521087
v 0.260544 0.711025 0.451275
v 0.451275 0.711025 0.260544
v 0.489615 0.978485 0.000000
v 0.424019 0.978485 -0.244807
v 0.244807 0.978485 -0.424019
v 0.000000 0.978485 -0.489615
v -0.244807 0.978485 -0.424019
v -0.424019 0.978485 -0.244807
v -0.489615 0.978485 -0.000000
v -0.424019 0.978485 0.244807
v -0.244807 0.978485 0.424019
v -0.000000 0.978485 0.489615
v 0.244807 0.978485 0.424019
v 0.424019 0.978485 0.244807
v 0.407888 1.225931 0.000000
v 0.353241 1.225931 -0.203944
v 0.203944 1.225931 -0.353241
v 0.000000 1.225931 -0.407888
v -0.203944 1.225931 -0.353241
v -0.353241 1.225931 -0.203944
v -0.407888 1.225931 -0.000000
v -0.353241 1.225931 0.203944
v -0.203944 1.225931 0.353241
v -0.000000 1.225931 0.407888
v 0.203944 1.225931 0.353241
v 0.353241 1.225931 0.203944
v 0.290055 1.425615 0.000000
v 0.251195 1.425615 -0.145027
v 0.145027 1.425615 -0.251195
v 0.000000 1.425615 -0.290055
v -0.145027 1.425615 -0.251195
v -0.251195 1.425615 -0.145027
v -0.290055 1.425615 -0.000000
v -0.251195 1.425615 0.145027
v -0.145027 1.425615 0.251195
v -0.000000 1.425615 0.290055
v 0.145027 1.425615 0.251195
v 0.251195 1.425615 0.145027
v 0.150114 1.555146 0.000000
v 0.130002 1.555146 -0.075057
v 0.075057 1.555146 -0.130002
v 0.000000 1.555146 -0.150114
v -0.075057 1.555146 -0.130002
v -0.130002 1.555146 -0.075057
v -0.150114 1.555146 -0.000000
v -0.130002 1.555146 0.075057
v -0.075057 1.555146 0.130002
v -0.000000 1.555146 0.150114
v 0.075057 1.555146 0.130002
v 0.130002 1.555146 0.075057
v 0.000000 1.600000 0.000000
v 0.422489 0.337021 0.143674
v 0.363296 0.173773 0.154968
v 0.346631 0.113579 0.092188
v 0.307602 0.057006 0.008063
v 0.350984 0.113579 -0.073904
v 0.370915 0.173774 -0.135726
v 0.429435 0.337021 -0.121345
v 0.331242 0.200637 0.141296
v 0.307865 0.152655 0.081878
v 0.268137 0.107379 0.007028
v 0.311731 0.152655 -0.065639
v 0.338189 0.200637 -0.123751
v 0.413829 0.337021 -0.166987
v 0.376364 0.173773 -0.119787
v 0.322755 0.113579 -0.156464
v 0.238271 0.057006 -0.194709
v 0.217621 0.113579 -0.285119
v 0.192358 0.173774 -0.344961
v 0.246076 0.337021 -0.372272
v 0.343158 0.200637 -0.109218
v 0.286660 0.152655 -0.138965
v 0.207700 0.107379 -0.169728
v 0.193283 0.152655 -0.253233
v 0.175387 0.200637 -0.314524
v 0.199532 0.337021 -0.399157
v 0.202711 0.173773 -0.338980
v 0.138252 0.113579 -0.330965
v 0.049618 0.057006 -0.303682
v -0.025722 0.113579 -0.357757
v -0.084277 0.173773 -0.385871
v -0.062109 0.337021 -0.441907
v 0.184827 0.200637 -0.309072
v 0.122792 0.152655 -0.293951
v 0.043253 0.107379 -0.264719
v -0.022845 0.152655 -0.317747
v -0.076841 0.200637 -0.351826
v -0.112890 0.337021 -0.431735
v -0.070849 0.173774 -0.388561
v -0.114057 0.113579 -0.340063
v -0.162758 0.057006 -0.261140
v -0.255062 0.113579 -0.252180
v -0.317635 0.173773 -0.234750
v -0.337878 0.337021 -0.291509
v -0.064597 0.200637 -0.354279
v -0.101302 0.152655 -0.302031
v -0.141876 0.107379 -0.227636
v -0.226537 0.152655 -0.223977
v -0.289610 0.200637 -0.214038
v -0.347769 0.337021 -0.279635
v -0.288286 0.173773 -0.269982
v -0.294121 0.113579 -0.205291
v -0.286254 0.057006 -0.112886
v -0.355075 0.113579 -0.050725
v -0.394967 0.173773 0.000537
v -0.445028 0.337021 -0.033010
v -0.262850 0.200637 -0.246162
v -0.261228 0.152655 -0.182331
v -0.249527 0.107379 -0.098403
v -0.315365 0.152655 -0.045053
v -0.360119 0.200637 0.000489
v -0.445809 0.337021 0.019851
v -0.394779 0.173774 -0.012203
v -0.356419 0.113579 0.040216
v -0.289463 0.057006 0.104381
v -0.300057 0.113579 0.196514
v -0.296134 0.173773 0.261350
v -0.355877 0.337021 0.269242
v -0.359948 0.200637 -0.011125
v -0.316558 0.152655 0.035718
v -0.252325 0.107379 0.090990
v -0.266500 0.152655 0.174536
v -0.270007 0.200637 0.238291
v -0.328565 0.337021 0.301967
v -0.310112 0.173774 0.244601
v -0.247024 0.113579 0.260059
v -0.154483 0.057006 0.266119
v -0.103331 0.113579 0.343474
v -0.058622 0.173773 0.390592
v -0.099288 0.337021 0.435065
v -0.282752 0.200637 0.223019
v -0.219398 0.152655 0.230975
v -0.134664 0.107379 0.231976
v -0.091775 0.152655 0.305061
v -0.053450 0.200637 0.356131
v -0.071976 0.337021 0.440408
v -0.092885 0.173773 0.383890
v -0.033716 0.113579 0.357092
v 0.042816 0.057006 0.304715
v 0.130817 0.113579 0.333973
v 0.195080 0.173773 0.343428
v 0.190555 0.337021 0.403520
v -0.084691 0.200637 0.350020
v -0.029946 0.152655 0.317157
v 0.037322 0.107379 0.265620
v 0.116187 0.152655 0.296624
v 0.177868 0.200637 0.313128
v 0.254865 0.337021 0.366310
v 0.200513 0.173773 0.340285
v 0.224345 0.113579 0.279859
v 0.242836 0.057006 0.188984
v 0.326387 0.113579 0.148737
v 0.379109 0.173773 0.110796
v 0.417686 0.337021 0.157092
v 0.182822 0.200637 0.310262
v 0.199254 0.152655 0.248561
v 0.211681 0.107379 0.164737
v 0.289885 0.152655 0.132104
v 0.345660 0.200637 0.101021
v 0.500085 0.527152 -0.031530
v 0.490044 0.343597 -0.000625
v 0.467197 0.271099 -0.055618
v 0.415884 0.197587 -0.133092
v 0.412682 0.271100 -0.225965
v 0.399357 0.343597 -0.284004
v 0.425475 0.527152 -0.264671
v 0.449110 0.359732 -0.000574
v 0.417706 0.296632 -0.049726
v 0.365195 0.233132 -0.116871
v 0.368965 0.296631 -0.202028
v 0.365998 0.359732 -0.260280
v 0.422817 0.527152 -0.268896
v 0.428933 0.343597 -0.236981
v 0.382389 0.271100 -0.274126
v 0.300064 0.197588 -0.317231
v 0.252451 0.271099 -0.397033
v 0.212777 0.343596 -0.441441
v 0.244981 0.527152 -0.437108
v 0.393103 0.359732 -0.217186
v 0.341882 0.296632 -0.245087
v 0.263491 0.233132 -0.278565
v 0.225708 0.296632 -0.354975
v 0.195003 0.359732 -0.404566
v 0.186068 0.527152 -0.465250
v 0.209676 0.343596 -0.442922
v 0.150201 0.271099 -0.445877
v 0.058205 0.197587 -0.432765
v -0.027061 0.271100 -0.469717
v -0.085204 0.343597 -0.482581
v -0.056535 0.527152 -0.497878
v 0.192162 0.359732 -0.405923
v 0.134290 0.296632 -0.398644
v 0.051109 0.233132 -0.380018
v -0.024194 0.296632 -0.419959
v -0.078086 0.359732 -0.442270
v -0.067312 0.527152 -0.496536
v -0.035768 0.343596 -0.488738
v -0.088978 0.271099 -0.462006
v -0.162575 0.197587 -0.405269
v -0.254978 0.271099 -0.395415
v -0.311912 0.343597 -0.377962
v -0.294502 0.527152 -0.405398
v -0.032779 0.359732 -0.447912
v -0.079553 0.296632 -0.413064
v -0.142760 0.233132 -0.355873
v -0.227968 0.296632 -0.353527
v -0.285857 0.359732 -0.346389
v -0.341596 0.527152 -0.366594
v -0.311337 0.343596 -0.378435
v -0.339355 0.271099 -0.325891
v -0.366699 0.197588 -0.237077
v -0.436463 0.271100 -0.175690
v -0.472877 0.343597 -0.128573
v -0.474499 0.527152 -0.161027
v -0.285329 0.359732 -0.346824
v -0.303406 0.296632 -0.291368
v -0.322004 0.233132 -0.208182
v -0.390227 0.296632 -0.157079
v -0.433377 0.359732 -0.117832
v -0.490187 0.527152 -0.103904
v -0.472217 0.343597 -0.130978
v -0.464974 0.271099 -0.071870
v -0.436348 0.197587 0.016537
v -0.458201 0.271099 0.106858
v -0.460948 0.343596 0.166344
v -0.480916 0.527152 0.140708
v -0.432771 0.359732 -0.120037
v -0.415718 0.296632 -0.064258
v -0.383165 0.233132 0.014522
v -0.409662 0.296632 0.095539
v -0.422444 0.359732 0.152449
v -0.467791 0.527152 0.179585
v -0.467448 0.343597 0.147093
v -0.429206 0.271099 0.192739
v -0.357079 0.197588 0.251332
v -0.326260 0.271099 0.339000
v -0.296194 0.343596 0.390401
v -0.326897 0.527152 0.379760
v -0.428401 0.359732 0.134805
v -0.383740 0.296632 0.172322
v -0.313557 0.233132 0.220699
v -0.291699 0.296632 0.303089
v -0.271452 0.359732 0.357790
v -0.301274 0.527152 0.400391
v -0.318220 0.343596 0.372666
v -0.261588 0.271099 0.391073
v -0.169363 0.197587 0.402479
v -0.096732 0.271100 0.460445
v -0.043977 0.343597 0.488068
v -0.075648 0.527152 0.495335
v -0.291639 0.359732 0.341536
v -0.233877 0.296632 0.349646
v -0.148721 0.233132 0.353424
v -0.086484 0.296632 0.411669
v -0.040303 0.359732 0.447298
v -0.030246 0.527152 0.500164
v -0.059681 0.343596 0.486397
v -0.002297 0.271100 0.470491
v 0.080906 0.197587 0.429101
v 0.173465 0.271099 0.437351
v 0.232703 0.343596 0.431269
v 0.210303 0.527152 0.454810
v -0.054695 0.359732 0.445767
v -0.002052 0.296632 0.420650
v 0.071044 0.233132 0.376801
v 0.155090 0.296632 0.391022
v 0.213265 0.359732 0.395245
v 0.207511 0.527152 0.456090
v 0.175057 0.343596 0.457711
v 0.218310 0.271099 0.416782
v 0.272441 0.197587 0.341246
v 0.358087 0.271100 0.305189
v 0.407578 0.343597 0.272074
v 0.398811 0.527152 0.303363
v 0.160434 0.359732 0.419477
v 0.195185 0.296632 0.372631
v 0.239234 0.233132 0.299655
v 0.320153 0.296632 0.272860
v 0.373532 0.359732 0.249347
v 0.443102 0.527152 0.233965
v 0.418414 0.343596 0.255095
v 0.427608 0.271099 0.196260
v 0.424245 0.197588 0.103392
v 0.469958 0.271099 0.022488
v 0.488865 0.343597 -0.033980
v 0.501063 0.527152 -0.003862
v 0.383464 0.359732 0.233785
v 0.382311 0.296632 0.175469
v 0.372536 0.233132 0.090791
v 0.420175 0.296632 0.020105
v 0.448029 0.359732 -0.031141
v 0.502871 0.737524 0.109040
v 0.522705 0.545388 0.144707
v 0.532771 0.465579 0.087421
v 0.524671 0.380708 -0.006645
v 0.530386 0.465578 -0.100885
v 0.518872 0.545388 -0.157899
v 0.499948 0.737524 -0.121742
v 0.480726 0.551609 0.133085
v 0.478875 0.477948 0.078576
v 0.463897 0.400756 -0.005875
v 0.476732 0.477948 -0.090680
v 0.477201 0.551609 -0.145218
v 0.493657 0.737524 -0.145161
v 0.528152 0.545389 -0.123353
v 0.509548 0.465579 -0.178461
v 0.457380 0.380709 -0.257153
v 0.417255 0.465579 -0.342616
v 0.379837 0.545388 -0.387148
v 0.380545 0.737524 -0.346343
v 0.485736 0.551609 -0.113446
v 0.458001 0.477948 -0.160408
v 0.404400 0.400755 -0.227366
v 0.375045 0.477948 -0.307956
v 0.349333 0.551609 -0.356055
v 0.347448 0.737524 -0.379537
v 0.388250 0.545389 -0.378711
v 0.343827 0.465579 -0.416258
v 0.258481 0.380709 -0.456630
v 0.179942 0.465580 -0.509027
v 0.124886 0.545388 -0.527792
v 0.146595 0.737524 -0.493233
v 0.357069 0.551609 -0.348297
v 0.309045 0.477948 -0.374148
v 0.228540 0.400755 -0.403737
v 0.161738 0.477948 -0.457533
v 0.114857 0.551609 -0.485404
v 0.095043 0.737524 -0.505703
v 0.130145 0.545389 -0.526520
v 0.072600 0.465579 -0.534992
v -0.021203 0.380709 -0.524285
v -0.115567 0.465579 -0.527382
v -0.172238 0.545388 -0.514290
v -0.135569 0.737524 -0.496376
v 0.119693 0.551609 -0.484234
v 0.065257 0.477948 -0.480871
v -0.018747 0.400755 -0.463555
v -0.103875 0.477948 -0.474031
v -0.158405 0.551609 -0.472987
v -0.171743 0.737524 -0.485049
v -0.151840 0.545389 -0.520678
v -0.205858 0.465579 -0.499109
v -0.281601 0.380709 -0.442747
v -0.364760 0.465578 -0.398042
v -0.407196 0.545388 -0.358263
v -0.366489 0.737524 -0.361184
v -0.139645 0.551609 -0.478861
v -0.185032 0.477948 -0.448619
v -0.248982 0.400755 -0.391462
v -0.327860 0.477948 -0.357776
v -0.374493 0.551609 -0.329491
v -0.393324 0.737524 -0.331760
v -0.394155 0.545388 -0.372562
v -0.429867 0.465579 -0.326652
v -0.466743 0.380709 -0.239739
v -0.515910 0.465579 -0.159136
v -0.532424 0.545388 -0.103366
v -0.498775 0.737524 -0.126458
v -0.362500 0.551609 -0.342641
v -0.386381 0.477948 -0.293607
v -0.412679 0.400755 -0.211968
v -0.463719 0.477948 -0.143039
v -0.489665 0.551609 -0.095064
v -0.497278 0.737524 -0.132225
v -0.515438 0.545388 -0.168772
v -0.528148 0.465579 -0.112014
v -0.524415 0.380709 -0.017674
v -0.534492 0.465579 0.076200
v -0.525632 0.545388 0.133685
v -0.505052 0.737524 0.098444
v -0.474042 0.551609 -0.155219
v -0.474720 0.477948 -0.100682
v -0.463671 0.400755 -0.015627
v -0.480421 0.477948 0.068491
v -0.483417 0.551609 0.122950
v -0.484433 0.737524 0.173473
v -0.520133 0.545388 0.153697
v -0.498372 0.465579 0.207636
v -0.441740 0.380710 0.283179
v -0.396739 0.465579 0.366177
v -0.356808 0.545388 0.408471
v -0.359874 0.737524 0.367776
v -0.478360 0.551609 0.141353
v -0.447955 0.477948 0.186633
v -0.390571 0.400755 0.250378
v -0.356603 0.477948 0.329135
v -0.328152 0.551609 0.375666
v -0.348053 0.737524 0.378982
v -0.388854 0.545388 0.378091
v -0.344492 0.465579 0.415708
v -0.259210 0.380709 0.456217
v -0.180754 0.465579 0.508739
v -0.125730 0.545388 0.527591
v -0.147382 0.737524 0.492998
v -0.357625 0.551609 0.347726
v -0.309642 0.477948 0.373654
v -0.229185 0.400755 0.403372
v -0.162469 0.477948 0.457274
v -0.115632 0.551609 0.485220
v -0.129835 0.737524 0.497907
v -0.166296 0.545389 0.516242
v -0.109475 0.465579 0.528680
v -0.015157 0.380708 0.524494
v 0.078766 0.465578 0.534119
v 0.136209 0.545388 0.524983
v 0.100868 0.737524 0.504573
v -0.152940 0.551609 0.474782
v -0.098402 0.477948 0.475198
v -0.013400 0.400756 0.463740
v 0.070798 0.477948 0.480087
v 0.125270 0.551609 0.482821
v 0.154399 0.737524 0.490846
v 0.133242 0.545388 0.525744
v 0.187993 0.465579 0.506109
v 0.265691 0.380709 0.452473
v 0.350386 0.465579 0.410752
v 0.394208 0.545388 0.372506
v 0.353423 0.737524 0.373979
v 0.122541 0.551609 0.483521
v 0.168974 0.477948 0.454910
v 0.234915 0.400755 0.400062
v 0.314940 0.477948 0.369200
v 0.362548 0.551609 0.342590
v 0.388741 0.737524 0.337119
v 0.389012 0.545388 0.377929
v 0.425351 0.465579 0.332512
v 0.463414 0.380709 0.246112
v 0.513680 0.465579 0.166193
v 0.530958 0.545389 0.110653
v 0.496995 0.737524 0.133282
v 0.357770 0.551609 0.347577
v 0.382321 0.477948 0.298875
v 0.409735 0.400755 0.217604
v 0.461716 0.477948 0.149380
v 0.488316 0.551609 0.101766
v 0.489003 0.952625 0.004050
v 0.550454 0.764472 0.033333
v 0.564565 0.682527 -0.021857
v 0.556666 0.592105 -0.113138
v 0.528305 0.682527 -0.200262
v 0.493770 0.764471 -0.245565
v 0.448625 0.952625 -0.194617
v 0.506595 0.762180 0.030677
v 0.508613 0.683397 -0.019692
v 0.494231 0.598172 -0.100450
v 0.475947 0.683397 -0.180415
v 0.454427 0.762180 -0.225998
v 0.427448 0.952625 -0.237547
v 0.495349 0.764471 -0.242364
v 0.480418 0.682527 -0.297338
v 0.428546 0.592107 -0.372862
v 0.360920 0.682528 -0.434681
v 0.308539 0.764471 -0.457072
v 0.294378 0.952625 -0.390490
v 0.455880 0.762180 -0.223053
v 0.432806 0.683397 -0.267871
v 0.380479 0.598172 -0.331043
v 0.325151 0.683396 -0.391602
v 0.283955 0.762180 -0.420653
v 0.253269 0.952625 -0.418325
v 0.309832 0.764472 -0.456196
v 0.269593 0.682527 -0.496518
v 0.187085 0.592106 -0.536355
v 0.097699 0.682527 -0.556476
v 0.041110 0.764472 -0.549928
v 0.061850 0.952625 -0.485093
v 0.285146 0.762180 -0.419846
v 0.242876 0.683397 -0.447311
v 0.166101 0.598172 -0.476198
v 0.088017 0.683397 -0.501327
v 0.037836 0.762180 -0.506110
v 0.065112 0.952625 -0.484666
v 0.101844 0.764471 -0.541977
v 0.048849 0.682527 -0.562872
v -0.042704 0.592106 -0.566440
v -0.132689 0.682529 -0.549186
v -0.181951 0.764471 -0.520581
v -0.137043 0.952625 -0.469425
v 0.093728 0.762180 -0.498793
v 0.044007 0.683397 -0.507089
v -0.037915 0.598172 -0.502908
v -0.119538 0.683396 -0.494759
v -0.167454 0.762180 -0.479102
v -0.167616 0.952625 -0.459397
v -0.161732 0.764472 -0.527214
v -0.218366 0.682527 -0.521083
v -0.301087 0.592107 -0.481689
v -0.372740 0.682527 -0.424589
v -0.403065 0.764471 -0.376364
v -0.339525 0.952625 -0.351943
v -0.148844 0.762180 -0.485206
v -0.196725 0.683397 -0.469441
v -0.267317 0.598172 -0.427663
v -0.335800 0.683397 -0.382510
v -0.370948 0.762180 -0.346376
v -0.371166 0.952625 -0.318397
v -0.399256 0.764471 -0.380402
v -0.445627 0.682528 -0.347315
v -0.498446 0.592106 -0.272450
v -0.532944 0.682527 -0.187569
v -0.535757 0.764471 -0.130672
v -0.468400 0.952625 -0.140507
v -0.367444 0.762180 -0.350092
v -0.401463 0.683397 -0.312894
v -0.442541 0.598172 -0.241891
v -0.480126 0.683397 -0.168980
v -0.493068 0.762180 -0.120261
v -0.482717 0.952625 -0.078263
v -0.539008 0.764472 -0.116538
v -0.561336 0.682528 -0.064130
v -0.567391 0.592106 0.027291
v -0.552590 0.682528 0.117710
v -0.525335 0.764472 0.167733
v -0.472977 0.952625 0.124232
v -0.496061 0.762180 -0.107252
v -0.505705 0.683396 -0.057775
v -0.503753 0.598172 0.024231
v -0.497825 0.683397 0.106045
v -0.483476 0.762180 0.154368
v -0.463517 0.952625 0.155860
v -0.531162 0.764472 0.148252
v -0.526476 0.682527 0.205023
v -0.489201 0.592106 0.288720
v -0.433945 0.682527 0.361805
v -0.386509 0.764472 0.393347
v -0.360476 0.952625 0.330450
v -0.488839 0.762180 0.136437
v -0.474299 0.683397 0.184704
v -0.434333 0.598172 0.256338
v -0.390939 0.683397 0.325948
v -0.355712 0.762180 0.362006
v -0.351812 0.952626 0.339660
v -0.416179 0.764472 0.361810
v -0.387588 0.682528 0.411080
v -0.318007 0.592107 0.470690
v -0.236738 0.682527 0.512997
v -0.180357 0.764471 0.521136
v -0.183829 0.952625 0.453153
v -0.383019 0.762180 0.332980
v -0.349176 0.683397 0.370340
v -0.282340 0.598172 0.417897
v -0.213276 0.683397 0.462157
v -0.165986 0.762180 0.479612
v -0.162543 0.952625 0.461216
v -0.210185 0.764472 0.509836
v -0.162563 0.682527 0.541096
v -0.073661 0.592106 0.563251
v 0.017953 0.682527 0.564702
v 0.072013 0.764472 0.546741
v 0.038475 0.952625 0.487504
v -0.193438 0.762180 0.469213
v -0.146452 0.683397 0.487470
v -0.065397 0.598172 0.500077
v 0.016172 0.683397 0.508737
v 0.066273 0.762180 0.503177
v 0.058210 0.952625 0.485543
v 0.036987 0.764472 0.550221
v 0.093523 0.682528 0.557194
v 0.183056 0.592106 0.537743
v 0.265861 0.682528 0.498527
v 0.306402 0.764471 0.458507
v 0.250124 0.952625 0.420213
v 0.034037 0.762180 0.506380
v 0.084254 0.683396 0.501973
v 0.162525 0.598172 0.477430
v 0.239514 0.683397 0.449120
v 0.281988 0.762180 0.421974
v 0.283501 0.952625 0.398457
v 0.295822 0.764472 0.465404
v 0.348800 0.682527 0.444466
v 0.418103 0.592107 0.384535
v 0.472039 0.682527 0.310469
v 0.488480 0.764471 0.255927
v 0.420737 0.952626 0.249240
v 0.272251 0.762180 0.428321
v 0.314232 0.683397 0.400417
v 0.371209 0.598172 0.341406
v 0.425257 0.683397 0.279700
v 0.449557 0.762180 0.235536
v 0.448336 0.952626 0.195282
v 0.493406 0.764472 0.246297
v 0.528008 0.682528 0.201044
v 0.556498 0.592106 0.113963
v 0.564532 0.682527 0.022694
v 0.550503 0.764471 -0.032517
v 0.489009 0.952625 -0.003325
v 0.454091 0.762180 0.226672
v 0.475679 0.683397 0.181120
v 0.494081 0.598172 0.101182
v 0.508584 0.683397 0.020445
v 0.506639 0.762180 -0.029926
v 0.420902 1.156551 0.088300
v 0.503484 0.985417 0.133391
v 0.541262 0.906699 0.087243
v 0.567738 0.816705 -0.001140
v 0.540908 0.906699 -0.089415
v 0.502945 0.985418 -0.135411
v 0.420544 1.156551 -0.089989
v 0.461981 0.975797 0.122396
v 0.486685 0.897759 0.078445
v 0.504008 0.810833 -0.001012
v 0.486366 0.897759 -0.080399
v 0.461486 0.975797 -0.124249
v 0.412826 1.156552 -0.120541
v 0.506913 0.985418 -0.119703
v 0.518476 0.906698 -0.178211
v 0.500161 0.816703 -0.268638
v 0.434886 0.906698 -0.333841
v 0.379723 0.985417 -0.356511
v 0.328465 1.156551 -0.277608
v 0.465127 0.975797 -0.109835
v 0.466196 0.897759 -0.160242
v 0.444017 0.810833 -0.238482
v 0.391035 0.897759 -0.300179
v 0.348421 0.975797 -0.327123
v 0.308789 1.156551 -0.299340
v 0.392383 0.985418 -0.342528
v 0.375291 0.906698 -0.399665
v 0.316877 0.816703 -0.471080
v 0.228709 0.906699 -0.498265
v 0.169344 0.985417 -0.492557
v 0.160855 1.156551 -0.398850
v 0.360038 0.975797 -0.314292
v 0.337449 0.897759 -0.359366
v 0.281306 0.810833 -0.418200
v 0.205648 0.897759 -0.448023
v 0.155385 0.975797 -0.451954
v 0.138921 1.156551 -0.407009
v 0.193738 0.985417 -0.483483
v 0.152535 0.906698 -0.526601
v 0.068038 0.816704 -0.563647
v -0.022849 0.906700 -0.547772
v -0.073128 0.985418 -0.515696
v -0.038083 1.156552 -0.428375
v 0.177768 0.975797 -0.443628
v 0.137155 0.897759 -0.473502
v 0.060400 0.810833 -0.500376
v -0.020545 0.897759 -0.492538
v -0.067100 0.975797 -0.473185
v -0.054668 1.156552 -0.426576
v -0.039163 0.985418 -0.519380
v -0.095152 0.906699 -0.539928
v -0.187328 0.816704 -0.535944
v -0.261915 0.906698 -0.481639
v -0.292913 0.985418 -0.430687
v -0.222972 1.156551 -0.367749
v -0.035935 0.975797 -0.476566
v -0.085557 0.897759 -0.485485
v -0.166300 0.810833 -0.475783
v -0.235506 0.897759 -0.433074
v -0.268767 0.975797 -0.395185
v -0.256533 1.156552 -0.345176
v -0.288455 0.985418 -0.433686
v -0.347332 0.906699 -0.424189
v -0.425753 0.816704 -0.375582
v -0.464199 0.906699 -0.291711
v -0.466278 0.985418 -0.232108
v -0.374478 1.156551 -0.211476
v -0.264676 0.975797 -0.397937
v -0.312310 0.897759 -0.381416
v -0.377961 0.810833 -0.333422
v -0.417392 0.897759 -0.262297
v -0.427842 0.975797 -0.212974
v -0.377559 1.156551 -0.205924
v -0.443630 0.985418 -0.272914
v -0.493111 0.906699 -0.239619
v -0.543949 0.816704 -0.162626
v -0.543714 0.906698 -0.070364
v -0.520628 0.985418 -0.015374
v -0.428629 1.156551 -0.035106
v -0.407061 0.975797 -0.250417
v -0.443389 0.897759 -0.215458
v -0.482889 0.810833 -0.144371
v -0.488889 0.897759 -0.063269
v -0.477711 0.975797 -0.014107
v -0.430015 1.156551 -0.006506
v -0.519675 0.985418 -0.035041
v -0.547970 0.906699 0.017460
v -0.557125 0.816703 0.109266
v -0.513971 0.906699 0.190813
v -0.467941 0.985418 0.228737
v -0.395702 1.156551 0.168450
v -0.476837 0.975797 -0.032153
v -0.492716 0.897759 0.015698
v -0.494586 0.810833 0.097000
v -0.462145 0.897759 0.171574
v -0.429368 0.975797 0.209882
v -0.371192 1.156551 0.217192
v -0.462665 0.985418 0.239229
v -0.459672 0.906698 0.298793
v -0.419945 0.816704 0.382065
v -0.340789 0.906699 0.429463
v -0.281771 0.985417 0.438058
v -0.251211 1.156551 0.349068
v -0.424527 0.975797 0.219508
v -0.413322 0.897759 0.268665
v -0.372805 0.810833 0.339177
v -0.306426 0.897759 0.386159
v -0.258545 0.975797 0.401947
v -0.233762 1.156551 0.360986
v -0.305536 0.985418 0.421827
v -0.276061 0.906698 0.473674
v -0.203114 0.816703 0.530162
v -0.111096 0.906699 0.536874
v -0.054524 0.985418 0.517993
v -0.067273 1.156551 0.424770
v -0.280350 0.975797 0.387054
v -0.248225 0.897759 0.425911
v -0.180313 0.810833 0.470650
v -0.099893 0.897759 0.482739
v -0.050029 0.975797 0.475294
v -0.044093 1.156551 0.427798
v -0.080361 0.985418 0.514618
v -0.030536 0.906699 0.547397
v 0.060117 0.816705 0.564547
v 0.145128 0.906699 0.528691
v 0.186932 0.985417 0.486155
v 0.133193 1.156551 0.408919
v -0.073737 0.975797 0.472197
v -0.027458 0.897759 0.492201
v 0.053369 0.810833 0.501175
v 0.130494 0.897759 0.475381
v 0.171522 0.975797 0.446080
v 0.175034 1.156551 0.392834
v 0.186873 0.985418 0.486177
v 0.246405 0.906699 0.489755
v 0.333542 0.816704 0.459431
v 0.389362 0.906699 0.385971
v 0.404397 0.985418 0.328257
v 0.319310 1.156551 0.288091
v 0.171469 0.975797 0.446100
v 0.221559 0.897759 0.440372
v 0.296101 0.810833 0.407859
v 0.350101 0.897759 0.347052
v 0.371062 0.975797 0.301198
v 0.335885 1.156551 0.268583
v 0.389267 0.985417 0.346065
v 0.443794 0.906699 0.321905
v 0.507274 0.816703 0.254952
v 0.523125 0.906699 0.164061
v 0.509978 0.985417 0.105889
v 0.415948 1.156552 0.109283
v 0.357179 0.975797 0.317538
v 0.399045 0.897759 0.289446
v 0.450331 0.810833 0.226333
v 0.470376 0.897759 0.147519
v 0.467939 0.975798 0.097161
v 0.345032 1.334194 -0.004815
v 0.456153 1.192890 0.021791
v 0.493965 1.122751 -0.034373
v 0.510506 1.039165 -0.136195
v 0.445445 1.122751 -0.216247
v 0.384681 1.192890 -0.246113
v 0.301579 1.334194 -0.167691
v 0.415365 1.176504 0.019843
v 0.440966 1.105047 -0.030685
v 0.450697 1.022912 -0.120238
v 0.397651 1.105047 -0.193044
v 0.350284 1.176504 -0.224105
v 0.286336 1.334194 -0.192566
v 0.393940 1.192889 -0.231003
v 0.394918 1.122751 -0.298703
v 0.353133 1.039166 -0.393017
v 0.254902 1.122751 -0.424510
v 0.187691 1.192890 -0.416320
v 0.160945 1.334194 -0.305232
v 0.358714 1.176504 -0.210347
v 0.352546 1.105047 -0.266653
v 0.311761 1.022912 -0.346972
v 0.227552 1.105047 -0.378962
v 0.170909 1.176504 -0.379093
v 0.135214 1.334194 -0.317470
v 0.204509 1.192890 -0.408322
v 0.168449 1.122751 -0.465627
v 0.082030 1.039166 -0.521955
v -0.017501 1.122751 -0.494851
v -0.069402 1.192890 -0.451369
v -0.031314 1.334194 -0.343642
v 0.186223 1.176504 -0.371810
v 0.150376 1.105047 -0.415668
v 0.072420 1.022912 -0.460804
v -0.015624 1.105047 -0.441756
v -0.063196 1.176504 -0.411008
v -0.058160 1.334194 -0.340129
v -0.049075 1.192890 -0.454029
v -0.110416 1.122751 -0.482692
v -0.213569 1.039166 -0.483274
v -0.282586 1.122751 -0.406606
v -0.302687 1.192890 -0.341952
v -0.212348 1.334194 -0.271990
v -0.044686 1.176504 -0.413430
v -0.098567 1.105047 -0.430903
v -0.188548 1.022912 -0.426655
v -0.252266 1.105047 -0.362980
v -0.275621 1.176504 -0.311375
v -0.223754 1.334194 -0.262687
v -0.274129 1.192889 -0.365245
v -0.341504 1.122751 -0.358551
v -0.430480 1.039165 -0.306354
v -0.450646 1.122751 -0.205188
v -0.434897 1.192890 -0.139338
v -0.321495 1.334194 -0.125343
v -0.249616 1.176504 -0.332585
v -0.304863 1.105047 -0.320080
v -0.380046 1.022912 -0.270462
v -0.402294 1.105047 -0.183172
v -0.396009 1.176504 -0.126878
v -0.332952 1.334194 -0.090628
v -0.432409 1.192889 -0.146877
v -0.484257 1.122751 -0.103336
v -0.528266 1.039165 -0.010037
v -0.487833 1.122751 0.084866
v -0.437676 1.192890 0.130346
v -0.336154 1.334194 0.077914
v -0.393743 1.176504 -0.133744
v -0.432300 1.105047 -0.092248
v -0.466375 1.022912 -0.008862
v -0.435492 1.105047 0.075759
v -0.398540 1.176504 0.118690
v -0.329825 1.334194 0.101417
v -0.443949 1.192890 0.107053
v -0.464486 1.122751 0.171570
v -0.451798 1.039165 0.273943
v -0.366891 1.122751 0.332528
v -0.300189 1.192890 0.344147
v -0.242425 1.334194 0.245561
v -0.404251 1.176504 0.097480
v -0.414649 1.105047 0.153162
v -0.398866 1.022912 0.241848
v -0.327526 1.105047 0.296849
v -0.273346 1.176504 0.313374
v -0.210296 1.334194 0.273580
v -0.300106 1.192890 0.344220
v -0.279519 1.122751 0.408720
v -0.209928 1.039165 0.484867
v -0.106780 1.122751 0.483509
v -0.045657 1.192890 0.454385
v -0.055600 1.334194 0.340557
v -0.273271 1.176504 0.313440
v -0.249528 1.105047 0.364868
v -0.185333 1.022912 0.428061
v -0.095323 1.105047 0.431632
v -0.041574 1.176504 0.413755
v -0.041508 1.334194 0.342560
v -0.082779 1.192890 0.449108
v -0.032193 1.122751 0.494112
v 0.066489 1.039166 0.524161
v 0.154544 1.122751 0.470425
v 0.192290 1.192890 0.414216
v 0.125724 1.334194 0.321347
v -0.075377 1.176504 0.408950
v -0.028739 1.105047 0.441097
v 0.058700 1.022912 0.462752
v 0.137962 1.105047 0.419951
v 0.175096 1.176504 0.377178
v 0.153526 1.334194 0.309031
v 0.177583 1.192890 0.420732
v 0.244574 1.122750 0.430543
v 0.343538 1.039165 0.401431
v 0.387588 1.122751 0.308155
v 0.388245 1.192889 0.240450
v 0.281602 1.334194 0.199426
v 0.161703 1.176504 0.383111
v 0.218333 1.105047 0.384348
v 0.303290 1.022912 0.354401
v 0.346003 1.105047 0.275090
v 0.353529 1.176504 0.218949
v 0.291359 1.334194 0.184878
v 0.369779 1.192890 0.267982
v 0.432170 1.122751 0.241686
v 0.501760 1.039166 0.165539
v 0.491145 1.122751 0.062929
v 0.456650 1.192889 0.004669
v 0.344174 1.334194 0.024793
v 0.336713 1.176504 0.244020
v 0.385801 1.105047 0.215755
v 0.442975 1.022912 0.146144
v 0.438448 1.105047 0.056177
v 0.415817 1.176504 0.004251
v 0.233500 1.472368 0.062893
v 0.345307 1.372646 0.121566
v 0.404828 1.316122 0.080061
v 0.456155 1.244619 -0.017566
v 0.397473 1.316123 -0.110955
v 0.334935 1.372646 -0.147761
v 0.227972 1.472368 -0.080663
v 0.310158 1.349248 0.109192
v 0.356371 1.289739 0.070477
v 0.397747 1.218552 -0.015317
v 0.349896 1.289739 -0.097675
v 0.300843 1.349248 -0.132721
v 0.226437 1.472368 -0.084878
v 0.351494 1.372646 -0.102306
v 0.375703 1.316122 -0.170712
v 0.360564 1.244618 -0.279964
v 0.258467 1.316122 -0.321699
v 0.186195 1.372646 -0.315192
v 0.138330 1.472368 -0.198350
v 0.315717 1.349248 -0.091891
v 0.330733 1.289739 -0.150278
v 0.314395 1.218552 -0.244117
v 0.227529 1.289739 -0.283192
v 0.167243 1.349248 -0.283109
v 0.104192 1.472368 -0.218224
v 0.182167 1.372646 -0.317538
v 0.152143 1.316123 -0.383598
v 0.065443 1.244618 -0.451778
v -0.037040 1.316123 -0.411003
v -0.084575 1.372646 -0.356177
v -0.037987 1.472368 -0.238820
v 0.163624 1.349248 -0.285216
v 0.133932 1.289739 -0.337683
v 0.057063 1.218552 -0.393931
v -0.032607 1.289739 -0.361807
v -0.075967 1.349247 -0.319922
v -0.045757 1.472368 -0.237454
v -0.041994 1.372646 -0.363664
v -0.105380 1.316122 -0.398987
v -0.215626 1.244618 -0.402358
v -0.273869 1.316122 -0.308693
v -0.279558 1.372646 -0.236352
v -0.172382 1.472368 -0.169594
v -0.037720 1.349248 -0.326647
v -0.092766 1.289739 -0.351229
v -0.188016 1.218552 -0.350838
v -0.241087 1.289739 -0.271743
v -0.251102 1.349248 -0.212294
v -0.194474 1.472368 -0.143728
v -0.277177 1.372646 -0.239140
v -0.347736 1.316123 -0.222204
v -0.431136 1.244619 -0.150026
v -0.410560 1.316123 -0.041665
v -0.365756 1.372646 0.015415
v -0.241688 1.472368 -0.008046
v -0.248963 1.349248 -0.214799
v -0.306113 1.289739 -0.195608
v -0.375932 1.218552 -0.130816
v -0.361417 1.289739 -0.036678
v -0.328526 1.349248 0.013845
v -0.241698 1.472368 0.007737
v -0.365736 1.372646 -0.015882
v -0.410613 1.316123 0.041140
v -0.431328 1.244618 0.149476
v -0.348020 1.316122 0.221761
v -0.277482 1.372646 0.238786
v -0.194657 1.472368 0.143480
v -0.328508 1.349248 -0.014265
v -0.361464 1.289739 0.036216
v -0.376099 1.218553 0.130335
v -0.306363 1.289739 0.195216
v -0.249237 1.349247 0.214480
v -0.172764 1.472368 0.169205
v -0.280090 1.372646 0.235721
v -0.274565 1.316123 0.308074
v -0.216532 1.244619 0.401871
v -0.106280 1.316122 0.398748
v -0.042815 1.372646 0.363568
v -0.046292 1.472368 0.237350
v -0.251580 1.349248 0.211728
v -0.241700 1.289739 0.271199
v -0.188807 1.218552 0.350413
v -0.093558 1.289739 0.351019
v -0.038456 1.349248 0.326561
v -0.032635 1.472368 0.239610
v -0.076588 1.372646 0.357979
v -0.027839 1.316123 0.411728
v 0.075530 1.244619 0.450202
v 0.160684 1.316123 0.380100
v 0.189224 1.372646 0.313383
v 0.109047 1.472368 0.215839
v -0.068792 1.349248 0.321541
v -0.024506 1.289739 0.362446
v 0.065860 1.218552 0.392556
v 0.141451 1.289739 0.334603
v 0.169963 1.349248 0.281485
v 0.139152 1.472368 0.197774
v 0.187504 1.372646 0.314415
v 0.259801 1.316123 0.320623
v 0.361723 1.244618 0.278465
v 0.376409 1.316122 0.169150
v 0.351916 1.372646 0.100845
v 0.226787 1.472368 0.083937
v 0.168418 1.349247 0.282412
v 0.228704 1.289739 0.282245
v 0.315407 1.218552 0.242809
v 0.331354 1.289739 0.148903
v 0.316096 1.349248 0.090579
v 0.126823 1.560912 -0.014718
v 0.255636 1.512449 -0.000624
v 0.300243 1.473992 -0.066297
v 0.302681 1.419587 -0.193124
v 0.186635 1.473991 -0.244354
v 0.108281 1.512449 -0.231572
v 0.066786 1.560912 -0.108813
v 0.224829 1.481033 -0.000548
v 0.258394 1.437947 -0.057056
v 0.258374 1.383068 -0.164854
v 0.160621 1.437947 -0.210294
v 0.095231 1.481033 -0.203665
v 0.050153 1.560912 -0.117411
v 0.126309 1.512448 -0.222252
v 0.091427 1.473991 -0.293568
v -0.017477 1.419586 -0.358619
v -0.119536 1.473992 -0.283289
v -0.147320 1.512449 -0.208918
v -0.061331 1.560912 -0.111979
v 0.111088 1.481033 -0.195469
v 0.078683 1.437947 -0.252649
v -0.014917 1.383068 -0.306123
v -0.102875 1.437947 -0.243802
v -0.129567 1.481033 -0.183742
v -0.075995 1.560912 -0.102594
v -0.128006 1.512449 -0.221279
v -0.207175 1.473992 -0.227199
v -0.318329 1.419586 -0.166073
v -0.304871 1.473991 -0.039939
v -0.254722 1.512449 0.021608
v -0.127623 1.560912 -0.003635
v -0.112581 1.481033 -0.194613
v -0.178299 1.437947 -0.195531
v -0.271730 1.383068 -0.141763
v -0.262376 1.437947 -0.034371
v -0.224026 1.481033 0.019004
v -0.126973 1.560912 0.013366
v -0.255628 1.512449 -0.002101
v -0.300932 1.473992 0.063095
v -0.304723 1.419586 0.189888
v -0.189228 1.473991 0.242351
v -0.110742 1.512449 0.230405
v -0.067942 1.560912 0.108095
v -0.224823 1.481033 -0.001848
v -0.258987 1.437947 0.054299
v -0.260116 1.383068 0.162091
v -0.162853 1.437947 0.208571
v -0.097397 1.481033 0.202639
v -0.058218 1.560912 0.113628
v -0.141499 1.512449 0.212904
v -0.111674 1.473991 0.286479
v -0.007572 1.419586 0.358965
v 0.099491 1.473992 0.290934
v 0.132394 1.512449 0.218682
v 0.053374 1.560912 0.115983
v -0.124448 1.481033 0.187247
v -0.096109 1.437947 0.246548
v -0.006465 1.383068 0.306418
v 0.085624 1.437947 0.250382
v 0.116439 1.481033 0.192329
v 0.066909 1.560912 0.108738
v 0.108543 1.512449 0.231449
v 0.186912 1.473992 0.244141
v 0.302900 1.419586 0.192782
v 0.300318 1.473991 0.065956
v 0.255636 1.512449 0.000334
v 0.126840 1.560912 0.014575
v 0.095462 1.481033 0.203557
v 0.160859 1.437947 0.210112
v 0.258560 1.383068 0.164561
v 0.258458 1.437947 0.056764
v 0.224830 1.481033 0.000293
vn -0.0000 -1.0000 -0.0000
vn 0.8227 -0.5240 -0.2204
vn 0.6023 -0.5240 -0.6023
vn 0.2204 -0.5240 -0.8227
vn -0.2204 -0.5240 -0.8227
vn -0.6023 -0.5240 -0.6023
vn -0.8227 -0.5240 -0.2204
vn -0.8227 -0.5240 0.2204
vn -0.6023 -0.5240 0.6023
vn -0.2204 -0.5240 0.8227
vn 0.2204 -0.5240 0.8227
vn 0.6023 -0.5240 0.6023
vn 0.8227 -0.5240 0.2204
vn 0.7101 -0.6779 -0.1903
vn 0.5198 -0.6779 -0.5198
vn 0.1903 -0.6779 -0.7101
vn -0.1903 -0.6779 -0.7101
vn -0.5198 -0.6779 -0.5198
vn -0.7101 -0.6779 -0.1903
vn -0.7101 -0.6779 0.1903
vn -0.5198 -0.6779 0.5198
vn -0.1903 -0.6779 0.7101
vn 0.1903 -0.6779 0.7101
vn 0.5198 -0.6779 0.5198
vn 0.7101 -0.6779 0.1903
vn 0.8937 -0.3794 -0.2395
vn 0.6542 -0.3794 -0.6542
vn 0.2395 -0.3794 -0.8937
vn -0.2395 -0.3794 -0.8937
vn -0.6542 -0.3794 -0.6542
vn -0.8937 -0.3794 -0.2395
vn -0.8937 -0.3794 0.2395
vn -0.6542 -0.3794 0.6542
vn -0.2395 -0.3794 0.8937
vn 0.2395 -0.3794 0.8937
vn 0.6542 -0.3794 0.6542
vn 0.8937 -0.3794 0.2395
vn 0.9601 -0.1093 -0.2573
vn 0.7029 -0.1093 -0.7029
vn 0.2573 -0.1093 -0.9601
vn -0.2573 -0.1093 -0.9601
vn -0.7029 -0.1093 -0.7029
vn -0.9601 -0.1093 -0.2573
vn -0.9601 -0.1093 0.2573
vn -0.7029 -0.1093 0.7029
vn -0.2573 -0.1093 0.9601
vn 0.2573 -0.1093 0.9601
vn 0.7029 -0.1093 0.7029
vn 0.9601 -0.1093 0.2573
vn 0.9597 0.1129 -0.2572
vn 0.7026 0.1129 -0.7026
vn 0.2572 0.1129 -0.9597
vn -0.2572 0.1129 -0.9597
vn -0.7026 0.1129 -0.7026
vn -0.9597 0.1129 -0.2572
vn -0.9597 0.1129 0.2572
vn -0.7026 0.1129 0.7026
vn -0.2572 0.1129 0.9597
vn 0.2572 0.1129 0.9597
vn 0.7026 0.1129 0.7026
vn 0.9597 0.1129 0.2572
vn 0.9202 0.3039 -0.2466
vn 0.6737 0.3039 -0.6737
vn 0.2466 0.3039 -0.9202
vn -0.2466 0.3039 -0.9202
vn -0.6737 0.3039 -0.6737
vn -0.9202 0.3039 -0.2466
vn -0.9202 0.3039 0.2466
vn -0.6737 0.3039 0.6737
vn -0.2466 0.3039 0.9202
vn 0.2466 0.3039 0.9202
vn 0.6737 0.3039 0.6737
vn 0.9202 0.3039 0.2466
vn 0.8392 0.4952 -0.2249
vn 0.6143 0.4952 -0.6143
vn 0.2249 0.4952 -0.8392
vn -0.2249 0.4952 -0.8392
vn -0.6143 0.4952 -0.6143
vn -0.8392 0.4952 -0.2249
vn -0.8392 0.4952 0.2249
vn -0.6143 0.4952 0.6143
vn -0.2249 0.4952 0.8392
vn 0.2249 0.4952 0.8392
vn 0.6143 0.4952 0.6143
vn 0.8392 0.4952 0.2249
vn 0.6683 0.7220 -0.1791
vn 0.4892 0.7220 -0.4892
vn 0.1791 0.7220 -0.6683
vn -0.1791 0.7220 -0.6683
vn -0.4892 0.7220 -0.4892
vn -0.6683 0.7220 -0.1791
vn -0.6683 0.7220 0.1791
vn -0.4892 0.7220 0.4892
vn -0.1791 0.7220 0.6683
vn 0.1791 0.7220 0.6683
vn 0.4892 0.7220 0.4892
vn 0.6683 0.7220 0.1791
vn 0.2855 0.9553 -0.0765
vn 0.2090 0.9553 -0.2090
vn 0.0765 0.9553 -0.2855
vn -0.0765 0.9553 -0.2855
vn -0.2090 0.9553 -0.2090
vn -0.2855 0.9553 -0.0765
vn -0.2855 0.9553 0.0765
vn -0.2090 0.9553 0.2090
vn -0.0765 0.9553 0.2855
vn 0.0765 0.9553 0.2855
vn 0.2090 0.9553 0.2090
vn 0.2855 0.9553 0.0765
vn 0.9404 -0.3393 0.0246
vn 0.9564 -0.2909 0.0251
vn 0.8079 -0.5889 0.0212
vn -0.2684 0.1630 0.9494
vn -0.2183 0.1630 -0.9622
vn -0.6344 -0.4669 0.6160
vn -0.6277 -0.4792 0.6135
vn -0.5947 -0.4792 -0.6455
vn -0.6013 -0.4669 -0.6484
vn 0.7284 -0.3393 -0.5952
vn 0.7408 -0.2909 -0.6054
vn 0.6258 -0.5889 -0.5114
vn 0.4165 0.1630 0.8944
vn -0.7935 0.1630 -0.5863
vn -0.0784 -0.4669 0.8808
vn -0.0750 -0.4792 0.8745
vn -0.8719 -0.4792 -0.1007
vn -0.8788 -0.4669 -0.0986
vn 0.1517 -0.3393 -0.9284
vn 0.1543 -0.2909 -0.9442
vn 0.1303 -0.5889 -0.7976
vn 0.9044 0.1630 0.3944
vn -0.9829 0.1630 0.0860
vn 0.5245 -0.4669 0.7120
vn 0.5229 -0.4792 0.7050
vn -0.7201 -0.4792 0.5019
vn -0.7239 -0.4669 0.5080
vn -0.4976 -0.3393 -0.7983
vn -0.5061 -0.2909 -0.8120
vn -0.4275 -0.5889 -0.6859
vn 0.9402 0.1630 -0.2992
vn -0.6827 0.1630 0.7123
vn 0.8637 -0.4669 0.1900
vn 0.8578 -0.4792 0.1858
vn -0.2110 -0.4792 0.8520
vn -0.2098 -0.4669 0.8591
vn -0.8751 -0.3393 -0.3451
vn -0.8900 -0.2909 -0.3510
vn -0.7519 -0.5889 -0.2965
vn 0.5772 0.1630 -0.8002
vn -0.1243 0.1630 0.9788
vn 0.8070 -0.4669 -0.3616
vn 0.7998 -0.4792 -0.3615
vn 0.3378 -0.4792 0.8101
vn 0.3430 -0.4669 0.8151
vn -0.8849 -0.3393 0.3191
vn -0.9000 -0.2909 0.3246
vn -0.7603 -0.5889 0.2742
vn -0.0953 0.1630 -0.9820
vn 0.5533 0.1630 0.8169
vn 0.3669 -0.4669 -0.8046
vn 0.3616 -0.4792 -0.7998
vn 0.7888 -0.4792 0.3850
vn 0.7960 -0.4669 0.3853
vn -0.4723 -0.3393 0.8135
vn -0.4803 -0.2909 0.8274
vn -0.4058 -0.5889 0.6990
vn -0.7047 0.1630 -0.6905
vn 0.9491 0.1630 0.2695
vn -0.2367 -0.4669 -0.8521
vn -0.2376 -0.4792 -0.8449
vn 0.8516 -0.4792 -0.2127
vn 0.8573 -0.4669 -0.2170
vn 0.1309 -0.3393 0.9315
vn 0.1331 -0.2909 0.9474
vn 0.1125 -0.5889 0.8004
vn -0.9807 0.1630 -0.1080
vn 0.9130 0.1630 -0.3741
vn -0.7123 -0.4669 -0.5241
vn -0.7086 -0.4792 -0.5179
vn 0.5385 -0.4792 -0.6931
vn 0.5403 -0.4669 -0.7001
vn 0.7424 -0.3393 0.5777
vn 0.7550 -0.2909 0.5876
vn 0.6378 -0.5889 0.4964
vn -0.7793 0.1630 0.6051
vn 0.3951 0.1630 -0.9041
vn -0.8762 -0.4669 0.1195
vn -0.8693 -0.4792 0.1214
vn -0.0958 -0.4792 -0.8725
vn -0.0994 -0.4669 -0.8787
vn 0.9474 -0.1029 -0.3032
vn 0.9502 -0.0688 -0.3041
vn 0.9007 -0.3249 -0.2883
vn 0.0652 0.1622 0.9846
vn -0.5186 0.1622 -0.8395
vn -0.1897 -0.5547 0.8101
vn -0.2088 -0.6366 0.7424
vn -0.6010 -0.6366 -0.4832
vn -0.6248 -0.5547 -0.5494
vn 0.6835 -0.1029 -0.7226
vn 0.6855 -0.0688 -0.7248
vn 0.6499 -0.3249 -0.6871
vn 0.5321 0.1622 0.8310
vn -0.8593 0.1622 -0.4852
vn 0.2247 -0.5547 0.8011
vn 0.1752 -0.6366 0.7510
vn -0.7596 -0.6366 -0.1332
vn -0.8124 -0.5547 -0.1798
vn 0.1326 -0.1029 -0.9858
vn 0.1330 -0.0688 -0.9887
vn 0.1261 -0.3249 -0.9373
vn 0.9174 0.1622 0.3635
vn -0.9808 0.1622 0.1083
vn 0.6504 -0.5547 0.5190
vn 0.5810 -0.6366 0.5071
vn -0.6943 -0.6366 0.3356
vn -0.7644 -0.5547 0.3287
vn -0.3703 -0.1029 -0.9232
vn -0.3714 -0.0688 -0.9259
vn -0.3521 -0.3249 -0.8777
vn 0.9774 0.1622 -0.1357
vn -0.8002 0.1622 0.5774
vn 0.8216 -0.5547 0.1312
vn 0.7554 -0.6366 0.1551
vn -0.4388 -0.6366 0.6342
vn -0.5032 -0.5547 0.6626
vn -0.8353 -0.1029 -0.5401
vn -0.8378 -0.0688 -0.5416
vn -0.7942 -0.3249 -0.5135
vn 0.7198 0.1622 -0.6750
vn -0.3201 0.1622 0.9334
vn 0.7466 -0.5547 -0.3672
vn 0.7064 -0.6366 -0.3095
vn 0.0077 -0.6366 0.7711
vn -0.0284 -0.5547 0.8316
vn -0.9940 -0.1029 0.0377
vn -0.9969 -0.0688 0.0378
vn -0.9451 -0.3249 0.0358
vn 0.2016 0.1622 -0.9659
vn 0.2741 0.1622 0.9479
vn 0.4003 -0.5547 -0.7294
vn 0.4005 -0.6366 -0.6590
vn 0.4492 -0.6366 0.6268
vn 0.4543 -0.5547 0.6970
vn -0.8134 -0.1029 0.5725
vn -0.8158 -0.0688 0.5742
vn -0.7734 -0.3249 0.5443
vn -0.3566 0.1622 -0.9201
vn 0.7458 0.1622 0.6461
vn -0.0611 -0.5547 -0.8298
vn -0.0226 -0.6366 -0.7709
vn 0.7180 -0.6366 0.2814
vn 0.7605 -0.5547 0.3375
vn -0.3858 -0.1029 0.9168
vn -0.3869 -0.0688 0.9195
vn -0.3668 -0.3249 0.8717
vn -0.7903 0.1622 -0.5908
vn 0.9750 0.1622 0.1520
vn -0.4920 -0.5547 -0.6710
vn -0.4281 -0.6366 -0.6414
vn 0.7579 -0.6366 -0.1423
vn 0.8237 -0.5547 -0.1173
vn 0.1843 -0.1029 0.9775
vn 0.1848 -0.0688 0.9804
vn 0.1752 -0.3249 0.9294
vn -0.9851 0.1622 -0.0565
vn 0.8969 0.1622 -0.4113
vn -0.7806 -0.5547 -0.2880
vn -0.7110 -0.6366 -0.2986
vn 0.5535 -0.6366 -0.5370
vn 0.6222 -0.5547 -0.5525
vn 0.6206 -0.1029 0.7773
vn 0.6224 -0.0688 0.7796
vn 0.5901 -0.3249 0.7391
vn -0.8969 0.1622 0.4115
vn 0.5999 0.1622 -0.7835
vn -0.8246 -0.5547 0.1111
vn -0.7681 -0.6366 0.0691
vn 0.2375 -0.6366 -0.7337
vn 0.2910 -0.5547 -0.7795
vn 0.9664 -0.1029 0.2355
vn 0.9693 -0.0688 0.2362
vn 0.9188 -0.3249 0.2239
vn -0.4580 0.1622 0.8740
vn -0.0045 0.1622 -0.9867
vn -0.5845 -0.5547 0.5922
vn -0.5654 -0.6366 0.5244
vn -0.2607 -0.6366 -0.7258
vn -0.2465 -0.5547 -0.7947
vn 0.9949 0.1004 -0.0126
vn 0.9909 0.1340 -0.0126
vn 0.9966 -0.0811 -0.0126
vn -0.2426 0.1528 0.9580
vn -0.2668 0.1528 -0.9516
vn -0.2603 -0.5845 0.7685
vn -0.2269 -0.7133 0.6631
vn -0.2436 -0.7133 -0.6572
vn -0.2796 -0.5845 -0.7617
vn 0.8673 0.1004 -0.4876
vn 0.8638 0.1340 -0.4857
vn 0.8688 -0.0811 -0.4885
vn 0.2460 0.1528 0.9572
vn -0.6900 0.1528 -0.7075
vn 0.1397 -0.5845 0.7993
vn 0.1185 -0.7133 0.6908
vn -0.5286 -0.7133 -0.4602
vn -0.6103 -0.5845 -0.5347
vn 0.4901 0.1004 -0.8659
vn 0.4882 0.1340 -0.8624
vn 0.4910 -0.0811 -0.8674
vn 0.7055 0.1528 0.6920
vn -0.9564 0.1528 -0.2487
vn 0.5329 -0.5845 0.6119
vn 0.4586 -0.7133 0.5300
vn -0.6904 -0.7133 -0.1205
vn -0.7989 -0.5845 -0.1420
vn -0.0402 0.1004 -0.9941
vn -0.0400 0.1340 -0.9902
vn -0.0403 -0.0811 -0.9959
vn 0.9644 0.1528 0.2159
vn -0.9438 0.1528 0.2931
vn 0.7755 -0.5845 0.2388
vn 0.6692 -0.7133 0.2084
vn -0.6501 -0.7133 0.2617
vn -0.7536 -0.5845 0.3007
vn -0.5340 0.1004 -0.8395
vn -0.5318 0.1340 -0.8362
vn -0.5349 -0.0811 -0.8410
vn 0.9424 0.1528 -0.2976
vn -0.6690 0.1528 0.7274
vn 0.7905 -0.5845 -0.1829
vn 0.6833 -0.7133 -0.1558
vn -0.4308 -0.7133 0.5528
vn -0.5008 -0.5845 0.6384
vn -0.8850 0.1004 -0.4546
vn -0.8815 0.1340 -0.4528
vn -0.8866 -0.0811 -0.4554
vn 0.6628 0.1528 -0.7330
vn -0.2097 0.1528 0.9657
vn 0.5897 -0.5845 -0.5573
vn 0.5109 -0.7133 -0.4798
vn -0.0924 -0.7133 0.6947
vn -0.1095 -0.5845 0.8040
vn -0.9944 0.1004 -0.0335
vn -0.9904 0.1340 -0.0334
vn -0.9961 -0.0811 -0.0336
vn 0.2867 0.1528 -0.9458
vn 0.2224 0.1528 0.9629
vn 0.2956 -0.5845 -0.7557
vn 0.2574 -0.7133 -0.6519
vn 0.2129 -0.7133 0.6677
vn 0.2440 -0.5845 0.7738
vn -0.8376 0.1004 0.5370
vn -0.8343 0.1340 0.5348
vn -0.8391 -0.0811 0.5379
vn -0.3009 0.1528 -0.9413
vn 0.7297 0.1528 0.6664
vn -0.1857 -0.5845 -0.7899
vn -0.1582 -0.7133 -0.6828
vn 0.5543 -0.7133 0.4288
vn 0.6402 -0.5845 0.4985
vn -0.4915 0.1004 0.8651
vn -0.4895 0.1340 0.8616
vn -0.4924 -0.0811 0.8666
vn -0.7044 0.1528 -0.6932
vn 0.9560 0.1528 0.2503
vn -0.5319 -0.5845 -0.6127
vn -0.4578 -0.7133 -0.5307
vn 0.6902 -0.7133 0.1216
vn 0.7987 -0.5845 0.1433
vn -0.0287 0.1004 0.9945
vn -0.0286 0.1340 0.9906
vn -0.0288 -0.0811 0.9963
vn -0.9471 0.1528 -0.2822
vn 0.9618 0.1528 -0.2270
vn -0.7571 -0.5845 -0.2919
vn -0.6531 -0.7133 -0.2543
vn 0.6667 -0.7133 -0.2161
vn 0.7727 -0.5845 -0.2478
vn 0.5038 0.1004 0.8580
vn 0.5018 0.1340 0.8545
vn 0.5047 -0.0811 0.8595
vn -0.9524 0.1528 0.2639
vn 0.6945 0.1528 -0.7031
vn -0.7965 -0.5845 0.1547
vn -0.6884 -0.7133 0.1314
vn 0.4502 -0.7133 -0.5372
vn 0.5231 -0.5845 -0.6202
vn 0.8787 0.1004 0.4667
vn 0.8752 0.1340 0.4648
vn 0.8803 -0.0811 0.4675
vn -0.6728 0.1528 0.7239
vn 0.2229 0.1528 -0.9628
vn -0.5973 -0.5845 0.5492
vn -0.5174 -0.7133 0.4727
vn 0.1019 -0.7133 -0.6934
vn 0.1205 -0.5845 -0.8024
vn 0.9414 0.2777 -0.1913
vn 0.9379 0.2899 -0.1906
vn 0.9735 0.1147 -0.1979
vn -0.0668 0.1321 0.9890
vn -0.4476 0.1321 -0.8844
vn 0.0235 -0.5557 0.8311
vn 0.0728 -0.7117 0.6987
vn -0.2057 -0.7117 -0.6717
vn -0.3027 -0.5557 -0.7743
vn 0.7247 0.2777 -0.6306
vn 0.7220 0.2899 -0.6282
vn 0.7494 0.1147 -0.6521
vn 0.4294 0.1321 0.8934
vn -0.8254 0.1321 -0.5489
vn 0.4302 -0.5557 0.7115
vn 0.4078 -0.7117 0.5720
vn -0.5101 -0.7117 -0.4830
vn -0.6451 -0.5557 -0.5245
vn 0.3164 0.2777 -0.9071
vn 0.3152 0.2899 -0.9037
vn 0.3272 0.1147 -0.9380
vn 0.8161 0.1321 0.5626
vn -0.9890 0.1321 -0.0670
vn 0.7265 -0.5557 0.4043
vn 0.6379 -0.7117 0.2943
vn -0.6825 -0.7117 -0.1663
vn -0.8203 -0.5557 -0.1353
vn -0.0722 0.2777 -0.9580
vn -0.0719 0.2899 -0.9544
vn -0.0747 0.1147 -0.9906
vn 0.9729 0.1321 0.1899
vn -0.9334 0.1321 0.3335
vn 0.8275 -0.5557 0.0805
vn 0.7023 -0.7117 0.0150
vn -0.6921 -0.7117 0.1201
vn -0.8061 -0.5557 0.2036
vn -0.5092 0.2777 -0.8146
vn -0.5073 0.2899 -0.8116
vn -0.5265 0.1147 -0.8424
vn 0.9496 0.1321 -0.2841
vn -0.6714 0.1321 0.7292
vn 0.7701 -0.5557 -0.3133
vn 0.6288 -0.7117 -0.3132
vn -0.5570 -0.7117 0.4281
vn -0.6191 -0.5557 0.5549
vn -0.8430 0.2777 -0.4608
vn -0.8398 0.2899 -0.4590
vn -0.8717 0.1147 -0.4765
vn 0.6887 0.1321 -0.7129
vn -0.2282 0.1321 0.9646
vn 0.5179 -0.5557 -0.6504
vn 0.3948 -0.7117 -0.5810
vn -0.2759 -0.7117 0.6460
vn -0.2678 -0.5557 0.7871
vn -0.9596 0.2777 0.0462
vn -0.9560 0.2899 0.0460
vn -0.9923 0.1147 0.0477
vn 0.2162 0.1321 -0.9674
vn 0.3081 0.1321 0.9422
vn 0.1029 -0.5557 -0.8250
vn 0.0341 -0.7117 -0.7017
vn 0.1013 -0.7117 0.6951
vn 0.1816 -0.5557 0.8113
vn -0.8273 0.2777 0.4883
vn -0.8242 0.2899 0.4864
vn -0.8555 0.1147 0.5049
vn -0.2599 0.1321 -0.9566
vn 0.7118 0.1321 0.6898
vn -0.2937 -0.5557 -0.7778
vn -0.2970 -0.7117 -0.6366
vn 0.4137 -0.7117 0.5677
vn 0.5390 -0.5557 0.6330
vn -0.5378 0.2777 0.7960
vn -0.5358 0.2899 0.7930
vn -0.5561 0.1147 0.8231
vn -0.6451 0.1321 -0.7526
vn 0.9390 0.1321 0.3177
vn -0.5990 -0.5557 -0.5766
vn -0.5414 -0.7117 -0.4476
vn 0.6173 -0.7117 0.3353
vn 0.7585 -0.5557 0.3405
vn -0.1246 0.2777 0.9526
vn -0.1241 0.2899 0.9490
vn -0.1288 0.1147 0.9850
vn -0.9138 0.1321 -0.3842
vn 0.9818 0.1321 -0.1363
vn -0.7937 -0.5557 -0.2475
vn -0.6845 -0.7117 -0.1579
vn 0.7021 -0.7117 0.0235
vn 0.8307 -0.5557 -0.0351
vn 0.3096 0.2777 0.9094
vn 0.3084 0.2899 0.9060
vn 0.3201 0.1147 0.9404
vn -0.9894 0.1321 0.0597
vn 0.8203 0.1321 -0.5565
vn -0.8213 -0.5557 0.1291
vn -0.6837 -0.7117 0.1612
vn 0.6401 -0.7117 -0.2895
vn 0.7295 -0.5557 -0.3988
vn 0.7071 0.2777 0.6503
vn 0.7044 0.2899 0.6479
vn 0.7312 0.1147 0.6725
vn -0.8402 0.1321 0.5259
vn 0.4539 0.1321 -0.8812
vn -0.6593 -0.5557 0.5065
vn -0.5232 -0.7117 0.4688
vn 0.4235 -0.7117 -0.5605
vn 0.4496 -0.5557 -0.6993
vn 0.9411 0.2777 0.1927
vn 0.9376 0.2899 0.1920
vn 0.9732 0.1147 0.1993
vn -0.4489 0.1321 0.8838
vn -0.0653 0.1321 -0.9891
vn -0.3039 -0.5557 0.7739
vn -0.2066 -0.7117 0.6714
vn 0.0739 -0.7117 -0.6986
vn 0.0248 -0.5557 -0.8310
vn 0.9008 0.4342 -0.0018
vn 0.9011 0.4335 -0.0018
vn 0.9588 0.2840 -0.0019
vn -0.2795 0.1163 0.9531
vn -0.2833 0.1163 -0.9520
vn -0.0514 -0.5233 0.8506
vn 0.0650 -0.6894 0.7214
vn 0.0621 -0.6894 -0.7217
vn -0.0548 -0.5233 -0.8504
vn 0.7936 0.4342 -0.4262
vn 0.7939 0.4335 -0.4264
vn 0.8447 0.2840 -0.4537
vn 0.2028 0.1163 0.9723
vn -0.6986 0.1163 -0.7060
vn 0.3556 -0.5233 0.7744
vn 0.3974 -0.6894 0.6056
vn -0.2855 -0.6894 -0.6657
vn -0.4492 -0.5233 -0.7241
vn 0.5028 0.4342 -0.7474
vn 0.5030 0.4335 -0.7477
vn 0.5352 0.2840 -0.7956
vn 0.6333 0.1163 0.7651
vn -0.9474 0.1163 -0.2982
vn 0.6761 -0.5233 0.5187
vn 0.6342 -0.6894 0.3501
vn -0.5633 -0.6894 -0.4554
vn -0.7353 -0.5233 -0.4306
vn 0.1080 0.4342 -0.8943
vn 0.1080 0.4335 -0.8946
vn 0.1149 0.2840 -0.9519
vn 0.9119 0.1163 0.3935
vn -0.9794 0.1163 0.1652
vn 0.8380 -0.5233 0.1546
vn 0.7240 -0.6894 0.0234
vn -0.7088 -0.6894 -0.1495
vn -0.8507 -0.5233 -0.0492
vn -0.2972 0.4342 -0.8504
vn -0.2973 0.4335 -0.8507
vn -0.3164 0.2840 -0.9051
vn 0.9920 0.1163 -0.0487
vn -0.8063 0.1163 0.5799
vn 0.8204 -0.5233 -0.2305
vn 0.6602 -0.6894 -0.2980
vn -0.7021 -0.6894 0.1781
vn -0.7853 -0.5233 0.3307
vn -0.6755 0.4342 -0.5959
vn -0.6758 0.4335 -0.5961
vn -0.7190 0.2840 -0.6343
vn 0.8411 0.1163 -0.5282
vn -0.4191 0.1163 0.9004
vn 0.6025 -0.5233 -0.6027
vn 0.4297 -0.6894 -0.5831
vn -0.5250 -0.6894 0.4991
vn -0.5228 -0.5233 0.6729
vn -0.8631 0.4342 -0.2580
vn -0.8634 0.4335 -0.2581
vn -0.9187 0.2840 -0.2747
vn 0.5424 0.1163 -0.8320
vn -0.0033 0.1163 0.9932
vn 0.2945 -0.5233 -0.7996
vn 0.1458 -0.6894 -0.7095
vn -0.2675 -0.6894 0.6731
vn -0.1927 -0.5233 0.8301
vn -0.8840 0.4342 0.1734
vn -0.8843 0.4335 0.1734
vn -0.9409 0.2840 0.1845
vn 0.0928 0.1163 -0.9889
vn 0.4594 0.1163 0.8806
vn -0.1116 -0.5233 -0.8448
vn -0.2012 -0.6894 -0.6959
vn 0.0766 -0.6894 0.7203
vn 0.2158 -0.5233 0.8244
vn -0.6663 0.4342 0.6062
vn -0.6666 0.4335 0.6064
vn -0.7092 0.2840 0.6453
vn -0.4329 0.1163 -0.8939
vn 0.8491 0.1163 0.5152
vn -0.5331 -0.5233 -0.6648
vn -0.5326 -0.6894 -0.4910
vn 0.4386 -0.6894 0.5765
vn 0.6116 -0.5233 0.5934
vn -0.3223 0.4342 0.8412
vn -0.3224 0.4335 0.8415
vn -0.3430 0.2840 0.8954
vn -0.7888 0.1163 -0.6035
vn 0.9901 0.1163 0.0780
vn -0.7752 -0.5233 -0.3538
vn -0.6965 -0.6894 -0.1989
vn 0.6511 -0.6894 0.3175
vn 0.8132 -0.5233 0.2547
vn 0.0954 0.4342 0.8957
vn 0.0954 0.4335 0.8961
vn 0.1015 0.2840 0.9534
vn -0.9770 0.1163 -0.1789
vn 0.9174 0.1163 -0.3807
vn -0.8513 -0.5233 0.0373
vn -0.7108 -0.6894 0.1396
vn 0.7242 -0.6894 -0.0132
vn 0.8401 -0.5233 -0.1429
vn 0.5292 0.4342 0.7290
vn 0.5294 0.4335 0.7292
vn 0.5633 0.2840 0.7759
vn -0.9361 0.1163 0.3319
vn 0.6055 0.1163 -0.7873
vn -0.7194 -0.5233 0.4567
vn -0.5466 -0.6894 0.4753
vn 0.6212 -0.6894 -0.3725
vn 0.6571 -0.5233 -0.5426
vn 0.8049 0.4342 0.4045
vn 0.8052 0.4335 0.4047
vn 0.8567 0.2840 0.4306
vn -0.6792 0.1163 0.7247
vn 0.1763 0.1163 -0.9774
vn -0.4293 -0.5233 0.7361
vn -0.2673 -0.6894 0.6732
vn 0.3808 -0.6894 -0.6162
vn 0.3345 -0.5233 -0.7838
vn 0.7873 0.5796 -0.2101
vn 0.7814 0.5882 -0.2085
vn 0.8624 0.4509 -0.2301
vn -0.0928 0.1133 0.9892
vn -0.5732 0.1133 -0.8115
vn 0.2332 -0.5281 0.8165
vn 0.3556 -0.6932 0.6269
vn -0.0039 -0.6932 -0.7207
vn -0.2045 -0.5281 -0.8242
vn 0.5446 0.5796 -0.6061
vn 0.5405 0.5882 -0.6016
vn 0.5965 0.4509 -0.6639
vn 0.4628 0.1133 0.8792
vn -0.9235 0.1133 -0.3665
vn 0.6415 -0.5281 0.5564
vn 0.6404 -0.6932 0.3307
vn -0.3970 -0.6932 -0.6015
vn -0.6216 -0.5281 -0.5785
vn 0.1265 0.5796 -0.8050
vn 0.1256 0.5882 -0.7989
vn 0.1386 0.4509 -0.8817
vn 0.8671 0.1133 0.4851
vn -0.9741 0.1133 0.1958
vn 0.8411 -0.5281 0.1171
vn 0.7171 -0.6932 -0.0716
vn -0.6606 -0.6932 -0.2881
vn -0.8364 -0.5281 -0.1465
vn -0.3294 0.5796 -0.7453
vn -0.3269 0.5882 -0.7397
vn -0.3608 0.4509 -0.8164
vn 0.9917 0.1133 -0.0615
vn -0.7130 0.1133 0.6919
vn 0.7706 -0.5281 -0.3568
vn 0.5643 -0.6932 -0.4484
vn -0.7114 -0.6932 0.1154
vn -0.7826 -0.5281 0.3296
vn -0.6639 0.5796 -0.4725
vn -0.6589 0.5882 -0.4689
vn -0.7272 0.4509 -0.5175
vn 0.8211 0.1133 -0.5594
vn -0.2595 0.1133 0.9591
vn 0.4802 -0.5281 -0.7004
vn 0.2560 -0.6932 -0.6737
vn -0.5526 -0.6932 0.4626
vn -0.5044 -0.5281 0.6831
vn -0.8147 0.5796 -0.0155
vn -0.8086 0.5882 -0.0154
vn -0.8924 0.4509 -0.0170
vn 0.3622 0.1133 -0.9252
vn 0.3269 0.1133 0.9383
vn 0.0013 -0.5281 -0.8492
vn -0.1687 -0.6932 -0.7007
vn -0.1952 -0.6932 0.6938
vn -0.0310 -0.5281 0.8486
vn -0.6968 0.5796 0.4225
vn -0.6915 0.5882 0.4193
vn -0.7632 0.4509 0.4628
vn -0.1885 0.1133 -0.9755
vn 0.7778 0.1133 0.6182
vn -0.4529 -0.5281 -0.7183
vn -0.5172 -0.6932 -0.5019
vn 0.2059 -0.6932 0.6907
vn 0.4275 -0.5281 0.7337
vn -0.3238 0.5796 0.7478
vn -0.3213 0.5882 0.7422
vn -0.3546 0.4509 0.8191
vn -0.7182 0.1133 -0.6865
vn 0.9921 0.1133 0.0540
vn -0.7851 -0.5281 -0.3237
vn -0.7123 -0.6932 -0.1100
vn 0.5676 -0.6932 0.4441
vn 0.7732 -0.5281 0.3510
vn 0.1025 0.5796 0.8084
vn 0.1018 0.5882 0.8023
vn 0.1123 0.4509 0.8855
vn -0.9678 0.1133 -0.2246
vn 0.8811 0.1133 -0.4592
vn -0.8404 -0.5281 0.1216
vn -0.6689 -0.6932 0.2683
vn 0.7147 -0.6932 0.0928
vn 0.8442 -0.5281 -0.0921
vn 0.5298 0.5796 0.6191
vn 0.5258 0.5882 0.6144
vn 0.5803 0.4509 0.6781
vn -0.9321 0.1133 0.3441
vn 0.4839 0.1133 -0.8677
vn -0.6354 -0.5281 0.5633
vn -0.4115 -0.6932 0.5917
vn 0.6482 -0.6932 -0.3151
vn 0.6548 -0.5281 -0.5407
vn 0.7739 0.5796 0.2553
vn 0.7680 0.5882 0.2534
vn 0.8476 0.4509 0.2796
vn -0.6192 0.1133 0.7770
vn -0.0353 0.1133 -0.9929
vn -0.2519 -0.5281 0.8110
vn -0.0456 -0.6932 0.7193
vn 0.3914 -0.6932 -0.6052
vn 0.2801 -0.5281 -0.8016
vn 0.6729 0.7392 -0.0259
vn 0.6787 0.7339 -0.0261
vn 0.7918 0.6100 -0.0305
vn -0.3898 0.1015 0.9153
vn -0.4590 0.1015 -0.8826
vn 0.1095 -0.5108 0.8527
vn 0.3259 -0.6729 0.6641
vn 0.2738 -0.6729 -0.6872
vn 0.0436 -0.5108 -0.8586
vn 0.5319 0.7392 -0.4130
vn 0.5365 0.7339 -0.4166
vn 0.6259 0.6100 -0.4860
vn 0.2163 0.1015 0.9710
vn -0.8872 0.1015 -0.4501
vn 0.5857 -0.5108 0.6294
vn 0.6517 -0.6729 0.3501
vn -0.1777 -0.6729 -0.7181
vn -0.4646 -0.5108 -0.7233
vn 0.0965 0.7392 -0.6665
vn 0.0974 0.7339 -0.6722
vn 0.1136 0.6100 -0.7842
vn 0.8294 0.1015 0.5493
vn -0.9512 0.1015 0.2914
vn 0.8584 -0.5108 0.0469
vn 0.7122 -0.6729 -0.2000
vn -0.6262 -0.6729 -0.3939
vn -0.8364 -0.5108 -0.1986
vn -0.3181 0.7392 -0.5936
vn -0.3208 0.7339 -0.5987
vn -0.3743 0.6100 -0.6984
vn 0.9936 0.1015 -0.0506
vn -0.5923 0.1015 0.7993
vn 0.7185 -0.5108 -0.4720
vn 0.4543 -0.6729 -0.5839
vn -0.7377 -0.6729 0.0549
vn -0.7909 -0.5108 0.3369
vn -0.6360 0.7392 -0.2213
vn -0.6415 0.7339 -0.2232
vn -0.7484 0.6100 -0.2604
vn 0.6968 0.1015 -0.7101
vn 0.1055 0.1015 0.9892
vn 0.2091 -0.5108 -0.8339
vn -0.0612 -0.6729 -0.7372
vn -0.5056 -0.6729 0.5400
vn -0.3538 -0.5108 0.7835
vn -0.6363 0.7392 0.2205
vn -0.6418 0.7339 0.2224
vn -0.7487 0.6100 0.2595
vn 0.1067 0.1015 -0.9891
vn 0.6959 0.1015 0.7110
vn -0.3528 -0.5108 -0.7840
vn -0.5049 -0.6729 -0.5407
vn -0.0621 -0.6729 0.7372
vn 0.2080 -0.5108 0.8341
vn -0.3194 0.7392 0.5929
vn -0.3222 0.7339 0.5980
vn -0.3759 0.6100 0.6976
vn -0.5905 0.1015 -0.8006
vn 0.9934 0.1015 0.0528
vn -0.7901 -0.5108 -0.3387
vn -0.7376 -0.6729 -0.0566
vn 0.4529 -0.6729 0.5849
vn 0.7175 -0.5108 0.4736
vn 0.1114 0.7392 0.6642
vn 0.1124 0.7339 0.6699
vn 0.1311 0.6100 0.7815
vn -0.9575 0.1015 -0.2700
vn 0.8169 0.1015 -0.5677
vn -0.8318 -0.5108 0.2172
vn -0.6172 -0.6729 0.4078
vn 0.7165 -0.6729 0.1841
vn 0.8571 -0.5108 -0.0661
vn 0.5336 0.7392 0.4108
vn 0.5382 0.7339 0.4143
vn 0.6279 0.6100 0.4834
vn -0.8853 0.1015 0.4538
vn 0.2122 0.1015 -0.9719
vn -0.4616 -0.5108 0.7252
vn -0.1747 -0.6729 0.7188
vn 0.6502 -0.6729 -0.3528
vn 0.5830 -0.5108 -0.6318
vn 0.3647 0.9016 -0.2327
vn 0.3932 0.8846 -0.2509
vn 0.5161 0.7907 -0.3293
vn -0.0788 0.0796 0.9937
vn -0.9344 0.0796 -0.3473
vn 0.5650 -0.4848 0.6676
vn 0.7118 -0.6404 0.2884
vn 0.0384 -0.6404 -0.7671
vn -0.3674 -0.4848 -0.7937
vn -0.0211 0.9016 -0.4321
vn -0.0227 0.8846 -0.4659
vn -0.0298 0.7907 -0.6114
vn 0.8236 0.0796 0.5615
vn -0.7652 0.0796 0.6389
vn 0.8600 -0.4848 -0.1592
vn 0.6036 -0.6404 -0.4749
vn -0.6469 -0.6404 -0.4140
vn -0.8714 -0.4848 -0.0749
vn -0.3835 0.9016 -0.2001
vn -0.4135 0.8846 -0.2157
vn -0.5428 0.7907 -0.2832
vn 0.9006 0.0796 -0.4272
vn 0.1649 0.0796 0.9831
vn 0.2970 -0.4848 -0.8226
vn -0.1050 -0.6404 -0.7608
vn -0.6840 -0.6404 0.3492
vn -0.5048 -0.4848 0.7142
vn -0.3671 0.9016 0.2288
vn -0.3959 0.8846 0.2467
vn -0.5196 0.7907 0.3238
vn 0.0894 0.0796 -0.9928
vn 0.9306 0.0796 0.3572
vn -0.5579 -0.4848 -0.6736
vn -0.7087 -0.6404 -0.2960
vn -0.0466 -0.6404 0.7666
vn 0.3589 -0.4848 0.7976
vn -0.0091 0.9016 0.4325
vn -0.0098 0.8846 0.4663
vn -0.0129 0.7907 0.6120
vn -0.7825 0.0796 -0.6175
vn 0.8078 0.0796 -0.5840
vn -0.8690 -0.4848 0.0989
vn -0.6353 -0.6404 0.4317
vn 0.6165 -0.6404 0.4580
vn 0.8641 -0.4848 0.1355
vn 0.3649 0.9016 0.2323
vn 0.3935 0.8846 0.2504
vn 0.5164 0.7907 0.3287
vn -0.9340 0.0796 0.3483
vn -0.0799 0.0796 -0.9936
vn -0.3665 -0.4848 0.7941
vn 0.0392 -0.6404 0.7670
vn 0.7115 -0.6404 -0.2892
vn 0.5642 -0.4848 -0.6683
vn -0.6428 -0.4524 0.6182
vn -0.6336 -0.4656 0.6179
vn -0.6004 -0.4655 -0.6502
vn -0.6095 -0.4524 -0.6510
vn -0.0833 -0.4523 0.8879
vn -0.0766 -0.4656 0.8817
vn -0.8793 -0.4656 -0.1006
vn -0.8867 -0.4523 -0.0952
vn 0.5255 -0.4524 0.7206
vn 0.5265 -0.4656 0.7114
vn -0.7255 -0.4655 0.5069
vn -0.7275 -0.4523 0.5158
vn 0.8701 -0.4524 0.1958
vn 0.8648 -0.4655 0.1883
vn -0.2118 -0.4656 0.8593
vn -0.2074 -0.4524 0.8674
vn 0.8156 -0.4524 -0.3608
vn 0.8069 -0.4655 -0.3636
vn 0.3415 -0.4655 0.8165
vn 0.3498 -0.4523 0.8204
vn 0.3739 -0.4523 -0.8097
vn 0.3654 -0.4656 -0.8060
vn 0.7958 -0.4656 0.3873
vn 0.8046 -0.4523 0.3847
vn -0.2346 -0.4524 -0.8604
vn -0.2387 -0.4656 -0.8522
vn 0.8584 -0.4655 -0.2153
vn 0.8635 -0.4524 -0.2230
vn -0.7158 -0.4524 -0.5320
vn -0.7140 -0.4655 -0.5229
vn 0.5422 -0.4655 -0.6995
vn 0.5415 -0.4523 -0.7086
vn -0.8842 -0.4524 0.1163
vn -0.8766 -0.4656 0.1215
vn -0.0975 -0.4655 -0.8796
vn -0.1045 -0.4523 -0.8857
vn -0.2094 -0.5339 0.8192
vn -0.2262 -0.6132 0.7568
vn -0.6236 -0.6132 -0.4849
vn -0.6461 -0.5339 -0.5454
vn 0.2118 -0.5339 0.8186
vn 0.1670 -0.6132 0.7721
vn -0.7802 -0.6132 -0.1238
vn -0.8291 -0.5339 -0.1660
vn 0.6501 -0.5339 0.5406
vn 0.5866 -0.6132 0.5291
vn -0.7055 -0.6132 0.3553
vn -0.7699 -0.5339 0.3496
vn 0.8321 -0.5339 0.1501
vn 0.7711 -0.6132 0.1714
vn -0.4389 -0.6132 0.6568
vn -0.4977 -0.5339 0.6836
vn 0.7661 -0.5339 -0.3578
vn 0.7286 -0.6132 -0.3052
vn 0.0208 -0.6132 0.7897
vn -0.0118 -0.5339 0.8455
vn 0.4217 -0.5339 -0.7329
vn 0.4211 -0.6132 -0.6683
vn 0.4705 -0.6132 0.6345
vn 0.4759 -0.5339 0.6989
vn -0.0451 -0.5339 -0.8443
vn -0.0104 -0.6132 -0.7899
vn 0.7400 -0.6132 0.2763
vn 0.7796 -0.5339 0.3273
vn -0.4861 -0.5339 -0.6918
vn -0.4278 -0.6132 -0.6641
vn 0.7739 -0.6132 -0.1584
vn 0.8345 -0.5339 -0.1361
vn -0.7872 -0.5339 -0.3086
vn -0.7232 -0.6132 -0.3177
vn 0.5579 -0.6132 -0.5592
vn 0.6208 -0.5339 -0.5741
vn -0.8401 -0.5339 0.0960
vn -0.7878 -0.6132 0.0580
vn 0.2311 -0.6132 -0.7554
vn 0.2796 -0.5339 -0.7980
vn -0.6060 -0.5339 0.5897
vn -0.5878 -0.6132 0.5277
vn -0.2791 -0.6132 -0.7390
vn -0.2667 -0.5339 -0.8024
vn 0.9909 0.1340 -0.0125
vn -0.2969 -0.5632 0.7711
vn -0.2685 -0.6868 0.6754
vn -0.2855 -0.6868 -0.6684
vn -0.3164 -0.5632 -0.7634
vn 0.1087 -0.5632 0.8191
vn 0.0879 -0.6868 0.7215
vn -0.5708 -0.6868 -0.4500
vn -0.6434 -0.5632 -0.5185
vn 0.5167 -0.5632 0.6449
vn 0.4483 -0.6868 0.5721
vn -0.7212 -0.6868 -0.0900
vn -0.8188 -0.5632 -0.1111
vn 0.7791 -0.5632 0.2754
vn 0.6826 -0.6868 0.2496
vn -0.6602 -0.6868 0.3039
vn -0.7543 -0.5632 0.3374
vn 0.8120 -0.5632 -0.1530
vn 0.7156 -0.6868 -0.1269
vn -0.4183 -0.6868 0.5944
vn -0.4829 -0.5632 0.6706
vn 0.6234 -0.5632 -0.5424
vn 0.5534 -0.6868 -0.4712
vn -0.0606 -0.6868 0.7243
vn -0.0778 -0.5632 0.8227
vn 0.3323 -0.5632 -0.7566
vn 0.2995 -0.6868 -0.6622
vn 0.2542 -0.6868 0.6809
vn 0.2806 -0.5632 0.7772
vn -0.1559 -0.5632 -0.8115
vn -0.1294 -0.6868 -0.7152
vn 0.5958 -0.6868 0.4162
vn 0.6723 -0.5632 0.4805
vn -0.5156 -0.5632 -0.6457
vn -0.4474 -0.6868 -0.5728
vn 0.7211 -0.6868 0.0911
vn 0.8187 -0.5632 0.1124
vn -0.7581 -0.5632 -0.3287
vn -0.6637 -0.6868 -0.2963
vn 0.6797 -0.6868 -0.2575
vn 0.7759 -0.5632 -0.2844
vn -0.8170 -0.5632 0.1241
vn -0.7197 -0.6868 0.1014
vn 0.4392 -0.6868 -0.5791
vn 0.5064 -0.5632 -0.6530
vn -0.6308 -0.5632 0.5338
vn -0.5598 -0.6868 0.4635
vn 0.0706 -0.6868 -0.7234
vn 0.0891 -0.5632 -0.8215
vn -0.0228 -0.5389 0.8420
vn 0.0173 -0.6893 0.7243
vn -0.2668 -0.6893 -0.6736
vn -0.3497 -0.5389 -0.7663
vn 0.3952 -0.5389 0.7439
vn 0.3721 -0.6893 0.6216
vn -0.5642 -0.6893 -0.4546
vn -0.6821 -0.5389 -0.4943
vn 0.7122 -0.5389 0.4497
vn 0.6315 -0.6893 0.3551
vn -0.7154 -0.6893 -0.1147
vn -0.8374 -0.5389 -0.0908
vn 0.8326 -0.5389 0.1279
vn 0.7208 -0.6893 0.0733
vn -0.7017 -0.6893 0.1805
vn -0.8040 -0.5389 0.2512
vn 0.7966 -0.5389 -0.2738
vn 0.6723 -0.6893 -0.2701
vn -0.5374 -0.6893 0.4860
vn -0.5951 -0.5389 0.5962
vn 0.5604 -0.5389 -0.6289
vn 0.4538 -0.6893 -0.5648
vn -0.2304 -0.6893 0.6869
vn -0.2268 -0.5389 0.8113
vn 0.1504 -0.5389 -0.8288
vn 0.0928 -0.6893 -0.7185
vn 0.1614 -0.6893 0.7063
vn 0.2293 -0.5389 0.8105
vn -0.2534 -0.5389 -0.8033
vn -0.2529 -0.6893 -0.6789
vn 0.4721 -0.6893 0.5495
vn 0.5808 -0.5389 0.6101
vn -0.5736 -0.5389 -0.6169
vn -0.5198 -0.6893 -0.5047
vn 0.6623 -0.6893 0.2938
vn 0.7864 -0.5389 0.3019
vn -0.7890 -0.5389 -0.2949
vn -0.6907 -0.6893 -0.2187
vn 0.7237 -0.6893 -0.0337
vn 0.8383 -0.5389 -0.0821
vn -0.8381 -0.5389 0.0846
vn -0.7162 -0.6893 0.1094
vn 0.6342 -0.6893 -0.3503
vn 0.7156 -0.5389 -0.4444
vn -0.6954 -0.5389 0.4753
vn -0.5765 -0.6893 0.4388
vn 0.3891 -0.6893 -0.6111
vn 0.4156 -0.5389 -0.7327
vn -0.3509 -0.5389 0.7658
vn -0.2678 -0.6893 0.6732
vn 0.0184 -0.6893 -0.7243
vn -0.0216 -0.5389 -0.8421
vn -0.1066 -0.5133 0.8515
vn -0.0082 -0.6756 0.7373
vn -0.0111 -0.6756 -0.7372
vn -0.1100 -0.5133 -0.8511
vn 0.3074 -0.5133 0.8012
vn 0.3403 -0.6756 0.6541
vn -0.3574 -0.6756 -0.6449
vn -0.4983 -0.5133 -0.6987
vn 0.6459 -0.5133 0.5650
vn 0.6063 -0.6756 0.4195
vn -0.6171 -0.6756 -0.4035
vn -0.7669 -0.5133 -0.3853
vn 0.8322 -0.5133 0.2096
vn 0.7308 -0.6756 0.0979
vn -0.7331 -0.6756 -0.0788
vn -0.8582 -0.5133 0.0055
vn 0.8394 -0.5133 -0.1786
vn 0.6991 -0.6756 -0.2342
vn -0.6928 -0.6756 0.2524
vn -0.7679 -0.5133 0.3832
vn 0.6444 -0.5133 -0.5668
vn 0.4950 -0.6756 -0.5465
vn -0.4805 -0.6756 0.5593
vn -0.4820 -0.5133 0.7101
vn 0.3477 -0.5133 -0.7846
vn 0.2204 -0.6756 -0.7036
vn -0.2019 -0.6756 0.7091
vn -0.1401 -0.5133 0.8467
vn -0.0576 -0.5133 -0.8563
vn -0.1324 -0.6756 -0.7253
vn 0.1514 -0.6756 0.7216
vn 0.2701 -0.5133 0.8146
vn -0.4928 -0.5133 -0.7026
vn -0.4890 -0.6756 -0.5518
vn 0.5033 -0.6756 0.5388
vn 0.6530 -0.5133 0.5568
vn -0.7562 -0.5133 -0.4057
vn -0.6850 -0.6756 -0.2728
vn 0.6919 -0.6756 0.2547
vn 0.8337 -0.5133 0.2034
vn -0.8580 -0.5133 -0.0176
vn -0.7341 -0.6756 0.0685
vn 0.7321 -0.6756 -0.0877
vn 0.8351 -0.5133 -0.1979
vn -0.7526 -0.5133 0.4125
vn -0.6023 -0.6756 0.4253
vn 0.5909 -0.6756 -0.4409
vn 0.6253 -0.5133 -0.5878
vn -0.4791 -0.5133 0.7120
vn -0.3397 -0.6756 0.6544
vn 0.3224 -0.6756 -0.6631
vn 0.2855 -0.5133 -0.8093
vn 0.1719 -0.5269 0.8323
vn 0.2777 -0.6928 0.6655
vn -0.0907 -0.6928 -0.7154
vn -0.2655 -0.5270 -0.8074
vn 0.5988 -0.5269 0.6031
vn 0.5963 -0.6928 0.4056
vn -0.4669 -0.6928 -0.5496
vn -0.6635 -0.5270 -0.5311
vn 0.8307 -0.5269 0.1796
vn 0.7210 -0.6928 0.0153
vn -0.6910 -0.6928 -0.2066
vn -0.8457 -0.5269 -0.0839
vn 0.7957 -0.5269 -0.2987
vn 0.6145 -0.6928 -0.3774
vn -0.6928 -0.6928 0.2004
vn -0.7565 -0.5270 0.3873
vn 0.5315 -0.5270 -0.6632
vn 0.3355 -0.6928 -0.6384
vn -0.4932 -0.6928 0.5261
vn -0.4525 -0.5269 0.7194
vn 0.0645 -0.5269 -0.8474
vn -0.0832 -0.6928 -0.7164
vn -0.1103 -0.6928 0.7127
vn 0.0323 -0.5270 0.8493
vn -0.3985 -0.5269 -0.7507
vn -0.4533 -0.6928 -0.5609
vn 0.2878 -0.6928 0.6613
vn 0.4813 -0.5269 0.7004
vn -0.7594 -0.5269 -0.3816
vn -0.6943 -0.6928 -0.1951
vn 0.6174 -0.6928 0.3728
vn 0.7979 -0.5269 0.2927
vn -0.8479 -0.5269 0.0587
vn -0.6968 -0.6928 0.1859
vn 0.7211 -0.6928 0.0061
vn 0.8357 -0.5269 -0.1548
vn -0.6762 -0.5269 0.5149
vn -0.4801 -0.6928 0.5382
vn 0.6059 -0.6928 -0.3911
vn 0.6132 -0.5269 -0.5885
vn -0.3118 -0.5269 0.7906
vn -0.1320 -0.6928 0.7090
vn 0.3158 -0.6928 -0.6483
vn 0.2198 -0.5270 -0.8210
vn 0.0456 -0.5196 0.8532
vn 0.2388 -0.6876 0.6857
vn 0.1854 -0.6876 -0.7020
vn -0.0202 -0.5196 -0.8541
vn 0.5340 -0.5196 0.6670
vn 0.5935 -0.6876 0.4183
vn -0.2582 -0.6876 -0.6786
vn -0.5139 -0.5197 -0.6825
vn 0.8473 -0.5196 0.1099
vn 0.7176 -0.6876 -0.1105
vn -0.6568 -0.6876 -0.3096
vn -0.8436 -0.5196 -0.1351
vn 0.7470 -0.5197 -0.4147
vn 0.5118 -0.6876 -0.5150
vn -0.7123 -0.6876 0.1409
vn -0.7590 -0.5196 0.3923
vn 0.2687 -0.5196 -0.8110
vn 0.0278 -0.6876 -0.7256
vn -0.4286 -0.6876 0.5861
vn -0.2928 -0.5197 0.8027
vn -0.2917 -0.5196 -0.8030
vn -0.4279 -0.6876 -0.5866
vn 0.0268 -0.6876 0.7256
vn 0.2677 -0.5196 0.8114
vn -0.7581 -0.5196 -0.3940
vn -0.7120 -0.6876 -0.1425
vn 0.5106 -0.6876 0.5162
vn 0.7460 -0.5196 0.4164
vn -0.8404 -0.5196 0.1539
vn -0.6497 -0.6876 0.3242
vn 0.7199 -0.6876 0.0944
vn 0.8446 -0.5196 -0.1288
vn -0.5110 -0.5196 0.6847
vn -0.2554 -0.6876 0.6797
vn 0.5917 -0.6876 -0.4208
vn 0.5312 -0.5196 -0.6692
vn 0.5165 -0.5048 0.6917
vn 0.6554 -0.6731 0.3426
vn -0.0345 -0.6731 -0.7387
vn -0.4097 -0.5048 -0.7598
vn 0.8568 -0.5048 -0.1052
vn 0.6226 -0.6731 -0.3990
vn -0.6585 -0.6731 -0.3366
vn -0.8630 -0.5048 -0.0214
vn 0.3420 -0.5048 -0.7926
vn -0.0299 -0.6731 -0.7389
vn -0.6231 -0.6731 0.3982
vn -0.4544 -0.5048 0.7340
vn -0.5091 -0.5048 -0.6971
vn -0.6517 -0.6731 -0.3495
vn 0.0266 -0.6731 0.7390
vn 0.4015 -0.5048 0.7642
vn -0.8621 -0.5048 0.0452
vn -0.6489 -0.6731 0.3547
vn 0.6334 -0.6731 0.3817
vn 0.8594 -0.5048 0.0815
vn 0.3935 0.8845 0.2504
vn -0.4088 -0.5048 0.7603
vn -0.0337 -0.6731 0.7388
vn 0.6550 -0.6731 -0.3433
vn 0.5157 -0.5048 -0.6923
vt 0.600000 0.225000
vt 0.525000 0.197548
vt 0.545096 0.150000
vt 0.600000 0.187500
vt 0.525000 0.225000
vt 0.525000 0.150000
vt 0.600000 0.150000
vt 0.545096 0.225000
vt 0.525000 0.177452
vt 0.572548 0.225000
vt 0.525000 0.204904
vt 0.562500 0.150000
vt 0.600000 0.204904
vt 0.552452 0.225000
vt 0.600000 0.177452
vt 0.579904 0.225000
vt 0.525000 0.187500
vt 0.579904 0.150000
vt 0.600000 0.197548
vt 0.552452 0.150000
vt 0.600000 0.170096
vt 0.562500 0.225000
vt 0.525000 0.170096
vt 0.572548 0.150000
vt 0.556981 0.150000
vt 0.559908 0.225000
vt 0.525000 0.191750
vt 0.525000 0.181933
vt 0.600000 0.203991
vt 0.555561 0.225000
vt 0.525000 0.183250
vt 0.600000 0.202339
vt 0.556981 0.225000
vt 0.525000 0.188416
vt 0.600000 0.195863
vt 0.562305 0.225000
vt 0.525000 0.197099
vt 0.600000 0.184978
vt 0.570472 0.225000
vt 0.600000 0.191750
vt 0.525000 0.172661
vt 0.568019 0.150000
vt 0.600000 0.186584
vt 0.525000 0.179137
vt 0.562695 0.150000
vt 0.554528 0.225000
vt 0.582006 0.150000
vt 0.600000 0.197099
vt 0.562695 0.225000
vt 0.571767 0.150000
vt 0.600000 0.188416
vt 0.568019 0.225000
vt 0.565092 0.150000
vt 0.600000 0.183250
vt 0.569439 0.225000
vt 0.563313 0.150000
vt 0.600000 0.181933
vt 0.562305 0.150000
vt 0.553233 0.225000
vt 0.525000 0.186584
vt 0.543274 0.150000
vt 0.570922 0.225000
vt 0.525000 0.183504
vt 0.600000 0.211067
vt 0.600000 0.163933
vt 0.525000 0.191496
vt 0.600000 0.203312
vt 0.543274 0.225000
vt 0.525000 0.198496
vt 0.600000 0.192174
vt 0.549819 0.225000
vt 0.586067 0.150000
vt 0.538933 0.150000
vt 0.600000 0.183504
vt 0.525000 0.171688
vt 0.581726 0.150000
vt 0.600000 0.176504
vt 0.525000 0.182826
vt 0.575181 0.150000
vt 0.525000 0.163933
vt 0.525000 0.211067
vt 0.575181 0.225000
vt 0.564493 0.150000
vt 0.600000 0.198496
vt 0.581726 0.225000
vt 0.554078 0.150000
vt 0.600000 0.191496
vt 0.538933 0.225000
vt 0.586067 0.225000
vt 0.549819 0.150000
vt 0.560507 0.225000
vt 0.525000 0.176504
vt 0.525000 0.185782
vt 0.600000 0.180894
vt 0.562307 0.225000
vt 0.525000 0.190587
vt 0.600000 0.192418
vt 0.556945 0.225000
vt 0.555579 0.225000
vt 0.562307 0.150000
vt 0.600000 0.194106
vt 0.559149 0.225000
vt 0.557907 0.150000
vt 0.600000 0.189700
vt 0.525000 0.200390
vt 0.600000 0.180334
vt 0.566801 0.225000
vt 0.569421 0.150000
vt 0.562693 0.225000
vt 0.525000 0.180894
vt 0.565851 0.150000
vt 0.567093 0.225000
vt 0.525000 0.185300
vt 0.558199 0.225000
vt 0.576525 0.150000
vt 0.600000 0.200390
vt 0.600000 0.192792
vt 0.525000 0.189700
vt 0.567093 0.150000
vt 0.600000 0.189218
vt 0.525000 0.194106
vt 0.562693 0.150000
vt 0.568055 0.225000
vt 0.564376 0.150000
vt 0.600000 0.190587
vt 0.525000 0.182208
vt 0.600000 0.185300
vt 0.557907 0.225000
vt 0.561628 0.150000
vt 0.561189 0.225000
vt 0.525000 0.186636
vt 0.525000 0.193072
vt 0.600000 0.183832
vt 0.566328 0.225000
vt 0.525000 0.188364
vt 0.600000 0.188820
vt 0.561628 0.225000
vt 0.525000 0.189401
vt 0.600000 0.187722
vt 0.562664 0.225000
vt 0.525000 0.195835
vt 0.600000 0.180904
vt 0.569080 0.225000
vt 0.600000 0.186636
vt 0.525000 0.186180
vt 0.563372 0.150000
vt 0.600000 0.185599
vt 0.525000 0.187278
vt 0.562336 0.150000
vt 0.555920 0.225000
vt 0.571708 0.150000
vt 0.600000 0.195835
vt 0.562336 0.225000
vt 0.564910 0.150000
vt 0.600000 0.189401
vt 0.563372 0.225000
vt 0.563811 0.150000
vt 0.600000 0.188364
vt 0.558672 0.225000
vt 0.568792 0.150000
vt 0.600000 0.193072
vt 0.562664 0.150000
vt 0.560090 0.225000
vt 0.525000 0.185599
vt 0.564221 0.150000
vt 0.563148 0.225000
vt 0.525000 0.187009
vt 0.525000 0.194816
vt 0.600000 0.178361
vt 0.571092 0.225000
vt 0.525000 0.187991
vt 0.600000 0.184774
vt 0.564221 0.225000
vt 0.525000 0.186854
vt 0.600000 0.185842
vt 0.563083 0.225000
vt 0.525000 0.191805
vt 0.600000 0.181190
vt 0.568052 0.225000
vt 0.600000 0.187009
vt 0.525000 0.190226
vt 0.560779 0.150000
vt 0.600000 0.188146
vt 0.525000 0.189158
vt 0.561917 0.150000
vt 0.556948 0.225000
vt 0.565452 0.150000
vt 0.600000 0.191805
vt 0.561917 0.225000
vt 0.560783 0.150000
vt 0.600000 0.186854
vt 0.560779 0.225000
vt 0.561852 0.150000
vt 0.600000 0.187991
vt 0.553908 0.225000
vt 0.568308 0.150000
vt 0.600000 0.194816
vt 0.563083 0.150000
vt 0.564217 0.225000
vt 0.525000 0.188146
vt 0.564971 0.150000
vt 0.566701 0.225000
vt 0.525000 0.187299
vt 0.525000 0.196251
vt 0.600000 0.173950
vt 0.573791 0.225000
vt 0.525000 0.187701
vt 0.600000 0.181073
vt 0.564971 0.225000
vt 0.525000 0.184324
vt 0.600000 0.183886
vt 0.561601 0.225000
vt 0.525000 0.187232
vt 0.600000 0.181464
vt 0.564500 0.225000
vt 0.600000 0.187299
vt 0.525000 0.193927
vt 0.560029 0.150000
vt 0.600000 0.190676
vt 0.525000 0.191114
vt 0.563399 0.150000
vt 0.560500 0.225000
vt 0.557906 0.150000
vt 0.600000 0.187232
vt 0.563399 0.225000
vt 0.555492 0.150000
vt 0.600000 0.184324
vt 0.560029 0.225000
vt 0.558299 0.150000
vt 0.600000 0.187701
vt 0.551209 0.225000
vt 0.565647 0.150000
vt 0.600000 0.196251
vt 0.561601 0.150000
vt 0.569508 0.225000
vt 0.525000 0.190676
vt 0.564261 0.150000
vt 0.572081 0.225000
vt 0.525000 0.187896
vt 0.575435 0.225000
vt 0.564135 0.150000
vt 0.600000 0.169521
vt 0.564261 0.225000
vt 0.572081 0.150000
vt 0.600000 0.176948
vt 0.525000 0.180627
vt 0.600000 0.181554
vt 0.557962 0.225000
vt 0.557054 0.225000
vt 0.577206 0.150000
vt 0.600000 0.182246
vt 0.560739 0.150000
vt 0.552919 0.225000
vt 0.525000 0.198052
vt 0.600000 0.194373
vt 0.525000 0.193446
vt 0.567038 0.150000
vt 0.600000 0.179655
vt 0.525000 0.182246
vt 0.547794 0.150000
vt 0.600000 0.180627
vt 0.525000 0.181554
vt 0.548440 0.150000
vt 0.560739 0.225000
vt 0.552919 0.150000
vt 0.600000 0.187104
vt 0.600000 0.197549
vt 0.525000 0.169521
vt 0.560865 0.150000
vt 0.525000 0.194373
vt 0.600000 0.193446
vt 0.576560 0.225000
vt 0.600000 0.208660
vt 0.525000 0.194641
vt 0.580000 0.150000
vt 0.525000 0.168092
vt 0.600000 0.166340
vt 0.525000 0.180359
vt 0.535351 0.150000
vt 0.557286 0.225000
vt 0.547106 0.150000
vt 0.600000 0.192646
vt 0.581908 0.150000
vt 0.567714 0.225000
vt 0.577894 0.150000
vt 0.600000 0.166744
vt 0.525000 0.166340
vt 0.600000 0.180359
vt 0.545000 0.225000
vt 0.600000 0.206908
vt 0.525000 0.208660
vt 0.600000 0.194641
vt 0.589649 0.225000
vt 0.567714 0.150000
vt 0.577894 0.225000
vt 0.525000 0.182354
vt 0.543092 0.225000
vt 0.557286 0.150000
vt 0.547106 0.225000
vt 0.525000 0.208256
vt 0.581442 0.150000
vt 0.600000 0.177452
vt 0.581442 0.225000
vt 0.555369 0.225000
vt 0.569631 0.225000
vt 0.543558 0.225000
vt 0.525000 0.197548
vt 0.543558 0.150000
vt 0.569631 0.150000
vt 0.555369 0.150000
vt 0.650000 0.199254
vt 0.725000 0.180096
vt 0.681836 0.225000
vt 0.650000 0.193272
vt 0.725000 0.150000
vt 0.650739 0.225000
vt 0.775839 0.225000
vt 0.775000 0.161467
vt 0.850000 0.150000
vt 0.600000 0.182534
vt 0.597793 0.225000
vt 0.527159 0.225000
vt 0.525000 0.182325
vt 0.600000 0.217703
vt 0.525000 0.165813
vt 0.584168 0.150000
vt 0.600000 0.212244
vt 0.525000 0.171810
vt 0.566802 0.150000
vt 0.529020 0.151419
vt 0.600000 0.214230
vt 0.525000 0.166206
vt 0.600000 0.194797
vt 0.530276 0.225000
vt 0.650000 0.199493
vt 0.725000 0.179879
vt 0.682060 0.225000
vt 0.650188 0.225000
vt 0.692745 0.150000
vt 0.725000 0.150117
vt 0.789947 0.225000
vt 0.775000 0.169726
vt 0.600000 0.189182
vt 0.595954 0.225000
vt 0.594366 0.150000
vt 0.600000 0.181614
vt 0.525072 0.218304
vt 0.592468 0.150000
vt 0.530837 0.225000
vt 0.585149 0.150000
vt 0.600000 0.205879
vt 0.583381 0.225000
vt 0.532594 0.150000
vt 0.600000 0.173084
vt 0.590352 0.225000
vt 0.526917 0.150587
vt 0.946279 0.225000
vt 0.932809 0.150000
vt 0.975000 0.195841
vt 0.941997 0.223886
vt 0.901497 0.150000
vt 0.975000 0.225000
vt 0.100000 0.350000
vt 0.025000 0.335335
vt 0.030742 0.275000
vt 0.525000 0.191311
vt 0.527483 0.150000
vt 0.597826 0.150000
vt 0.600000 0.192609
vt 0.528587 0.225000
vt 0.588439 0.150000
vt 0.600000 0.220019
vt 0.534340 0.225000
vt 0.581625 0.150000
vt 0.600000 0.198259
vt 0.592936 0.225000
vt 0.525000 0.152087
vt 0.600000 0.213772
vt 0.525000 0.175859
vt 0.597906 0.150000
vt 0.703268 0.225000
vt 0.676437 0.150000
vt 0.725000 0.189217
vt 0.725000 0.220170
vt 0.653674 0.184907
vt 0.650000 0.150000
vt 0.850000 0.221034
vt 0.788552 0.225000
vt 0.775000 0.150000
vt 0.525000 0.188193
vt 0.528312 0.150000
vt 0.600000 0.224528
vt 0.548323 0.225000
vt 0.600000 0.161457
vt 0.530660 0.225000
vt 0.595580 0.150000
vt 0.538427 0.225000
vt 0.525000 0.165698
vt 0.525000 0.211077
vt 0.600000 0.154914
vt 0.583086 0.225000
vt 0.525000 0.218503
vt 0.590653 0.150000
vt 0.679157 0.150000
vt 0.691794 0.225000
vt 0.650000 0.178783
vt 0.725000 0.194099
vt 0.723352 0.225000
vt 0.850000 0.167387
vt 0.839555 0.225000
vt 0.583787 0.224519
vt 0.600000 0.222294
vt 0.559581 0.225000
vt 0.596490 0.150000
vt 0.536471 0.225000
vt 0.525000 0.154732
vt 0.590809 0.150000
vt 0.543225 0.225000
vt 0.525000 0.176440
vt 0.525000 0.216664
vt 0.598347 0.225000
vt 0.533097 0.225000
vt 0.576873 0.150000
vt 0.600000 0.224747
vt 0.650000 0.182939
vt 0.725000 0.196136
vt 0.695964 0.225000
vt 0.680537 0.150000
vt 0.725000 0.225000
vt 0.650000 0.152073
vt 0.841987 0.153643
vt 0.850000 0.225000
vt 0.565486 0.225000
vt 0.525000 0.222311
vt 0.543149 0.224752
vt 0.548296 0.150000
vt 0.591710 0.225000
vt 0.525000 0.224637
vt 0.600000 0.216783
vt 0.526313 0.225000
vt 0.600000 0.166744
vt 0.525000 0.217282
vt 0.548353 0.150000
vt 0.600000 0.159970
vt 0.525000 0.222801
vt 0.525381 0.150000
vt 0.725000 0.181458
vt 0.650000 0.189696
vt 0.698139 0.150000
vt 0.721652 0.184633
vt 0.650000 0.220650
vt 0.837255 0.225000
vt 0.775000 0.222274
vt 0.526748 0.151796
vt 0.525000 0.152646
vt 0.565652 0.150000
vt 0.533042 0.150000
vt 0.600000 0.217989
vt 0.525000 0.155304
vt 0.600000 0.210684
vt 0.542858 0.225000
vt 0.600000 0.159198
vt 0.525000 0.224784
vt 0.529116 0.150000
vt 0.593497 0.150635
vt 0.546736 0.225000
vt 0.725000 0.174809
vt 0.650000 0.195758
vt 0.692279 0.150000
vt 0.723564 0.150000
vt 0.682968 0.223940
vt 0.650000 0.225000
vt 0.844807 0.150000
vt 0.850000 0.210673
vt 0.775000 0.225000
vt 0.558004 0.150000
vt 0.600000 0.152317
vt 0.525000 0.151137
vt 0.572693 0.150000
vt 0.576608 0.225000
vt 0.533400 0.150000
vt 0.600000 0.150426
vt 0.525000 0.158009
vt 0.599291 0.150000
vt 0.543330 0.150000
vt 0.590704 0.225000
vt 0.525000 0.198348
vt 0.536499 0.150000
vt 0.596467 0.225000
vt 0.525000 0.220193
vt 0.650000 0.191101
vt 0.725000 0.187529
vt 0.674934 0.225000
vt 0.654795 0.189064
vt 0.725000 0.156630
vt 0.791185 0.150000
vt 0.850000 0.158304
vt 0.552823 0.150000
vt 0.600000 0.151231
vt 0.528895 0.225000
vt 0.525000 0.188717
vt 0.586659 0.225000
vt 0.525000 0.154909
vt 0.600000 0.221310
vt 0.525000 0.162691
vt 0.586156 0.150000
vt 0.539605 0.150000
vt 0.594409 0.225000
vt 0.525000 0.206457
vt 0.532210 0.150000
vt 0.600000 0.217467
vt 0.684526 0.225000
vt 0.699195 0.150000
vt 0.725000 0.184898
vt 0.652797 0.225000
vt 0.693404 0.150000
vt 0.725000 0.153641
vt 0.775836 0.158524
vt 0.600000 0.200332
vt 0.591750 0.225000
vt 0.533948 0.225000
vt 0.525000 0.201422
vt 0.525000 0.189946
vt 0.600000 0.172114
vt 0.591515 0.225000
vt 0.525000 0.207603
vt 0.598898 0.158204
vt 0.600000 0.171703
vt 0.525000 0.211584
vt 0.562658 0.150000
vt 0.599156 0.219301
vt 0.525000 0.170959
vt 0.725000 0.186292
vt 0.650000 0.180887
vt 0.680894 0.150000
vt 0.725000 0.216960
vt 0.650955 0.184748
vt 0.779723 0.219913
vt 0.600000 0.204452
vt 0.588693 0.225000
vt 0.589228 0.150000
vt 0.600000 0.171160
vt 0.525000 0.199534
vt 0.600000 0.160948
vt 0.598229 0.225000
vt 0.525974 0.225000
vt 0.590995 0.150000
vt 0.600000 0.217470
vt 0.591670 0.225000
vt 0.525313 0.150000
vt 0.600000 0.155254
vt 0.600000 0.212946
vt 0.525000 0.176415
vt 0.597638 0.150000
vt 0.698766 0.225000
vt 0.684879 0.150000
vt 0.725000 0.190455
vt 0.725000 0.221828
vt 0.650000 0.181822
vt 0.653260 0.150000
vt 0.776704 0.217179
vt 0.525000 0.174717
vt 0.533220 0.150000
vt 0.592044 0.150000
vt 0.600000 0.175161
vt 0.600000 0.194015
vt 0.525000 0.192448
vt 0.541679 0.150000
vt 0.525000 0.171961
vt 0.600000 0.194578
vt 0.575119 0.225000
vt 0.600000 0.209366
vt 0.525000 0.174678
vt 0.597665 0.150000
vt 0.600000 0.198734
vt 0.525000 0.188618
vt 0.588522 0.150000
vt 0.701069 0.225000
vt 0.682984 0.150000
vt 0.725000 0.188525
vt 0.725000 0.220104
vt 0.650000 0.182858
vt 0.651621 0.150000
vt 0.784141 0.224962
vt 0.525000 0.174307
vt 0.533474 0.150000
vt 0.590595 0.150000
vt 0.600000 0.172919
vt 0.600000 0.183608
vt 0.525000 0.204569
vt 0.532357 0.150000
vt 0.600000 0.164117
vt 0.527415 0.220144
vt 0.525000 0.217824
vt 0.598605 0.225000
vt 0.534132 0.225000
vt 0.576093 0.150000
vt 0.600000 0.224170
vt 0.673845 0.150000
vt 0.692087 0.225000
vt 0.650000 0.186549
vt 0.650000 0.155546
vt 0.725000 0.191751
vt 0.723953 0.225000
vt 0.848080 0.157641
vt 0.525000 0.168327
vt 0.538574 0.150000
vt 0.600000 0.216597
vt 0.575579 0.225000
vt 0.600000 0.172768
vt 0.525000 0.217195
vt 0.525165 0.150000
vt 0.597105 0.150000
vt 0.535966 0.225000
vt 0.525000 0.163635
vt 0.544212 0.225000
vt 0.571816 0.150000
vt 0.600000 0.220769
vt 0.551661 0.225000
vt 0.561042 0.150000
vt 0.600000 0.213220
vt 0.650000 0.184701
vt 0.725000 0.198983
vt 0.690277 0.225000
vt 0.681839 0.150000
vt 0.721800 0.225000
vt 0.650000 0.153232
vt 0.846498 0.156250
vt 0.550472 0.225000
vt 0.525000 0.217224
vt 0.600000 0.217573
vt 0.573900 0.225000
vt 0.569075 0.150000
vt 0.567380 0.225000
vt 0.525000 0.208260
vt 0.562876 0.150000
vt 0.570897 0.225000
vt 0.525000 0.214515
vt 0.554924 0.225000
vt 0.561319 0.150000
vt 0.600000 0.213914
vt 0.557966 0.225000
vt 0.555629 0.150000
vt 0.600000 0.207946
vt 0.671144 0.150000
vt 0.694309 0.225000
vt 0.650000 0.188930
vt 0.679399 0.150000
vt 0.650000 0.157454
vt 0.775000 0.156942
vt 0.836030 0.150000
vt 0.549573 0.225000
vt 0.525000 0.216691
vt 0.525000 0.156524
vt 0.552887 0.150000
vt 0.563366 0.150000
vt 0.574028 0.225000
vt 0.525000 0.213744
vt 0.552121 0.150000
vt 0.581873 0.225000
vt 0.525000 0.221361
vt 0.595158 0.152420
vt 0.539103 0.225000
vt 0.582142 0.150000
vt 0.556399 0.225000
vt 0.525000 0.155719
vt 0.692150 0.150000
vt 0.673767 0.225000
vt 0.650000 0.188385
vt 0.723505 0.150000
vt 0.680814 0.225000
vt 0.650000 0.219964
vt 0.840531 0.225000
vt 0.775000 0.224601
vt 0.568343 0.150000
vt 0.600000 0.154970
vt 0.525000 0.158575
vt 0.549148 0.150000
vt 0.549566 0.150000
vt 0.590100 0.225000
vt 0.525000 0.223777
vt 0.600000 0.218186
vt 0.525141 0.225000
vt 0.576656 0.150000
vt 0.557232 0.225000
vt 0.525000 0.156643
vt 0.570719 0.150000
vt 0.566208 0.225000
vt 0.525000 0.163862
vt 0.725000 0.175888
vt 0.650000 0.190405
vt 0.690170 0.150000
vt 0.721821 0.150000
vt 0.681826 0.225000
vt 0.650000 0.221746
vt 0.848670 0.216872
vt 0.575383 0.150000
vt 0.600000 0.158282
vt 0.525000 0.156571
vt 0.552787 0.150000
vt 0.556829 0.225000
vt 0.556569 0.150000
vt 0.600000 0.165806
vt 0.564075 0.225000
vt 0.552111 0.150000
vt 0.600000 0.159086
vt 0.572521 0.225000
vt 0.544076 0.150000
vt 0.600000 0.196390
vt 0.566812 0.150000
vt 0.569562 0.225000
vt 0.525000 0.167257
vt 0.943082 0.150000
vt 0.922635 0.225000
vt 0.900000 0.187400
vt 0.974963 0.150000
vt 0.929937 0.225000
vt 0.900000 0.218248
vt 0.100000 0.275000
vt 0.096782 0.343490
vt 0.025000 0.350000
vt 0.575121 0.150000
vt 0.600000 0.158123
vt 0.537238 0.225000
vt 0.525000 0.205431
vt 0.562611 0.225000
vt 0.549834 0.150000
vt 0.600000 0.160410
vt 0.574643 0.225000
vt 0.541327 0.150000
vt 0.600000 0.152689
vt 0.534951 0.150000
vt 0.598100 0.225000
vt 0.525000 0.214437
vt 0.525000 0.159401
vt 0.600000 0.200862
vt 0.525967 0.225000
vt 0.683937 0.225000
vt 0.699911 0.150000
vt 0.725000 0.185494
vt 0.650000 0.192716
vt 0.725000 0.153940
vt 0.652508 0.225000
vt 0.781535 0.153191
vt 0.600000 0.200883
vt 0.591406 0.225000
vt 0.533089 0.225000
vt 0.525000 0.200065
vt 0.582712 0.225000
vt 0.526424 0.152691
vt 0.581937 0.150000
vt 0.551445 0.225000
vt 0.525000 0.194976
vt 0.525000 0.161312
vt 0.600000 0.204557
vt 0.525256 0.225000
vt 0.525000 0.173779
vt 0.600000 0.188517
vt 0.534647 0.225000
vt 0.900000 0.199437
vt 0.975000 0.187297
vt 0.937414 0.225000
vt 0.905504 0.225000
vt 0.943246 0.150000
vt 0.975000 0.155254
vt 0.028444 0.278732
vt 0.600000 0.207946
vt 0.586572 0.225000
vt 0.538469 0.225000
vt 0.525000 0.207982
vt 0.525000 0.176028
vt 0.600000 0.188852
vt 0.579133 0.225000
vt 0.582199 0.150000
vt 0.550512 0.225000
vt 0.525000 0.196982
vt 0.600000 0.183383
vt 0.525000 0.199591
vt 0.581060 0.150000
vt 0.525000 0.189288
vt 0.600000 0.175659
vt 0.546307 0.225000
vt 0.650000 0.195574
vt 0.725000 0.190243
vt 0.684549 0.225000
vt 0.652232 0.225000
vt 0.695282 0.150000
vt 0.725000 0.158847
vt 0.781610 0.150271
vt 0.600000 0.208905
vt 0.585393 0.225000
vt 0.542124 0.225000
vt 0.525000 0.210611
vt 0.525000 0.182757
vt 0.600000 0.180906
vt 0.586181 0.225000
vt 0.525000 0.198760
vt 0.600000 0.167458
vt 0.597267 0.225000
vt 0.600000 0.162294
vt 0.525000 0.219975
vt 0.546466 0.150000
vt 0.600000 0.199667
vt 0.525000 0.187524
vt 0.590221 0.150000
vt 0.703077 0.225000
vt 0.684521 0.150000
vt 0.725000 0.184726
vt 0.725000 0.216116
vt 0.650000 0.183857
vt 0.652201 0.150000
vt 0.781653 0.224782
vt 0.525000 0.164362
vt 0.542169 0.150000
vt 0.585375 0.150000
vt 0.600000 0.166082
vt 0.525000 0.187467
vt 0.600000 0.175344
vt 0.590213 0.225000
vt 0.525000 0.154902
vt 0.600000 0.212833
vt 0.546116 0.225000
vt 0.600000 0.207644
vt 0.525000 0.176141
vt 0.597314 0.150000
vt 0.600000 0.194136
vt 0.525000 0.192208
vt 0.586214 0.150000
vt 0.699188 0.225000
vt 0.687487 0.150000
vt 0.725000 0.187776
vt 0.693176 0.225000
vt 0.655616 0.150000
vt 0.725000 0.219856
vt 0.778615 0.221440
vt 0.525000 0.167083
vt 0.538395 0.150000
vt 0.586473 0.150000
vt 0.600000 0.166969
vt 0.600000 0.198571
vt 0.525000 0.186622
vt 0.545394 0.150000
vt 0.525000 0.177725
vt 0.600000 0.189222
vt 0.583305 0.225000
vt 0.549280 0.150000
vt 0.583390 0.225000
vt 0.525000 0.179738
vt 0.600000 0.185231
vt 0.525000 0.199748
vt 0.578198 0.150000
vt 0.701601 0.225000
vt 0.685647 0.150000
vt 0.725000 0.185906
vt 0.725000 0.218120
vt 0.650000 0.182611
vt 0.653941 0.150000
vt 0.850000 0.220926
vt 0.784993 0.225000
vt 0.525000 0.165818
vt 0.539977 0.150000
vt 0.600000 0.213836
vt 0.580714 0.225000
vt 0.600000 0.191597
vt 0.525000 0.194857
vt 0.538227 0.150000
vt 0.525000 0.209600
vt 0.598282 0.156244
vt 0.538126 0.150000
vt 0.594170 0.225000
vt 0.525000 0.201307
vt 0.554175 0.225000
vt 0.559222 0.150000
vt 0.600000 0.212505
vt 0.650000 0.189865
vt 0.725000 0.196070
vt 0.690092 0.225000
vt 0.679956 0.150000
vt 0.722386 0.225000
vt 0.650000 0.158388
vt 0.843934 0.150915
vt 0.547393 0.225000
vt 0.525000 0.216199
vt 0.600000 0.210949
vt 0.583468 0.225000
vt 0.600000 0.187438
vt 0.525000 0.199768
vt 0.534711 0.150000
vt 0.532722 0.225000
vt 0.584916 0.150000
vt 0.600000 0.196500
vt 0.562025 0.225000
vt 0.554848 0.150000
vt 0.600000 0.210199
vt 0.564659 0.225000
vt 0.550345 0.150000
vt 0.600000 0.203313
vt 0.650000 0.187338
vt 0.725000 0.199383
vt 0.687627 0.225000
vt 0.650000 0.155311
vt 0.725000 0.193366
vt 0.719553 0.225000
vt 0.846599 0.153774
vt 0.542791 0.225000
vt 0.525000 0.212386
vt 0.600000 0.211993
vt 0.582573 0.225000
vt 0.579283 0.150000
vt 0.554876 0.225000
vt 0.525000 0.197108
vt 0.541759 0.225000
vt 0.575566 0.150000
vt 0.600000 0.179517
vt 0.525000 0.189530
vt 0.600000 0.177426
vt 0.541973 0.225000
vt 0.569596 0.225000
vt 0.546163 0.150000
vt 0.600000 0.197761
vt 0.650000 0.189126
vt 0.725000 0.197039
vt 0.689384 0.225000
vt 0.650000 0.156914
vt 0.725000 0.192369
vt 0.721089 0.225000
vt 0.775000 0.154167
vt 0.839938 0.150000
vt 0.541665 0.225000
vt 0.525000 0.211112
vt 0.525000 0.161200
vt 0.544246 0.150000
vt 0.573433 0.150000
vt 0.561785 0.225000
vt 0.525000 0.204766
vt 0.561485 0.225000
vt 0.555158 0.150000
vt 0.600000 0.159724
vt 0.525000 0.215270
vt 0.600000 0.152548
vt 0.586198 0.225000
vt 0.570728 0.150000
vt 0.565859 0.225000
vt 0.525000 0.162566
vt 0.725000 0.177385
vt 0.650000 0.186313
vt 0.688958 0.150000
vt 0.725000 0.182346
vt 0.650000 0.218544
vt 0.720666 0.150000
vt 0.840939 0.225000
vt 0.775000 0.222173
vt 0.576870 0.150000
vt 0.600000 0.158338
vt 0.525000 0.163998
vt 0.541576 0.150000
vt 0.564593 0.150000
vt 0.572224 0.225000
vt 0.525000 0.213527
vt 0.600000 0.220165
vt 0.525000 0.162097
vt 0.579077 0.150000
vt 0.563839 0.150000
vt 0.569317 0.225000
vt 0.525000 0.164097
vt 0.560960 0.150000
vt 0.574132 0.225000
vt 0.525000 0.171056
vt 0.687525 0.150000
vt 0.675796 0.225000
vt 0.650000 0.187764
vt 0.725000 0.181543
vt 0.650000 0.219836
vt 0.719405 0.150000
vt 0.846431 0.221393
vt 0.582237 0.150000
vt 0.600000 0.162644
vt 0.525000 0.162981
vt 0.542451 0.150000
vt 0.545746 0.225000
vt 0.570088 0.150000
vt 0.600000 0.177847
vt 0.600000 0.200284
vt 0.525000 0.182666
vt 0.544653 0.150000
vt 0.574101 0.225000
vt 0.543175 0.150000
vt 0.600000 0.197502
vt 0.555364 0.150000
vt 0.578870 0.225000
vt 0.525000 0.177287
vt 0.975000 0.179688
vt 0.900000 0.184557
vt 0.940638 0.150000
vt 0.975000 0.183985
vt 0.900000 0.215911
vt 0.972967 0.150000
vt 0.093102 0.350000
vt 0.025000 0.349919
vt 0.583404 0.150000
vt 0.600000 0.163973
vt 0.546488 0.225000
vt 0.525000 0.212803
vt 0.551051 0.225000
vt 0.563825 0.150000
vt 0.600000 0.170839
vt 0.555974 0.225000
vt 0.560860 0.150000
vt 0.600000 0.163856
vt 0.586110 0.225000
vt 0.531568 0.150000
vt 0.600000 0.175637
vt 0.525000 0.175406
vt 0.600000 0.187414
vt 0.534828 0.225000
vt 0.686244 0.225000
vt 0.700817 0.150000
vt 0.725000 0.188479
vt 0.650000 0.192786
vt 0.725000 0.156243
vt 0.654536 0.225000
vt 0.783556 0.150000
vt 0.850000 0.152168
vt 0.600000 0.210397
vt 0.583226 0.225000
vt 0.539460 0.225000
vt 0.525000 0.208792
vt 0.561124 0.225000
vt 0.551930 0.150000
vt 0.600000 0.160873
vt 0.592556 0.150000
vt 0.539796 0.225000
vt 0.525000 0.177828
vt 0.525000 0.168295
vt 0.600000 0.197951
vt 0.528121 0.225000
vt 0.525000 0.181251
vt 0.600000 0.182464
vt 0.539090 0.225000
vt 0.689851 0.225000
vt 0.699344 0.150000
vt 0.725000 0.190964
vt 0.657454 0.225000
vt 0.693208 0.150000
vt 0.725000 0.158709
vt 0.776340 0.150000
vt 0.850000 0.151362
vt 0.600000 0.212510
vt 0.580252 0.225000
vt 0.546020 0.225000
vt 0.525000 0.213089
vt 0.525000 0.172314
vt 0.600000 0.193696
vt 0.574440 0.225000
vt 0.525000 0.179873
vt 0.600000 0.187420
vt 0.585237 0.225000
vt 0.600000 0.174403
vt 0.525000 0.207717
vt 0.571353 0.150000
vt 0.525000 0.198874
vt 0.600000 0.167976
vt 0.557133 0.225000
vt 0.934231 0.225000
vt 0.957234 0.150000
vt 0.975000 0.196863
vt 0.901301 0.225000
vt 0.947143 0.150000
vt 0.975000 0.166285
vt 0.036029 0.275000
vt 0.100000 0.287927
vt 0.600000 0.214110
vt 0.576377 0.225000
vt 0.573801 0.150000
vt 0.600000 0.160048
vt 0.525000 0.175981
vt 0.600000 0.189320
vt 0.579100 0.225000
vt 0.554353 0.150000
vt 0.579091 0.225000
vt 0.525000 0.220521
vt 0.597950 0.152631
vt 0.536335 0.225000
vt 0.600000 0.186140
vt 0.525000 0.198634
vt 0.579550 0.150000
vt 0.700890 0.225000
vt 0.688749 0.150000
vt 0.725000 0.182917
vt 0.725000 0.214924
vt 0.650000 0.183470
vt 0.656175 0.150000
vt 0.850000 0.221700
vt 0.778164 0.225000
vt 0.525000 0.161301
vt 0.547513 0.150000
vt 0.579871 0.150000
vt 0.600000 0.162311
vt 0.600000 0.208727
vt 0.525000 0.174093
vt 0.560102 0.150000
vt 0.525000 0.162518
vt 0.600000 0.205586
vt 0.563579 0.225000
vt 0.556259 0.150000
vt 0.576166 0.225000
vt 0.525000 0.170507
vt 0.600000 0.182746
vt 0.525000 0.201478
vt 0.576055 0.150000
vt 0.725000 0.185504
vt 0.650000 0.175158
vt 0.691323 0.150000
vt 0.725000 0.218058
vt 0.650000 0.181465
vt 0.659245 0.150000
vt 0.775000 0.224532
vt 0.775467 0.150000
vt 0.525000 0.162495
vt 0.544739 0.150000
vt 0.579808 0.150000
vt 0.600000 0.162282
vt 0.600000 0.203925
vt 0.525000 0.179825
vt 0.552308 0.150000
vt 0.600000 0.197373
vt 0.525000 0.185229
vt 0.541742 0.150000
vt 0.544177 0.150000
vt 0.587711 0.225000
vt 0.525000 0.186841
vt 0.600000 0.177879
vt 0.525000 0.205554
vt 0.570240 0.150000
vt 0.697664 0.225000
vt 0.691048 0.150000
vt 0.725000 0.185232
vt 0.725000 0.217881
vt 0.650000 0.181578
vt 0.659058 0.150000
vt 0.850000 0.221437
vt 0.778404 0.225000
vt 0.525000 0.161637
vt 0.546671 0.150000
vt 0.600000 0.208772
vt 0.585541 0.225000
vt 0.600000 0.199835
vt 0.525000 0.184707
vt 0.546876 0.150000
vt 0.525000 0.197535
vt 0.600000 0.168934
vt 0.596447 0.225000
vt 0.533207 0.150000
vt 0.598189 0.225000
vt 0.525000 0.214457
vt 0.600000 0.170392
vt 0.525000 0.211829
vt 0.558789 0.150000
vt 0.671741 0.150000
vt 0.687938 0.225000
vt 0.650000 0.193831
vt 0.650000 0.162272
vt 0.725000 0.190126
vt 0.720710 0.225000
vt 0.775000 0.156655
vt 0.843884 0.150000
vt 0.541797 0.225000
vt 0.525000 0.211827
vt 0.600000 0.204650
vt 0.587791 0.225000
vt 0.586257 0.150000
vt 0.546073 0.225000
vt 0.525000 0.184990
vt 0.528084 0.225000
vt 0.590460 0.150000
vt 0.600000 0.209948
vt 0.525000 0.172197
vt 0.600000 0.194416
vt 0.530110 0.225000
vt 0.570992 0.225000
vt 0.545390 0.150000
vt 0.600000 0.196684
vt 0.650000 0.189592
vt 0.725000 0.199707
vt 0.683775 0.225000
vt 0.682859 0.150000
vt 0.715879 0.225000
vt 0.650000 0.157059
vt 0.850000 0.150412
vt 0.849588 0.225000
vt 0.537779 0.225000
vt 0.525000 0.205842
vt 0.600000 0.206598
vt 0.586828 0.225000
vt 0.583898 0.150000
vt 0.548890 0.225000
vt 0.525000 0.189587
vt 0.583442 0.150000
vt 0.548643 0.225000
vt 0.525000 0.195287
vt 0.525000 0.195105
vt 0.600000 0.172531
vt 0.546942 0.225000
vt 0.576898 0.225000
vt 0.540443 0.150000
vt 0.600000 0.188358
vt 0.927512 0.150000
vt 0.933827 0.225000
vt 0.900000 0.189644
vt 0.900000 0.156986
vt 0.975000 0.193507
vt 0.965800 0.225000
vt 0.025000 0.278084
vt 0.097034 0.275000
vt 0.537248 0.225000
vt 0.525000 0.204736
vt 0.525000 0.165876
vt 0.539693 0.150000
vt 0.579214 0.150000
vt 0.554480 0.225000
vt 0.525000 0.197270
vt 0.557548 0.225000
vt 0.559620 0.150000
vt 0.600000 0.162614
vt 0.525000 0.213527
vt 0.600000 0.154931
vt 0.579123 0.225000
vt 0.578929 0.225000
vt 0.538741 0.150000
vt 0.600000 0.184986
vt 0.975000 0.175817
vt 0.900000 0.185035
vt 0.934152 0.150000
vt 0.975000 0.181716
vt 0.900000 0.217665
vt 0.966167 0.150000
vt 0.095939 0.350000
vt 0.025000 0.345710
vt 0.539159 0.225000
vt 0.525000 0.208303
vt 0.525000 0.170039
vt 0.537352 0.150000
vt 0.572385 0.150000
vt 0.562630 0.225000
vt 0.525000 0.205962
vt 0.600000 0.222664
vt 0.525000 0.158758
vt 0.587542 0.150000
vt 0.555852 0.225000
vt 0.561148 0.150000
vt 0.600000 0.214976
vt 0.555394 0.150000
vt 0.578448 0.225000
vt 0.525000 0.176625
vt 0.725000 0.174931
vt 0.650000 0.185666
vt 0.683513 0.150000
vt 0.715544 0.150000
vt 0.683073 0.225000
vt 0.650000 0.218255
vt 0.849505 0.150000
vt 0.850000 0.224504
vt 0.586406 0.150000
vt 0.600000 0.167641
vt 0.525000 0.169678
vt 0.537524 0.150000
vt 0.539952 0.225000
vt 0.577483 0.150000
vt 0.600000 0.187584
vt 0.600000 0.205288
vt 0.525000 0.176944
vt 0.550344 0.150000
vt 0.549785 0.150000
vt 0.582352 0.225000
vt 0.525000 0.178125
vt 0.549643 0.150000
vt 0.583267 0.225000
vt 0.525000 0.184273
vt 0.975000 0.178692
vt 0.900000 0.182987
vt 0.936183 0.150000
vt 0.968747 0.150000
vt 0.931024 0.225000
vt 0.900000 0.215010
vt 0.846952 0.225000
vt 0.775000 0.221826
vt 0.587814 0.150000
vt 0.600000 0.170400
vt 0.525000 0.165432
vt 0.539999 0.150000
vt 0.543520 0.225000
vt 0.573225 0.150000
vt 0.600000 0.181235
vt 0.600000 0.188509
vt 0.525000 0.194507
vt 0.534793 0.150000
vt 0.586620 0.225000
vt 0.531753 0.150000
vt 0.600000 0.175932
vt 0.546464 0.150000
vt 0.585930 0.225000
vt 0.525000 0.189339
vt 0.650000 0.197510
vt 0.725000 0.191157
vt 0.689659 0.225000
vt 0.657486 0.225000
vt 0.693187 0.150000
vt 0.725000 0.158676
vt 0.782361 0.150000
vt 0.850000 0.158158
vt 0.586822 0.150000
vt 0.600000 0.168390
vt 0.549060 0.225000
vt 0.525000 0.214264
vt 0.549949 0.225000
vt 0.565550 0.150000
vt 0.600000 0.172140
vt 0.600000 0.157688
vt 0.528607 0.225000
vt 0.598592 0.218884
vt 0.525000 0.165220
vt 0.525000 0.189194
vt 0.600000 0.176086
vt 0.545777 0.225000
vt 0.900000 0.200273
vt 0.975000 0.189189
vt 0.941634 0.225000
vt 0.900000 0.193778
vt 0.975000 0.156562
vt 0.909653 0.225000
vt 0.025355 0.350000
vt 0.025000 0.275356
vt 0.600000 0.213094
vt 0.578967 0.225000
vt 0.544750 0.225000
vt 0.525000 0.212511
vt 0.525000 0.167957
vt 0.600000 0.198896
vt 0.567837 0.225000
vt 0.590543 0.150000
vt 0.541212 0.225000
vt 0.525000 0.182413
vt 0.525000 0.187392
vt 0.600000 0.179900
vt 0.539741 0.225000
vt 0.525000 0.193679
vt 0.600000 0.172328
vt 0.550541 0.225000
vt 0.694207 0.225000
vt 0.696427 0.150000
vt 0.725000 0.191134
vt 0.650000 0.193941
vt 0.725000 0.158139
vt 0.661915 0.225000
vt 0.778827 0.225000
vt 0.850000 0.150723
vt 0.600000 0.215575
vt 0.570296 0.225000
vt 0.554729 0.225000
vt 0.525000 0.215582
vt 0.525000 0.165835
vt 0.600000 0.201652
vt 0.563419 0.225000
vt 0.525000 0.170433
vt 0.600000 0.197550
vt 0.575416 0.225000
vt 0.525000 0.197607
vt 0.600000 0.170380
vt 0.549652 0.225000
vt 0.525000 0.201694
vt 0.600000 0.165800
vt 0.561647 0.225000
vt 0.650000 0.193627
vt 0.725000 0.196064
vt 0.689326 0.225000
vt 0.656028 0.225000
vt 0.695329 0.150000
vt 0.725000 0.164354
vt 0.780388 0.150000
vt 0.850000 0.160306
vt 0.600000 0.215904
vt 0.568944 0.225000
vt 0.565740 0.225000
vt 0.525000 0.217688
vt 0.525000 0.169048
vt 0.600000 0.197800
vt 0.568987 0.225000
vt 0.570942 0.150000
vt 0.561528 0.225000
vt 0.525000 0.209388
vt 0.600000 0.162787
vt 0.525000 0.218499
vt 0.549975 0.150000
vt 0.525000 0.208139
vt 0.600000 0.160424
vt 0.573298 0.225000
vt 0.705778 0.225000
vt 0.688004 0.150000
vt 0.725000 0.177554
vt 0.725000 0.208763
vt 0.650000 0.186381
vt 0.654544 0.150000
vt 0.850000 0.211705
vt 0.782909 0.225000
vt 0.600000 0.218309
vt 0.554533 0.225000
vt 0.567513 0.150000
vt 0.600000 0.158774
vt 0.600000 0.215950
vt 0.525000 0.165214
vt 0.576880 0.150000
vt 0.525000 0.152564
vt 0.600000 0.216357
vt 0.537827 0.225000
vt 0.567784 0.150000
vt 0.564998 0.225000
vt 0.525000 0.160972
vt 0.600000 0.177597
vt 0.525000 0.205621
vt 0.569513 0.150000
vt 0.975000 0.182945
vt 0.900000 0.175329
vt 0.943275 0.150000
vt 0.975000 0.215756
vt 0.900000 0.181785
vt 0.910739 0.150000
vt 0.100000 0.347721
vt 0.027274 0.275000
vt 0.525000 0.159158
vt 0.555793 0.150000
vt 0.570762 0.150000
vt 0.600000 0.159544
vt 0.600000 0.210299
vt 0.525000 0.171989
vt 0.563766 0.150000
vt 0.600000 0.206219
vt 0.525000 0.175711
vt 0.551723 0.150000
vt 0.600000 0.179104
vt 0.525000 0.202995
vt 0.577305 0.150000
vt 0.600000 0.174519
vt 0.525000 0.208188
vt 0.565204 0.150000
vt 0.943800 0.225000
vt 0.945949 0.150000
vt 0.975000 0.185563
vt 0.939967 0.225000
vt 0.914186 0.150000
vt 0.975000 0.218834
vt 0.775000 0.224019
vt 0.780538 0.150000
vt 0.525000 0.159432
vt 0.554675 0.150000
vt 0.565149 0.150000
vt 0.600000 0.158293
vt 0.600000 0.206721
vt 0.525000 0.176279
vt 0.557268 0.150000
vt 0.525000 0.181964
vt 0.600000 0.185414
vt 0.586780 0.225000
vt 0.600000 0.172534
vt 0.525000 0.209237
vt 0.568906 0.150000
vt 0.600000 0.169206
vt 0.525000 0.212621
vt 0.556337 0.150000
vt 0.666303 0.150000
vt 0.688932 0.225000
vt 0.650000 0.199507
vt 0.650000 0.169171
vt 0.725000 0.186691
vt 0.722551 0.225000
vt 0.775000 0.167853
vt 0.838559 0.150000
vt 0.525000 0.157548
vt 0.564170 0.150000
vt 0.600000 0.196707
vt 0.590203 0.225000
vt 0.600000 0.205535
vt 0.525000 0.177700
vt 0.555352 0.150000
vt 0.525000 0.204066
vt 0.600000 0.162152
vt 0.599101 0.225000
vt 0.525000 0.169567
vt 0.600000 0.197020
vt 0.528987 0.225000
vt 0.572497 0.225000
vt 0.544301 0.150000
vt 0.600000 0.194389
vt 0.900000 0.193672
vt 0.975000 0.197233
vt 0.933338 0.225000
vt 0.931468 0.150000
vt 0.966238 0.225000
vt 0.900000 0.161245
vt 0.025000 0.280350
vt 0.099203 0.275000
vt 0.536566 0.225000
vt 0.525000 0.202096
vt 0.600000 0.195075
vt 0.590631 0.225000
vt 0.589918 0.150000
vt 0.541452 0.225000
vt 0.525000 0.175839
vt 0.591942 0.150000
vt 0.539426 0.225000
vt 0.525000 0.178938
vt 0.577803 0.225000
vt 0.600000 0.193402
vt 0.578615 0.225000
vt 0.539196 0.150000
vt 0.600000 0.185221
vt 0.680364 0.150000
vt 0.679605 0.225000
vt 0.650000 0.189974
vt 0.684552 0.150000
vt 0.711546 0.225000
vt 0.650000 0.156781
vt 0.850000 0.150783
vt 0.844662 0.225000
vt 0.534509 0.225000
vt 0.525000 0.195624
vt 0.600000 0.200426
vt 0.589052 0.225000
vt 0.586702 0.150000
vt 0.545307 0.225000
vt 0.525000 0.183347
vt 0.585925 0.150000
vt 0.545758 0.225000
vt 0.525000 0.191154
vt 0.584400 0.225000
vt 0.534174 0.150000
vt 0.600000 0.181545
vt 0.582998 0.225000
vt 0.535541 0.150000
vt 0.600000 0.176995
vt 0.930637 0.150000
vt 0.929424 0.225000
vt 0.900000 0.189798
vt 0.900000 0.156591
vt 0.975000 0.194959
vt 0.961322 0.225000
vt 0.025000 0.278670
vt 0.099119 0.350000
vt 0.534847 0.225000
vt 0.525000 0.196889
vt 0.525000 0.176821
vt 0.535220 0.150000
vt 0.580481 0.150000
vt 0.552765 0.225000
vt 0.525000 0.194735
vt 0.572499 0.225000
vt 0.544064 0.150000
vt 0.600000 0.153758
vt 0.530860 0.223712
vt 0.585045 0.150000
vt 0.554460 0.150000
vt 0.579068 0.225000
vt 0.525000 0.178116
vt 0.725000 0.171269
vt 0.650000 0.185638
vt 0.678973 0.150000
vt 0.710711 0.150000
vt 0.685101 0.225000
vt 0.650000 0.218919
vt 0.844524 0.150000
vt 0.850000 0.224080
vt 0.587864 0.150000
vt 0.600000 0.171524
vt 0.525000 0.180131
vt 0.534318 0.150000
vt 0.534803 0.225000
vt 0.583883 0.150000
vt 0.600000 0.199880
vt 0.532215 0.225000
vt 0.586462 0.150000
vt 0.600000 0.198159
vt 0.569712 0.225000
vt 0.548129 0.150000
vt 0.600000 0.203579
vt 0.547292 0.150000
vt 0.585046 0.225000
vt 0.525000 0.188269
vt 0.725000 0.175151
vt 0.650000 0.183063
vt 0.681606 0.150000
vt 0.725000 0.181692
vt 0.650000 0.215899
vt 0.714113 0.150000
vt 0.847516 0.150000
vt 0.775000 0.222931
vt 0.590294 0.150000
vt 0.600000 0.178625
vt 0.525000 0.175956
vt 0.535488 0.150000
vt 0.537556 0.225000
vt 0.580583 0.150000
vt 0.600000 0.193268
vt 0.537894 0.225000
vt 0.580485 0.150000
vt 0.600000 0.185924
vt 0.541697 0.150000
vt 0.589784 0.225000
vt 0.525000 0.191177
vt 0.542602 0.150000
vt 0.588958 0.225000
vt 0.525000 0.196778
vt 0.937503 0.150000
vt 0.918457 0.225000
vt 0.900000 0.177018
vt 0.971014 0.150000
vt 0.928329 0.225000
vt 0.900000 0.208015
vt 0.091146 0.350000
vt 0.025000 0.335530
vt 0.590455 0.150000
vt 0.600000 0.179236
vt 0.568443 0.225000
vt 0.525000 0.218058
vt 0.543011 0.225000
vt 0.574043 0.150000
vt 0.600000 0.182718
vt 0.600000 0.182376
vt 0.525000 0.200806
vt 0.531247 0.150000
vt 0.598444 0.220001
vt 0.525000 0.164137
vt 0.540764 0.150000
vt 0.590491 0.225000
vt 0.525000 0.200651
vt 0.650000 0.203959
vt 0.725000 0.189211
vt 0.696184 0.225000
vt 0.650000 0.195406
vt 0.725000 0.155910
vt 0.664497 0.225000
vt 0.779975 0.225000
vt 0.775000 0.150426
vt 0.600000 0.217495
vt 0.560557 0.225000
vt 0.555745 0.225000
vt 0.525000 0.215830
vt 0.525000 0.160781
vt 0.600000 0.207711
vt 0.552587 0.225000
vt 0.530836 0.225000
vt 0.525000 0.152293
vt 0.600000 0.194159
vt 0.525000 0.188691
vt 0.589923 0.150000
vt 0.525000 0.197935
vt 0.600000 0.168935
vt 0.556195 0.225000
vt 0.900000 0.202516
vt 0.975000 0.193072
vt 0.943127 0.225000
vt 0.900000 0.194262
vt 0.975000 0.159801
vt 0.910016 0.225000
vt 0.026762 0.275000
vt 0.100000 0.276430
vt 0.600000 0.217749
vt 0.551234 0.225000
vt 0.586601 0.225000
vt 0.525000 0.218980
vt 0.525000 0.163244
vt 0.600000 0.204415
vt 0.557922 0.225000
vt 0.582351 0.150000
vt 0.549849 0.225000
vt 0.525000 0.198207
vt 0.525000 0.206079
vt 0.600000 0.161982
vt 0.560924 0.225000
vt 0.525000 0.209635
vt 0.600000 0.158861
vt 0.577588 0.225000
vt 0.962977 0.225000
vt 0.936712 0.150000
vt 0.975000 0.175125
vt 0.949288 0.225000
vt 0.902398 0.150000
vt 0.975000 0.205770
vt 0.100000 0.332757
vt 0.039254 0.350000
vt 0.025000 0.275000
vt 0.600000 0.219323
vt 0.533668 0.225000
vt 0.540564 0.150000
vt 0.600000 0.156193
vt 0.600000 0.222710
vt 0.525000 0.157535
vt 0.599578 0.150000
vt 0.540793 0.150000
vt 0.593316 0.223684
vt 0.579397 0.150000
vt 0.554101 0.225000
vt 0.525000 0.153934
vt 0.600000 0.172212
vt 0.525000 0.210392
vt 0.560726 0.150000
vt 0.950446 0.225000
vt 0.944331 0.150000
vt 0.975000 0.183118
vt 0.975000 0.216701
vt 0.900000 0.179718
vt 0.911588 0.150000
vt 0.025000 0.348857
vt 0.025785 0.275000
vt 0.525000 0.156502
vt 0.580909 0.150000
vt 0.550979 0.150000
vt 0.600000 0.157220
vt 0.600000 0.215045
vt 0.525000 0.166667
vt 0.574723 0.150000
vt 0.600000 0.211695
vt 0.525000 0.170304
vt 0.558533 0.150000
vt 0.545933 0.150000
vt 0.586094 0.225000
vt 0.525000 0.182504
vt 0.600000 0.169787
vt 0.525000 0.212428
vt 0.556471 0.150000
vt 0.691918 0.225000
vt 0.699515 0.150000
vt 0.725000 0.187968
vt 0.687982 0.225000
vt 0.669051 0.150000
vt 0.725000 0.222485
vt 0.775000 0.216476
vt 0.784248 0.150000
vt 0.525000 0.157116
vt 0.574927 0.150000
vt 0.600000 0.155038
vt 0.527137 0.225000
vt 0.600000 0.210974
vt 0.525000 0.171518
vt 0.565447 0.150000
vt 0.525000 0.178696
vt 0.600000 0.188597
vt 0.585165 0.225000
vt 0.600000 0.166774
vt 0.525000 0.215071
vt 0.559976 0.150000
vt 0.600000 0.163172
vt 0.525000 0.217979
vt 0.542153 0.150000
vt 0.900000 0.197979
vt 0.975000 0.194446
vt 0.936575 0.225000
vt 0.927015 0.150000
vt 0.970682 0.225000
vt 0.900000 0.166445
vt 0.025000 0.287742
vt 0.088843 0.275000
vt 0.597259 0.225000
vt 0.525000 0.155005
vt 0.600000 0.175160
vt 0.592874 0.225000
vt 0.596418 0.150000
vt 0.534073 0.225000
vt 0.525000 0.155530
vt 0.525000 0.199767
vt 0.600000 0.166557
vt 0.597800 0.225000
vt 0.525000 0.182186
vt 0.600000 0.184825
vt 0.535197 0.225000
vt 0.578855 0.225000
vt 0.538712 0.150000
vt 0.600000 0.183908
vt 0.926956 0.150000
vt 0.929209 0.225000
vt 0.900000 0.190472
vt 0.900000 0.156566
vt 0.975000 0.196459
vt 0.961432 0.225000
vt 0.850000 0.153871
vt 0.846293 0.225000
vt 0.533074 0.225000
vt 0.525000 0.182390
vt 0.600000 0.181307
vt 0.592086 0.225000
vt 0.593270 0.150000
vt 0.537824 0.225000
vt 0.525000 0.166263
vt 0.593782 0.150000
vt 0.537894 0.225000
vt 0.525000 0.176061
vt 0.586556 0.225000
vt 0.531745 0.150000
vt 0.600000 0.177465
vt 0.586786 0.225000
vt 0.532057 0.150000
vt 0.600000 0.167259
vt 0.900000 0.186364
vt 0.975000 0.213550
vt 0.924732 0.225000
vt 0.937845 0.150000
vt 0.954730 0.225000
vt 0.900000 0.151737
vt 0.100000 0.283754
vt 0.090458 0.350000
vt 0.532049 0.225000
vt 0.525000 0.174483
vt 0.525000 0.189353
vt 0.533601 0.150000
vt 0.587257 0.150000
vt 0.544990 0.225000
vt 0.525000 0.181845
vt 0.556183 0.225000
vt 0.560995 0.150000
vt 0.600000 0.162824
vt 0.525000 0.215488
vt 0.600000 0.152985
vt 0.583846 0.225000
vt 0.590790 0.225000
vt 0.528697 0.150000
vt 0.600000 0.155964
vt 0.925535 0.150000
vt 0.933000 0.225000
vt 0.900000 0.187923
vt 0.956028 0.150000
vt 0.936964 0.225000
vt 0.900000 0.222433
vt 0.090791 0.275000
vt 0.100000 0.341507
vt 0.589355 0.150000
vt 0.600000 0.180021
vt 0.525000 0.200611
vt 0.532039 0.150000
vt 0.529158 0.225000
vt 0.590240 0.150000
vt 0.600000 0.217334
vt 0.526018 0.225000
vt 0.592546 0.150000
vt 0.600000 0.216219
vt 0.568643 0.225000
vt 0.548871 0.150000
vt 0.600000 0.205648
vt 0.542987 0.150000
vt 0.588938 0.225000
vt 0.525000 0.196994
vt 0.725000 0.170001
vt 0.650000 0.183437
vt 0.680342 0.150000
vt 0.725000 0.179449
vt 0.650000 0.217098
vt 0.712975 0.150000
vt 0.848536 0.150000
vt 0.850000 0.223205
vt 0.592462 0.150000
vt 0.600000 0.196449
vt 0.525000 0.189337
vt 0.533604 0.150000
vt 0.533042 0.225000
vt 0.585611 0.150000
vt 0.600000 0.204857
vt 0.600000 0.203705
vt 0.525000 0.178662
vt 0.547175 0.150000
vt 0.536364 0.150000
vt 0.595243 0.225000
vt 0.525000 0.203125
vt 0.536803 0.150000
vt 0.594128 0.225000
vt 0.525000 0.211446
vt 0.725000 0.182982
vt 0.650000 0.175545
vt 0.687913 0.150000
vt 0.722188 0.150000
vt 0.675993 0.225000
vt 0.650000 0.206399
vt 0.836407 0.225000
vt 0.775000 0.208757
vt 0.592711 0.150000
vt 0.600000 0.198445
vt 0.593338 0.225000
vt 0.525000 0.219455
vt 0.539956 0.225000
vt 0.577374 0.150000
vt 0.600000 0.188591
vt 0.600000 0.186976
vt 0.525000 0.196161
vt 0.533151 0.150000
vt 0.600000 0.203243
vt 0.525000 0.180205
vt 0.595535 0.150000
vt 0.534093 0.150000
vt 0.596403 0.225000
vt 0.525000 0.219411
vt 0.900000 0.211423
vt 0.975000 0.187657
vt 0.948822 0.225000
vt 0.900000 0.198718
vt 0.975000 0.153237
vt 0.917971 0.225000
vt 0.033562 0.350000
vt 0.025000 0.282982
vt 0.600000 0.219307
vt 0.533911 0.225000
vt 0.573983 0.225000
vt 0.525000 0.217775
vt 0.525000 0.158207
vt 0.600000 0.210415
vt 0.545608 0.225000
vt 0.525000 0.161230
vt 0.600000 0.206865
vt 0.562633 0.225000
vt 0.600000 0.183683
vt 0.525000 0.198905
vt 0.582842 0.150000
vt 0.525000 0.204029
vt 0.600000 0.163566
vt 0.566397 0.225000
vt 0.927206 0.150000
vt 0.925475 0.225000
vt 0.900000 0.190011
vt 0.900000 0.154539
vt 0.975000 0.199974
vt 0.957296 0.225000
vt 0.030437 0.350000
vt 0.025000 0.283593
vt 0.561711 0.150000
vt 0.600000 0.220834
vt 0.525000 0.221119
vt 0.559398 0.150000
vt 0.525000 0.156401
vt 0.600000 0.211552
vt 0.538839 0.225000
vt 0.591617 0.150000
vt 0.541100 0.225000
vt 0.525000 0.182165
vt 0.525000 0.207866
vt 0.600000 0.159389
vt 0.565625 0.225000
vt 0.525000 0.212317
vt 0.600000 0.155748
vt 0.588116 0.225000
vt 0.963760 0.150000
vt 0.905991 0.211321
vt 0.900000 0.171345
vt 0.900000 0.150000
vt 0.975000 0.211958
vt 0.917866 0.225000
vt 0.038527 0.275000
vt 0.100000 0.287352
vt 0.562197 0.150000
vt 0.600000 0.220870
vt 0.600000 0.153008
vt 0.577269 0.225000
vt 0.525000 0.158746
vt 0.600000 0.208803
vt 0.545322 0.225000
vt 0.560755 0.150000
vt 0.572884 0.225000
vt 0.525000 0.217879
vt 0.525000 0.216055
vt 0.600000 0.151436
vt 0.587940 0.225000
vt 0.525595 0.222325
vt 0.583395 0.150000
vt 0.672695 0.150000
vt 0.682422 0.225000
vt 0.650000 0.187366
vt 0.725000 0.173048
vt 0.650000 0.223251
vt 0.702898 0.150000
vt 0.775000 0.218976
vt 0.777254 0.150000
vt 0.552431 0.225000
vt 0.525000 0.153363
vt 0.600000 0.154442
vt 0.557915 0.225000
vt 0.600000 0.220266
vt 0.525000 0.161494
vt 0.591290 0.150000
vt 0.600000 0.216770
vt 0.525000 0.165942
vt 0.568185 0.150000
vt 0.545074 0.150000
vt 0.587758 0.225000
vt 0.525000 0.185020
vt 0.600000 0.164359
vt 0.525000 0.217822
vt 0.541075 0.150000
vt 0.940646 0.150000
vt 0.900000 0.225000
vt 0.900669 0.168941
vt 0.973630 0.191849
vt 0.900000 0.196742
vt 0.975000 0.150000
vt 0.775000 0.207755
vt 0.793402 0.150000
vt 0.568176 0.225000
vt 0.525000 0.154521
vt 0.594000 0.225000
vt 0.525000 0.160781
vt 0.600000 0.216282
vt 0.525000 0.166166
vt 0.579746 0.150000
vt 0.525000 0.175946
vt 0.600000 0.190812
vt 0.582927 0.225000
vt 0.600000 0.161477
vt 0.525000 0.221105
vt 0.545332 0.150000
vt 0.600000 0.156244
vt 0.532044 0.224744
vt 0.716608 0.225000
vt 0.689497 0.150000
vt 0.725000 0.174889
vt 0.700272 0.225000
vt 0.654119 0.150000
vt 0.725000 0.206686
vt 0.846177 0.150280
vt 0.533332 0.225000
vt 0.525000 0.168598
vt 0.595356 0.225000
vt 0.525000 0.180117
vt 0.600000 0.164540
vt 0.528499 0.225000
vt 0.600000 0.159651
vt 0.528595 0.224769
vt 0.525000 0.194603
vt 0.600000 0.172266
vt 0.545843 0.225000
vt 0.587919 0.225000
vt 0.530235 0.150000
vt 0.600000 0.160301
vt 0.975000 0.192706
vt 0.957604 0.152730
vt 0.930899 0.222344
vt 0.931434 0.150000
vt 0.100000 0.290293
vt 0.084875 0.350000
vt 0.600000 0.180081
vt 0.529646 0.225000
vt 0.600000 0.168489
vt 0.591681 0.225000
vt 0.594782 0.150000
vt 0.537061 0.225000
vt 0.525000 0.160247
vt 0.545053 0.225000
vt 0.571881 0.150000
vt 0.600000 0.173414
vt 0.596384 0.224849
vt 0.525000 0.159574
vt 0.596490 0.225000
vt 0.525000 0.164509
vt 0.962685 0.216617
vt 0.923103 0.150000
vt 0.975000 0.176641
vt 0.900000 0.209003
vt 0.941789 0.225000
vt 0.081556 0.275000
vt 0.100000 0.332731
vt 0.600000 0.160987
vt 0.530986 0.225000
vt 0.529443 0.150000
vt 0.600000 0.192101
vt 0.525000 0.207689
vt 0.597667 0.151423
vt 0.525000 0.207122
vt 0.598914 0.158704
vt 0.563522 0.225000
vt 0.553171 0.150000
vt 0.600000 0.209946
vt 0.539681 0.150000
vt 0.592548 0.225000
vt 0.525000 0.208158
vt 0.900000 0.206121
vt 0.975000 0.195087
vt 0.944158 0.225000
vt 0.910033 0.225000
vt 0.946077 0.150000
vt 0.975000 0.161038
vt 0.098447 0.275000
vt 0.100000 0.344570
vt 0.525000 0.201626
vt 0.594876 0.150000
vt 0.525000 0.222158
vt 0.531925 0.150000
vt 0.528070 0.225000
vt 0.590457 0.150000
vt 0.600000 0.221910
vt 0.600000 0.206393
vt 0.525000 0.176629
vt 0.550241 0.150000
vt 0.531421 0.150000
vt 0.525000 0.222607
vt 0.530235 0.150000
vt 0.600000 0.215142
vt 0.950239 0.225000
vt 0.910263 0.214722
vt 0.915007 0.150000
vt 0.900000 0.196120
vt 0.046044 0.350000
vt 0.025000 0.293722
vt 0.525000 0.202094
vt 0.594843 0.150000
vt 0.525000 0.220856
vt 0.562981 0.150000
vt 0.541406 0.150000
vt 0.599637 0.222231
vt 0.525000 0.151500
vt 0.600000 0.215990
vt 0.537297 0.225000
vt 0.600000 0.188719
vt 0.525000 0.194654
vt 0.586761 0.150000
vt 0.525000 0.208795
vt 0.600000 0.158753
vt 0.579659 0.225000
vt 0.697791 0.150000
vt 0.661086 0.208889
vt 0.650000 0.178332
vt 0.701158 0.154176
vt 0.680925 0.225000
vt 0.850000 0.181986
vt 0.800789 0.225000
vt 0.583089 0.225000
vt 0.525000 0.224743
vt 0.525000 0.151506
vt 0.577506 0.150000
vt 0.535644 0.150000
vt 0.600000 0.218695
vt 0.568396 0.225000
vt 0.547037 0.150000
vt 0.600000 0.152955
vt 0.527654 0.220944
vt 0.587850 0.150000
vt 0.542149 0.225000
vt 0.568723 0.150000
vt 0.600000 0.219148
vt 0.975000 0.157445
vt 0.900000 0.177524
vt 0.927402 0.150000
vt 0.962808 0.150000
vt 0.926576 0.225000
vt 0.900000 0.213615
vt 0.848701 0.215011
vt 0.550136 0.150000
vt 0.600000 0.152200
vt 0.525000 0.153086
vt 0.571867 0.150000
vt 0.583372 0.225000
vt 0.525581 0.153836
vt 0.525000 0.160598
vt 0.600000 0.204716
vt 0.566046 0.225000
vt 0.537550 0.150000
vt 0.597162 0.225000
vt 0.525000 0.202649
vt 0.597062 0.152721
vt 0.543712 0.225000
vt 0.963471 0.166282
vt 0.900000 0.185038
vt 0.932914 0.150000
vt 0.975000 0.193291
vt 0.900568 0.191624
vt 0.100000 0.323121
vt 0.049955 0.350000
vt 0.549671 0.150000
vt 0.600000 0.152072
vt 0.599970 0.150000
vt 0.600000 0.209241
vt 0.600000 0.184015
vt 0.525000 0.204754
vt 0.533109 0.150000
vt 0.600000 0.184161
vt 0.525000 0.200416
vt 0.529233 0.150000
vt 0.574912 0.150000
vt 0.559665 0.225000
vt 0.525000 0.154498
vt 0.593899 0.225000
vt 0.525000 0.161155
vt 0.928223 0.225000
vt 0.963501 0.165801
vt 0.975000 0.196358
vt 0.924596 0.221047
vt 0.943098 0.150000
vt 0.025000 0.318294
vt 0.073138 0.275000
vt 0.525000 0.208193
vt 0.525236 0.150000
vt 0.525135 0.164893
vt 0.600000 0.156633
vt 0.532894 0.225000
vt 0.525000 0.180110
vt 0.600000 0.185275
vt 0.589070 0.225000
vt 0.600000 0.198375
vt 0.525000 0.186208
vt 0.594668 0.150000
vt 0.600000 0.204259
vt 0.525000 0.184453
vt 0.591517 0.150000
vt 0.900000 0.220943
vt 0.975000 0.196096
vt 0.949035 0.225000
vt 0.914535 0.225000
vt 0.946617 0.150000
vt 0.975000 0.159251
vt 0.028915 0.350000
vt 0.025000 0.288577
vt 0.525000 0.158228
vt 0.596812 0.150000
vt 0.527792 0.150000
vt 0.600000 0.154587
vt 0.525000 0.196851
vt 0.600000 0.163612
vt 0.596549 0.225000
vt 0.600000 0.215699
vt 0.525000 0.168991
vt 0.561462 0.150000
vt 0.584611 0.225000
vt 0.530687 0.150000
vt 0.600000 0.180373
vt 0.525000 0.162646
vt 0.600000 0.197705
vt 0.527827 0.225000
vt 0.945221 0.225000
vt 0.914664 0.212071
vt 0.914257 0.150000
vt 0.900000 0.189008
vt 0.025000 0.312456
vt 0.071366 0.275000
vt 0.599902 0.165091
vt 0.600000 0.224743
vt 0.541911 0.225000
vt 0.556249 0.150000
vt 0.582882 0.225000
vt 0.525000 0.219171
vt 0.537087 0.150000
vt 0.597409 0.220928
vt 0.525000 0.185141
vt 0.600000 0.180244
vt 0.535829 0.225000
vt 0.525000 0.218692
vt 0.589366 0.150000
vt 0.600000 0.172661
vt 0.561687 0.150000
vt 0.559908 0.150000
vt 0.553233 0.150000
vt 0.542994 0.150000
vt 0.565092 0.225000
vt 0.571767 0.225000
vt 0.525000 0.184978
vt 0.525000 0.195863
vt 0.525000 0.202339
vt 0.525000 0.203991
vt 0.600000 0.179137
vt 0.600000 0.171688
vt 0.570922 0.150000
vt 0.560507 0.150000
vt 0.554078 0.225000
vt 0.564493 0.225000
vt 0.525000 0.192174
vt 0.525000 0.203312
vt 0.600000 0.182826
vt 0.555579 0.150000
vt 0.560624 0.150000
vt 0.525000 0.189218
vt 0.525000 0.192792
vt 0.548475 0.150000
vt 0.600000 0.185782
vt 0.600000 0.182208
vt 0.525000 0.180334
vt 0.565851 0.225000
vt 0.569421 0.225000
vt 0.525000 0.192418
vt 0.559149 0.150000
vt 0.600000 0.186180
vt 0.556208 0.150000
vt 0.561189 0.150000
vt 0.560090 0.150000
vt 0.553292 0.150000
vt 0.563811 0.225000
vt 0.564910 0.225000
vt 0.525000 0.180904
vt 0.525000 0.187722
vt 0.525000 0.188820
vt 0.525000 0.183832
vt 0.600000 0.187278
vt 0.600000 0.190226
vt 0.556692 0.150000
vt 0.563148 0.150000
vt 0.564217 0.150000
vt 0.559548 0.150000
vt 0.561852 0.225000
vt 0.560783 0.225000
vt 0.525000 0.181190
vt 0.525000 0.185842
vt 0.525000 0.184774
vt 0.525000 0.178361
vt 0.600000 0.189158
vt 0.600000 0.193927
vt 0.559353 0.150000
vt 0.566701 0.150000
vt 0.569508 0.150000
vt 0.567094 0.150000
vt 0.558299 0.225000
vt 0.555492 0.225000
vt 0.525000 0.181464
vt 0.525000 0.183886
vt 0.525000 0.181073
vt 0.525000 0.173950
vt 0.600000 0.191114
vt 0.600000 0.198052
vt 0.525000 0.197549
vt 0.525000 0.187104
vt 0.576560 0.150000
vt 0.525000 0.179655
vt 0.600000 0.187896
vt 0.548440 0.225000
vt 0.567946 0.225000
vt 0.567038 0.225000
vt 0.525000 0.176948
vt 0.549565 0.225000
vt 0.557962 0.150000
vt 0.535351 0.225000
vt 0.525000 0.206908
vt 0.580000 0.225000
vt 0.525000 0.166744
vt 0.543092 0.150000
vt 0.525000 0.192646
vt 0.589649 0.150000
vt 0.600000 0.168092
vt 0.545000 0.150000
vt 0.600000 0.208256
vt 0.581908 0.225000
vt 0.600000 0.182354
vt 0.697346 0.150000
vt 0.692430 0.150420
vt 0.551231 0.225000
vt 0.559327 0.225000
vt 0.595591 0.150000
vt 0.590204 0.150000
vt 0.697100 0.150000
vt 0.650000 0.192785
vt 0.525000 0.158620
vt 0.525000 0.173317
vt 0.525000 0.198584
vt 0.525000 0.210758
vt 0.900000 0.174718
vt 0.900000 0.181033
vt 0.525000 0.168383
vt 0.525000 0.179277
vt 0.526703 0.218502
vt 0.532495 0.225000
vt 0.650000 0.181984
vt 0.696527 0.225000
vt 0.598563 0.220761
vt 0.600000 0.204360
vt 0.546592 0.150000
vt 0.531181 0.150765
vt 0.725000 0.200695
vt 0.683089 0.151247
vt 0.600000 0.206796
vt 0.600000 0.195958
vt 0.534656 0.150573
vt 0.525000 0.156165
vt 0.674582 0.150000
vt 0.723389 0.191668
vt 0.600000 0.156245
vt 0.590610 0.150678
vt 0.573373 0.225000
vt 0.584943 0.225000
vt 0.672198 0.225000
vt 0.678799 0.225000
vt 0.592619 0.150352
vt 0.577670 0.150000
vt 0.588418 0.225000
vt 0.600000 0.219530
vt 0.678625 0.225000
vt 0.725000 0.181088
vt 0.525000 0.218711
vt 0.533917 0.224137
vt 0.600000 0.179208
vt 0.600000 0.168258
vt 0.704917 0.150000
vt 0.697648 0.150000
vt 0.527505 0.222960
vt 0.544190 0.225000
vt 0.600000 0.172865
vt 0.599808 0.157850
vt 0.650000 0.198743
vt 0.650000 0.192896
vt 0.536307 0.150000
vt 0.531129 0.150000
vt 0.561692 0.225000
vt 0.529416 0.225000
vt 0.703610 0.225000
vt 0.696040 0.225000
vt 0.531390 0.150000
vt 0.525000 0.164438
vt 0.525000 0.212366
vt 0.531822 0.225000
vt 0.650000 0.175828
vt 0.693125 0.225000
vt 0.582692 0.225000
vt 0.551819 0.150000
vt 0.533957 0.225000
vt 0.538499 0.225000
vt 0.650000 0.178174
vt 0.694110 0.225000
vt 0.589520 0.225000
vt 0.595036 0.225000
vt 0.534577 0.150741
vt 0.525000 0.155700
vt 0.725000 0.196736
vt 0.680544 0.150000
vt 0.594788 0.225000
vt 0.600000 0.205726
vt 0.525000 0.160458
vt 0.525000 0.163720
vt 0.676044 0.150000
vt 0.725000 0.193142
vt 0.600000 0.167354
vt 0.600000 0.165413
vt 0.525000 0.165890
vt 0.525000 0.167583
vt 0.725000 0.193842
vt 0.724484 0.190604
vt 0.600000 0.163336
vt 0.600000 0.159989
vt 0.600000 0.220040
vt 0.600000 0.215720
vt 0.725000 0.178344
vt 0.725000 0.182943
vt 0.600000 0.155987
vt 0.591417 0.151062
vt 0.600000 0.212631
vt 0.600000 0.209754
vt 0.676174 0.225000
vt 0.725000 0.181871
vt 0.525000 0.208332
vt 0.525000 0.210694
vt 0.525000 0.179774
vt 0.600000 0.207268
vt 0.975000 0.179541
vt 0.975000 0.183974
vt 0.525000 0.212284
vt 0.525000 0.215762
vt 0.600000 0.166840
vt 0.594200 0.150000
vt 0.650000 0.198019
vt 0.693577 0.150000
vt 0.525000 0.222062
vt 0.600000 0.180894
vt 0.592692 0.150000
vt 0.587842 0.150000
vt 0.949284 0.150000
vt 0.900000 0.193402
vt 0.544770 0.150000
vt 0.600000 0.178749
vt 0.546469 0.225000
vt 0.579903 0.150000
vt 0.703040 0.150000
vt 0.650000 0.191166
vt 0.539551 0.150000
vt 0.533475 0.150000
vt 0.574207 0.225000
vt 0.536561 0.225000
vt 0.650000 0.179466
vt 0.695301 0.225000
vt 0.536566 0.150000
vt 0.574488 0.150000
vt 0.533437 0.225000
vt 0.539527 0.225000
vt 0.650000 0.175467
vt 0.650000 0.181530
vt 0.580579 0.225000
vt 0.544669 0.150000
vt 0.600000 0.194872
vt 0.545462 0.225000
vt 0.650000 0.177919
vt 0.694219 0.225000
vt 0.585887 0.225000
vt 0.529761 0.150000
vt 0.600000 0.177578
vt 0.525000 0.163572
vt 0.672430 0.150000
vt 0.725000 0.191451
vt 0.588489 0.225000
vt 0.525000 0.181433
vt 0.525000 0.168151
vt 0.525000 0.170378
vt 0.675662 0.150000
vt 0.681718 0.150000
vt 0.600000 0.174972
vt 0.525000 0.195049
vt 0.580108 0.150000
vt 0.525000 0.174489
vt 0.673359 0.150000
vt 0.680763 0.150000
vt 0.600000 0.169302
vt 0.525000 0.210920
vt 0.544647 0.150000
vt 0.600000 0.211375
vt 0.673917 0.225000
vt 0.681026 0.225000
vt 0.600000 0.162814
vt 0.550357 0.225000
vt 0.600000 0.207414
vt 0.600000 0.205090
vt 0.725000 0.175483
vt 0.681811 0.225000
vt 0.525000 0.200060
vt 0.577959 0.225000
vt 0.525000 0.178332
vt 0.600000 0.200475
vt 0.921714 0.225000
vt 0.929595 0.225000
vt 0.525000 0.205250
vt 0.525000 0.207607
vt 0.525000 0.195863
vt 0.588403 0.150000
vt 0.650000 0.197887
vt 0.693848 0.150000
vt 0.525000 0.212629
vt 0.600000 0.194107
vt 0.591214 0.150000
vt 0.585247 0.150000
vt 0.650000 0.197782
vt 0.650000 0.192405
vt 0.547804 0.150000
vt 0.542538 0.150000
vt 0.553782 0.225000
vt 0.572288 0.150000
vt 0.900000 0.189499
vt 0.900000 0.187558
vt 0.544324 0.150000
vt 0.600000 0.159209
vt 0.600000 0.221745
vt 0.543988 0.225000
vt 0.650000 0.178789
vt 0.694026 0.225000
vt 0.570071 0.225000
vt 0.560077 0.150000
vt 0.600000 0.202811
vt 0.546599 0.225000
vt 0.697278 0.225000
vt 0.692062 0.225000
vt 0.575891 0.225000
vt 0.580860 0.225000
vt 0.600000 0.189581
vt 0.550939 0.225000
vt 0.650000 0.175539
vt 0.692181 0.225000
vt 0.579947 0.225000
vt 0.533459 0.150000
vt 0.600000 0.167217
vt 0.559491 0.225000
vt 0.725000 0.193756
vt 0.679769 0.150000
vt 0.600000 0.183593
vt 0.525000 0.170869
vt 0.590280 0.150000
vt 0.525000 0.174861
vt 0.677585 0.150000
vt 0.725000 0.193460
vt 0.600000 0.180161
vt 0.600000 0.179645
vt 0.576648 0.150000
vt 0.525000 0.181079
vt 0.975000 0.199634
vt 0.932909 0.150000
vt 0.600000 0.174424
vt 0.525000 0.209203
vt 0.550586 0.150000
vt 0.525000 0.183597
vt 0.927057 0.225000
vt 0.932674 0.225000
vt 0.600000 0.167933
vt 0.543768 0.225000
vt 0.525000 0.163699
vt 0.600000 0.201401
vt 0.677952 0.225000
vt 0.725000 0.181339
vt 0.525000 0.193218
vt 0.573894 0.225000
vt 0.600000 0.196640
vt 0.600000 0.195690
vt 0.924205 0.225000
vt 0.975000 0.183415
vt 0.525000 0.197959
vt 0.586487 0.225000
vt 0.525000 0.195320
vt 0.600000 0.191908
vt 0.699613 0.150000
vt 0.650000 0.192426
vt 0.525000 0.204750
vt 0.597609 0.223437
vt 0.529336 0.225000
vt 0.580768 0.150000
vt 0.946841 0.150000
vt 0.941801 0.150000
vt 0.552735 0.150000
vt 0.600000 0.190071
vt 0.582480 0.150000
vt 0.577210 0.150000
vt 0.650000 0.201058
vt 0.691459 0.150000
vt 0.555879 0.150000
vt 0.550254 0.150000
vt 0.574692 0.150000
vt 0.569071 0.150000
vt 0.703784 0.150000
vt 0.650000 0.189856
vt 0.551707 0.150000
vt 0.600000 0.167954
vt 0.570951 0.225000
vt 0.560343 0.150000
vt 0.650000 0.183457
vt 0.696304 0.225000
vt 0.557659 0.225000
vt 0.580834 0.150000
vt 0.600000 0.210820
vt 0.551313 0.225000
vt 0.947831 0.225000
vt 0.942232 0.225000
vt 0.567484 0.225000
vt 0.573007 0.225000
vt 0.548717 0.225000
vt 0.554541 0.225000
vt 0.900000 0.171382
vt 0.900000 0.179763
vt 0.572352 0.225000
vt 0.541008 0.150000
vt 0.555549 0.225000
vt 0.561185 0.225000
vt 0.725000 0.188435
vt 0.677319 0.150000
vt 0.573789 0.225000
vt 0.530985 0.150000
vt 0.591503 0.150000
vt 0.525000 0.176405
vt 0.924736 0.150000
vt 0.975000 0.191899
vt 0.600000 0.190304
vt 0.600000 0.192727
vt 0.525000 0.180959
vt 0.525000 0.183276
vt 0.725000 0.202809
vt 0.725000 0.194833
vt 0.600000 0.184679
vt 0.600000 0.182789
vt 0.525000 0.190606
vt 0.525000 0.189438
vt 0.975000 0.203073
vt 0.934699 0.150000
vt 0.600000 0.176147
vt 0.525000 0.216691
vt 0.525000 0.154114
vt 0.600000 0.200463
vt 0.681318 0.225000
vt 0.725000 0.179706
vt 0.525000 0.184157
vt 0.525000 0.180567
vt 0.525000 0.172681
vt 0.600000 0.192857
vt 0.677348 0.225000
vt 0.682865 0.225000
vt 0.525000 0.189111
vt 0.525000 0.190521
vt 0.600000 0.186247
vt 0.600000 0.186482
vt 0.975000 0.184265
vt 0.975000 0.186873
vt 0.525000 0.197016
vt 0.589665 0.225000
vt 0.528878 0.225000
vt 0.600000 0.183580
vt 0.693445 0.150000
vt 0.689763 0.150000
vt 0.563994 0.150000
vt 0.599903 0.214405
vt 0.538451 0.225000
vt 0.573157 0.150000
vt 0.952425 0.150000
vt 0.944116 0.150000
vt 0.560192 0.150000
vt 0.600000 0.177317
vt 0.565298 0.150000
vt 0.556973 0.150000
vt 0.900000 0.183673
vt 0.900000 0.187139
vt 0.540582 0.225000
vt 0.600000 0.154484
vt 0.600000 0.216171
vt 0.558103 0.225000
vt 0.900000 0.170527
vt 0.943048 0.225000
vt 0.559109 0.225000
vt 0.567233 0.225000
vt 0.600000 0.193065
vt 0.561275 0.225000
vt 0.650000 0.162550
vt 0.650000 0.175792
vt 0.566023 0.225000
vt 0.542645 0.150000
vt 0.563018 0.225000
vt 0.571947 0.225000
vt 0.914840 0.150000
vt 0.975000 0.189752
vt 0.600000 0.205610
vt 0.532427 0.150000
vt 0.586105 0.150000
vt 0.525000 0.184458
vt 0.975000 0.206793
vt 0.933295 0.150000
vt 0.600000 0.197610
vt 0.600000 0.195228
vt 0.525000 0.194093
vt 0.525000 0.196867
vt 0.934319 0.150000
vt 0.975000 0.199737
vt 0.600000 0.185995
vt 0.525000 0.208980
vt 0.546760 0.150000
vt 0.525000 0.205287
vt 0.975000 0.162623
vt 0.975000 0.175827
vt 0.525000 0.170982
vt 0.525000 0.165797
vt 0.525000 0.171299
vt 0.600000 0.186143
vt 0.675093 0.225000
vt 0.682248 0.225000
vt 0.525000 0.180282
vt 0.576418 0.225000
vt 0.600000 0.176387
vt 0.600000 0.175371
vt 0.662639 0.225000
vt 0.725000 0.186713
vt 0.525000 0.192407
vt 0.587760 0.225000
vt 0.534258 0.225000
vt 0.600000 0.169434
vt 0.943059 0.150000
vt 0.938715 0.150000
vt 0.569371 0.150000
vt 0.560869 0.150000
vt 0.544524 0.225000
vt 0.565316 0.150000
vt 0.975000 0.215644
vt 0.934364 0.150000
vt 0.574742 0.150000
vt 0.600000 0.190760
vt 0.561002 0.150000
vt 0.548820 0.150000
vt 0.962328 0.158765
vt 0.569972 0.150000
vt 0.600000 0.162286
vt 0.543211 0.150000
vt 0.525000 0.152612
vt 0.725000 0.154898
vt 0.687483 0.225000
vt 0.546485 0.225000
vt 0.558961 0.225000
vt 0.600000 0.190470
vt 0.573097 0.225000
vt 0.975000 0.189465
vt 0.920437 0.225000
vt 0.554977 0.225000
vt 0.545221 0.150000
vt 0.575194 0.225000
vt 0.591521 0.225000
vt 0.650000 0.178305
vt 0.650000 0.184796
vt 0.598047 0.223542
vt 0.596574 0.225000
vt 0.576773 0.150000
vt 0.525000 0.202345
vt 0.932637 0.225000
vt 0.900000 0.169151
vt 0.600000 0.202384
vt 0.525000 0.199723
vt 0.528408 0.225000
vt 0.526945 0.223513
vt 0.923554 0.155810
vt 0.527885 0.150000
vt 0.530649 0.150000
vt 0.525000 0.168611
vt 0.600000 0.177467
vt 0.957864 0.150000
vt 0.900000 0.195364
vt 0.525000 0.167351
vt 0.573267 0.225000
vt 0.599075 0.160504
vt 0.599433 0.155844
vt 0.975000 0.169283
vt 0.968200 0.170482
vt 0.600000 0.152536
vt 0.581600 0.150000
vt 0.542164 0.225000
vt 0.555041 0.150000
vt 0.725000 0.212000
vt 0.595023 0.151686
vt 0.525000 0.214081
vt 0.525000 0.155034
vt 0.525000 0.160939
vt 0.907745 0.225000
vt 0.975000 0.175954
vt 0.525000 0.221328
vt 0.559880 0.150000
vt 0.600000 0.175671
vt 0.600000 0.220430
vt 0.958391 0.225000
vt 0.587448 0.225000
vt 0.588093 0.225000
vt 0.600000 0.212889
vt 0.526851 0.220488
vt 0.900000 0.163224
vt 0.599591 0.216374
vt 0.542083 0.150000
vt 0.537757 0.225000
vt 0.537820 0.225000
vt 0.963729 0.150000
vt 0.900000 0.200691
vt 0.534225 0.150000
vt 0.563182 0.225000
vt 0.525000 0.193128
vt 0.591221 0.150000
vt 0.975000 0.181734
vt 0.972081 0.177749
vt 0.600000 0.160923
vt 0.600000 0.155019
vt 0.582994 0.150000
vt 0.529986 0.151684
s 0
usemtl HoardAtlas
f 1/1/1 3/2/1 2/3/1
f 1/4/1 4/5/1 3/6/1
f 1/7/1 5/8/1 4/9/1
f 1/7/1 6/10/1 5/11/1
f 1/12/1 7/1/1 6/5/1
f 1/6/1 8/13/1 7/14/1
f 1/6/1 9/15/1 8/16/1
f 1/17/1 10/7/1 9/1/1
f 1/5/1 11/18/1 10/19/1
f 1/5/1 12/20/1 11/21/1
f 1/22/1 13/6/1 12/7/1
f 1/1/1 2/23/1 13/24/1
f 3/25/2 14/26/2 2/27/2
f 4/28/3 15/29/3 3/30/3
f 5/31/4 16/32/4 4/33/4
f 6/34/5 17/35/5 5/36/5
f 7/37/6 18/38/6 6/39/6
f 8/40/7 19/41/7 7/42/7
f 9/43/8 20/44/8 8/45/8
f 10/46/9 21/47/9 9/48/9
f 11/49/10 22/50/10 10/51/10
f 12/52/11 23/53/11 11/54/11
f 13/55/12 24/56/12 12/57/12
f 2/58/13 25/59/13 13/60/13
f 15/61/14 26/62/14 14/63/14
f 16/64/15 27/6/15 15/65/15
f 17/66/16 28/67/16 16/68/16
f 18/69/17 29/70/17 17/71/17
f 19/72/18 30/5/18 18/73/18
f 20/74/19 31/75/19 19/76/19
f 21/77/20 32/78/20 20/79/20
f 22/80/21 33/1/21 21/81/21
f 23/82/22 34/83/22 22/84/22
f 24/85/23 35/86/23 23/87/23
f 25/88/24 36/7/24 24/89/24
f 14/90/25 37/91/25 25/92/25
f 26/93/26 39/94/26 38/95/26
f 28/96/27 39/97/27 27/98/27
f 28/99/28 41/100/28 40/101/28
f 29/102/29 42/103/29 41/104/29
f 31/105/30 42/106/30 30/107/30
f 31/108/31 44/109/31 43/110/31
f 32/111/32 45/112/32 44/113/32
f 34/114/33 45/115/33 33/116/33
f 34/117/34 47/118/34 46/119/34
f 35/120/35 48/121/35 47/122/35
f 37/123/36 48/124/36 36/125/36
f 37/126/37 38/127/37 49/128/37
f 39/129/38 50/130/38 38/131/38
f 40/132/39 51/133/39 39/134/39
f 41/135/40 52/136/40 40/137/40
f 42/138/41 53/139/41 41/140/41
f 43/141/42 54/142/42 42/143/42
f 44/144/43 55/145/43 43/146/43
f 45/147/44 56/148/44 44/149/44
f 46/150/45 57/151/45 45/152/45
f 47/153/46 58/154/46 46/155/46
f 48/156/47 59/157/47 47/158/47
f 49/159/48 60/160/48 48/161/48
f 38/162/49 61/163/49 49/164/49
f 51/165/50 62/166/50 50/167/50
f 52/168/51 63/169/51 51/170/51
f 53/171/52 64/172/52 52/173/52
f 54/174/53 65/175/53 53/176/53
f 55/177/54 66/178/54 54/179/54
f 56/180/55 67/181/55 55/182/55
f 57/183/56 68/184/56 56/185/56
f 58/186/57 69/187/57 57/188/57
f 59/189/58 70/190/58 58/191/58
f 60/192/59 71/193/59 59/194/59
f 61/195/60 72/196/60 60/197/60
f 50/198/61 73/199/61 61/200/61
f 63/201/62 74/202/62 62/203/62
f 64/204/63 75/205/63 63/206/63
f 65/207/64 76/208/64 64/209/64
f 66/210/65 77/211/65 65/212/65
f 67/213/66 78/214/66 66/215/66
f 68/216/67 79/217/67 67/218/67
f 69/219/68 80/220/68 68/221/68
f 70/222/69 81/223/69 69/224/69
f 71/225/70 82/226/70 70/227/70
f 72/228/71 83/229/71 71/230/71
f 73/231/72 84/232/72 72/233/72
f 62/234/73 85/235/73 73/236/73
f 75/237/74 86/238/74 74/239/74
f 75/240/75 88/241/75 87/242/75
f 76/243/76 89/244/76 88/245/76
f 78/246/77 89/247/77 77/248/77
f 78/249/78 91/250/78 90/251/78
f 79/252/79 92/253/79 91/254/79
f 81/255/80 92/256/80 80/257/80
f 81/258/81 94/259/81 93/260/81
f 82/261/82 95/262/82 94/263/82
f 84/264/83 95/265/83 83/266/83
f 84/267/84 97/268/84 96/269/84
f 85/270/85 86/271/85 97/272/85
f 87/273/86 98/274/86 86/275/86
f 88/1/87 99/276/87 87/7/87
f 88/277/88 101/278/88 100/279/88
f 90/280/89 101/281/89 89/282/89
f 91/5/90 102/283/90 90/1/90
f 91/284/91 104/285/91 103/286/91
f 93/287/92 104/288/92 92/289/92
f 94/6/93 105/290/93 93/5/93
f 94/291/94 107/292/94 106/293/94
f 96/294/95 107/295/95 95/296/95
f 97/7/96 108/297/96 96/6/96
f 97/298/97 98/299/97 109/300/97
f 98/301/98 99/19/98 110/5/98
f 99/7/99 100/1/99 110/17/99
f 100/302/100 101/303/100 110/6/100
f 101/13/101 102/304/101 110/6/101
f 102/1/102 103/5/102 110/12/102
f 103/305/103 104/11/103 110/7/103
f 104/306/104 105/9/104 110/7/104
f 105/5/105 106/6/105 110/4/105
f 106/307/106 107/308/106 110/1/106
f 107/23/107 108/309/107 110/1/107
f 108/6/108 109/7/108 110/22/108
f 109/310/109 98/21/109 110/5/109
f 112/311/110 117/312/110 111/313/110
f 113/314/111 116/315/111 112/316/111
f 113/317/112 114/318/112 115/319/112
f 111/6/113 118/320/113 112/321/113
f 116/322/114 122/323/114 117/7/114
f 112/324/115 119/325/115 113/326/115
f 113/327/116 120/328/116 114/329/116
f 120/330/117 115/331/117 114/5/117
f 121/332/118 116/333/118 115/334/118
f 124/335/119 129/336/119 123/337/119
f 124/338/120 127/339/120 128/340/120
f 125/341/121 126/342/121 127/319/121
f 123/6/122 130/343/122 124/344/122
f 128/345/123 134/346/123 129/5/123
f 124/347/124 131/348/124 125/1/124
f 125/349/125 132/350/125 126/351/125
f 132/352/126 127/353/126 126/354/126
f 133/355/127 128/356/127 127/7/127
f 136/357/128 141/358/128 135/359/128
f 137/360/129 140/361/129 136/362/129
f 137/363/130 138/364/130 139/365/130
f 135/1/131 142/366/131 136/367/131
f 140/368/132 146/369/132 141/5/132
f 136/370/133 143/371/133 137/372/133
f 137/373/134 144/374/134 138/375/134
f 144/376/135 139/377/135 138/7/135
f 145/378/136 140/379/136 139/380/136
f 148/381/137 153/382/137 147/383/137
f 148/384/138 151/385/138 152/386/138
f 149/387/139 150/388/139 151/389/139
f 147/1/140 154/390/140 148/391/140
f 152/392/141 158/393/141 153/6/141
f 148/394/142 155/395/142 149/6/142
f 149/396/143 156/397/143 150/398/143
f 156/399/144 151/400/144 150/401/144
f 157/402/145 152/403/145 151/1/145
f 160/404/146 165/405/146 159/406/146
f 160/386/147 163/407/147 164/408/147
f 161/389/148 162/409/148 163/410/148
f 159/7/149 166/411/149 160/5/149
f 164/412/150 170/413/150 165/6/150
f 160/414/151 167/415/151 161/416/151
f 161/417/152 168/418/152 162/419/152
f 168/420/153 163/7/153 162/421/153
f 169/422/154 164/423/154 163/424/154
f 171/425/155 176/426/155 177/427/155
f 173/428/156 176/429/156 172/430/156
f 173/389/157 174/431/157 175/432/157
f 171/7/158 178/433/158 172/434/158
f 176/1/159 182/435/159 177/6/159
f 172/436/160 179/437/160 173/438/160
f 173/6/161 180/439/161 174/440/161
f 180/441/162 175/442/162 174/443/162
f 181/444/163 176/445/163 175/446/163
f 184/447/164 189/448/164 183/449/164
f 185/450/165 188/451/165 184/315/165
f 185/319/166 186/452/166 187/453/166
f 183/5/167 190/454/167 184/7/167
f 188/455/168 194/456/168 189/1/168
f 184/457/169 191/458/169 185/5/169
f 185/459/170 192/460/170 186/461/170
f 192/462/171 187/463/171 186/464/171
f 193/465/172 188/466/172 187/6/172
f 196/467/173 201/468/173 195/469/173
f 196/470/174 199/471/174 200/472/174
f 197/473/175 198/474/175 199/475/175
f 195/5/176 202/476/176 196/477/176
f 200/478/177 206/479/177 201/1/177
f 196/480/178 203/481/178 197/482/178
f 197/1/179 204/483/179 198/484/179
f 204/485/180 199/486/180 198/487/180
f 205/488/181 200/489/181 199/490/181
f 208/491/182 213/492/182 207/493/182
f 209/494/183 212/495/183 208/472/183
f 209/475/184 210/496/184 211/497/184
f 207/5/185 214/498/185 208/499/185
f 212/500/186 218/501/186 213/7/186
f 208/502/187 215/503/187 209/7/187
f 209/504/188 216/505/188 210/506/188
f 216/507/189 211/508/189 210/509/189
f 217/510/190 212/511/190 211/5/190
f 219/512/191 224/513/191 225/514/191
f 220/515/192 223/516/192 224/517/192
f 221/475/193 222/518/193 223/319/193
f 219/6/194 226/519/194 220/520/194
f 224/521/195 230/522/195 225/7/195
f 220/523/196 227/524/196 221/525/196
f 221/526/197 228/527/197 222/1/197
f 228/528/198 223/529/198 222/530/198
f 229/531/199 224/532/199 223/7/199
f 231/533/200 236/534/200 237/535/200
f 232/536/201 235/537/201 236/386/201
f 233/432/202 234/538/202 235/389/202
f 231/6/203 238/539/203 232/540/203
f 236/541/204 242/542/204 237/5/204
f 232/543/205 239/544/205 233/545/205
f 233/546/206 240/547/206 234/548/206
f 240/549/207 235/550/207 234/551/207
f 241/552/208 236/553/208 235/554/208
f 244/555/209 249/556/209 243/557/209
f 244/558/210 247/559/210 248/560/210
f 245/432/211 246/561/211 247/389/211
f 243/1/212 250/562/212 244/563/212
f 248/564/213 254/565/213 249/5/213
f 244/566/214 251/567/214 245/568/214
f 245/569/215 252/570/215 246/571/215
f 252/572/216 247/573/216 246/574/216
f 253/575/217 248/576/217 247/577/217
f 256/578/218 261/579/218 255/580/218
f 256/581/219 259/582/219 260/583/219
f 257/432/220 258/584/220 259/389/220
f 255/1/221 262/585/221 256/586/221
f 260/587/222 266/588/222 261/5/222
f 256/589/223 263/590/223 257/591/223
f 257/592/224 264/593/224 258/6/224
f 264/594/225 259/7/225 258/595/225
f 265/596/226 260/597/226 259/598/226
f 268/599/227 273/600/227 267/601/227
f 268/602/228 271/603/228 272/604/228
f 269/389/229 270/605/229 271/432/229
f 267/1/230 274/606/230 268/607/230
f 272/608/231 278/609/231 273/6/231
f 268/610/232 275/611/232 269/612/232
f 269/613/233 276/614/233 270/615/233
f 276/616/234 271/617/234 270/618/234
f 277/619/235 272/620/235 271/621/235
f 279/622/236 284/623/236 285/624/236
f 281/625/237 284/626/237 280/627/237
f 281/389/238 282/628/238 283/432/238
f 279/7/239 286/629/239 280/630/239
f 284/631/240 290/632/240 285/6/240
f 280/633/241 287/634/241 281/635/241
f 281/636/242 288/637/242 282/638/242
f 288/639/243 283/640/243 282/641/243
f 289/642/244 284/643/244 283/644/244
f 292/645/245 297/646/245 291/647/245
f 293/648/246 296/429/246 292/649/246
f 293/650/247 294/651/247 295/432/247
f 291/7/248 298/652/248 292/653/248
f 296/654/249 302/655/249 297/1/249
f 292/656/250 299/657/250 293/658/250
f 293/659/251 300/660/251 294/661/251
f 300/662/252 295/663/252 294/6/252
f 301/664/253 296/665/253 295/666/253
f 303/667/254 308/668/254 309/669/254
f 304/670/255 307/671/255 308/672/255
f 305/319/256 306/673/256 307/674/256
f 303/5/257 310/675/257 304/676/257
f 308/677/258 314/678/258 309/1/258
f 304/679/259 311/680/259 305/681/259
f 305/6/260 312/682/260 306/683/260
f 312/684/261 307/685/261 306/686/261
f 313/687/262 308/688/262 307/689/262
f 316/690/263 321/691/263 315/692/263
f 316/693/264 319/694/264 320/695/264
f 317/319/265 318/696/265 319/475/265
f 315/5/266 322/697/266 316/698/266
f 320/699/267 326/700/267 321/1/267
f 316/701/268 323/702/268 317/703/268
f 317/704/269 324/705/269 318/706/269
f 324/707/270 319/708/270 318/709/270
f 325/710/271 320/711/271 319/712/271
f 327/713/272 332/714/272 333/715/272
f 328/716/273 331/717/273 332/718/273
f 329/719/274 330/720/274 331/721/274
f 327/5/275 334/722/275 328/723/275
f 332/724/276 338/725/276 333/7/276
f 328/726/277 335/727/277 329/728/277
f 329/729/278 336/730/278 330/731/278
f 336/732/279 331/733/279 330/734/279
f 337/735/280 332/736/280 331/737/280
f 339/738/281 344/739/281 345/740/281
f 341/741/282 344/742/282 340/743/282
f 341/475/283 342/744/283 343/319/283
f 339/6/284 346/745/284 340/746/284
f 344/747/285 350/748/285 345/7/285
f 340/749/286 347/750/286 341/7/286
f 341/751/287 348/752/287 342/753/287
f 348/754/288 343/755/288 342/756/288
f 349/757/289 344/758/289 343/759/289
f 352/760/290 357/761/290 351/762/290
f 352/763/291 355/764/291 356/765/291
f 353/721/292 354/766/292 355/719/292
f 351/6/293 358/767/293 352/768/293
f 356/769/294 362/770/294 357/7/294
f 352/771/295 359/772/295 353/773/295
f 353/774/296 360/775/296 354/776/296
f 360/777/297 355/778/297 354/779/297
f 361/780/298 356/781/298 355/782/298
f 364/783/299 369/784/299 363/785/299
f 364/786/300 367/787/300 368/788/300
f 365/475/301 366/789/301 367/319/301
f 363/6/302 370/790/302 364/791/302
f 368/792/303 374/793/303 369/7/303
f 364/794/304 371/795/304 365/796/304
f 365/797/305 372/798/305 366/799/305
f 372/800/306 367/801/306 366/802/306
f 373/803/307 368/804/307 367/805/307
f 376/806/308 381/807/308 375/808/308
f 376/809/309 379/810/309 380/811/309
f 377/432/310 378/812/310 379/389/310
f 375/1/311 382/813/311 376/814/311
f 380/815/312 386/816/312 381/5/312
f 376/817/313 383/818/313 377/819/313
f 377/820/314 384/821/314 378/822/314
f 384/823/315 379/824/315 378/825/315
f 385/826/316 380/827/316 379/828/316
f 388/829/317 393/830/317 387/831/317
f 389/832/318 392/833/318 388/834/318
f 389/432/319 390/835/319 391/389/319
f 387/1/320 394/836/320 388/837/320
f 392/838/321 398/839/321 393/5/321
f 388/840/322 395/841/322 389/842/322
f 389/843/323 396/844/323 390/845/323
f 396/846/324 391/847/324 390/848/324
f 397/849/325 392/850/325 391/851/325
f 400/852/326 405/853/326 399/854/326
f 400/855/327 403/856/327 404/857/327
f 401/858/328 402/859/328 403/389/328
f 399/1/329 406/860/329 400/861/329
f 404/862/330 410/863/330 405/6/330
f 400/864/331 407/865/331 401/866/331
f 401/867/332 408/868/332 402/1/332
f 408/869/333 403/870/333 402/871/333
f 409/872/334 404/873/334 403/874/334
f 411/875/335 416/876/335 417/877/335
f 413/878/336 416/879/336 412/880/336
f 413/389/337 414/881/337 415/432/337
f 411/7/338 418/882/338 412/883/338
f 416/884/339 422/885/339 417/6/339
f 412/886/340 419/887/340 413/888/340
f 413/889/341 420/890/341 414/891/341
f 420/892/342 415/893/342 414/894/342
f 421/895/343 416/896/343 415/897/343
f 423/898/344 428/899/344 429/900/344
f 424/901/345 427/902/345 428/903/345
f 425/389/346 426/904/346 427/432/346
f 423/7/347 430/905/347 424/906/347
f 428/907/348 434/908/348 429/6/348
f 424/909/349 431/910/349 425/911/349
f 425/912/350 432/913/350 426/914/350
f 432/915/351 427/916/351 426/917/351
f 433/918/352 428/919/352 427/920/352
f 435/921/353 440/922/353 441/923/353
f 436/924/354 439/925/354 440/926/354
f 437/927/355 438/928/355 439/432/355
f 435/7/356 442/929/356 436/930/356
f 440/931/357 446/932/357 441/1/357
f 436/933/358 443/934/358 437/935/358
f 437/936/359 444/937/359 438/938/359
f 444/939/360 439/940/360 438/941/360
f 445/942/361 440/943/361 439/944/361
f 448/945/362 453/946/362 447/947/362
f 449/948/363 452/949/363 448/950/363
f 449/319/364 450/951/364 451/952/364
f 447/5/365 454/953/365 448/954/365
f 452/955/366 458/956/366 453/1/366
f 448/957/367 455/958/367 449/959/367
f 449/960/368 456/961/368 450/962/368
f 456/963/369 451/964/369 450/965/369
f 457/966/370 452/967/370 451/968/370
f 459/969/371 464/970/371 465/971/371
f 461/972/372 464/973/372 460/974/372
f 461/319/373 462/975/373 463/475/373
f 459/5/374 466/976/374 460/977/374
f 464/978/375 470/979/375 465/1/375
f 460/980/376 467/981/376 461/982/376
f 461/983/377 468/984/377 462/985/377
f 468/986/378 463/987/378 462/988/378
f 469/989/379 464/990/379 463/991/379
f 472/992/380 477/993/380 471/994/380
f 473/995/381 476/996/381 472/997/381
f 473/719/382 474/998/382 475/999/382
f 471/5/383 478/1000/383 472/1001/383
f 476/1002/384 482/1003/384 477/7/384
f 472/1004/385 479/1005/385 473/1006/385
f 473/1007/386 480/1008/386 474/1009/386
f 480/1010/387 475/1011/387 474/1012/387
f 481/1013/388 476/1014/388 475/1015/388
f 483/1016/389 488/1017/389 489/1018/389
f 485/1019/390 488/1020/390 484/1021/390
f 485/475/391 486/1022/391 487/1023/391
f 483/6/392 490/1024/392 484/1025/392
f 488/1026/393 494/1027/393 489/7/393
f 484/1028/394 491/1029/394 485/1030/394
f 485/1031/395 492/1032/395 486/1033/395
f 492/1034/396 487/1035/396 486/1036/396
f 493/1037/397 488/1038/397 487/1039/397
f 495/1040/398 500/1041/398 501/1042/398
f 496/1043/399 499/1044/399 500/1045/399
f 497/475/400 498/1046/400 499/1047/400
f 495/6/401 502/1048/401 496/1049/401
f 500/1050/402 506/1051/402 501/7/402
f 496/1052/403 503/1053/403 497/1054/403
f 497/1055/404 504/1056/404 498/1057/404
f 504/1058/405 499/1059/405 498/1060/405
f 505/1061/406 500/1062/406 499/1063/406
f 507/1064/407 512/1065/407 513/1066/407
f 508/1067/408 511/1068/408 512/1069/408
f 509/721/409 510/1070/409 511/1071/409
f 507/6/410 514/1072/410 508/1073/410
f 512/1074/411 518/1075/411 513/5/411
f 508/1076/412 515/1077/412 509/1078/412
f 509/1079/413 516/1080/413 510/1081/413
f 516/1082/414 511/1083/414 510/6/414
f 517/1084/415 512/1085/415 511/1086/415
f 520/1087/416 525/1088/416 519/1089/416
f 520/1090/417 523/1091/417 524/1092/417
f 521/1093/418 522/1094/418 523/389/418
f 519/1/419 526/1095/419 520/1096/419
f 524/1097/420 530/1098/420 525/5/420
f 520/1099/421 527/1100/421 521/1101/421
f 521/1102/422 528/1103/422 522/1104/422
f 528/1105/423 523/1106/423 522/1107/423
f 529/1108/424 524/1109/424 523/1110/424
f 531/1111/425 536/1112/425 537/1113/425
f 532/1114/426 535/1115/426 536/1116/426
f 533/432/427 534/1117/427 535/1118/427
f 531/1/428 538/1119/428 532/1120/428
f 536/1121/429 542/1122/429 537/5/429
f 532/1123/430 539/1124/430 533/1125/430
f 533/1126/431 540/1127/431 534/1128/431
f 540/1129/432 535/1130/432 534/1131/432
f 541/1132/433 536/1133/433 535/1134/433
f 544/1135/434 549/1136/434 543/1137/434
f 544/1138/435 547/1139/435 548/1140/435
f 545/1141/436 546/1142/436 547/389/436
f 543/1/437 550/1143/437 544/1144/437
f 548/1145/438 554/1146/438 549/6/438
f 544/1147/439 551/1148/439 545/1149/439
f 545/1150/440 552/1151/440 546/1152/440
f 552/1153/441 547/1154/441 546/1155/441
f 553/1156/442 548/1157/442 547/1158/442
f 556/1159/443 561/1160/443 555/1161/443
f 556/1162/444 559/1163/444 560/1164/444
f 557/1165/445 558/1166/445 559/432/445
f 555/7/446 562/1167/446 556/1168/446
f 560/1169/447 566/1170/447 561/6/447
f 556/1171/448 563/1172/448 557/1173/448
f 557/1174/449 564/1175/449 558/1176/449
f 564/1177/450 559/1178/450 558/1179/450
f 565/1180/451 560/1181/451 559/1182/451
f 567/1183/452 572/1184/452 573/1185/452
f 569/1186/453 572/1187/453 568/1188/453
f 569/389/454 570/1189/454 571/1190/454
f 567/7/455 574/1191/455 568/1192/455
f 572/1193/456 578/1194/456 573/6/456
f 568/1195/457 575/1196/457 569/1197/457
f 569/1198/458 576/1199/458 570/1200/458
f 576/1201/459 571/1202/459 570/1203/459
f 577/1204/460 572/1205/460 571/1206/460
f 580/1207/461 585/1208/461 579/1209/461
f 580/1210/462 583/1211/462 584/1212/462
f 581/1213/463 582/1214/463 583/363/463
f 579/7/464 586/1215/464 580/1216/464
f 584/1217/465 590/1218/465 585/1/465
f 580/1219/466 587/1220/466 581/1221/466
f 581/1222/467 588/1223/467 582/1224/467
f 588/1225/468 583/1226/468 582/1227/468
f 589/1228/469 584/1229/469 583/1230/469
f 592/1231/470 597/1232/470 591/1233/470
f 593/1234/471 596/1235/471 592/1236/471
f 593/719/472 594/1237/472 595/1238/472
f 591/7/473 598/1239/473 592/1240/473
f 596/1241/474 602/1242/474 597/1/474
f 592/1243/475 599/1244/475 593/1245/475
f 593/1246/476 600/1247/476 594/1248/476
f 600/1249/477 595/1250/477 594/1251/477
f 601/1252/478 596/1253/478 595/1254/478
f 604/1255/479 609/1256/479 603/1257/479
f 604/1258/480 607/1259/480 608/1260/480
f 605/1261/481 606/1262/481 607/475/481
f 603/5/482 610/1263/482 604/1264/482
f 608/1265/483 614/1266/483 609/1/483
f 604/1267/484 611/1268/484 605/1269/484
f 605/1270/485 612/1271/485 606/1272/485
f 612/1273/486 607/1274/486 606/1275/486
f 613/1276/487 608/1277/487 607/1278/487
f 616/1279/488 621/1280/488 615/1281/488
f 616/1282/489 619/1283/489 620/1284/489
f 617/319/490 618/1285/490 619/1286/490
f 615/5/491 622/1287/491 616/1288/491
f 620/1289/492 626/1290/492 621/1/492
f 616/1291/493 623/1292/493 617/1293/493
f 617/1294/494 624/1295/494 618/1296/494
f 624/1297/495 619/1298/495 618/1299/495
f 625/1300/496 620/1301/496 619/1302/496
f 628/1303/497 633/1304/497 627/1305/497
f 628/1306/498 631/1307/498 632/1308/498
f 629/475/499 630/1309/499 631/1310/499
f 627/5/500 634/1311/500 628/1312/500
f 632/1313/501 638/1314/501 633/7/501
f 628/1315/502 635/1316/502 629/1317/502
f 629/1318/503 636/1319/503 630/6/503
f 636/1320/504 631/1321/504 630/7/504
f 637/1322/505 632/1323/505 631/1324/505
f 640/1325/506 645/1326/506 639/1327/506
f 641/1328/507 644/1329/507 640/1330/507
f 641/1331/508 642/1332/508 643/719/508
f 639/6/509 646/1333/509 640/1334/509
f 644/1335/510 650/1336/510 645/7/510
f 640/1337/511 647/1338/511 641/1339/511
f 641/1340/512 648/1341/512 642/1342/512
f 648/1343/513 643/1344/513 642/1345/513
f 649/1346/514 644/1347/514 643/1348/514
f 651/1349/515 656/1350/515 657/1351/515
f 653/1352/516 656/1353/516 652/1354/516
f 653/1355/517 654/389/517 655/1356/517
f 651/6/518 658/1357/518 652/1358/518
f 656/1359/519 662/1360/519 657/7/519
f 652/1361/520 659/1362/520 653/1363/520
f 653/1364/521 660/1365/521 654/1366/521
f 660/1367/522 655/1368/522 654/1369/522
f 661/1370/523 656/1371/523 655/1372/523
f 664/1373/524 669/1374/524 663/1375/524
f 664/1376/525 667/1377/525 668/1378/525
f 665/475/526 666/1379/526 667/1380/526
f 663/6/527 670/1381/527 664/1382/527
f 668/1383/528 674/1384/528 669/7/528
f 664/1385/529 671/1386/529 665/1387/529
f 665/1388/530 672/1389/530 666/1390/530
f 672/1391/531 667/1392/531 666/1393/531
f 673/1394/532 668/1395/532 667/1396/532
f 676/1397/533 681/1398/533 675/1399/533
f 676/1400/534 679/1401/534 680/1402/534
f 677/1403/535 678/1404/535 679/389/535
f 675/6/536 682/1405/536 676/1406/536
f 680/1407/537 686/1408/537 681/5/537
f 676/1409/538 683/1410/538 677/1411/538
f 677/1412/539 684/1413/539 678/1414/539
f 684/1415/540 679/1416/540 678/1417/540
f 685/1418/541 680/1419/541 679/1420/541
f 687/1421/542 692/1422/542 693/1423/542
f 688/1424/543 691/1425/543 692/1426/543
f 689/1427/544 690/721/544 691/1428/544
f 687/1/545 694/1429/545 688/1430/545
f 692/1431/546 698/1432/546 693/5/546
f 688/1433/547 695/1434/547 689/1435/547
f 689/1436/548 696/1437/548 690/1438/548
f 696/1439/549 691/1440/549 690/1441/549
f 697/1442/550 692/1443/550 691/1444/550
f 700/1445/551 705/1446/551 699/1447/551
f 701/1448/552 704/1449/552 700/1450/552
f 701/432/553 702/1451/553 703/1452/553
f 699/1/554 706/1453/554 700/1454/554
f 704/1455/555 710/1456/555 705/5/555
f 700/1457/556 707/1458/556 701/1459/556
f 701/1460/557 708/1461/557 702/1462/557
f 708/1463/558 703/1464/558 702/1465/558
f 709/1466/559 704/1467/559 703/1468/559
f 712/1469/560 717/1470/560 711/1471/560
f 712/1472/561 715/1473/561 716/1474/561
f 713/1475/562 714/1476/562 715/432/562
f 711/1/563 718/1477/563 712/1478/563
f 716/1479/564 722/1480/564 717/6/564
f 712/1481/565 719/1482/565 713/1483/565
f 713/1484/566 720/1485/566 714/1486/566
f 720/1487/567 715/1488/567 714/1489/567
f 721/1490/568 716/1491/568 715/1492/568
f 723/1493/569 728/1494/569 729/1495/569
f 725/1496/570 728/1497/570 724/1498/570
f 725/1499/571 726/1500/571 727/363/571
f 723/7/572 730/1501/572 724/1502/572
f 728/1503/573 734/1504/573 729/6/573
f 724/1505/574 731/1506/574 725/1507/574
f 725/1508/575 732/1509/575 726/1510/575
f 732/1511/576 727/1205/576 726/1512/576
f 733/1513/577 728/1514/577 727/1515/577
f 736/1516/578 741/1517/578 735/1518/578
f 737/1519/579 740/1520/579 736/1521/579
f 737/389/580 738/1522/580 739/1523/580
f 735/7/581 742/1524/581 736/1525/581
f 740/1526/582 746/1527/582 741/6/582
f 736/1528/583 743/1529/583 737/1530/583
f 737/1531/584 744/1532/584 738/1533/584
f 744/1534/585 739/1535/585 738/1536/585
f 745/1537/586 740/1538/586 739/1539/586
f 748/1540/587 753/1541/587 747/1542/587
f 748/1543/588 751/1544/588 752/1545/588
f 749/1546/589 750/719/589 751/1547/589
f 747/7/590 754/1548/590 748/1549/590
f 752/1550/591 758/1551/591 753/1/591
f 748/1552/592 755/1553/592 749/1554/592
f 749/1555/593 756/1556/593 750/1557/593
f 756/1558/594 751/1559/594 750/1/594
f 757/1560/595 752/1561/595 751/1562/595
f 760/1563/596 765/1564/596 759/1565/596
f 760/1566/597 763/1567/597 764/1568/597
f 761/1569/598 762/1570/598 763/475/598
f 759/5/599 766/1571/599 760/1572/599
f 764/1573/600 770/1574/600 765/1/600
f 760/1575/601 767/1576/601 761/1577/601
f 761/1578/602 768/1579/602 762/1580/602
f 768/1581/603 763/1582/603 762/1583/603
f 769/1584/604 764/1585/604 763/1586/604
f 772/1587/605 777/1588/605 771/1589/605
f 773/1590/606 776/1591/606 772/1592/606
f 773/1593/607 774/432/607 775/1594/607
f 771/5/608 778/1595/608 772/1596/608
f 776/1597/609 782/1598/609 777/1/609
f 772/1599/610 779/1600/610 773/1601/610
f 773/1602/611 780/1603/611 774/1604/611
f 780/1605/612 775/1606/612 774/1607/612
f 781/1608/613 776/1609/613 775/1610/613
f 783/1611/614 788/1612/614 789/1613/614
f 784/1614/615 787/1615/615 788/1616/615
f 785/719/616 786/1617/616 787/1618/616
f 783/5/617 790/1619/617 784/1620/617
f 788/1621/618 794/1622/618 789/7/618
f 784/1623/619 791/1624/619 785/1625/619
f 785/1626/620 792/1627/620 786/1628/620
f 792/1629/621 787/1630/621 786/7/621
f 793/1631/622 788/1632/622 787/1633/622
f 796/1634/623 801/1635/623 795/1636/623
f 797/1637/624 800/1638/624 796/1639/624
f 797/1640/625 798/1641/625 799/319/625
f 795/6/626 802/1642/626 796/1643/626
f 800/1644/627 806/1645/627 801/7/627
f 796/1646/628 803/1647/628 797/1648/628
f 797/7/629 804/1649/629 798/1650/629
f 804/1651/630 799/1652/630 798/1653/630
f 805/1654/631 800/1655/631 799/1656/631
f 808/1657/632 813/1658/632 807/1659/632
f 809/1660/633 812/1661/633 808/1662/633
f 809/721/634 810/1663/634 811/1664/634
f 807/6/635 814/1665/635 808/1666/635
f 812/1667/636 818/1668/636 813/7/636
f 808/1669/637 815/1670/637 809/1671/637
f 809/1672/638 816/1673/638 810/1674/638
f 816/1675/639 811/1676/639 810/1677/639
f 817/1678/640 812/1679/640 811/1680/640
f 820/1681/641 825/1682/641 819/1683/641
f 821/1684/642 824/1685/642 820/1686/642
f 821/1687/643 822/1688/643 823/1689/643
f 819/6/644 826/1690/644 820/1691/644
f 824/1692/645 830/1693/645 825/5/645
f 820/1694/646 827/1695/646 821/1696/646
f 821/1697/647 828/1698/647 822/5/647
f 828/1699/648 823/1700/648 822/1701/648
f 829/1702/649 824/1703/649 823/1704/649
f 832/1705/650 837/1706/650 831/1707/650
f 832/1708/651 835/1709/651 836/1710/651
f 833/363/652 834/1711/652 835/1712/652
f 831/1/653 838/1713/653 832/1714/653
f 836/1715/654 842/1716/654 837/5/654
f 832/1717/655 839/1718/655 833/1719/655
f 833/1720/656 840/1721/656 834/1722/656
f 840/1723/657 835/1724/657 834/1725/657
f 841/1726/658 836/1727/658 835/1728/658
f 844/1729/659 849/1730/659 843/1731/659
f 845/1732/660 848/1733/660 844/1734/660
f 845/432/661 846/1735/661 847/1736/661
f 843/1/662 850/1737/662 844/1738/662
f 848/6/663 854/1739/663 849/1740/663
f 844/1741/664 851/1742/664 845/1743/664
f 845/1744/665 852/1745/665 846/1746/665
f 852/1747/666 847/1748/666 846/1749/666
f 853/1750/667 848/1751/667 847/1752/667
f 855/1753/668 860/1754/668 861/1755/668
f 857/1756/669 860/1757/669 856/1758/669
f 857/1759/670 858/1760/670 859/363/670
f 855/1761/671 862/1762/671 856/7/671
f 860/1763/672 866/1764/672 861/6/672
f 856/1765/673 863/1766/673 857/1767/673
f 857/1768/674 864/1769/674 858/1770/674
f 864/1771/675 859/1772/675 858/1773/675
f 865/1774/676 860/1775/676 859/1776/676
f 868/1777/677 873/1778/677 867/1779/677
f 868/1780/678 871/1781/678 872/1782/678
f 869/389/679 870/1783/679 871/1784/679
f 867/7/680 874/1785/680 868/1786/680
f 872/1787/681 878/1788/681 873/6/681
f 868/1789/682 875/1790/682 869/1791/682
f 869/1792/683 876/1793/683 870/1794/683
f 876/1795/684 871/1796/684 870/1797/684
f 877/1798/685 872/1799/685 871/1800/685
f 879/1801/686 884/1802/686 885/1803/686
f 881/1804/687 884/1805/687 880/1806/687
f 881/1689/688 882/1807/688 883/1808/688
f 879/7/689 886/1809/689 880/1810/689
f 884/1811/690 890/1812/690 885/1/690
f 880/1813/691 887/1814/691 881/1815/691
f 881/1816/692 888/1817/692 882/1818/692
f 888/1819/693 883/1820/693 882/1821/693
f 889/1822/694 884/1823/694 883/1824/694
f 891/1825/695 896/1826/695 897/1827/695
f 892/1828/696 895/1829/696 896/1830/696
f 893/1831/697 894/1832/697 895/721/697
f 891/5/698 898/1833/698 892/1834/698
f 896/1835/699 902/1836/699 897/1/699
f 892/1837/700 899/1838/700 893/1839/700
f 893/1840/701 900/1841/701 894/1842/701
f 900/1843/702 895/1844/702 894/1845/702
f 901/1846/703 896/1847/703 895/1848/703
f 904/1849/704 909/1850/704 903/1851/704
f 905/1852/705 908/1853/705 904/1854/705
f 905/1855/706 906/1856/706 907/475/706
f 903/5/707 910/1857/707 904/1858/707
f 908/1859/708 914/1860/708 909/1/708
f 904/1861/709 911/1862/709 905/1863/709
f 905/1864/710 912/1865/710 906/1866/710
f 912/1867/711 907/1868/711 906/1869/711
f 913/1870/712 908/1871/712 907/1872/712
f 916/1873/713 921/1874/713 915/1875/713
f 916/1876/714 919/1877/714 920/1878/714
f 917/319/715 918/1879/715 919/1880/715
f 915/5/716 922/1881/716 916/1882/716
f 920/1883/717 926/1884/717 921/7/717
f 916/1885/718 923/1886/718 917/1887/718
f 917/1888/719 924/1889/719 918/1890/719
f 924/1891/720 919/1892/720 918/1893/720
f 925/1894/721 920/1895/721 919/1896/721
f 928/1897/722 933/1898/722 927/1899/722
f 929/1900/723 932/1901/723 928/1902/723
f 929/1903/724 930/1904/724 931/719/724
f 927/6/725 934/1905/725 928/1906/725
f 932/1907/726 938/1908/726 933/7/726
f 928/1909/727 935/1910/727 929/1911/727
f 929/1912/728 936/1913/728 930/1914/728
f 936/1915/729 931/1916/729 930/1917/729
f 937/1918/730 932/1919/730 931/1920/730
f 940/1921/731 945/1922/731 939/1923/731
f 940/1924/732 943/1925/732 944/1926/732
f 941/1927/733 942/1928/733 943/719/733
f 939/1929/734 946/1930/734 940/5/734
f 944/1/735 950/1931/735 945/1932/735
f 940/1933/736 947/1934/736 941/1935/736
f 941/1936/737 948/1937/737 942/1938/737
f 948/1939/738 943/1940/738 942/1941/738
f 949/1942/739 944/1943/739 943/1944/739
f 952/1945/740 957/1946/740 951/1947/740
f 952/1948/741 955/1949/741 956/1950/741
f 953/721/742 954/1951/742 955/1952/742
f 951/1953/743 958/1954/743 952/5/743
f 956/6/744 962/1955/744 957/1956/744
f 952/1957/745 959/1958/745 953/1959/745
f 953/1960/746 960/1961/746 954/1962/746
f 960/1963/747 955/1964/747 954/1965/747
f 961/1966/748 956/1967/748 955/1/748
f 963/1968/749 968/1969/749 969/1970/749
f 965/1971/750 968/1972/750 964/1973/750
f 965/432/751 966/1974/751 967/1975/751
f 963/1976/752 970/1977/752 964/7/752
f 968/6/753 974/1978/753 969/1979/753
f 964/1980/754 971/1981/754 965/1982/754
f 965/1983/755 972/1984/755 966/1985/755
f 972/1986/756 967/1987/756 966/1988/756
f 973/1989/757 968/1990/757 967/1991/757
f 975/1992/758 980/1993/758 981/1994/758
f 977/1995/759 980/1996/759 976/1997/759
f 977/432/760 978/1998/760 979/1999/760
f 975/2000/761 982/2001/761 976/7/761
f 980/7/762 986/2002/762 981/2003/762
f 976/2004/763 983/2005/763 977/2006/763
f 977/2007/764 984/2008/764 978/2009/764
f 984/2010/765 979/2011/765 978/2012/765
f 985/2013/766 980/2014/766 979/6/766
f 988/2015/767 993/2016/767 987/2017/767
f 989/2018/768 992/2019/768 988/2020/768
f 989/389/769 990/2021/769 991/432/769
f 987/7/770 994/2022/770 988/2023/770
f 992/7/771 998/2024/771 993/2025/771
f 988/2026/772 995/2027/772 989/6/772
f 989/2028/773 996/2029/773 990/6/773
f 996/2030/774 991/2031/774 990/2032/774
f 997/2033/775 992/2034/775 991/2035/775
f 999/2036/776 1004/1948/776 1005/2037/776
f 1001/2038/777 1004/2039/777 1000/362/777
f 1001/1689/778 1002/2040/778 1003/2041/778
f 999/2042/779 1006/2043/779 1000/6/779
f 1004/2044/780 1010/2045/780 1005/6/780
f 1000/2046/781 1007/2047/781 1001/2048/781
f 1001/2049/782 1008/2050/782 1002/2051/782
f 1008/2052/783 1003/2053/783 1002/7/783
f 1009/2054/784 1004/2055/784 1003/7/784
f 1011/2056/785 1016/2057/785 1017/2058/785
f 1013/2059/786 1016/1997/786 1012/2060/786
f 1013/2061/787 1014/2062/787 1015/721/787
f 1011/2063/788 1018/2064/788 1012/6/788
f 1016/5/789 1022/2065/789 1017/2066/789
f 1012/2067/790 1019/2068/790 1013/1/790
f 1013/2069/791 1020/2070/791 1014/1/791
f 1020/2071/792 1015/2072/792 1014/2073/792
f 1021/2074/793 1016/2075/793 1015/2076/793
f 1024/2077/794 1029/2078/794 1023/2079/794
f 1024/2080/795 1027/2081/795 1028/2082/795
f 1025/2083/796 1026/2084/796 1027/721/796
f 1023/2085/797 1030/2086/797 1024/1/797
f 1028/2087/798 1034/2088/798 1029/1/798
f 1024/2089/799 1031/2090/799 1025/2091/799
f 1025/2092/800 1032/2093/800 1026/2094/800
f 1032/2095/801 1027/1/801 1026/2096/801
f 1033/2097/802 1028/2098/802 1027/5/802
f 1036/1948/803 1041/2099/803 1035/2100/803
f 1037/2101/804 1040/362/804 1036/2102/804
f 1037/2103/805 1038/2104/805 1039/719/805
f 1035/2105/806 1042/2106/806 1036/1/806
f 1040/1/807 1046/2107/807 1041/2108/807
f 1036/2109/808 1043/2110/808 1037/5/808
f 1037/2111/809 1044/2112/809 1038/2113/809
f 1044/2114/810 1039/2115/810 1038/2116/810
f 1045/2117/811 1040/2118/811 1039/2119/811
f 1048/2120/812 1053/2121/812 1047/2122/812
f 1049/2123/813 1052/2124/813 1048/386/813
f 1049/389/814 1050/2125/814 1051/2126/814
f 1047/7/815 1054/2127/815 1048/2128/815
f 1052/2129/816 1058/2130/816 1053/1/816
f 1048/2131/817 1055/2132/817 1049/5/817
f 1049/2133/818 1056/2134/818 1050/2135/818
f 1056/2136/819 1051/2137/819 1050/1/819
f 1057/2138/820 1052/2139/820 1051/2140/820
f 1060/2141/821 1065/2142/821 1059/2143/821
f 1060/2144/822 1063/2145/822 1064/2146/822
f 1061/319/823 1062/2147/823 1063/475/823
f 1059/5/824 1066/2148/824 1060/2149/824
f 1064/2150/825 1070/2151/825 1065/1/825
f 1060/2152/826 1067/2153/826 1061/7/826
f 1061/2154/827 1068/2155/827 1062/2156/827
f 1068/2157/828 1063/2158/828 1062/2159/828
f 1069/2160/829 1064/2161/829 1063/6/829
f 1071/2162/830 1076/2163/830 1077/2164/830
f 1072/2165/831 1075/2166/831 1076/1948/831
f 1073/2167/832 1074/2168/832 1075/1689/832
f 1071/5/833 1078/2169/833 1072/2170/833
f 1076/2171/834 1082/2172/834 1077/5/834
f 1072/2173/835 1079/2174/835 1073/2175/835
f 1073/2176/836 1080/2177/836 1074/2178/836
f 1080/2179/837 1075/2180/837 1074/2181/837
f 1081/2182/838 1076/2183/838 1075/7/838
f 1084/2184/839 1089/2185/839 1083/2186/839
f 1085/2187/840 1088/2188/840 1084/362/840
f 1085/363/841 1086/2189/841 1087/2190/841
f 1083/1/842 1090/2191/842 1084/2192/842
f 1088/5/843 1094/2193/843 1089/7/843
f 1084/2194/844 1091/2195/844 1085/6/844
f 1085/2196/845 1092/2197/845 1086/2198/845
f 1092/2199/846 1087/2200/846 1086/2201/846
f 1093/2202/847 1088/2203/847 1087/2204/847
f 1096/2205/848 1101/2206/848 1095/2207/848
f 1096/2208/849 1099/2209/849 1100/2210/849
f 1097/2211/850 1098/2212/850 1099/719/850
f 1095/2213/851 1102/2214/851 1096/1/851
f 1100/5/852 1106/2215/852 1101/2216/852
f 1096/2217/853 1103/2218/853 1097/2219/853
f 1097/2220/854 1104/2221/854 1098/2222/854
f 1104/2223/855 1099/2224/855 1098/2225/855
f 1105/2226/856 1100/2227/856 1099/2228/856
f 1108/1948/857 1113/2229/857 1107/2230/857
f 1109/2231/858 1112/362/858 1108/2232/858
f 1109/2233/859 1110/2234/859 1111/363/859
f 1107/6/860 1114/2235/860 1108/1/860
f 1112/2236/861 1118/2237/861 1113/6/861
f 1108/2238/862 1115/2239/862 1109/2240/862
f 1109/2241/863 1116/2242/863 1110/5/863
f 1116/2243/864 1111/2244/864 1110/2245/864
f 1117/2246/865 1112/2247/865 1111/1/865
f 3/25/2 15/2248/2 14/26/2
f 4/28/3 16/2249/3 15/29/3
f 5/31/4 17/2250/4 16/32/4
f 6/34/5 18/2251/5 17/35/5
f 7/37/6 19/2252/6 18/38/6
f 8/40/7 20/2253/7 19/41/7
f 9/43/8 21/2254/8 20/44/8
f 10/46/9 22/2255/9 21/47/9
f 11/49/10 23/2256/10 22/50/10
f 12/52/11 24/2257/11 23/53/11
f 13/55/12 25/2258/12 24/56/12
f 2/58/13 14/2259/13 25/59/13
f 15/61/14 27/2260/14 26/62/14
f 16/64/15 28/5/15 27/6/15
f 17/66/16 29/2261/16 28/67/16
f 18/69/17 30/2262/17 29/70/17
f 19/72/18 31/1/18 30/5/18
f 20/74/19 32/2263/19 31/75/19
f 21/77/20 33/2264/20 32/78/20
f 22/80/21 34/7/21 33/1/21
f 23/82/22 35/2265/22 34/83/22
f 24/85/23 36/2266/23 35/86/23
f 25/88/24 37/6/24 36/7/24
f 14/90/25 26/2267/25 37/91/25
f 26/93/26 27/2268/26 39/94/26
f 28/96/27 40/2269/27 39/97/27
f 28/99/28 29/2270/28 41/100/28
f 29/102/29 30/2271/29 42/103/29
f 31/105/30 43/2272/30 42/106/30
f 31/108/31 32/2273/31 44/109/31
f 32/111/32 33/2274/32 45/112/32
f 34/114/33 46/2275/33 45/115/33
f 34/117/34 35/2276/34 47/118/34
f 35/120/35 36/2277/35 48/121/35
f 37/123/36 49/2278/36 48/124/36
f 37/126/37 26/2279/37 38/127/37
f 39/129/38 51/2280/38 50/130/38
f 40/132/39 52/2281/39 51/133/39
f 41/135/40 53/2282/40 52/136/40
f 42/138/41 54/2283/41 53/139/41
f 43/141/42 55/2284/42 54/142/42
f 44/144/43 56/2285/43 55/145/43
f 45/147/44 57/2286/44 56/148/44
f 46/150/45 58/2287/45 57/151/45
f 47/153/46 59/2288/46 58/154/46
f 48/156/47 60/2289/47 59/157/47
f 49/159/48 61/2290/48 60/160/48
f 38/162/49 50/2291/49 61/163/49
f 51/165/50 63/2292/50 62/166/50
f 52/168/51 64/2293/51 63/169/51
f 53/171/52 65/2294/52 64/172/52
f 54/174/53 66/2295/53 65/175/53
f 55/177/54 67/2296/54 66/178/54
f 56/180/55 68/2297/55 67/181/55
f 57/183/56 69/2298/56 68/184/56
f 58/186/57 70/2299/57 69/187/57
f 59/189/58 71/2300/58 70/190/58
f 60/192/59 72/2301/59 71/193/59
f 61/195/60 73/2302/60 72/196/60
f 50/198/61 62/2303/61 73/199/61
f 63/201/62 75/2304/62 74/202/62
f 64/204/63 76/2305/63 75/205/63
f 65/207/64 77/2306/64 76/208/64
f 66/210/65 78/2307/65 77/211/65
f 67/213/66 79/2308/66 78/214/66
f 68/216/67 80/2309/67 79/217/67
f 69/219/68 81/2310/68 80/220/68
f 70/222/69 82/2311/69 81/223/69
f 71/225/70 83/2312/70 82/226/70
f 72/228/71 84/2313/71 83/229/71
f 73/231/72 85/2314/72 84/232/72
f 62/234/73 74/2315/73 85/235/73
f 75/237/74 87/2316/74 86/238/74
f 75/240/75 76/2317/75 88/241/75
f 76/243/76 77/2318/76 89/244/76
f 78/246/77 90/2319/77 89/247/77
f 78/249/78 79/2320/78 91/250/78
f 79/252/79 80/2321/79 92/253/79
f 81/255/80 93/2322/80 92/256/80
f 81/258/81 82/2323/81 94/259/81
f 82/261/82 83/2324/82 95/262/82
f 84/264/83 96/2325/83 95/265/83
f 84/267/84 85/2326/84 97/268/84
f 85/270/85 74/2327/85 86/271/85
f 87/273/86 99/2328/86 98/274/86
f 88/1/87 100/2329/87 99/276/87
f 88/277/88 89/2330/88 101/278/88
f 90/280/89 102/2331/89 101/281/89
f 91/5/90 103/2332/90 102/283/90
f 91/284/91 92/2333/91 104/285/91
f 93/287/92 105/2334/92 104/288/92
f 94/6/93 106/2335/93 105/290/93
f 94/291/94 95/2336/94 107/292/94
f 96/294/95 108/2337/95 107/295/95
f 97/7/96 109/2338/96 108/297/96
f 97/298/97 86/2339/97 98/299/97
f 112/311/110 116/2340/110 117/312/110
f 113/314/111 115/2341/111 116/315/111
f 112/324/866 118/2342/866 119/325/866
f 113/327/867 119/2343/867 120/328/867
f 120/330/868 121/2344/868 115/331/868
f 121/332/869 122/2345/869 116/333/869
f 124/335/119 128/2346/119 129/336/119
f 124/338/120 125/2347/120 127/339/120
f 124/347/870 130/2348/870 131/348/870
f 125/349/871 131/2349/871 132/350/871
f 132/352/872 133/2350/872 127/353/872
f 133/355/873 134/2351/873 128/356/873
f 136/357/128 140/2352/128 141/358/128
f 137/360/129 139/2353/129 140/361/129
f 136/370/874 142/2354/874 143/371/874
f 137/373/875 143/2355/875 144/374/875
f 144/376/876 145/2356/876 139/377/876
f 145/378/877 146/2357/877 140/379/877
f 148/381/137 152/2358/137 153/382/137
f 148/384/138 149/2359/138 151/385/138
f 148/394/878 154/2360/878 155/395/878
f 149/396/879 155/2361/879 156/397/879
f 156/399/880 157/2362/880 151/400/880
f 157/402/881 158/2363/881 152/403/881
f 160/404/146 164/2364/146 165/405/146
f 160/386/147 161/2365/147 163/407/147
f 160/414/882 166/2366/882 167/415/882
f 161/417/883 167/2367/883 168/418/883
f 168/420/884 169/2368/884 163/7/884
f 169/422/885 170/2369/885 164/423/885
f 171/425/155 172/2370/155 176/426/155
f 173/428/156 175/2371/156 176/429/156
f 172/436/886 178/2372/886 179/437/886
f 173/6/887 179/2373/887 180/439/887
f 180/441/888 181/2374/888 175/442/888
f 181/444/889 182/2375/889 176/445/889
f 184/447/164 188/2376/164 189/448/164
f 185/450/165 187/2377/165 188/451/165
f 184/457/890 190/2378/890 191/458/890
f 185/459/891 191/2379/891 192/460/891
f 192/462/892 193/2380/892 187/463/892
f 193/465/893 194/2381/893 188/466/893
f 196/467/173 200/2382/173 201/468/173
f 196/470/174 197/2383/174 199/471/174
f 196/480/894 202/2384/894 203/481/894
f 197/1/895 203/2385/895 204/483/895
f 204/485/896 205/2386/896 199/486/896
f 205/488/897 206/2387/897 200/489/897
f 208/491/182 212/2388/182 213/492/182
f 209/494/183 211/2389/183 212/495/183
f 208/502/898 214/2390/898 215/503/898
f 209/504/899 215/2391/899 216/505/899
f 216/507/900 217/2392/900 211/508/900
f 217/510/901 218/2393/901 212/511/901
f 219/512/191 220/2394/191 224/513/191
f 220/515/192 221/2395/192 223/516/192
f 220/523/902 226/2396/902 227/524/902
f 221/526/903 227/2397/903 228/527/903
f 228/528/904 229/2398/904 223/529/904
f 229/531/905 230/2399/905 224/532/905
f 231/533/200 232/2400/200 236/534/200
f 232/536/201 233/2401/201 235/537/201
f 232/543/906 238/2402/906 239/544/906
f 233/546/907 239/2403/907 240/547/907
f 240/549/908 241/2404/908 235/550/908
f 241/552/909 242/2405/909 236/553/909
f 244/555/209 248/2406/209 249/556/209
f 244/558/210 245/2407/210 247/559/210
f 244/566/910 250/2408/910 251/567/910
f 245/569/911 251/2409/911 252/570/911
f 252/572/912 253/2410/912 247/573/912
f 253/575/913 254/2411/913 248/576/913
f 256/578/218 260/2412/218 261/579/218
f 256/581/219 257/2413/219 259/582/219
f 256/589/914 262/2414/914 263/590/914
f 257/592/915 263/2415/915 264/593/915
f 264/594/916 265/2416/916 259/7/916
f 265/596/917 266/2417/917 260/597/917
f 268/599/227 272/2418/227 273/600/227
f 268/602/228 269/2419/228 271/603/228
f 268/610/918 274/2420/918 275/611/918
f 269/613/919 275/2421/919 276/614/919
f 276/616/920 277/2422/920 271/617/920
f 277/619/921 278/2423/921 272/620/921
f 279/622/236 280/2424/236 284/623/236
f 281/625/237 283/2425/237 284/626/237
f 280/633/922 286/2426/922 287/634/922
f 281/636/923 287/2427/923 288/637/923
f 288/639/924 289/2428/924 283/640/924
f 289/642/925 290/2429/925 284/643/925
f 292/645/245 296/2430/245 297/646/245
f 293/648/246 295/2431/246 296/429/246
f 292/656/926 298/2432/926 299/657/926
f 293/659/927 299/2433/927 300/660/927
f 300/662/928 301/2434/928 295/663/928
f 301/664/929 302/2435/929 296/665/929
f 303/667/254 304/2436/254 308/668/254
f 304/670/255 305/2437/255 307/671/255
f 304/679/930 310/2438/930 311/680/930
f 305/6/931 311/2439/931 312/682/931
f 312/684/932 313/2440/932 307/685/932
f 313/687/933 314/2441/933 308/688/933
f 316/690/263 320/2442/263 321/691/263
f 316/693/264 317/2443/264 319/694/264
f 316/701/934 322/2444/934 323/702/934
f 317/704/935 323/2445/935 324/705/935
f 324/707/936 325/2446/936 319/708/936
f 325/710/937 326/2447/937 320/711/937
f 327/713/272 328/2448/272 332/714/272
f 328/716/273 329/2449/273 331/717/273
f 328/726/938 334/2450/938 335/727/938
f 329/729/939 335/2451/939 336/730/939
f 336/732/940 337/2452/940 331/733/940
f 337/735/941 338/2453/941 332/736/941
f 339/738/281 340/2454/281 344/739/281
f 341/741/282 343/2455/282 344/742/282
f 340/749/942 346/2456/942 347/750/942
f 341/751/943 347/2457/943 348/752/943
f 348/754/944 349/2458/944 343/755/944
f 349/757/945 350/2459/945 344/758/945
f 352/760/290 356/2460/290 357/761/290
f 352/763/946 353/2461/946 355/764/946
f 352/771/947 358/2462/947 359/772/947
f 353/774/948 359/2463/948 360/775/948
f 360/777/949 361/2464/949 355/778/949
f 361/780/950 362/2465/950 356/781/950
f 364/783/299 368/2466/299 369/784/299
f 364/786/300 365/2467/300 367/787/300
f 364/794/951 370/2468/951 371/795/951
f 365/797/952 371/2469/952 372/798/952
f 372/800/953 373/2470/953 367/801/953
f 373/803/954 374/2471/954 368/804/954
f 376/806/308 380/2472/308 381/807/308
f 376/809/309 377/2473/309 379/810/309
f 376/817/955 382/2474/955 383/818/955
f 377/820/956 383/2475/956 384/821/956
f 384/823/957 385/2476/957 379/824/957
f 385/826/958 386/2477/958 380/827/958
f 388/829/317 392/2478/317 393/830/317
f 389/832/318 391/2479/318 392/833/318
f 388/840/959 394/2480/959 395/841/959
f 389/843/960 395/2481/960 396/844/960
f 396/846/961 397/2482/961 391/847/961
f 397/849/962 398/2483/962 392/850/962
f 400/852/326 404/2484/326 405/853/326
f 400/855/327 401/2485/327 403/856/327
f 400/864/963 406/2486/963 407/865/963
f 401/867/964 407/2487/964 408/868/964
f 408/869/965 409/2488/965 403/870/965
f 409/872/966 410/2489/966 404/873/966
f 411/875/335 412/2490/335 416/876/335
f 413/878/336 415/2491/336 416/879/336
f 412/886/967 418/2492/967 419/887/967
f 413/889/968 419/2493/968 420/890/968
f 420/892/969 421/2494/969 415/893/969
f 421/895/970 422/2495/970 416/896/970
f 423/898/344 424/2496/344 428/899/344
f 424/901/345 425/2497/345 427/902/345
f 424/909/971 430/2498/971 431/910/971
f 425/912/972 431/2499/972 432/913/972
f 432/915/973 433/2500/973 427/916/973
f 433/918/974 434/2501/974 428/919/974
f 435/921/353 436/2502/353 440/922/353
f 436/924/354 437/2503/354 439/925/354
f 436/933/975 442/2504/975 443/934/975
f 437/936/976 443/2505/976 444/937/976
f 444/939/977 445/2506/977 439/940/977
f 445/942/978 446/2507/978 440/943/978
f 448/945/362 452/2508/362 453/946/362
f 449/948/363 451/2509/363 452/949/363
f 448/957/979 454/2510/979 455/958/979
f 449/960/980 455/2511/980 456/961/980
f 456/963/981 457/2512/981 451/964/981
f 457/966/982 458/2513/982 452/967/982
f 459/969/371 460/2514/371 464/970/371
f 461/972/372 463/2515/372 464/973/372
f 460/980/983 466/2516/983 467/981/983
f 461/983/984 467/2517/984 468/984/984
f 468/986/985 469/2518/985 463/987/985
f 469/989/986 470/2519/986 464/990/986
f 472/992/380 476/2520/380 477/993/380
f 473/995/381 475/2521/381 476/996/381
f 472/1004/987 478/2522/987 479/1005/987
f 473/1007/988 479/2523/988 480/1008/988
f 480/1010/989 481/2524/989 475/1011/989
f 481/1013/990 482/2525/990 476/1014/990
f 483/1016/389 484/2526/389 488/1017/389
f 485/1019/390 487/2527/390 488/1020/390
f 484/1028/991 490/2528/991 491/1029/991
f 485/1031/992 491/2529/992 492/1032/992
f 492/1034/993 493/2530/993 487/1035/993
f 493/1037/994 494/2531/994 488/1038/994
f 495/1040/398 496/2532/398 500/1041/398
f 496/1043/399 497/2533/399 499/1044/399
f 496/1052/995 502/2534/995 503/1053/995
f 497/1055/996 503/2535/996 504/1056/996
f 504/1058/997 505/2536/997 499/1059/997
f 505/1061/998 506/2537/998 500/1062/998
f 507/1064/407 508/2538/407 512/1065/407
f 508/1067/408 509/2539/408 511/1068/408
f 508/1076/999 514/2540/999 515/1077/999
f 509/1079/1000 515/2541/1000 516/1080/1000
f 516/1082/1001 517/2542/1001 511/1083/1001
f 517/1084/1002 518/2543/1002 512/1085/1002
f 520/1087/416 524/2544/416 525/1088/416
f 520/1090/417 521/2545/417 523/1091/417
f 520/1099/1003 526/2546/1003 527/1100/1003
f 521/1102/1004 527/2547/1004 528/1103/1004
f 528/1105/1005 529/2548/1005 523/1106/1005
f 529/1108/1006 530/2549/1006 524/1109/1006
f 531/1111/425 532/2550/425 536/1112/425
f 532/1114/426 533/2551/426 535/1115/426
f 532/1123/1007 538/2552/1007 539/1124/1007
f 533/1126/1008 539/2553/1008 540/1127/1008
f 540/1129/1009 541/2554/1009 535/1130/1009
f 541/1132/1010 542/2555/1010 536/1133/1010
f 544/1135/434 548/2556/434 549/1136/434
f 544/1138/435 545/2557/435 547/1139/435
f 544/1147/1011 550/2558/1011 551/1148/1011
f 545/1150/1012 551/2559/1012 552/1151/1012
f 552/1153/1013 553/2560/1013 547/1154/1013
f 553/1156/1014 554/2561/1014 548/1157/1014
f 556/1159/443 560/2562/443 561/1160/443
f 556/1162/444 557/2563/444 559/1163/444
f 556/1171/1015 562/2564/1015 563/1172/1015
f 557/1174/1016 563/2565/1016 564/1175/1016
f 564/1177/1017 565/2566/1017 559/1178/1017
f 565/1180/1018 566/2567/1018 560/1181/1018
f 567/1183/452 568/2568/452 572/1184/452
f 569/1186/453 571/2569/453 572/1187/453
f 568/1195/1019 574/2570/1019 575/1196/1019
f 569/1198/1020 575/2571/1020 576/1199/1020
f 576/1201/1021 577/2572/1021 571/1202/1021
f 577/1204/1022 578/2573/1022 572/1205/1022
f 580/1207/461 584/2574/461 585/1208/461
f 580/1210/462 581/2575/462 583/1211/462
f 580/1219/1023 586/2576/1023 587/1220/1023
f 581/1222/1024 587/2577/1024 588/1223/1024
f 588/1225/1025 589/2578/1025 583/1226/1025
f 589/1228/1026 590/2579/1026 584/1229/1026
f 592/1231/470 596/2580/470 597/1232/470
f 593/1234/471 595/2581/471 596/1235/471
f 592/1243/1027 598/2582/1027 599/1244/1027
f 593/1246/1028 599/2583/1028 600/1247/1028
f 600/1249/1029 601/2584/1029 595/1250/1029
f 601/1252/1030 602/2585/1030 596/1253/1030
f 604/1255/479 608/2586/479 609/1256/479
f 604/1258/480 605/2587/480 607/1259/480
f 604/1267/1031 610/2588/1031 611/1268/1031
f 605/1270/1032 611/2589/1032 612/1271/1032
f 612/1273/1033 613/2590/1033 607/1274/1033
f 613/1276/1034 614/2591/1034 608/1277/1034
f 616/1279/488 620/2592/488 621/1280/488
f 616/1282/489 617/2593/489 619/1283/489
f 616/1291/1035 622/2594/1035 623/1292/1035
f 617/1294/1036 623/2595/1036 624/1295/1036
f 624/1297/1037 625/2596/1037 619/1298/1037
f 625/1300/1038 626/2597/1038 620/1301/1038
f 628/1303/497 632/2598/497 633/1304/497
f 628/1306/498 629/2599/498 631/1307/498
f 628/1315/1039 634/2600/1039 635/1316/1039
f 629/1318/1040 635/2601/1040 636/1319/1040
f 636/1320/1041 637/2602/1041 631/1321/1041
f 637/1322/1042 638/2603/1042 632/1323/1042
f 640/1325/506 644/2604/506 645/1326/506
f 641/1328/507 643/2605/507 644/1329/507
f 640/1337/1043 646/2606/1043 647/1338/1043
f 641/1340/1044 647/2607/1044 648/1341/1044
f 648/1343/1045 649/2608/1045 643/1344/1045
f 649/1346/1046 650/2609/1046 644/1347/1046
f 651/1349/515 652/2610/515 656/1350/515
f 653/1352/516 655/2611/516 656/1353/516
f 652/1361/1047 658/2612/1047 659/1362/1047
f 653/1364/1048 659/2613/1048 660/1365/1048
f 660/1367/1049 661/2614/1049 655/1368/1049
f 661/1370/1050 662/2615/1050 656/1371/1050
f 664/1373/524 668/2616/524 669/1374/524
f 664/1376/525 665/2617/525 667/1377/525
f 664/1385/1051 670/2618/1051 671/1386/1051
f 665/1388/1052 671/2619/1052 672/1389/1052
f 672/1391/1053 673/2620/1053 667/1392/1053
f 673/1394/1054 674/2621/1054 668/1395/1054
f 676/1397/533 680/2622/533 681/1398/533
f 676/1400/534 677/2623/534 679/1401/534
f 676/1409/1055 682/2624/1055 683/1410/1055
f 677/1412/1056 683/2625/1056 684/1413/1056
f 684/1415/1057 685/2626/1057 679/1416/1057
f 685/1418/1058 686/2627/1058 680/1419/1058
f 687/1421/542 688/2628/542 692/1422/542
f 688/1424/543 689/2629/543 691/1425/543
f 688/1433/1059 694/2630/1059 695/1434/1059
f 689/1436/1060 695/2631/1060 696/1437/1060
f 696/1439/1061 697/2632/1061 691/1440/1061
f 697/1442/1062 698/2633/1062 692/1443/1062
f 700/1445/551 704/2634/551 705/1446/551
f 701/1448/552 703/2635/552 704/1449/552
f 700/1457/1063 706/2636/1063 707/1458/1063
f 701/1460/1064 707/2637/1064 708/1461/1064
f 708/1463/1065 709/2638/1065 703/1464/1065
f 709/1466/1066 710/2639/1066 704/1467/1066
f 712/1469/560 716/2640/560 717/1470/560
f 712/1472/561 713/2641/561 715/1473/561
f 712/1481/1067 718/2642/1067 719/1482/1067
f 713/1484/1068 719/2643/1068 720/1485/1068
f 720/1487/1069 721/2644/1069 715/1488/1069
f 721/1490/1070 722/2645/1070 716/1491/1070
f 723/1493/569 724/2646/569 728/1494/569
f 725/1496/570 727/2647/570 728/1497/570
f 724/1505/1071 730/2648/1071 731/1506/1071
f 725/1508/1072 731/2649/1072 732/1509/1072
f 732/1511/1073 733/2650/1073 727/1205/1073
f 733/1513/1074 734/2651/1074 728/1514/1074
f 736/1516/578 740/2652/578 741/1517/578
f 737/1519/579 739/2653/579 740/1520/579
f 736/1528/1075 742/2654/1075 743/1529/1075
f 737/1531/1076 743/2655/1076 744/1532/1076
f 744/1534/1077 745/2656/1077 739/1535/1077
f 745/1537/1078 746/2657/1078 740/1538/1078
f 748/1540/587 752/2658/587 753/1541/587
f 748/1543/588 749/2659/588 751/1544/588
f 748/1552/1079 754/2660/1079 755/1553/1079
f 749/1555/1080 755/2661/1080 756/1556/1080
f 756/1558/1081 757/2662/1081 751/1559/1081
f 757/1560/1082 758/2663/1082 752/1561/1082
f 760/1563/596 764/2664/596 765/1564/596
f 760/1566/597 761/2665/597 763/1567/597
f 760/1575/1083 766/2666/1083 767/1576/1083
f 761/1578/1084 767/2667/1084 768/1579/1084
f 768/1581/1085 769/2668/1085 763/1582/1085
f 769/1584/1086 770/2669/1086 764/1585/1086
f 772/1587/605 776/2670/605 777/1588/605
f 773/1590/606 775/2671/606 776/1591/606
f 772/1599/1087 778/2672/1087 779/1600/1087
f 773/1602/1088 779/2673/1088 780/1603/1088
f 780/1605/1089 781/2674/1089 775/1606/1089
f 781/1608/1090 782/2675/1090 776/1609/1090
f 783/1611/614 784/2676/614 788/1612/614
f 784/1614/615 785/2677/615 787/1615/615
f 784/1623/1091 790/2678/1091 791/1624/1091
f 785/1626/1092 791/2679/1092 792/1627/1092
f 792/1629/1093 793/2680/1093 787/1630/1093
f 793/1631/1094 794/2681/1094 788/1632/1094
f 796/1634/623 800/2682/623 801/1635/623
f 797/1637/624 799/2683/624 800/1638/624
f 796/1646/1095 802/2684/1095 803/1647/1095
f 797/7/1096 803/2685/1096 804/1649/1096
f 804/1651/1097 805/2686/1097 799/1652/1097
f 805/1654/1098 806/2687/1098 800/1655/1098
f 808/1657/632 812/2688/632 813/1658/632
f 809/1660/633 811/2689/633 812/1661/633
f 808/1669/1099 814/2690/1099 815/1670/1099
f 809/1672/1100 815/2691/1100 816/1673/1100
f 816/1675/1101 817/2692/1101 811/1676/1101
f 817/1678/1102 818/2693/1102 812/1679/1102
f 820/1681/641 824/2694/641 825/1682/641
f 821/1684/642 823/2695/642 824/1685/642
f 820/1694/1103 826/2696/1103 827/1695/1103
f 821/1697/1104 827/2697/1104 828/1698/1104
f 828/1699/1105 829/2698/1105 823/1700/1105
f 829/1702/1106 830/2699/1106 824/1703/1106
f 832/1705/650 836/2700/650 837/1706/650
f 832/1708/651 833/2701/651 835/1709/651
f 832/1717/1107 838/2702/1107 839/1718/1107
f 833/1720/1108 839/2703/1108 840/1721/1108
f 840/1723/1109 841/2704/1109 835/1724/1109
f 841/1726/1110 842/2705/1110 836/1727/1110
f 844/1729/659 848/2706/659 849/1730/659
f 845/1732/660 847/2707/660 848/1733/660
f 844/1741/1111 850/2708/1111 851/1742/1111
f 845/1744/1112 851/2709/1112 852/1745/1112
f 852/1747/1113 853/2710/1113 847/1748/1113
f 853/1750/1114 854/2711/1114 848/1751/1114
f 855/1753/668 856/2712/668 860/1754/668
f 857/1756/669 859/2713/669 860/1757/669
f 856/1765/1115 862/2714/1115 863/1766/1115
f 857/1768/1116 863/2715/1116 864/1769/1116
f 864/1771/1117 865/2716/1117 859/1772/1117
f 865/1774/1118 866/2717/1118 860/1775/1118
f 868/1777/677 872/2718/677 873/1778/677
f 868/1780/678 869/2719/678 871/1781/678
f 868/1789/1119 874/2720/1119 875/1790/1119
f 869/1792/1120 875/2721/1120 876/1793/1120
f 876/1795/1121 877/2722/1121 871/1796/1121
f 877/1798/1122 878/2723/1122 872/1799/1122
f 879/1801/686 880/2724/686 884/1802/686
f 881/1804/687 883/2725/687 884/1805/687
f 880/1813/1123 886/2726/1123 887/1814/1123
f 881/1816/1124 887/2727/1124 888/1817/1124
f 888/1819/1125 889/2728/1125 883/1820/1125
f 889/1822/1126 890/2729/1126 884/1823/1126
f 891/1825/695 892/2730/695 896/1826/695
f 892/1828/696 893/2731/696 895/1829/696
f 892/1837/1127 898/2732/1127 899/1838/1127
f 893/1840/1128 899/2733/1128 900/1841/1128
f 900/1843/1129 901/2734/1129 895/1844/1129
f 901/1846/1130 902/2735/1130 896/1847/1130
f 904/1849/704 908/2736/704 909/1850/704
f 905/1852/705 907/2737/705 908/1853/705
f 904/1861/1131 910/2738/1131 911/1862/1131
f 905/1864/1132 911/2739/1132 912/1865/1132
f 912/1867/1133 913/2740/1133 907/1868/1133
f 913/1870/1134 914/2741/1134 908/1871/1134
f 916/1873/713 920/2742/713 921/1874/713
f 916/1876/714 917/2743/714 919/1877/714
f 916/1885/1135 922/2744/1135 923/1886/1135
f 917/1888/1136 923/2745/1136 924/1889/1136
f 924/1891/1137 925/2746/1137 919/1892/1137
f 925/1894/1138 926/2747/1138 920/1895/1138
f 928/1897/722 932/2748/722 933/1898/722
f 929/1900/723 931/2749/723 932/1901/723
f 928/1909/1139 934/2750/1139 935/1910/1139
f 929/1912/1140 935/2751/1140 936/1913/1140
f 936/1915/1141 937/2752/1141 931/1916/1141
f 937/1918/1142 938/2753/1142 932/1919/1142
f 940/1921/731 944/2754/731 945/1922/731
f 940/1924/732 941/2755/732 943/1925/732
f 940/1933/1143 946/2756/1143 947/1934/1143
f 941/1936/1144 947/2757/1144 948/1937/1144
f 948/1939/1145 949/2758/1145 943/1940/1145
f 949/1942/1146 950/2759/1146 944/1943/1146
f 952/1945/740 956/362/740 957/1946/740
f 952/1948/741 953/2760/741 955/1949/741
f 952/1957/1147 958/2761/1147 959/1958/1147
f 953/1960/1148 959/2762/1148 960/1961/1148
f 960/1963/1149 961/2763/1149 955/1964/1149
f 961/1966/1150 962/2764/1150 956/1967/1150
f 963/1968/749 964/2765/749 968/1969/749
f 965/1971/750 967/2766/750 968/1972/750
f 964/1980/1151 970/2767/1151 971/1981/1151
f 965/1983/1152 971/2768/1152 972/1984/1152
f 972/1986/1153 973/2769/1153 967/1987/1153
f 973/1989/1154 974/2770/1154 968/1990/1154
f 975/1992/758 976/2771/758 980/1993/758
f 977/1995/759 979/2772/759 980/1996/759
f 976/2004/1155 982/2773/1155 983/2005/1155
f 977/2007/1156 983/2774/1156 984/2008/1156
f 984/2010/1157 985/2775/1157 979/2011/1157
f 985/2013/1158 986/2776/1158 980/2014/1158
f 988/2015/767 992/2777/767 993/2016/767
f 989/2018/768 991/2778/768 992/2019/768
f 988/2026/1159 994/2779/1159 995/2027/1159
f 989/2028/1160 995/2780/1160 996/2029/1160
f 996/2030/1161 997/2781/1161 991/2031/1161
f 997/2033/1162 998/2782/1162 992/2034/1162
f 999/2036/776 1000/2783/776 1004/1948/776
f 1001/2038/777 1003/2784/777 1004/2039/777
f 1000/2046/1163 1006/2785/1163 1007/2047/1163
f 1001/2049/1164 1007/2786/1164 1008/2050/1164
f 1008/2052/1165 1009/2787/1165 1003/2053/1165
f 1009/2054/1166 1010/2788/1166 1004/2055/1166
f 1011/2056/785 1012/1993/785 1016/2057/785
f 1013/2059/786 1015/2789/786 1016/1997/786
f 1012/2067/1167 1018/2790/1167 1019/2068/1167
f 1013/2069/1168 1019/2791/1168 1020/2070/1168
f 1020/2071/1169 1021/2792/1169 1015/2072/1169
f 1021/2074/1170 1022/2793/1170 1016/2075/1170
f 1024/2077/794 1028/2794/794 1029/2078/794
f 1024/2080/795 1025/2795/795 1027/2081/795
f 1024/2089/1171 1030/2796/1171 1031/2090/1171
f 1025/2092/1172 1031/2797/1172 1032/2093/1172
f 1032/2095/1173 1033/2798/1173 1027/1/1173
f 1033/2097/1174 1034/2799/1174 1028/2098/1174
f 1036/1948/803 1040/2800/803 1041/2099/803
f 1037/2101/804 1039/2801/804 1040/362/804
f 1036/2109/1175 1042/2802/1175 1043/2110/1175
f 1037/2111/1176 1043/2803/1176 1044/2112/1176
f 1044/2114/1177 1045/2804/1177 1039/2115/1177
f 1045/2117/1178 1046/2805/1178 1040/2118/1178
f 1048/2120/812 1052/429/812 1053/2121/812
f 1049/2123/813 1051/2806/813 1052/2124/813
f 1048/2131/1179 1054/2807/1179 1055/2132/1179
f 1049/2133/1180 1055/2808/1180 1056/2134/1180
f 1056/2136/1181 1057/2809/1181 1051/2137/1181
f 1057/2138/1182 1058/2810/1182 1052/2139/1182
f 1060/2141/821 1064/2811/821 1065/2142/821
f 1060/2144/822 1061/2812/822 1063/2145/822
f 1060/2152/1183 1066/2813/1183 1067/2153/1183
f 1061/2154/1184 1067/2814/1184 1068/2155/1184
f 1068/2157/1185 1069/2815/1185 1063/2158/1185
f 1069/2160/1186 1070/2816/1186 1064/2161/1186
f 1071/2162/830 1072/362/830 1076/2163/830
f 1072/2165/831 1073/2817/831 1075/2166/831
f 1072/2173/1187 1078/2818/1187 1079/2174/1187
f 1073/2176/1188 1079/2819/1188 1080/2177/1188
f 1080/2179/1189 1081/2820/1189 1075/2180/1189
f 1081/2182/1190 1082/2821/1190 1076/2183/1190
f 1084/2184/839 1088/1948/839 1089/2185/839
f 1085/2187/840 1087/2822/840 1088/2188/840
f 1084/2194/1191 1090/2823/1191 1091/2195/1191
f 1085/2196/1192 1091/2824/1192 1092/2197/1192
f 1092/2199/1193 1093/2825/1193 1087/2200/1193
f 1093/2202/1194 1094/2826/1194 1088/2203/1194
f 1096/2205/848 1100/2827/848 1101/2206/848
f 1096/2208/849 1097/2828/849 1099/2209/849
f 1096/2217/1195 1102/2829/1195 1103/2218/1195
f 1097/2220/1196 1103/2830/1196 1104/2221/1196
f 1104/2223/1197 1105/2831/1197 1099/2224/1197
f 1105/2226/1198 1106/2832/1198 1100/2227/1198
f 1108/1948/857 1112/2833/857 1113/2229/857
f 1109/2231/1199 1111/2834/1199 1112/362/1199
f 1108/2238/1200 1114/2835/1200 1115/2239/1200
f 1109/2241/1201 1115/2836/1201 1116/2242/1201
f 1116/2243/1202 1117/2837/1202 1111/2244/1202
f 1117/2246/1203 1118/2838/1203 1112/2247/1203
