# Blender 5.2.2 LTS
# www.blender.org
mtllib FrostfangWolf.mtl
o FrostfangWolf_Body
v -1.033411 2.252213 1.408678
v -1.022330 2.470078 1.434508
v -0.986133 2.619173 1.291175
v -0.995444 2.493947 1.663536
v -1.014139 2.336520 1.641168
v -1.012693 2.149515 1.622510
v -0.957681 2.716190 1.553470
v -1.001932 2.012246 1.456105
v -0.940626 2.780176 1.392012
v -0.994148 2.128267 1.218862
v -1.013368 2.336947 1.236741
v -0.968690 2.574708 1.163827
v -0.943832 2.491404 1.045501
v -0.974617 2.296349 -1.130161
v -0.935360 2.439410 1.860612
v -0.958211 2.267703 1.847374
v -0.954372 2.615627 1.708539
v -0.966092 1.906250 1.596048
v -0.915355 2.783071 1.202122
v -0.962029 1.924915 1.264888
v -0.933723 1.999372 1.101212
v -0.964308 2.235678 1.081216
v -0.957442 2.589035 -0.787902
v -0.969750 2.702574 -0.887289
v -0.956466 2.227474 -0.873118
v -0.935177 2.906062 -0.880885
v -0.983999 2.242169 -1.009040
v -0.975609 2.457747 -0.959392
v -0.960823 2.744190 -1.088241
v -0.965014 2.223383 -1.175083
v -0.931406 2.779628 -1.202455
v -0.916965 2.653046 -1.285892
v -0.958072 2.049363 1.795936
v -0.886965 2.586688 1.886330
v -0.882702 2.894449 1.440347
v -0.943976 1.825340 1.348428
v -0.950775 1.765960 1.148062
v -0.906694 1.766137 0.993959
v -0.876832 2.762108 1.044455
v -0.910851 2.721306 -0.623829
v -0.911049 2.250748 -0.747950
v -0.896248 3.039523 -1.055747
v -0.904028 2.934268 -1.182097
v -0.869441 2.090529 1.981976
v -0.867229 2.317859 2.000609
v -0.912176 1.799898 1.667255
v -0.874836 2.785498 1.733811
v -0.823223 2.962721 1.546219
v -0.892958 1.721345 1.523345
v -0.899111 1.550508 1.403296
v -0.826829 2.977684 1.266700
v -0.885038 2.474293 0.934173
v -0.907335 2.897006 -0.702950
v -0.868989 3.054423 -0.746995
v -0.904623 1.858723 -0.947551
v -0.844479 3.181189 -0.960259
v -0.915099 1.877695 -1.030876
v -0.892205 1.854468 -1.130739
v -0.924385 2.213853 -1.274557
v -0.868828 2.668241 -1.382223
v -0.875412 2.824305 -1.325102
v -0.877393 2.956795 -1.815816
v -0.888751 2.853728 -1.846305
v -0.871061 2.942746 -1.850900
v -0.891456 2.848633 -1.893221
v -0.801567 2.103406 2.061817
v -0.864593 1.930055 1.920099
v -0.900105 1.842861 1.781075
v -0.813049 2.718304 1.899414
v -0.848705 1.128643 1.663898
v -0.852786 0.122899 1.530791
v -0.891663 1.669105 1.467047
v -0.850068 0.088420 1.361357
v -0.891458 1.391874 1.335157
v -0.871672 0.152781 1.388428
v -0.837003 0.145189 1.223791
v -0.858275 0.193275 1.332984
v -0.818578 2.943616 1.133553
v -0.907341 1.652351 1.034434
v -0.866386 1.999539 0.975482
v -0.738147 2.723064 0.767169
v -0.857213 1.212220 -0.830609
v -0.882668 1.862513 -0.881627
v -0.883449 1.186079 -0.929610
v -0.872636 1.422484 -0.968322
v -0.868091 1.192323 -1.046996
v -0.852781 1.414552 -1.073408
v -0.851135 0.138476 -1.221851
v -0.812674 3.150305 -1.222586
v -0.817090 3.025590 -1.330186
v -0.787201 2.630047 -1.498003
v -0.837331 2.930988 -1.875504
v -0.806432 2.528360 2.016252
v -0.825386 1.157080 1.726799
v -0.856396 0.961672 1.755769
v -0.835841 1.506540 1.550509
v -0.849232 1.073323 1.621530
v -0.808435 1.615316 1.624877
v -0.847346 0.173051 1.574136
v -0.803824 0.299236 1.549304
v -0.798406 0.268686 1.421682
v -0.777011 3.047286 1.393088
v -0.806834 0.226720 1.243628
v -0.860206 1.362051 1.258978
v -0.807803 1.684060 0.893990
v -0.795031 1.770542 0.877524
v -0.868839 2.145618 0.930315
v -0.888451 2.291720 0.924856
v -0.882155 2.482068 -0.571315
v -0.795159 1.232340 -0.745086
v -0.848183 1.427299 -0.860644
v -0.823830 1.822195 -0.794465
v -0.816375 0.654733 -0.990462
v -0.835455 0.945871 -0.966028
v -0.834390 0.166303 -1.076377
v -0.823212 0.089629 -1.130262
v -0.795953 0.277222 -1.042005
v -0.851408 1.841008 -1.203549
v -0.819532 3.336367 -1.205393
v -0.815182 3.352245 -1.198205
v -0.837813 0.178690 -1.326099
v -0.771284 2.953317 -1.434162
v -0.823660 3.555696 -1.455585
v -0.803793 3.553011 -1.505444
v -0.798972 2.430635 -1.688576
v -0.820342 2.456629 -1.671799
v -0.794251 2.501475 -1.685029
v -0.848368 3.005248 -1.711354
v -0.813922 2.448584 -1.690138
v -0.792733 2.889660 -1.771954
v -0.808474 2.870765 -1.826157
v -0.849359 2.859565 -1.885451
v -0.811557 3.623624 -2.007452
v -0.783800 1.938028 2.024411
v -0.790542 1.793542 1.924298
v -0.818177 0.983101 1.870137
v -0.818351 0.892049 1.863308
v -0.751251 1.214133 1.792785
v -0.744756 2.915954 1.788756
v -0.784196 0.714028 1.792678
v -0.772929 0.158966 1.693168
v -0.809146 0.725972 1.732511
v -0.792559 0.287049 1.638645
v -0.811551 0.754068 1.659648
v -0.805373 0.089998 1.614682
v -0.817072 0.994704 1.572165
v -0.777400 0.786563 1.583691
v -0.785747 0.359528 1.505339
v -0.746718 0.362366 1.450261
v -0.820378 1.356635 1.191650
v -0.779248 0.045061 1.267730
v -0.745383 0.180452 1.107023
v -0.776451 2.185947 0.826437
v -0.804751 2.783485 -0.334701
v -0.794699 2.950129 -0.362926
v -0.771051 3.139258 -0.471268
v -0.865857 2.208050 -0.683625
v -0.729639 1.847456 -0.709404
v -0.831235 1.093606 -0.813117
v -0.790103 1.423955 -0.775766
v -0.737132 3.343937 -0.897413
v -0.780708 0.138524 -0.951567
v -0.778315 0.296482 -0.968328
v -0.826254 0.956817 -1.038972
v -0.783110 0.337342 -1.112033
v -0.802171 0.955563 -1.095038
v -0.784360 0.271525 -1.167783
v -0.809868 1.189764 -1.140671
v -0.811578 1.395924 -1.141204
v -0.787649 1.833849 -1.271947
v -0.799366 3.333194 -1.220819
v -0.798784 3.341748 -1.221235
v -0.795595 3.345871 -1.250291
v -0.811020 3.378187 -1.252561
v -0.813726 0.095207 -1.359830
v -0.800950 0.223150 -1.349117
v -0.836991 2.206703 -1.391559
v -0.771704 0.133186 -1.466847
v -0.764304 0.184105 -1.470843
v -0.786655 3.588904 -1.454958
v -0.768483 2.779016 -1.501279
v -0.788517 3.602206 -1.539862
v -0.784632 2.618421 -1.609617
v -0.811043 2.473263 -1.634292
v -0.802611 2.540394 -1.600887
v -0.796684 3.200810 -1.607620
v -0.774959 2.448347 -1.638055
v -0.812164 2.457540 -1.670746
v -0.762283 3.230875 -1.709563
v -0.818978 2.921778 -1.726988
v -0.748418 2.965241 -1.846652
v -0.759143 3.657207 -2.005148
v -0.757234 0.888861 1.930245
v -0.751279 1.041501 1.921839
v -0.719613 2.861427 1.872083
v -0.734116 0.696498 1.843698
v -0.802967 1.689106 1.788456
v -0.707503 1.560694 1.704293
v -0.745438 1.524605 1.654644
v -0.794329 0.044287 1.509870
v -0.711229 0.301342 1.359638
v -0.703502 0.260143 1.180928
v -0.804357 0.118310 1.177079
v -0.668523 3.126065 1.027240
v -0.817436 1.589526 0.953663
v -0.750007 1.570563 0.916422
v -0.777886 1.993393 0.883201
v -0.774417 2.621916 -0.247964
v -0.810633 2.587401 -0.381493
v -0.717105 1.128065 -0.698481
v -0.689112 1.687512 -0.701313
v -0.798146 0.937609 -0.845766
v -0.747191 0.055770 -1.016315
v -0.768311 3.296241 -1.062702
v -0.806119 0.057175 -1.213310
v -0.743863 0.357764 -1.174508
v -0.744568 0.968104 -1.163502
v -0.715008 3.338049 -1.210828
v -0.721713 0.292003 -1.248292
v -0.779863 3.358814 -1.205712
v -0.722955 3.288095 -1.259962
v -0.763308 3.332694 -1.251349
v -0.765804 3.339489 -1.251924
v -0.788236 3.401057 -1.230876
v -0.767173 3.361921 -1.311361
v -0.751784 3.431688 -1.357387
v -0.762981 3.556458 -1.466090
v -0.762138 3.625943 -1.499199
v -0.713793 3.538234 -1.541829
v -0.763932 2.532556 -1.538480
v -0.772871 3.129602 -1.535277
v -0.739841 3.228103 -1.544150
v -0.727432 3.273467 -1.601752
v -0.706281 2.743203 -1.602790
v -0.743316 2.479584 -1.670356
v -0.731053 2.596324 -1.661012
v -0.684975 3.223591 -1.765757
v -0.745315 3.074454 -1.823283
v -0.756330 3.613154 -2.062928
v -0.734072 3.708771 -2.095280
v -0.746133 3.659005 -2.117813
v -0.714884 2.147750 2.287078
v -0.717948 2.163462 2.182539
v -0.762274 2.284061 2.114668
v -0.705826 2.147667 2.135402
v -0.687397 2.574294 2.078062
v -0.695025 2.741827 1.982219
v -0.713464 1.905711 2.063514
v -0.668496 1.726900 1.969706
v -0.661398 1.626858 1.855878
v -0.700757 0.129485 1.737989
v -0.745613 0.279555 1.705687
v -0.723756 0.054855 1.662061
v -0.717815 1.451096 1.679676
v -0.732975 3.039924 1.613582
v -0.772209 0.908153 1.555784
v -0.699362 0.810930 1.524303
v -0.747182 0.957753 1.503656
v -0.720760 0.010134 1.399447
v -0.682821 0.609534 1.468588
v -0.739841 1.223748 1.241664
v -0.638213 3.200253 1.208431
v -0.733705 2.875741 0.842934
v -0.695222 3.028919 0.910642
v -0.719747 2.894885 0.158313
v -0.707240 3.279896 -0.286998
v -0.725363 2.121162 -0.553120
v -0.821161 2.041559 -0.711402
v -0.725381 3.293045 -0.607156
v -0.708639 1.426553 -0.719622
v -0.726531 0.927063 -0.779845
v -0.740013 0.291907 -0.909063
v -0.709744 0.014093 -1.308551
v -0.689674 1.177200 -1.219173
v -0.746525 1.382152 -1.200886
v -0.717775 3.375145 -1.212735
v -0.729589 3.321606 -1.250755
v -0.699269 3.310335 -1.301149
v -0.707127 0.252539 -1.431805
v -0.656969 3.251092 -1.435339
v -0.759856 2.184798 -1.454031
v -0.695518 3.028005 -1.497342
v -0.738518 2.485313 -1.524477
v -0.706357 3.630088 -1.495618
v -0.717502 2.489397 -1.570524
v -0.712011 3.063708 -1.513444
v -0.704041 3.282748 -1.679220
v -0.707451 3.626037 -1.686237
v -0.706857 3.676533 -1.681808
v -0.652345 3.098261 -1.802124
v -0.721261 3.945702 -1.912028
v -0.713446 3.947825 -1.953528
v -0.744303 3.619237 -2.009374
v -0.709282 2.342739 2.144884
v -0.701110 0.976640 1.965609
v -0.671365 0.684193 1.871394
v -0.660346 0.271984 1.754268
v -0.641696 -0.004467 1.539721
v -0.731882 0.096318 1.114925
v -0.685876 1.972581 0.836509
v -0.656070 2.301970 0.728061
v -0.691437 2.750769 0.655938
v -0.688441 2.918251 0.720425
v -0.715894 2.550960 0.724043
v -0.703719 3.074849 0.162010
v -0.693773 3.205730 0.050575
v -0.703232 2.656180 0.181432
v -0.720528 2.740049 0.150298
v -0.669242 3.381445 -0.403496
v -0.741477 2.369128 -0.371956
v -0.649857 1.931192 -0.637446
v -0.697528 1.213046 -0.683043
v -0.653046 3.423687 -0.682256
v -0.695840 0.151799 -0.878260
v -0.682202 0.295228 -0.867623
v -0.718669 3.321483 -1.251783
v -0.642523 3.448330 -1.543353
v -0.650739 3.516580 -1.539276
v -0.649085 3.565638 -1.488343
v -0.720668 2.182890 -1.522668
v -0.691342 3.125235 -1.459227
v -0.650323 3.609695 -1.502210
v -0.702970 0.092919 -1.511593
v -0.685098 0.166424 -1.538927
v -0.708907 2.294376 -1.511127
v -0.662071 2.997322 -1.566299
v -0.687428 2.548384 -1.645947
v -0.740610 2.927199 -1.820871
v -0.698230 3.975428 -1.946370
v -0.647864 3.696912 -2.048239
v -0.671837 3.692550 -2.238046
v -0.676670 3.756683 -2.215735
v -0.689952 2.119944 2.276877
v -0.690818 2.123139 2.307631
v -0.659228 2.146624 2.244504
v -0.678196 2.227921 2.243031
v -0.672091 2.148984 2.169379
v -0.673269 2.154979 2.169587
v -0.621920 2.352595 2.164740
v -0.629278 2.527561 2.109578
v -0.609653 1.027216 1.971882
v -0.652660 0.870060 1.968253
v -0.639607 1.128222 1.905326
v -0.626542 0.050879 1.691253
v -0.573483 3.131151 1.690615
v -0.673703 0.348829 1.399661
v -0.674175 1.329837 1.111310
v -0.661317 0.047043 1.150593
v -0.614839 0.153716 1.055723
v -0.653929 3.146974 0.786125
v -0.679760 2.463055 0.703871
v -0.681305 2.589568 0.655037
v -0.679257 2.674834 0.571639
v -0.687618 2.950756 0.469014
v -0.658719 2.605793 0.479709
v -0.693199 2.746858 0.416558
v -0.655344 3.200083 0.464128
v -0.676527 2.552031 0.156146
v -0.717774 2.449399 -0.230624
v -0.649073 1.539404 -0.516132
v -0.662957 1.536639 -0.694903
v -0.689749 1.594987 -0.691647
v -0.654516 0.909614 -0.751964
v -0.674638 0.087070 -0.901365
v -0.659648 0.015425 -1.028874
v -0.696785 0.356796 -1.211433
v -0.654862 3.432347 -1.226150
v -0.664493 1.743510 -1.313452
v -0.677787 3.184187 -1.486866
v -0.628024 3.257171 -1.520885
v -0.667345 3.543528 -1.510182
v -0.669935 2.954687 -1.536915
v -0.589341 2.883622 -1.606300
v -0.645909 2.739543 -1.618195
v -0.660300 3.575045 -1.707857
v -0.619485 2.989106 -1.646002
v -0.663207 3.747113 -1.670610
v -0.651235 3.970376 -1.936877
v -0.665926 3.911687 -1.976388
v -0.620441 3.942810 -2.100698
v -0.645434 3.769760 -2.104530
v -0.623315 3.605140 -2.174425
v -0.663420 3.801637 -2.177303
v -0.675228 3.704276 -2.405539
v -0.676977 3.832078 -2.418369
v -0.630111 3.975037 -2.308148
v -0.594827 2.297454 2.169195
v -0.612375 2.176127 2.169048
v -0.630021 1.945949 2.112217
v -0.571027 0.942419 1.981674
v -0.613579 1.427610 1.713154
v -0.510276 3.063435 1.840407
v -0.584705 0.129916 1.753832
v -0.608405 1.530436 1.720252
v -0.586588 0.830484 1.508695
v -0.649107 0.937391 1.472353
v -0.592686 0.010941 1.242632
v -0.590666 3.234022 1.400177
v -0.646894 0.112007 1.070525
v -0.609902 3.250441 1.126391
v -0.694970 1.682878 0.839361
v -0.616763 3.325372 0.389816
v -0.654157 2.316809 -0.251850
v -0.624544 1.487797 -0.444589
v -0.624635 1.477720 -0.500755
v -0.624035 1.603884 -0.557054
v -0.683133 2.024937 -0.593744
v -0.606137 1.706789 -0.661473
v -0.570045 1.131612 -0.674190
v -0.592457 1.207807 -0.665931
v -0.609265 1.416014 -0.694730
v -0.636298 1.776555 -0.690347
v -0.627233 0.293027 -0.851683
v -0.597004 0.160291 -0.852143
v -0.516678 3.640393 -1.157615
v -0.644460 0.974719 -1.207129
v -0.616972 0.358300 -1.238073
v -0.735642 3.465506 -1.307070
v -0.692915 1.876555 -1.348809
v -0.654259 2.173764 -1.504964
v -0.645575 3.339258 -1.438342
v -0.654587 3.545292 -1.511667
v -0.635675 0.211503 -1.531893
v -0.594589 3.295916 -1.588200
v -0.647201 3.729792 -1.591067
v -0.632927 3.002882 -1.765202
v -0.610168 3.659199 -1.845192
v -0.608818 3.784249 -1.818673
v -0.606791 3.734938 -1.852149
v -0.633570 3.921208 -1.954789
v -0.545694 4.044174 -2.137771
v -0.596713 3.735218 -2.054185
v -0.645402 3.628800 -2.222175
v -0.621718 3.579537 -2.363329
v -0.647267 3.917384 -2.447039
v -0.647755 3.762092 -2.546554
v -0.612845 3.903500 -2.574917
v -0.597392 0.686288 1.879312
v -0.579722 0.639709 1.471483
v -0.556235 0.358026 1.404032
v -0.598217 1.566153 0.883457
v -0.556738 0.090396 1.093495
v -0.589938 2.374958 0.651814
v -0.599883 2.457528 0.579808
v -0.617978 3.453420 -0.399524
v -0.645743 2.198578 -0.389697
v -0.582031 1.509860 -0.508171
v -0.588422 1.563981 -0.521252
v -0.605279 1.508044 -0.621327
v -0.551220 3.544524 -0.661076
v -0.560988 0.939382 -0.740684
v -0.559351 0.054259 -0.924933
v -0.549000 3.586731 -0.927447
v -0.538739 0.001449 -1.238927
v -0.626547 1.381088 -1.244446
v -0.639008 0.025362 -1.413041
v -0.605839 0.302814 -1.301877
v -0.585775 0.272723 -1.430325
v -0.604048 0.072006 -1.518658
v -0.592103 0.137117 -1.560210
v -0.656115 2.493305 -1.575111
v -0.613212 2.976493 -1.586375
v -0.577844 3.412354 -1.631750
v -0.536813 3.734495 -1.580254
v -0.631633 2.592525 -1.616174
v -0.595480 2.684979 -1.622751
v -0.587658 3.283927 -1.683635
v -0.589097 3.239448 -1.750552
v -0.585619 3.824771 -1.729015
v -0.606513 3.011563 -1.764742
v -0.606077 3.022229 -1.764376
v -0.596665 2.990948 -1.800137
v -0.603205 3.054501 -1.815476
v -0.595412 2.895710 -1.859039
v -0.574268 2.843956 -1.912552
v -0.602844 2.890661 -1.931942
v -0.596386 2.823001 -1.943784
v -0.575476 3.940003 -1.968244
v -0.604732 4.007315 -2.007735
v -0.598749 3.860623 -2.067784
v -0.601912 3.624339 -2.095405
v -0.611680 3.954438 -2.167008
v -0.549453 4.079247 -2.553268
v -0.612922 3.642524 -2.557235
v -0.583954 3.783726 -2.656187
v -0.501190 2.043247 2.135768
v -0.507894 2.722293 2.048216
v -0.528084 1.879626 2.081289
v -0.524491 1.737607 1.988552
v -0.562287 0.867911 1.960924
v -0.520114 2.892368 1.961992
v -0.540904 1.205625 1.829040
v -0.542651 1.627500 1.872878
v -0.526500 1.410160 1.704202
v -0.552440 0.278582 1.743865
v -0.512568 0.075129 1.686465
v -0.550329 0.015720 1.601630
v -0.564476 3.212141 1.545217
v -0.553688 0.304805 1.349805
v -0.542185 0.252307 1.165401
v -0.531718 3.409205 0.889237
v -0.561933 1.713014 0.834190
v -0.559112 2.245914 0.713361
v -0.552614 2.088161 -0.420390
v -0.506222 1.967419 -0.558411
v -0.574613 1.514053 -0.691149
v -0.524632 1.690998 -0.689382
v -0.471736 1.772932 -0.699248
v -0.559303 0.575445 -0.805810
v -0.554768 0.278376 -0.856618
v -0.506611 0.017413 -1.063975
v -0.582903 3.555763 -1.308177
v -0.581333 1.212103 -1.235412
v -0.518175 0.355920 -1.220241
v -0.544989 1.790307 -1.331909
v -0.536528 0.028907 -1.412042
v -0.540550 2.184954 -1.527850
v -0.541675 3.669653 -1.528301
v -0.561689 3.019300 -1.655513
v -0.572688 3.520533 -1.664559
v -0.514627 3.301287 -1.800309
v -0.556165 3.014789 -1.722615
v -0.598977 3.154802 -1.791502
v -0.563455 3.018817 -1.899396
v -0.530014 3.756761 -1.903720
v -0.559464 2.886886 -1.942305
v -0.565298 3.660783 -2.046207
v -0.541622 4.122935 -2.346465
v -0.556208 3.509773 -2.324418
v -0.547518 3.524976 -2.482245
v -0.513064 3.975824 -2.716088
v -0.489065 0.850514 1.918063
v -0.515394 1.076949 1.919076
v -0.525209 0.703001 1.859852
v -0.515393 0.284188 1.725556
v -0.481858 0.146767 1.705220
v -0.509909 1.497514 1.683280
v -0.519114 0.773774 1.528039
v -0.544481 0.937388 1.487094
v -0.534818 1.190419 1.254096
v -0.544371 3.357042 1.174347
v -0.603273 0.226025 1.100162
v -0.495366 0.178619 1.106867
v -0.574365 1.968227 0.822766
v -0.576571 2.439583 0.502590
v -0.554347 3.411347 0.456664
v -0.616191 2.424118 0.142375
v -0.504654 3.501211 0.072089
v -0.530230 3.540411 -0.393910
v -0.564173 2.189438 -0.268900
v -0.532156 1.873837 -0.643809
v -0.513566 1.634578 -0.684354
v -0.491759 1.416390 -0.713099
v -0.518218 1.574397 -0.697106
v -0.468932 0.143216 -0.898135
v -0.489752 1.390467 -1.227571
v -0.549537 3.641257 -1.437788
v -0.533645 0.216194 -1.519367
v -0.540827 2.505497 -1.644395
v -0.463719 2.860556 -1.680661
v -0.486889 3.847646 -1.672528
v -0.562941 2.639917 -1.643984
v -0.535408 2.439869 -1.711890
v -0.507691 2.631390 -1.704068
v -0.520847 3.356116 -1.777424
v -0.529705 3.562310 -1.844164
v -0.538335 2.435775 -1.749546
v -0.516837 2.480835 -1.742085
v -0.517436 3.826964 -1.848784
v -0.525611 3.798319 -1.939239
v -0.548511 3.867476 -1.992512
v -0.538103 3.978009 -1.985493
v -0.527670 3.509056 -2.230084
v -0.530798 3.592758 -2.615992
v -0.501095 2.323735 3.926658
v -0.485929 2.302924 3.870684
v -0.495694 2.329658 3.838497
v -0.499412 2.618195 3.473704
v -0.505644 2.624929 3.429891
v -0.497591 2.826399 2.923663
v -0.501713 2.823032 2.864326
v -0.496303 2.210538 2.152401
v -0.432601 2.584707 2.086910
v -0.380940 2.877771 2.038179
v -0.392482 3.004342 1.979660
v -0.493540 3.180208 1.737099
v -0.470403 0.927488 1.550683
v -0.480628 0.021202 1.387219
v -0.480772 3.384428 1.400313
v -0.506192 0.371652 1.440254
v -0.452627 3.441871 1.270887
v -0.490466 1.593537 0.896467
v -0.467723 1.956305 0.847988
v -0.503842 2.316381 0.621834
v -0.466632 2.247149 0.124447
v -0.537077 2.290656 0.056843
v -0.462945 1.188757 -0.699250
v -0.490260 0.924381 -0.770179
v -0.452370 0.072646 -0.980132
v -0.490602 1.165281 -1.209697
v -0.474963 1.863180 -1.348212
v -0.505570 2.151704 -1.514728
v -0.501350 2.292770 -1.567876
v -0.542662 2.482110 -1.613636
v -0.480224 2.487080 -1.648677
v -0.500245 2.456919 -1.712986
v -0.481541 2.970957 -1.744581
v -0.520043 2.894944 -1.858480
v -0.468591 3.506907 -2.006277
v -0.523249 2.977433 -1.919188
v -0.527311 3.660969 -1.914310
v -0.495735 3.920578 -1.933679
v -0.524985 3.640446 -1.987682
v -0.526820 4.032928 -2.034570
v -0.479943 4.064137 -2.014644
v -0.469699 3.529146 -2.582457
v -0.489280 4.219692 -2.551495
v -0.502288 3.670392 -2.671957
v -0.546340 3.683167 -2.671704
v -0.470053 3.885103 -2.785821
v -0.467113 2.373647 3.743407
v -0.483577 2.597989 3.449934
v -0.483835 2.606318 3.450327
v -0.439495 2.724833 3.253128
v -0.422203 2.774437 2.841210
v -0.459495 2.855774 2.711692
v -0.455516 2.904547 2.728997
v -0.380473 2.439386 2.089504
v -0.421344 1.828679 2.002792
v -0.398290 2.790135 2.051678
v -0.467616 0.956514 1.927023
v -0.443258 1.651467 1.849763
v -0.466320 0.712487 1.809946
v -0.455167 1.183654 1.778586
v -0.498718 1.546861 1.714748
v -0.460012 0.289417 1.664376
v -0.464139 0.783447 1.582163
v -0.460153 0.326039 1.483622
v -0.477140 1.326866 1.159630
v -0.451730 0.270040 1.394558
v -0.469077 0.056949 1.216926
v -0.480362 2.102529 0.781429
v -0.447783 3.503352 0.430132
v -0.460801 2.054922 -0.365290
v -0.418131 0.930094 -0.827224
v -0.456856 0.966689 -1.161313
v -0.532099 0.972577 -1.202016
v -0.496852 0.294139 -1.264210
v -0.425192 0.047545 -1.315234
v -0.453580 0.071938 -1.439911
v -0.415560 0.235741 -1.362765
v -0.473224 3.731060 -1.356246
v -0.490119 0.140752 -1.531893
v -0.481295 2.174031 -1.571423
v -0.452257 3.879190 -1.635288
v -0.426222 2.572743 -1.687908
v -0.522834 2.997679 -1.657748
v -0.412632 2.727349 -1.697243
v -0.483452 3.871011 -1.774701
v -0.463013 4.266333 -2.364713
v -0.458283 3.661166 -2.608002
v -0.433008 4.250684 -2.709495
v -0.434152 4.184668 -2.801359
v -0.406793 3.775793 -2.819277
v -0.430674 4.126747 -2.839542
v -0.425239 2.311898 3.879372
v -0.430501 2.361611 3.882872
v -0.450128 2.390670 3.849019
v -0.459100 2.398364 3.809854
v -0.411447 2.401930 3.547514
v -0.452800 2.635892 3.457769
v -0.409759 2.597913 3.396898
v -0.467921 2.598729 3.370035
v -0.454465 2.651720 3.248935
v -0.412032 2.818275 2.911853
v -0.418820 2.167754 2.116127
v -0.425173 0.875180 1.854903
v -0.413166 3.381031 1.605606
v -0.413687 1.437322 1.597735
v -0.409270 0.165624 1.612026
v -0.426823 0.719637 1.711926
v -0.455678 0.046668 1.549774
v -0.411526 0.107523 1.585640
v -0.433803 0.308305 1.565202
v -0.428449 0.986715 1.565259
v -0.421668 1.301909 1.244127
v -0.448521 0.236887 1.238815
v -0.453095 0.107509 1.159109
v -0.429602 3.487397 1.021277
v -0.520579 2.369276 0.458111
v -0.416479 3.643829 -0.623913
v -0.373028 1.846936 -0.689534
v -0.484512 0.292320 -0.887948
v -0.437573 0.291937 -0.938566
v -0.441467 0.362249 -1.157607
v -0.421454 0.272120 -1.184541
v -0.389257 1.755035 -1.257138
v -0.414370 0.171782 -1.450180
v -0.365478 2.599446 -1.677266
v -0.450644 2.945769 -1.711386
v -0.426121 2.980633 -1.771645
v -0.475246 2.958334 -1.879600
v -0.466449 3.176238 -1.864945
v -0.436106 3.252129 -1.874756
v -0.425399 4.197154 -2.041832
v -0.484734 3.537115 -2.079248
v -0.446578 3.461918 -2.357015
v -0.427310 4.321055 -2.471359
v -0.456873 3.598799 -2.601727
v -0.430313 3.980239 -2.876913
v -0.439578 4.296475 -2.943813
v -0.445449 4.240727 -3.018009
v -0.388671 2.494072 3.590187
v -0.473085 2.667099 3.429163
v -0.369281 2.569702 3.293720
v -0.367895 2.563298 3.187792
v -0.393028 2.773167 3.062999
v -0.373740 3.009108 2.574023
v -0.401410 2.913855 2.523856
v -0.365835 2.011572 2.044844
v -0.412939 1.011896 1.842817
v -0.389457 0.920798 1.782906
v -0.346624 1.746616 1.847946
v -0.411970 1.555487 1.613752
v -0.353967 3.326919 1.778769
v -0.424726 0.768927 1.663792
v -0.401133 1.132378 1.704739
v -0.358121 3.406554 1.645915
v -0.394612 0.220683 1.492440
v -0.401622 0.073923 1.415042
v -0.389370 1.213308 1.407210
v -0.389013 0.200864 1.328181
v -0.408987 0.168544 1.216860
v -0.437154 1.735592 0.880612
v -0.403253 2.238356 0.645059
v -0.372790 1.252801 -0.783427
v -0.381756 1.423948 -0.795657
v -0.409567 1.126311 -0.752655
v -0.410225 0.293103 -1.001738
v -0.407000 0.307728 -1.078237
v -0.414354 0.050332 -1.150370
v -0.407317 0.959784 -1.111241
v -0.413429 1.155202 -1.160764
v -0.366663 3.828978 -1.305951
v -0.354156 1.870529 -1.295439
v -0.334911 1.980776 -1.364532
v -0.397417 2.257385 -1.562507
v -0.425571 4.010361 -1.826545
v -0.383506 3.034910 -1.820973
v -0.420324 3.082017 -1.864321
v -0.413786 3.475747 -2.127299
v -0.430995 3.553476 -2.621091
v -0.383683 4.323188 -2.689647
v -0.411927 4.161445 -2.882986
v -0.401078 4.328957 -2.963767
v -0.383672 4.202928 -3.102858
v -0.397289 4.266669 -3.115094
v -0.345863 2.258263 3.713026
v -0.288034 2.495003 3.722516
v -0.355946 2.310735 3.483302
v -0.340647 2.477003 3.462355
v -0.343491 2.385334 3.436286
v -0.344254 2.675490 3.376244
v -0.392277 2.639265 3.050603
v -0.367658 2.934899 2.955612
v -0.397452 2.628198 2.889148
v -0.386443 2.914073 2.850960
v -0.386839 2.754153 2.718069
v -0.469969 2.878807 2.849015
v -0.402649 2.825131 2.587057
v -0.332361 2.378633 2.065615
v -0.355066 1.666827 1.736060
v -0.345707 1.464575 1.440598
v -0.367583 0.140616 1.405942
v -0.357051 3.484175 1.404918
v -0.393636 0.104533 1.287802
v -0.349632 1.553731 1.111383
v -0.383794 1.609812 0.981563
v -0.327049 3.545534 0.971931
v -0.418680 2.180989 0.730888
v -0.283336 1.975181 -0.287403
v -0.380450 1.738986 -0.769265
v -0.367120 0.932282 -0.941790
v -0.399535 3.738503 -1.109645
v -0.378402 0.141649 -1.033026
v -0.367548 0.200765 -1.117717
v -0.373088 0.943070 -1.032761
v -0.364116 0.097512 -1.186300
v -0.382333 1.386312 -1.145010
v -0.373996 0.107580 -1.346043
v -0.401394 2.177410 -1.517011
v -0.434652 2.463056 -1.626068
v -0.351870 4.077808 -1.766320
v -0.388132 4.321003 -2.238775
v -0.423482 3.472631 -2.475629
v -0.275117 4.434598 -2.522125
v -0.371518 3.503477 -2.556015
v -0.285935 3.670133 -2.779132
v -0.348186 3.691892 -2.802092
v -0.399514 4.067675 -2.870424
v -0.394137 3.966747 -2.911564
v -0.376999 4.139432 -2.906676
v -0.345690 3.938881 -3.014369
v -0.337130 4.153525 -3.022342
v -0.332838 2.315108 3.805616
v -0.334958 2.403946 3.806408
v -0.371001 2.272193 3.623544
v -0.302401 2.550061 3.527363
v -0.344711 2.565063 3.352915
v -0.311770 2.642200 3.390998
v -0.328492 2.778956 3.285682
v -0.345241 2.841003 3.133754
v -0.367846 2.629994 2.750576
v -0.333690 2.802224 2.481860
v -0.323012 2.910409 2.441564
v -0.288304 3.003472 2.468608
v -0.237244 2.230387 1.969329
v -0.338737 2.849678 2.085427
v -0.303399 3.168461 1.966866
v -0.389414 1.084507 1.608130
v -0.346326 1.561957 1.484876
v -0.327131 1.525130 1.255271
v -0.293430 3.539066 1.259426
v -0.379462 1.698788 0.935001
v -0.343032 2.076384 0.851549
v -0.284221 3.579645 0.412210
v -0.358248 1.947513 -0.491580
v -0.350559 3.613527 -0.118235
v -0.333436 1.701173 -0.828762
v -0.344713 1.168416 -0.826829
v -0.330574 1.406321 -0.894137
v -0.340092 1.162021 -1.062483
v -0.326072 1.384720 -1.032025
v -0.353287 0.176684 -1.287751
v -0.358056 3.065430 -1.867654
v -0.307672 3.178147 -1.957982
v -0.339039 4.255396 -1.974110
v -0.300799 4.350298 -2.109966
v -0.318832 4.404492 -2.361370
v -0.225589 3.463022 -2.357351
v -0.332268 4.009162 -2.855772
v -0.321753 4.347914 -3.033384
v -0.324002 4.299248 -3.133198
v -0.316086 2.255031 3.769553
v -0.289122 2.732839 3.339979
v -0.337764 2.471482 3.066443
v -0.322935 2.537900 2.752799
v -0.296699 2.869220 2.235932
v -0.280958 3.002036 2.186184
v -0.305123 2.835476 2.138991
v -0.323908 2.680934 2.089327
v -0.234698 2.116639 1.914842
v -0.278726 1.755952 1.700356
v -0.319036 1.648847 1.538758
v -0.280813 1.698694 1.343535
v -0.299656 1.704932 1.068526
v -0.353400 1.941336 0.932522
v -0.362713 2.238250 0.549033
v -0.375812 2.243444 0.393604
v -0.323157 2.149405 0.119620
v -0.267993 3.707335 -0.584474
v -0.283558 1.799893 -0.811655
v -0.296739 1.701413 -0.902911
v -0.317123 1.167468 -0.927881
v -0.320543 1.736028 -1.169564
v -0.284814 2.207199 -1.530060
v -0.311863 2.296393 -1.582215
v -0.317370 2.577799 -1.713660
v -0.311307 2.918722 -1.905319
v -0.311889 2.849173 -1.987712
v -0.344314 3.418244 -2.128965
v -0.323899 4.366211 -2.718974
v -0.231629 3.560168 -2.624074
v -0.275232 3.965274 -2.921498
v -0.308026 4.142518 -2.913971
v -0.326773 3.812521 -3.011564
v -0.292644 3.978184 -3.010045
v -0.293193 4.245142 -3.167022
v -0.283787 2.335963 3.818866
v -0.324503 2.148122 3.580718
v -0.266950 2.566475 3.614882
v -0.293516 2.131216 3.480721
v -0.236762 2.637283 3.542273
v -0.321097 2.311050 3.342403
v -0.292401 2.860460 3.200808
v -0.314126 2.976210 3.046580
v -0.226837 3.095302 2.924352
v -0.285566 3.029193 2.703672
v -0.305616 2.665001 2.552513
v -0.246038 3.062207 2.547358
v -0.295248 3.031440 2.097064
v -0.209220 2.446648 2.056721
v -0.234030 2.565962 2.093494
v -0.239604 3.136727 2.080884
v -0.229597 2.308236 2.002253
v -0.310395 1.913935 1.935825
v -0.313431 3.287628 1.863613
v -0.268731 3.484415 1.583581
v -0.266390 2.128746 0.807650
v -0.250262 2.101347 0.074088
v -0.265995 3.625515 0.016943
v -0.282637 1.688089 -0.981689
v -0.288148 1.715541 -1.086775
v -0.256877 3.833528 -1.141295
v -0.249611 4.137866 -1.715260
v -0.278749 2.491332 -1.672228
v -0.285551 2.490683 -1.787275
v -0.297871 2.761684 -1.746825
v -0.274596 2.431019 -1.786837
v -0.261113 2.539685 -1.787566
v -0.295750 2.942685 -1.828930
v -0.279197 2.877938 -1.930627
v -0.256930 3.001927 -1.973216
v -0.276250 2.892181 -1.992760
v -0.222879 4.401723 -2.763155
v -0.289681 4.117319 -3.031437
v -0.299641 4.035420 -3.070205
v -0.292688 3.829764 -3.116827
v -0.272425 4.098236 -3.075860
v -0.251682 4.043789 -3.175475
v -0.265719 2.406062 3.820074
v -0.271312 2.059725 3.761514
v -0.224153 2.981097 3.161637
v -0.299252 2.414476 3.023526
v -0.216357 3.065200 3.056703
v -0.270180 2.468032 2.762547
v -0.278352 3.054846 2.865820
v -0.188076 3.103836 2.639394
v -0.240853 2.699341 2.272894
v -0.216985 3.109132 2.214539
v -0.261381 2.752360 2.215595
v -0.264670 2.705563 2.132247
v -0.245381 3.403397 1.795984
v -0.189770 2.009240 1.746424
v -0.257107 1.892197 1.816575
v -0.244000 1.786226 1.618863
v -0.326222 1.895514 -0.617286
v -0.214870 1.847879 -0.773347
v -0.279677 3.783906 -0.995067
v -0.233758 1.807668 -1.050487
v -0.199141 1.995177 -1.313829
v -0.238684 2.091902 -1.430001
v -0.224510 3.903471 -1.264720
v -0.182722 2.194476 -1.532411
v -0.241659 2.185979 -1.580719
v -0.240266 2.152778 -1.623809
v -0.244706 2.215580 -1.625572
v -0.240910 2.464809 -1.747924
v -0.211117 2.722925 -1.773418
v -0.196135 2.920693 -1.865204
v -0.234577 2.927272 -1.889965
v -0.267271 2.863756 -1.975412
v -0.299753 3.054839 -1.951059
v -0.214998 3.125124 -1.982021
v -0.174889 4.476438 -2.399157
v -0.268751 4.035467 -2.869060
v -0.296126 4.111505 -2.869824
v -0.224049 3.690322 -3.059158
v -0.224083 4.048450 -2.957128
v -0.236196 4.096990 -2.939285
v -0.251322 3.729182 -3.106062
v -0.250483 4.168119 -3.106086
v -0.284755 3.940444 -3.170846
v -0.165670 2.857810 3.333478
v -0.252129 2.226507 3.277560
v -0.176726 3.371560 1.888052
v -0.153986 1.968765 1.515049
v -0.150070 3.561425 1.426300
v -0.245806 1.805440 1.256288
v -0.269735 1.930098 1.053087
v -0.261402 2.012277 0.986893
v -0.189782 2.089931 0.915188
v -0.259209 2.167261 0.710367
v -0.195843 2.172199 0.478957
v -0.119841 1.873498 -0.464681
v -0.228643 1.817223 -0.878917
v -0.241007 1.864400 -1.173963
v -0.208016 2.332647 -1.622119
v -0.202543 2.500535 -1.703417
v -0.228322 2.508181 -1.773538
v -0.205272 4.288353 -1.874087
v -0.200181 2.984576 -1.930306
v -0.320742 3.446369 -2.229821
v -0.191549 3.524878 -2.569785
v -0.182433 3.558748 -2.676580
v -0.171245 3.670578 -3.027026
v -0.188439 4.162704 -3.127799
v -0.188518 4.118739 -3.200426
v -0.151029 4.044466 -3.536065
v -0.182891 3.831600 -3.686144
v -0.265338 2.110653 3.840751
v -0.241284 2.168384 3.893545
v -0.198448 2.200409 3.941563
v -0.120578 2.419390 3.918051
v -0.168256 2.544988 3.803801
v -0.206646 2.045405 3.450330
v -0.222517 2.566339 2.529111
v -0.161916 2.634059 2.245481
v -0.190176 2.630849 2.151637
v -0.147852 3.261281 1.995803
v -0.122042 3.494918 1.695552
v -0.155290 2.017050 1.657841
v -0.190747 1.914914 1.333655
v -0.222368 1.931223 1.173072
v -0.095995 3.618372 0.412082
v -0.127487 2.095008 0.150392
v -0.134001 3.657596 -0.008281
v -0.180206 1.848484 -1.016304
v -0.127192 3.827655 -0.987683
v -0.206542 2.215333 -1.597293
v -0.168040 2.631464 -1.759739
v -0.104464 4.461015 -2.680216
v -0.149795 3.573193 -2.615648
v -0.234969 4.310191 -3.119826
v -0.174385 3.690399 -3.659353
v -0.195091 3.925507 -3.516863
v -0.189294 3.759490 -3.690083
v -0.190216 1.834521 3.988039
v -0.109016 1.986089 4.128420
v -0.113530 2.241092 3.989347
v -0.215699 1.965423 3.713935
v -0.125512 2.690614 3.586805
v -0.130533 3.047844 3.155004
v -0.123044 3.138967 2.969983
v -0.200716 2.329846 2.992622
v -0.163909 2.403822 2.738400
v -0.142030 2.517055 2.520103
v -0.123386 3.209337 2.103413
v -0.101952 2.161112 1.810800
v -0.145574 2.113479 1.792840
v -0.157687 2.009261 1.162978
v -0.131973 2.058513 1.049863
v -0.063292 3.750725 -0.578330
v -0.128154 1.849574 -0.937999
v -0.129024 1.910560 -1.161303
v -0.218039 1.921643 -1.229827
v -0.074216 2.335610 -1.652727
v -0.133122 2.798912 -1.818958
v -0.177969 4.365290 -1.994696
v -0.192061 3.373753 -2.213426
v -0.211762 4.417093 -2.167704
v -0.101663 4.479923 -2.300754
v -0.132492 3.559774 -2.759891
v -0.157591 4.224287 -3.112883
v -0.102082 3.963394 -3.676718
v -0.140924 3.868391 -3.737209
v -0.145054 3.770344 -3.760033
v -0.141678 1.752578 4.177205
v -0.116243 1.801775 4.210170
v -0.129019 1.679611 4.112463
v -0.102894 1.702242 3.974003
v -0.084680 2.507644 3.878228
v -0.149908 2.157581 3.243872
v -0.075238 3.109405 3.089494
v -0.102521 3.144369 2.647094
v -0.133169 3.173612 2.205120
v -0.035438 2.523974 2.115531
v -0.126387 2.356666 2.004599
v -0.054863 2.234317 1.883807
v -0.103684 3.436024 1.831250
v -0.108812 2.007514 1.357861
v -0.154087 3.596610 1.009979
v -0.085660 1.932069 -0.258788
v -0.144504 2.270379 -1.597816
v -0.038332 4.499171 -2.519638
v -0.149877 4.371547 -2.910257
v -0.104389 4.306824 -3.026858
v -0.112823 4.186665 -3.140317
v -0.112313 3.670620 -3.738061
v -0.047089 2.591198 3.806316
v -0.136462 1.914556 3.657292
v -0.099691 2.007317 3.417416
v -0.126481 2.299002 2.970434
v -0.050382 2.490733 2.509586
v -0.067388 2.594278 2.193287
v -0.055547 3.266913 2.028991
v -0.007802 3.383562 1.926536
v -0.072281 2.062436 1.596895
v -0.061980 3.569201 1.437066
v -0.021712 2.128808 0.695035
v -0.113424 2.151346 0.431980
v -0.029865 2.038692 0.029794
v -0.115308 3.909441 -1.207804
v -0.051660 2.511905 -1.736353
v -0.088308 2.611280 -1.769355
v -0.000075 4.328419 -1.859427
v -0.137907 3.041877 -1.955692
v -0.069181 3.151623 -2.049077
v -0.068857 3.525904 -2.726527
v -0.083296 4.157917 -3.247851
v -0.083043 4.086134 -3.567540
v -0.047822 4.054298 -3.671807
v -0.039771 1.734633 4.280257
v -0.055019 1.646536 4.222908
v -0.045872 1.861227 4.231292
v -0.050671 1.624928 4.070288
v -0.032083 2.255405 4.006930
v -0.040367 1.892682 3.628815
v -0.000465 2.707028 3.607886
v -0.042780 2.886506 3.354820
v -0.012542 3.051358 3.184130
v -0.023821 2.376111 2.722911
v -0.010837 3.207920 2.194242
v 0.029557 2.275758 1.925145
v -0.001313 3.592599 1.280107
v 0.003217 1.827128 -0.778012
v 0.016187 3.925079 -1.210285
v -0.000855 1.941107 -1.231528
v 0.013328 2.220568 -1.584644
v -0.118291 4.185559 -1.692715
v -0.036722 2.230082 -1.590456
v -0.052744 2.717594 -1.812482
v -0.072949 2.983158 -1.957800
v -0.049321 3.067207 -2.012551
v -0.088864 3.425931 -2.342369
v -0.033406 3.483039 -2.510387
v -0.007363 4.414001 -2.834131
v 0.005593 4.304639 -3.000842
v -0.000276 4.228596 -3.103206
v 0.012014 4.110224 -3.540420
v 0.017571 3.682642 -3.795051
v -0.063021 3.759939 -3.815274
v -0.052331 3.878419 -3.791965
v -0.016016 1.610695 4.376143
v -0.011545 1.607444 4.293684
v -0.042924 1.643623 4.310472
v 0.035791 2.431043 3.934496
v -0.049193 2.135361 3.223331
v 0.024877 3.162481 2.948042
v -0.014601 3.157987 2.652960
v -0.015521 2.580682 2.263291
v 0.035873 3.232886 2.101782
v 0.040817 2.477730 2.091247
v -0.015586 2.095874 1.647944
v 0.002097 2.055208 1.463659
v -0.010933 2.047959 1.292245
v 0.065377 3.607280 1.034004
v -0.074048 2.111161 0.854007
v 0.005517 2.111390 0.256913
v -0.033873 3.657922 0.055423
v -0.051798 1.837448 -0.610723
v -0.002554 2.044863 -1.400491
v 0.016560 4.191082 -1.677651
v -0.015843 2.175239 -1.655957
v -0.041709 2.262017 -1.648282
v -0.020197 2.511971 -1.753949
v -0.013743 2.435554 -1.832330
v -0.025296 2.520376 -1.827045
v -0.050930 2.932790 -1.904570
v -0.015516 2.908458 -1.965688
v -0.051709 4.385725 -1.974761
v -0.014828 2.842841 -2.033517
v -0.029802 2.924336 -2.026955
v 0.026381 3.149421 -2.051688
v -0.059875 4.450161 -2.148324
v 0.041609 4.494717 -2.352901
v 0.070488 3.561724 -2.815130
v 0.020255 4.171021 -3.236728
v -0.004908 4.032069 -3.700495
v 0.010656 1.605251 4.373038
v 0.005116 1.656651 4.357958
v 0.027633 1.735566 4.287130
v 0.026373 1.630123 4.238915
v 0.018891 1.889009 4.221367
v 0.056303 1.625203 4.073050
v -0.001705 1.703854 3.906947
v 0.052485 2.513176 3.882038
v -0.047584 1.772356 3.818926
v -0.004965 1.990023 3.419952
v -0.001585 2.277158 2.961458
v 0.085201 3.116964 3.073061
v 0.058641 3.278615 2.015532
v 0.068007 3.464884 1.792086
v 0.076856 2.143417 0.418262
v 0.060692 3.621099 0.410591
v -0.008040 1.862950 -1.027461
v 0.068353 3.883033 -1.126209
v 0.031749 2.341195 -1.664519
v 0.026192 2.695992 -1.819857
v 0.064698 2.943749 -1.909942
v 0.025801 2.935658 -1.938821
v 0.017947 3.068151 -2.021839
v 0.075581 3.470725 -2.445385
v 0.049413 4.460035 -2.707054
v 0.129711 3.571175 -2.633925
v -0.072945 3.559624 -2.813857
v 0.122563 4.361706 -2.925493
v 0.066061 2.247493 4.004372
v 0.057557 1.879651 3.656647
v 0.085870 2.598372 3.781225
v 0.082222 2.138160 3.230166
v 0.099022 2.504511 2.503014
v 0.066469 3.152354 2.657974
v 0.056759 2.119127 1.713034
v 0.005987 3.547581 1.557488
v 0.023341 2.059462 1.180889
v 0.073271 1.902251 -0.339759
v 0.097160 3.743058 -0.560391
v 0.011669 2.180460 -1.665357
v 0.058737 2.517076 -1.735849
v 0.043272 2.525354 -1.774850
v 0.016554 2.436721 -1.841471
v 0.010423 2.490494 -1.842006
v 0.046655 2.787253 -1.829982
v 0.094323 4.431791 -2.099211
v 0.064915 3.021948 -1.993690
v 0.017351 2.850184 -2.034466
v 0.011146 2.924881 -2.043306
v -0.023438 3.356634 -2.249161
v 0.066039 3.524697 -2.725136
v 0.059796 4.057129 -3.658927
v 0.020040 3.976786 -3.723974
v 0.060141 3.870711 -3.792289
v 0.073778 3.764135 -3.808311
v 0.065227 1.677879 4.254103
v 0.090182 1.830834 4.224846
v 0.119081 2.220996 3.995687
v 0.101635 1.773078 3.857283
v 0.081907 1.995985 3.426788
v 0.083141 2.879424 3.353284
v 0.095886 3.026927 3.193702
v 0.065432 2.378675 2.729466
v 0.080162 2.599596 2.234133
v 0.084806 2.560165 2.136518
v 0.121287 2.194865 1.861903
v 0.054503 2.041759 1.456101
v 0.086304 2.091879 0.947575
v 0.133255 2.069438 0.080056
v 0.118358 3.661583 -0.022008
v 0.110389 1.849212 -0.582775
v 0.072588 2.261930 -1.611130
v 0.080209 2.621977 -1.780240
v 0.133969 1.769699 4.194863
v 0.129455 2.687567 3.589792
v 0.132043 2.301955 2.968621
v 0.163533 3.131184 2.885096
v 0.159535 2.349857 2.001154
v 0.160502 3.369487 1.899419
v 0.180390 3.523526 1.560811
v 0.135490 3.569415 1.369947
v 0.141119 2.007510 1.212654
v 0.031660 3.835438 -0.972129
v 0.200510 2.054041 -1.390200
v 0.148516 4.167407 -1.680985
v 0.205706 2.338255 -1.624358
v 0.141292 4.321259 -1.885598
v 0.118206 3.062810 -1.977269
v 0.205726 4.403728 -2.111644
v 0.137861 3.374130 -2.241180
v 0.163570 4.475834 -2.368528
v 0.313607 3.670288 -2.747040
v 0.136782 3.561189 -2.755311
v 0.110663 4.298480 -3.039263
v 0.155954 4.222896 -3.112504
v 0.136263 4.162086 -3.163616
v 0.118941 3.956229 -3.653594
v 0.130022 3.873952 -3.745168
v 0.134492 1.694068 4.133733
v 0.120756 1.686813 4.042530
v 0.176653 2.463664 3.868678
v 0.169116 1.934953 3.664234
v 0.170145 2.024600 3.444621
v 0.145810 3.126705 2.648884
v 0.131257 3.186833 2.137894
v 0.151462 2.090914 1.764950
v 0.181672 2.060662 0.989602
v 0.224090 3.631554 0.058908
v 0.219694 1.856777 -0.701219
v 0.136528 1.846102 -0.917664
v 0.184878 3.819499 -1.006426
v 0.181632 2.199870 -1.536748
v 0.160130 2.638848 -1.760379
v 0.164420 3.169148 -2.037064
v 0.126314 4.481311 -2.572953
v 0.195516 3.670785 -2.979257
v 0.114972 3.672906 -3.738059
v 0.109402 4.086733 -3.520499
v 0.148053 3.786083 -3.758957
v 0.237728 2.158284 3.901973
v 0.201787 2.196417 3.939670
v 0.191050 1.841657 3.959451
v 0.199869 2.655399 3.566654
v 0.189180 2.845398 3.325700
v 0.178508 2.171352 3.255073
v 0.191197 3.038094 3.128561
v 0.202461 3.097821 2.997097
v 0.161201 2.409971 2.724611
v 0.213763 3.085936 2.643620
v 0.208029 3.118802 2.228377
v 0.185208 2.433768 2.052272
v 0.210161 3.236718 1.979184
v 0.191948 2.249892 1.947826
v 0.133353 2.043428 1.658674
v 0.117621 2.001136 1.436892
v 0.210425 1.908232 1.245546
v 0.207524 1.930054 -0.341076
v 0.151412 1.875901 -1.068492
v 0.178253 3.892467 -1.205144
v 0.134272 1.951156 -1.241722
v 0.245564 2.789991 -1.782711
v 0.196268 2.917607 -1.861497
v 0.178177 3.558137 -2.679049
v 0.182361 4.387445 -2.853719
v 0.230885 4.313905 -3.114454
v 0.164872 3.681071 -3.623915
v 0.136016 4.050743 -3.560241
v 0.193527 1.876465 4.030385
v 0.187792 2.544747 3.781315
v 0.233171 2.348356 3.007279
v 0.168267 2.640680 2.243505
v 0.172586 2.611463 2.142338
v 0.192946 2.139736 1.875780
v 0.289509 3.396815 1.764614
v 0.249824 3.462916 1.673277
v 0.181255 1.928041 1.561289
v 0.251883 2.146004 0.771751
v 0.188046 2.157009 0.661372
v 0.269085 3.583595 0.451934
v 0.284277 2.198700 0.422922
v 0.199787 2.154006 0.332103
v 0.249268 3.715051 -0.588096
v 0.219272 1.832590 -0.829816
v 0.218744 1.819078 -0.999085
v 0.209334 2.211415 -1.598915
v 0.139231 2.270536 -1.597609
v 0.197943 2.501186 -1.704430
v 0.173524 3.010033 -1.935535
v 0.230516 3.121923 -1.974712
v 0.273618 3.392780 -2.178723
v 0.233804 3.437391 -2.276098
v 0.206298 3.530329 -2.577780
v 0.184228 3.712437 -3.657341
v 0.188734 3.925720 -3.535178
v 0.281389 2.398965 3.805496
v 0.235608 1.990653 3.721860
v 0.245467 2.079849 3.460925
v 0.252379 2.225251 3.280750
v 0.291538 2.698347 3.369620
v 0.258773 2.454810 2.767325
v 0.234248 2.579623 2.525548
v 0.309807 2.619566 2.093499
v 0.209009 2.017711 1.802044
v 0.336109 3.313773 1.817906
v 0.238482 3.572995 1.099990
v 0.213402 2.010041 1.054204
v 0.297334 2.138214 0.123354
v 0.215908 1.918938 -1.222470
v 0.247683 4.136749 -1.714428
v 0.240333 2.193471 -1.570550
v 0.240186 2.152455 -1.623854
v 0.245910 2.217412 -1.622529
v 0.274321 2.492696 -1.684024
v 0.241036 2.476938 -1.733482
v 0.233033 2.486955 -1.773767
v 0.264428 2.540559 -1.788028
v 0.241011 4.288866 -1.907691
v 0.274889 2.931074 -1.867140
v 0.217884 2.938448 -1.906377
v 0.258420 3.001415 -1.973722
v 0.250334 4.447810 -2.503370
v 0.231118 3.559259 -2.623924
v 0.284572 4.379476 -2.760702
v 0.223627 4.050445 -2.955623
v 0.257297 3.738249 -3.121796
v 0.216813 4.136931 -3.125545
v 0.215085 4.090176 -3.206584
v 0.266740 4.030085 -3.155905
v 0.190133 3.755220 -3.686189
v 0.183928 3.825867 -3.687513
v 0.267472 2.081010 3.820884
v 0.304875 2.306224 3.801820
v 0.277011 2.501878 3.727758
v 0.310601 2.137327 3.514901
v 0.262793 2.592161 3.558287
v 0.298473 2.811299 3.249432
v 0.294844 2.969994 3.089211
v 0.292703 3.044554 2.917766
v 0.269710 3.054959 2.617732
v 0.230874 2.699311 2.245467
v 0.282386 2.999021 2.216793
v 0.246738 3.115061 2.108435
v 0.288303 2.736079 2.130761
v 0.355407 2.445648 2.079657
v 0.322471 3.119745 1.987225
v 0.245262 1.820939 1.695880
v 0.244563 1.772280 1.550838
v 0.298818 3.518543 1.381597
v 0.213195 1.859042 1.386139
v 0.241292 1.908489 1.133282
v 0.296207 1.849586 -0.726175
v 0.257653 1.783756 -0.899648
v 0.258530 1.831836 -1.165010
v 0.317869 3.840358 -1.247596
v 0.288645 2.205522 -1.527557
v 0.320680 2.494907 -1.661133
v 0.275081 2.431699 -1.789829
v 0.273329 2.846306 -1.973504
v 0.272910 2.876372 -1.991940
v 0.308124 4.339148 -2.092338
v 0.279343 3.976505 -2.895960
v 0.279526 4.029994 -2.861707
v 0.252402 4.117584 -2.931308
v 0.245871 3.693169 -3.005113
v 0.260486 3.975233 -2.970077
v 0.240517 4.176135 -3.112155
v 0.287805 4.259909 -3.164685
v 0.328176 2.246711 3.746263
v 0.300973 2.556076 3.526943
v 0.330552 2.457510 3.065634
v 0.324880 2.509686 2.798208
v 0.278441 2.795552 2.212360
v 0.286816 3.009191 2.474829
v 0.297124 2.875832 2.238056
v 0.311065 2.951307 2.119651
v 0.346363 2.800129 2.077199
v 0.309590 2.318079 2.046394
v 0.251857 2.139712 1.945420
v 0.273711 1.866561 1.832643
v 0.284637 1.686393 1.372865
v 0.304935 1.924968 0.996072
v 0.292898 2.093807 0.857437
v 0.368262 3.591008 -0.007509
v 0.325815 1.912695 -0.563842
v 0.322999 3.764066 -1.007324
v 0.284393 1.699304 -1.050277
v 0.316328 4.095549 -1.733537
v 0.311489 2.300289 -1.584063
v 0.308374 2.571271 -1.724689
v 0.278215 2.696111 -1.753934
v 0.287706 2.933735 -1.830684
v 0.359860 4.204886 -1.932485
v 0.352381 3.441352 -2.162279
v 0.323464 4.403421 -2.370301
v 0.259416 3.473163 -2.408277
v 0.435082 3.629688 -2.599329
v 0.306046 4.124060 -2.877090
v 0.319103 4.349465 -3.027176
v 0.299483 4.035566 -3.070275
v 0.289725 4.108370 -3.045345
v 0.290880 3.830587 -3.132453
v 0.288135 3.929664 -3.159917
v 0.323830 2.365819 3.813199
v 0.369349 2.460703 3.752475
v 0.326595 2.156442 3.640955
v 0.397254 2.475393 3.678438
v 0.324648 2.322241 3.341048
v 0.327905 2.643722 3.386042
v 0.347150 2.847957 3.123624
v 0.322768 2.995077 2.743261
v 0.304720 2.667120 2.550080
v 0.322437 2.908288 2.440997
v 0.473145 2.221465 2.147269
v 0.318240 1.932875 1.959268
v 0.337880 1.615546 1.521932
v 0.372237 3.439101 1.538891
v 0.281450 1.714717 1.144463
v 0.389741 3.508251 1.105327
v 0.300189 2.002216 0.951676
v 0.389026 2.250852 0.571328
v 0.369980 1.986852 -0.388307
v 0.314672 1.774610 -0.805827
v 0.324601 1.220212 -0.877774
v 0.335464 1.666302 -0.831350
v 0.331720 1.407883 -0.889001
v 0.289591 1.680134 -0.931177
v 0.322926 1.186169 -1.014284
v 0.325257 1.377365 -1.027148
v 0.396577 3.737404 -1.093607
v 0.288339 2.022012 -1.377475
v 0.454939 2.482632 -1.630396
v 0.371164 3.017838 -1.815403
v 0.294161 2.873484 -1.930699
v 0.299602 3.053707 -1.951215
v 0.312253 2.851095 -1.988206
v 0.354090 3.699636 -2.809491
v 0.308382 3.765021 -2.998438
v 0.349641 3.942353 -3.002700
v 0.314014 4.144782 -3.040765
v 0.310002 4.213029 -3.150944
v 0.362626 2.270484 3.731325
v 0.391510 2.483258 3.572959
v 0.342103 2.492360 3.487982
v 0.346559 2.441221 3.444930
v 0.345004 2.567015 3.354769
v 0.364258 2.556436 3.259882
v 0.372264 2.789685 3.227760
v 0.361162 2.928392 2.989202
v 0.328219 2.801109 2.473996
v 0.399211 2.958553 2.541356
v 0.356808 2.927629 2.048550
v 0.359171 1.712135 1.828401
v 0.325253 1.679455 1.682549
v 0.395285 1.582104 1.631351
v 0.322160 1.692077 1.020163
v 0.408230 1.958006 0.880597
v 0.380139 2.204285 0.692949
v 0.398898 1.227113 -0.748051
v 0.384158 1.425561 -0.793271
v 0.366724 0.927182 -0.993657
v 0.358942 0.122984 -1.132931
v 0.370277 1.386817 -1.126938
v 0.306187 1.725124 -1.139502
v 0.365750 1.715551 -1.221461
v 0.372563 0.107069 -1.343937
v 0.364020 0.197232 -1.270259
v 0.370309 0.165049 -1.364322
v 0.366609 2.663681 -1.693445
v 0.366176 3.088237 -1.870044
v 0.338905 3.012192 -1.893903
v 0.315559 3.186300 -1.955811
v 0.453571 3.519900 -2.582156
v 0.436300 3.560802 -2.619717
v 0.388840 4.153783 -2.921359
v 0.420050 4.206376 -3.045461
v 0.417097 2.370592 3.871486
v 0.373337 2.289201 3.586155
v 0.413151 2.406561 3.550978
v 0.441285 2.639884 3.448363
v 0.398654 2.595806 3.384481
v 0.403682 2.714266 3.371790
v 0.387469 2.618048 3.067101
v 0.398413 2.634115 2.883730
v 0.411632 2.820558 2.913365
v 0.389621 2.902452 2.862166
v 0.367845 2.630168 2.750641
v 0.464632 2.897328 2.798257
v 0.339734 2.775808 2.522521
v 0.357773 3.019827 2.593084
v 0.405202 2.883022 2.532426
v 0.460457 2.726594 2.050711
v 0.432858 2.879497 2.008351
v 0.387294 0.910966 1.766533
v 0.411620 0.997432 1.844700
v 0.403817 1.124032 1.718442
v 0.449445 3.357492 1.566604
v 0.358680 1.447843 1.483223
v 0.407667 1.456360 1.583269
v 0.332157 1.515083 1.377081
v 0.348201 1.401142 1.326204
v 0.365894 0.160523 1.427992
v 0.384059 0.199080 1.348491
v 0.434365 3.448132 1.319335
v 0.411054 0.082598 1.277833
v 0.389357 0.150455 1.256788
v 0.399098 1.716781 0.913538
v 0.399594 2.093078 0.810711
v 0.444695 3.504924 0.438624
v 0.399016 2.264365 0.427900
v 0.422381 2.214376 0.130180
v 0.398918 3.651688 -0.610128
v 0.343015 1.067476 -0.880979
v 0.353584 0.169904 -1.160913
v 0.405807 0.311235 -1.070531
v 0.400023 0.959802 -1.101446
v 0.405744 0.050792 -1.184669
v 0.415427 0.262354 -1.213832
v 0.368681 1.163809 -1.111081
v 0.422607 3.791438 -1.347726
v 0.424297 0.049815 -1.324875
v 0.384861 1.874467 -1.316805
v 0.418917 0.229880 -1.380340
v 0.390760 2.240472 -1.552388
v 0.399343 2.551425 -1.659813
v 0.445833 2.767883 -1.692448
v 0.405168 2.845309 -1.711208
v 0.436882 3.987878 -1.825020
v 0.420119 3.232510 -1.879520
v 0.387853 4.267219 -2.090670
v 0.370336 3.453005 -2.246538
v 0.428754 3.472413 -2.478818
v 0.395750 4.351487 -2.500317
v 0.352279 4.351110 -2.690793
v 0.397161 4.333333 -2.954615
v 0.343243 4.004568 -2.860683
v 0.353922 3.895146 -3.002354
v 0.399514 4.067692 -2.870422
v 0.375445 4.291575 -3.116021
v 0.388468 4.237052 -3.121147
v 0.421002 2.310513 3.875118
v 0.393786 2.281371 3.745714
v 0.354094 2.316117 3.476925
v 0.484920 2.602704 3.400558
v 0.388525 2.780266 3.064028
v 0.421857 2.778669 2.848409
v 0.396398 2.759093 2.748155
v 0.404077 2.067957 2.094018
v 0.382123 1.927759 2.027042
v 0.494616 3.006675 1.899809
v 0.455042 1.754281 1.971331
v 0.447904 1.175106 1.772590
v 0.455963 1.631107 1.827403
v 0.505593 3.094959 1.812415
v 0.427802 0.761269 1.656101
v 0.409443 0.167695 1.611947
v 0.407930 0.097125 1.563448
v 0.434440 0.285686 1.594902
v 0.391245 1.058154 1.622044
v 0.388161 1.285959 1.325505
v 0.432734 0.271544 1.477691
v 0.427342 1.263619 1.277359
v 0.448993 0.237432 1.240765
v 0.441100 0.136171 1.161699
v 0.458162 0.197093 1.156488
v 0.382029 1.612498 0.980904
v 0.399769 1.900112 -0.620144
v 0.405444 1.133905 -0.753591
v 0.490844 1.416776 -0.713619
v 0.396156 1.732764 -0.756730
v 0.382004 0.945552 -0.883650
v 0.397088 0.135478 -0.989101
v 0.412232 0.290653 -0.995681
v 0.445037 0.335742 -1.164636
v 0.470944 1.144276 -1.201781
v 0.318339 2.153496 -1.485190
v 0.431634 0.159583 -1.474037
v 0.451554 2.146137 -1.506338
v 0.399457 4.012563 -1.755460
v 0.444029 2.640920 -1.705751
v 0.428143 2.970718 -1.755859
v 0.406958 3.026094 -1.831384
v 0.444633 4.175583 -2.062332
v 0.460409 3.509849 -2.098025
v 0.440413 3.461741 -2.360665
v 0.409674 3.814329 -2.847169
v 0.439552 4.296664 -2.939854
v 0.407995 3.969156 -2.905768
v 0.413821 4.130554 -2.867016
v 0.403782 2.601157 3.195241
v 0.430699 2.737415 3.246522
v 0.464990 2.649370 3.281599
v 0.397994 2.721550 3.047231
v 0.481181 2.852471 2.898704
v 0.459684 2.855744 2.712164
v 0.430362 2.577690 2.087408
v 0.530257 2.810387 2.004169
v 0.437186 0.884533 1.882744
v 0.464903 0.708334 1.804830
v 0.493919 1.538705 1.698020
v 0.470300 0.281606 1.679625
v 0.431559 0.722057 1.736571
v 0.445108 1.489397 1.633793
v 0.432354 0.430146 1.597836
v 0.458413 0.808694 1.595525
v 0.443148 0.980044 1.544841
v 0.415887 0.061364 1.461492
v 0.464609 0.352234 1.483552
v 0.497275 0.017472 1.331693
v 0.505509 0.300673 1.381238
v 0.455294 1.587002 0.926032
v 0.487185 3.447768 0.946687
v 0.533878 2.318714 0.147143
v 0.499492 3.502169 0.086949
v 0.437435 2.033681 -0.378718
v 0.509301 1.928814 -0.600419
v 0.522581 3.574227 -0.675529
v 0.503949 1.173929 -0.680372
v 0.422850 1.820985 -0.697878
v 0.446500 0.917870 -0.800419
v 0.466719 0.168794 -0.897644
v 0.468963 0.045417 -1.013960
v 0.497054 0.287926 -1.293698
v 0.481448 0.079830 -1.484143
v 0.480744 2.173998 -1.571507
v 0.473263 2.292704 -1.574751
v 0.479280 3.850462 -1.665975
v 0.481246 2.979668 -1.728007
v 0.470397 2.963513 -1.876825
v 0.441505 3.132604 -1.872528
v 0.486808 4.032881 -1.995611
v 0.446615 4.286407 -2.339879
v 0.487566 4.194371 -2.618340
v 0.427412 4.264326 -2.695326
v 0.542252 3.674643 -2.670831
v 0.435544 4.186461 -2.798892
v 0.471480 3.823635 -2.776576
v 0.447054 4.248244 -3.010504
v 0.499210 2.326568 3.925942
v 0.495054 2.306320 3.869426
v 0.494395 2.344232 3.832099
v 0.456746 2.388719 3.849081
v 0.473091 2.381491 3.789839
v 0.496347 2.602819 3.468925
v 0.505871 2.625387 3.467070
v 0.483577 2.597989 3.449934
v 0.483835 2.606318 3.450327
v 0.467667 2.669888 3.428708
v 0.488230 2.657233 3.386022
v 0.499279 2.821888 2.928442
v 0.504250 2.826286 2.863854
v 0.567569 2.003040 2.136142
v 0.484613 1.892764 2.072446
v 0.520537 0.888981 1.953616
v 0.475701 1.016693 1.921964
v 0.543612 1.212290 1.830963
v 0.532054 3.176349 1.677930
v 0.480089 0.153692 1.704222
v 0.487618 0.095319 1.686150
v 0.506334 1.427064 1.683917
v 0.516536 0.034744 1.616930
v 0.501421 0.811323 1.549857
v 0.526123 0.384522 1.430763
v 0.514468 3.370070 1.297331
v 0.494481 0.080595 1.145957
v 0.461492 1.691592 0.872992
v 0.486892 2.153068 0.754381
v 0.486201 2.231674 0.700610
v 0.479099 2.292203 0.627809
v 0.512818 2.361669 0.460995
v 0.499465 2.051434 -0.421404
v 0.568565 1.846413 -0.658224
v 0.530642 0.087590 -0.895986
v 0.452825 0.296345 -0.914717
v 0.472775 0.975493 -1.173909
v 0.512718 0.389522 -1.214885
v 0.439734 1.379721 -1.197685
v 0.530771 0.331792 -1.245070
v 0.463424 1.717632 -1.291397
v 0.488736 1.867169 -1.355765
v 0.513534 0.207433 -1.519446
v 0.492580 0.136714 -1.528385
v 0.525010 2.489402 -1.620173
v 0.485570 2.473675 -1.688915
v 0.543942 3.022302 -1.658356
v 0.516597 2.586566 -1.720316
v 0.516826 2.480927 -1.742075
v 0.484555 3.875363 -1.775251
v 0.541107 2.866089 -1.897627
v 0.483690 3.260541 -1.838918
v 0.429546 3.460215 -2.044932
v 0.492763 3.545760 -1.957902
v 0.523638 3.608799 -2.032483
v 0.521778 4.129421 -2.239759
v 0.523623 3.488191 -2.328252
v 0.478700 4.248281 -2.483958
v 0.459512 3.665039 -2.614200
v 0.511990 3.650360 -2.652730
v 0.443653 4.056134 -2.845029
v 0.595610 2.411365 2.149481
v 0.634828 2.576235 2.089926
v 0.557745 1.760513 2.012173
v 0.538331 1.642030 1.892979
v 0.538918 0.689372 1.863906
v 0.521271 0.282890 1.729294
v 0.492683 0.980389 1.484361
v 0.525956 1.142091 1.305051
v 0.571619 0.349949 1.398789
v 0.530094 0.030729 1.223050
v 0.546005 0.223442 1.116103
v 0.556900 2.406772 0.541873
v 0.528812 2.145742 -0.285612
v 0.557278 1.993650 -0.549033
v 0.560872 1.114748 -0.681743
v 0.528116 1.697552 -0.689265
v 0.597059 1.760606 -0.681756
v 0.527896 0.924147 -0.754220
v 0.513940 0.506552 -0.831701
v 0.549122 0.289098 -0.855757
v 0.499947 3.663830 -1.207139
v 0.537777 0.010482 -1.070811
v 0.556285 0.001275 -1.292889
v 0.594069 0.272049 -1.435544
v 0.549498 0.039737 -1.451464
v 0.545099 3.671765 -1.539787
v 0.521314 3.738881 -1.573863
v 0.481340 2.934855 -1.679787
v 0.533952 2.438943 -1.713679
v 0.528400 2.434514 -1.749026
v 0.508636 3.335809 -1.798229
v 0.534496 3.714009 -1.917242
v 0.528020 2.979934 -1.919684
v 0.530786 3.879753 -1.970986
v 0.528469 4.036913 -2.045584
v 0.560348 3.569623 -2.563799
v 0.523997 3.585352 -2.612204
v 0.495170 3.935350 -2.751735
v 0.584439 2.212141 2.170054
v 0.585576 1.876796 2.084813
v 0.573560 1.024205 1.968602
v 0.548425 1.096053 1.918031
v 0.571972 1.418203 1.713644
v 0.584189 0.128940 1.753514
v 0.597663 0.280053 1.755890
v 0.594761 1.507702 1.713545
v 0.575703 3.227998 1.480580
v 0.567438 0.000353 1.536467
v 0.567686 0.838924 1.516007
v 0.604764 3.236991 1.288111
v 0.537846 0.132755 1.076490
v 0.547218 3.372971 1.059297
v 0.553287 1.718944 0.834470
v 0.541150 1.969996 0.824666
v 0.585074 2.329269 0.676082
v 0.607549 2.139821 -0.411550
v 0.535146 3.540345 -0.415263
v 0.513584 1.635827 -0.684599
v 0.526483 1.557410 -0.695253
v 0.601304 3.494836 -0.694736
v 0.597402 0.158884 -0.852056
v 0.612201 0.064480 -0.906661
v 0.573607 1.780844 -1.330630
v 0.533450 3.652508 -1.412967
v 0.592113 0.137114 -1.560202
v 0.571490 2.575532 -1.623801
v 0.570448 3.811384 -1.672497
v 0.535700 2.760305 -1.647299
v 0.570161 3.518369 -1.666275
v 0.546696 2.484292 -1.724515
v 0.551702 3.543845 -1.760926
v 0.583688 2.996367 -1.765072
v 0.538580 3.589774 -1.865814
v 0.576675 2.876072 -1.868263
v 0.561728 3.029087 -1.897125
v 0.509427 3.817609 -1.877185
v 0.560939 2.882580 -1.942795
v 0.523788 3.702737 -1.941739
v 0.560882 3.976858 -1.981273
v 0.567060 3.680270 -2.034988
v 0.583178 3.545963 -2.246436
v 0.526380 4.051309 -2.650942
v 0.643952 2.329876 2.167960
v 0.582045 0.870017 1.966244
v 0.622319 1.553635 1.749119
v 0.579545 0.052264 1.688287
v 0.616001 0.653571 1.469381
v 0.537943 0.269345 1.217371
v 0.546302 1.568546 0.893223
v 0.621397 0.149652 1.054391
v 0.606174 2.424170 0.624329
v 0.610988 2.472195 0.327126
v 0.569447 3.400669 0.380555
v 0.582407 1.508954 -0.508868
v 0.589908 1.563007 -0.520298
v 0.607962 1.508999 -0.622750
v 0.605126 1.706532 -0.661385
v 0.609157 1.244096 -0.669851
v 0.623326 1.415217 -0.694764
v 0.593964 1.507754 -0.693357
v 0.620775 0.926501 -0.741255
v 0.606803 0.380876 -1.235707
v 0.564884 0.970015 -1.208900
v 0.555348 1.378733 -1.242564
v 0.649042 0.310095 -1.267443
v 0.538476 2.179671 -1.526492
v 0.623047 3.598381 -1.498991
v 0.631840 2.231575 -1.525062
v 0.578895 3.335084 -1.616829
v 0.704043 3.683813 -1.553334
v 0.590258 2.691750 -1.625345
v 0.601537 2.980812 -1.597056
v 0.587282 3.282906 -1.693840
v 0.595286 2.823756 -1.942141
v 0.598966 2.889222 -1.939514
v 0.585480 3.900726 -1.983468
v 0.600574 4.009823 -2.010245
v 0.625967 3.794591 -2.099108
v 0.613220 3.566410 -2.380919
v 0.549242 4.109094 -2.465775
v 0.701120 2.147383 2.141299
v 0.643659 1.006425 1.975404
v 0.685467 2.857106 1.904722
v 0.640716 1.646381 1.893211
v 0.624960 0.699895 1.884763
v 0.652861 1.428159 1.710755
v 0.580702 0.947324 1.467190
v 0.652020 0.009851 1.257839
v 0.669990 0.258157 1.161639
v 0.651307 0.064864 1.111549
v 0.650319 1.633287 0.849332
v 0.603937 2.186128 0.747384
v 0.654063 2.321703 0.721992
v 0.639258 3.276781 0.388147
v 0.618842 2.507806 0.551493
v 0.642696 2.437779 0.064639
v 0.640892 3.424024 -0.385014
v 0.653515 2.306536 -0.263594
v 0.707858 2.272909 -0.398773
v 0.624633 1.478133 -0.499184
v 0.624610 1.488129 -0.444740
v 0.625723 1.609845 -0.563399
v 0.675501 2.038226 -0.578995
v 0.670937 1.910559 -0.658122
v 0.640097 0.271454 -0.855667
v 0.588370 3.544933 -0.956763
v 0.646422 0.009817 -1.059234
v 0.609150 1.198892 -1.234754
v 0.650581 1.384911 -1.240353
v 0.666660 1.772698 -1.319302
v 0.608648 3.577159 -1.387547
v 0.596667 3.427062 -1.604647
v 0.624499 2.953015 -1.572028
v 0.599089 3.019003 -1.748454
v 0.589192 3.224895 -1.763718
v 0.606508 3.011558 -1.764729
v 0.606100 3.022235 -1.764392
v 0.593576 3.819147 -1.772765
v 0.606920 3.053913 -1.812621
v 0.606302 3.649240 -1.849330
v 0.606037 2.887588 -1.886238
v 0.621411 3.657852 -2.060510
v 0.635372 3.719403 -2.057058
v 0.604358 3.876615 -2.075424
v 0.591647 4.007686 -2.096871
v 0.607562 3.970045 -2.168498
v 0.592156 3.601568 -2.128449
v 0.628889 3.969886 -2.287084
v 0.607262 3.763739 -2.627719
v 0.643017 3.842568 -2.546623
v 0.659525 2.145490 2.245840
v 0.654684 2.208377 2.240078
v 0.625849 2.176215 2.182453
v 0.706628 2.632687 2.041463
v 0.670860 1.799314 2.021616
v 0.670682 0.871309 1.965865
v 0.693679 1.202868 1.835830
v 0.653838 0.288533 1.755003
v 0.680304 0.071144 1.704673
v 0.668056 0.000289 1.560651
v 0.673240 0.816731 1.513177
v 0.659083 0.372366 1.402830
v 0.628990 1.188883 1.235157
v 0.638514 1.538923 0.909208
v 0.684119 3.120463 1.082162
v 0.609872 3.261626 1.064645
v 0.658437 3.116277 0.822678
v 0.677938 1.969403 0.833825
v 0.699344 2.452317 0.722620
v 0.658955 2.605999 0.454392
v 0.649857 1.542893 -0.516705
v 0.676486 1.156809 -0.679567
v 0.714981 1.769098 -0.718508
v 0.581116 3.556530 -1.134078
v 0.647244 3.443911 -1.225407
v 0.657298 0.031661 -1.420434
v 0.650719 1.901018 -1.372994
v 0.753644 3.447135 -1.327310
v 0.617846 0.229688 -1.514565
v 0.672418 2.153060 -1.488555
v 0.664643 3.540443 -1.466014
v 0.657072 3.507581 -1.522194
v 0.654587 3.545292 -1.511667
v 0.700732 3.634025 -1.499208
v 0.671768 0.171226 -1.544845
v 0.610220 3.284153 -1.574077
v 0.639420 3.527703 -1.576989
v 0.629709 2.604647 -1.619160
v 0.661156 2.781909 -1.602961
v 0.643477 2.980815 -1.632506
v 0.662542 2.968858 -1.754202
v 0.613119 3.763800 -1.831448
v 0.647628 3.030054 -1.791987
v 0.651484 3.949152 -1.932460
v 0.619218 3.945725 -2.104520
v 0.657633 3.612687 -2.087951
v 0.649172 3.631417 -2.206400
v 0.648768 3.927563 -2.419850
v 0.647042 3.675616 -2.499268
v 0.690279 2.117234 2.304507
v 0.688613 2.222307 2.248680
v 0.672091 2.148984 2.169379
v 0.673269 2.154979 2.169587
v 0.702348 1.976633 2.096769
v 0.726386 0.984556 1.954559
v 0.714827 1.678608 1.886727
v 0.698578 0.690252 1.863099
v 0.690929 0.138631 1.743100
v 0.754437 2.982585 1.683249
v 0.722349 1.511686 1.672835
v 0.674414 0.937240 1.479302
v 0.667308 0.308106 1.349367
v 0.661748 3.171982 1.227730
v 0.688305 1.369934 1.078354
v 0.692384 1.732537 0.835702
v 0.682115 2.644258 0.630560
v 0.688057 2.717457 0.442441
v 0.682548 3.133834 0.273947
v 0.711840 3.275047 -0.304192
v 0.690329 2.591432 0.159868
v 0.765997 2.093759 -0.622319
v 0.688037 1.677009 -0.696153
v 0.666968 1.536011 -0.696647
v 0.692769 1.606482 -0.691620
v 0.719568 1.263304 -0.696581
v 0.722432 0.940695 -0.771822
v 0.651601 0.570193 -0.807400
v 0.699499 0.139827 -0.881657
v 0.694195 0.047960 -0.970248
v 0.655440 0.974262 -1.203943
v 0.691451 3.489164 -1.303687
v 0.646903 3.338794 -1.435099
v 0.649412 3.254609 -1.447195
v 0.650914 0.096943 -1.537666
v 0.675220 3.189836 -1.487646
v 0.685978 3.023963 -1.539478
v 0.636148 3.247132 -1.516733
v 0.667345 3.543528 -1.510182
v 0.746412 3.553733 -1.578532
v 0.744935 2.604289 -1.656667
v 0.689975 3.239123 -1.750842
v 0.666297 3.910090 -1.976754
v 0.690592 3.982765 -1.946401
v 0.655870 3.775922 -2.129020
v 0.675063 3.696411 -2.235012
v 0.679809 3.745319 -2.207747
v 0.672793 3.861153 -2.303666
v 0.676872 3.712563 -2.397430
v 0.717437 2.148066 2.287315
v 0.722348 2.161478 2.193013
v 0.713060 2.339485 2.143713
v 0.762184 2.752108 1.925633
v 0.690254 1.089066 1.925981
v 0.723835 1.439618 1.679655
v 0.755629 1.582012 1.676723
v 0.726292 0.274276 1.723655
v 0.743371 0.052347 1.641757
v 0.731288 0.095463 1.115045
v 0.662588 0.212890 1.091374
v 0.736936 1.598324 0.888461
v 0.686957 2.920491 0.694466
v 0.727007 2.737322 0.753595
v 0.692294 2.903666 0.425981
v 0.723443 2.767704 0.153443
v 0.726023 3.009250 0.052615
v 0.754574 2.532565 -0.255993
v 0.699329 3.347586 -0.652843
v 0.749083 1.425906 -0.741500
v 0.730797 0.300244 -0.897705
v 0.773245 0.168044 -0.938463
v 0.685148 0.006713 -1.250947
v 0.708575 1.182642 -1.211360
v 0.688717 0.354587 -1.216162
v 0.712192 3.367235 -1.213250
v 0.765938 0.270331 -1.235348
v 0.722315 3.289761 -1.259905
v 0.718669 3.321482 -1.251783
v 0.783614 3.403912 -1.232211
v 0.751287 0.251679 -1.372818
v 0.725400 3.425237 -1.407715
v 0.735527 0.080695 -1.464000
v 0.686427 3.138052 -1.459505
v 0.705211 2.991659 -1.492347
v 0.694725 3.565053 -1.493252
v 0.681478 2.471390 -1.560063
v 0.711620 3.085520 -1.500362
v 0.685820 2.513936 -1.598036
v 0.733958 3.268021 -1.594481
v 0.708003 3.285582 -1.667243
v 0.671726 3.737303 -1.652659
v 0.701738 3.146901 -1.798395
v 0.638223 3.122764 -1.796559
v 0.721065 3.944316 -1.912338
v 0.712816 3.946615 -1.954841
v 0.726726 2.220457 2.213545
v 0.762268 2.268919 2.113601
v 0.777315 1.840047 1.976383
v 0.770780 0.890119 1.919772
v 0.781891 0.141649 1.684090
v 0.786825 3.011957 1.536040
v 0.750202 0.963992 1.500655
v 0.706909 0.579432 1.473840
v 0.746268 0.338736 1.442017
v 0.720450 1.115256 1.334268
v 0.799067 3.020883 1.404911
v 0.772003 0.039167 1.277880
v 0.803552 0.264177 1.405525
v 0.697851 3.039141 0.938246
v 0.724795 2.887260 0.830935
v 0.791136 2.685561 -0.291788
v 0.750338 3.225965 -0.549952
v 0.754877 1.101824 -0.730008
v 0.796048 0.055343 -1.148175
v 0.721445 0.969774 -1.176817
v 0.717027 3.342368 -1.186383
v 0.755728 1.826145 -1.293443
v 0.729589 3.321606 -1.250755
v 0.696170 3.312240 -1.307971
v 0.765522 0.058904 -1.388839
v 0.732251 2.143245 -1.453006
v 0.735661 0.210345 -1.477624
v 0.720467 2.182240 -1.522721
v 0.704678 2.293508 -1.513616
v 0.733839 3.222407 -1.535972
v 0.759659 2.524040 -1.512976
v 0.750737 2.497538 -1.576195
v 0.799017 2.972490 -1.664981
v 0.740911 3.652353 -1.620552
v 0.724683 2.773242 -1.569935
v 0.829414 2.874026 -1.792575
v 0.785720 2.879344 -1.811316
v 0.758875 3.614371 -2.006988
v 0.740968 3.650038 -2.005347
v 0.743059 3.683226 -2.032054
v 0.781917 3.610075 -2.036699
v 0.751959 3.658644 -2.108647
v 0.813251 2.501376 2.018253
v 0.803780 2.035718 2.044880
v 0.802450 1.018265 1.882213
v 0.766991 0.699112 1.815242
v 0.789069 1.180628 1.775663
v 0.790651 0.289008 1.644724
v 0.796760 1.476327 1.610830
v 0.807792 0.074551 1.574946
v 0.803341 0.045609 1.430482
v 0.782564 0.803746 1.595831
v 0.748822 0.781396 1.552725
v 0.757182 1.334406 1.148213
v 0.788646 3.023447 1.237752
v 0.739591 0.252816 1.197853
v 0.744051 0.175632 1.105828
v 0.845269 2.912052 1.162432
v 0.787200 1.746024 0.873294
v 0.780073 1.993614 0.884391
v 0.802426 2.188317 0.843779
v 0.805854 2.808411 -0.339697
v 0.786174 3.060036 -0.434893
v 0.811809 2.555506 -0.398263
v 0.765292 2.431518 -0.372498
v 0.826461 1.183817 -0.775912
v 0.803694 1.837033 -0.772787
v 0.789597 0.932965 -0.838161
v 0.761063 3.313911 -0.943224
v 0.772823 0.090979 -0.986654
v 0.796058 0.956176 -1.107759
v 0.746232 0.344687 -1.172803
v 0.747396 1.383771 -1.200046
v 0.779304 3.357980 -1.206130
v 0.811560 1.831856 -1.249578
v 0.763308 3.332694 -1.251349
v 0.765805 3.339489 -1.251924
v 0.765979 3.362181 -1.313554
v 0.792307 3.398076 -1.282506
v 0.816415 2.137220 -1.386312
v 0.787492 3.113650 -1.317834
v 0.772200 0.139257 -1.466859
v 0.811940 2.275165 -1.428227
v 0.772192 3.563647 -1.457132
v 0.784026 3.604388 -1.474689
v 0.810687 2.484089 -1.636090
v 0.732730 3.606277 -1.638811
v 0.790971 3.214066 -1.625509
v 0.775966 2.442562 -1.647640
v 0.734152 2.502681 -1.670162
v 0.772569 3.671932 -2.058000
v 0.847392 2.125128 2.016616
v 0.874031 2.311570 1.993205
v 0.824008 1.732154 1.815145
v 0.818614 0.885633 1.853716
v 0.804143 2.828903 1.806050
v 0.809146 0.725520 1.732271
v 0.833399 0.152236 1.610511
v 0.811033 0.749612 1.659863
v 0.801966 0.318966 1.529370
v 0.811392 1.001177 1.555942
v 0.812162 1.350515 1.187005
v 0.812452 0.224894 1.254444
v 0.800607 0.128100 1.162424
v 0.817837 1.612787 0.932931
v 0.855824 2.818239 1.054038
v 0.728853 2.611321 0.740313
v 0.813641 2.934330 -0.425010
v 0.831223 2.215628 -0.623655
v 0.830348 2.027338 -0.729337
v 0.824817 3.167006 -0.780874
v 0.833922 1.433491 -0.830954
v 0.825390 0.938188 -0.912338
v 0.833107 0.140517 -1.070590
v 0.786528 0.288415 -0.984675
v 0.789057 0.340968 -1.096715
v 0.802114 0.259172 -1.119913
v 0.835902 1.404802 -1.109737
v 0.817326 3.357817 -1.198039
v 0.799367 3.333194 -1.220819
v 0.798784 3.341748 -1.221235
v 0.822311 0.093365 -1.333428
v 0.820996 0.212183 -1.307300
v 0.812037 3.359120 -1.245313
v 0.813009 2.971115 -1.371592
v 0.764982 2.778677 -1.507054
v 0.820879 3.544168 -1.454987
v 0.786627 2.629969 -1.500709
v 0.815752 3.559080 -1.497588
v 0.785667 2.634399 -1.581129
v 0.781167 3.146061 -1.543029
v 0.846279 3.010380 -1.706675
v 0.817229 2.432163 -1.686185
v 0.812164 2.457540 -1.670746
v 0.797904 2.502259 -1.684299
v 0.794348 2.438246 -1.693332
v 0.759777 3.235146 -1.704683
v 0.880266 2.865349 -1.829866
v 0.821660 3.045038 -1.815054
v 0.812650 2.943938 -1.871206
v 0.814358 3.622209 -2.001625
v 0.856498 2.670200 1.877526
v 0.852398 0.947898 1.783762
v 0.844073 1.127558 1.689915
v 0.848948 1.061909 1.623899
v 0.848651 0.196905 1.530516
v 0.865073 1.249233 1.414644
v 0.856394 0.102682 1.455514
v 0.846815 0.096887 1.301698
v 0.881047 2.896505 1.323558
v 0.833153 0.171489 1.222715
v 0.844756 1.970815 0.943609
v 0.900582 2.868678 -0.657888
v 0.892622 2.329915 -0.672634
v 0.864557 1.195681 -0.845219
v 0.869931 1.874918 -0.853330
v 0.843680 3.181278 -0.977809
v 0.816671 0.663199 -1.002733
v 0.832938 0.951948 -1.011715
v 0.793730 1.195406 -1.159073
v 0.853341 0.150679 -1.225999
v 0.819565 3.336017 -1.205344
v 0.811905 0.181606 -1.394369
v 0.855293 2.767834 -1.379958
v 0.820342 2.456629 -1.671799
v 0.838318 2.863085 -1.877307
v 0.852997 2.957217 -1.857865
v 0.917322 2.490459 1.878936
v 0.883866 2.818419 1.660093
v 0.873827 1.745105 1.699030
v 0.879913 1.288185 1.492210
v 0.878140 1.519677 1.468633
v 0.868388 0.181969 1.382485
v 0.863672 1.626871 1.514041
v 0.861690 1.451438 1.160937
v 0.886162 2.694762 1.017251
v 0.862915 1.773480 0.935900
v 0.892951 2.495063 0.947703
v 0.918059 2.727507 -0.648390
v 0.903891 2.510868 -0.620655
v 0.895186 3.007354 -0.794297
v 0.883101 1.180172 -0.941038
v 0.868382 1.424159 -0.931251
v 0.900119 1.871614 -0.923543
v 0.869216 1.417142 -1.004662
v 0.861078 1.183089 -1.065440
v 0.883059 1.869901 -1.163962
v 0.851980 3.074267 -1.207377
v 0.854899 2.567448 -1.406153
v 0.876880 2.954181 -1.806229
v 0.896566 2.851517 -1.890351
v 0.944660 2.249045 1.876849
v 0.898778 1.974156 1.891527
v 0.934620 1.864164 1.694179
v 0.876322 1.690868 1.554680
v 0.919527 2.817542 1.479589
v 0.917673 1.665857 1.342800
v 0.927361 1.670898 1.095265
v 0.893480 2.009441 1.015139
v 0.884475 1.663527 0.982090
v 0.921026 2.960379 -1.062882
v 0.916041 1.878528 -1.025475
v 0.905681 2.201259 -1.300076
v 0.962901 2.080189 1.789081
v 0.935985 2.659062 1.725697
v 0.921785 1.756466 1.029891
v 0.887378 2.257996 0.926774
v 0.944400 2.577203 -0.742512
v 0.957000 2.805311 -0.885442
v 0.902504 2.848237 -1.251116
v 0.936612 2.282059 -1.251668
v 0.985730 2.423084 1.735232
v 0.969097 2.653365 1.604758
v 0.988673 1.952535 1.505423
v 0.963447 2.715804 1.373049
v 0.955200 1.863605 1.316624
v 0.949506 1.765241 1.147618
v 0.936361 2.717256 1.187319
v 0.949842 1.981350 1.159890
v 0.966913 2.256745 1.079770
v 0.967787 2.508223 1.118363
v 0.943385 2.213963 -0.835433
v 0.975907 2.628072 -0.924713
v 0.975626 2.457711 -0.959442
v 0.984017 2.237106 -1.010791
v 0.956151 2.702219 -1.131676
v 0.972728 2.233410 -1.144944
v 0.923221 2.661446 -1.266582
v 1.013855 2.263621 1.656249
v 1.001680 2.053447 1.608150
v 1.011525 2.524067 1.515840
v 1.009531 2.142951 1.289380
v 1.002579 2.562419 1.319797
v 1.031791 2.233080 1.452994
v 1.021641 2.376892 1.291247
v -0.282222 3.579433 -2.401671
v -0.279160 3.516122 -2.457934
v -0.299817 3.625254 -2.483644
v -0.300866 3.592527 -2.496675
v -0.280481 3.668180 -2.456771
v -0.287214 3.531010 -2.514677
v -0.282487 3.668006 -2.527695
v -0.277995 3.640056 -2.658068
v -0.274666 3.640676 -2.381963
v -0.254376 3.524120 -2.370864
v -0.255855 3.667850 -2.379469
v -0.248180 3.448500 -2.500716
v -0.255469 3.677815 -2.476939
v -0.270190 3.493259 -2.533638
v -0.273094 3.578809 -2.690763
v -0.259217 3.666882 -2.675544
v -0.249319 3.560324 -2.826256
v -0.250768 3.619840 -2.854069
v -0.238706 3.591599 -2.318471
v -0.212004 3.519556 -2.311784
v -0.228507 3.666885 -2.331145
v -0.240022 3.459959 -2.413840
v -0.210877 3.408622 -2.462601
v -0.230908 3.671511 -2.803117
v -0.246797 3.649810 -2.833036
v -0.222918 3.639512 -3.017589
v -0.224369 3.590845 -3.026185
v -0.213339 3.633049 -2.288358
v -0.186658 3.663964 -2.281266
v -0.214619 3.473031 -2.347752
v -0.226191 3.680039 -2.564837
v -0.209486 3.406366 -2.526337
v -0.207242 3.461329 -2.806889
v -0.213483 3.506486 -2.938948
v -0.209289 3.660538 -3.028315
v -0.195773 3.673466 -3.014867
v -0.206067 3.544647 -3.088050
v -0.195346 3.589005 -3.221723
v -0.190240 3.653412 -3.186234
v -0.194331 3.626812 -3.216883
v -0.179016 3.575844 -2.261534
v -0.178851 3.490192 -2.295002
v -0.185911 3.678462 -2.326090
v -0.183308 3.406037 -2.393836
v -0.142545 3.463080 -3.177912
v -0.166147 3.508576 -3.247019
v -0.166926 3.671126 -3.211641
v -0.167518 3.645272 -3.360361
v -0.169168 3.617802 -3.398358
v -0.150559 3.566437 -3.497610
v -0.126240 3.625061 -2.224746
v -0.125170 3.671122 -2.252223
v -0.143077 3.412995 -2.333429
v -0.169731 3.370338 -2.503490
v -0.152547 3.679846 -3.060186
v -0.128301 3.666548 -3.486621
v -0.139926 3.521596 -3.466417
v -0.151158 3.620471 -3.502846
v -0.141003 3.649044 -3.500947
v -0.129785 3.525151 -2.245559
v -0.103344 3.475292 -2.256872
v -0.090283 3.679925 -2.272395
v -0.129188 3.365498 -2.404486
v -0.111956 3.371227 -2.730902
v -0.130930 3.422483 -2.998628
v -0.106334 3.674636 -3.506535
v -0.111785 3.504073 -3.514767
v -0.115812 3.556260 -3.551697
v -0.118622 3.619916 -3.557658
v -0.057976 3.532401 -2.216812
v -0.090705 3.645709 -2.216902
v -0.100283 3.431867 -2.287837
v -0.086159 3.379979 -2.339957
v -0.099303 3.336795 -2.523879
v -0.080805 3.414322 -3.131848
v -0.078429 3.680025 -3.477152
v -0.092329 3.473815 -3.484989
v -0.073460 3.505115 -3.557358
v -0.089133 3.658900 -3.558064
v -0.072538 3.635595 -3.588274
v -0.087683 3.336863 -2.441857
v -0.042592 3.371134 -2.896419
v -0.060064 3.452712 -3.472080
v -0.059228 3.473363 -3.528062
v -0.058541 3.543372 -3.589164
v -0.083235 3.591473 -3.587984
v -0.030705 3.591852 -2.202354
v -0.033657 3.671213 -2.219736
v 0.000946 3.443657 -2.255041
v -0.037610 3.409148 -2.288645
v 0.000407 3.358247 -2.349646
v -0.019803 3.337435 -2.397897
v -0.033446 3.319947 -2.494936
v -0.048737 3.398706 -3.092916
v -0.031755 3.424082 -3.314637
v -0.035333 3.673536 -3.566671
v -0.046134 3.343975 -2.682527
v -0.006055 3.396634 -3.119626
v -0.000223 3.446851 -3.502159
v -0.005050 3.484216 -3.562032
v -0.005739 3.661608 -3.588247
v 0.015334 3.530420 -3.595022
v -0.004463 3.604129 -3.612073
v 0.046649 3.522768 -2.217870
v 0.028033 3.611260 -2.199250
v 0.043660 3.667338 -2.217284
v 0.037593 3.397757 -2.300996
v 0.016041 3.318696 -2.496009
v 0.017704 3.424026 -3.329261
v 0.066410 3.337982 -2.418723
v 0.021395 3.355978 -2.795181
v 0.044617 3.397541 -3.091764
v 0.082014 3.672508 -3.544981
v 0.069777 3.661614 -3.570585
v 0.042417 3.588402 -3.603627
v 0.060956 3.642354 -3.590621
v 0.076732 3.477737 -2.246695
v 0.114202 3.446023 -2.281385
v 0.109269 3.679985 -2.282628
v 0.074280 3.330691 -2.531048
v 0.073123 3.380276 -2.905616
v 0.048358 3.449226 -3.475330
v 0.057131 3.484867 -3.548380
v 0.137006 3.587245 -2.233113
v 0.103020 3.637964 -2.219321
v 0.094625 3.378999 -2.345167
v 0.119014 3.363855 -2.396108
v 0.101002 3.335040 -2.495912
v 0.088309 3.679080 -3.493087
v 0.095878 3.476544 -3.485355
v 0.087740 3.547960 -3.575039
v 0.154360 3.513737 -2.262975
v 0.151086 3.669614 -2.261917
v 0.115644 3.382845 -2.798951
v 0.138285 3.469782 -3.237288
v 0.117537 3.501968 -3.504700
v 0.128423 3.643819 -3.535425
v 0.089460 3.606815 -3.584414
v 0.169232 3.441395 -2.327008
v 0.169464 3.402772 -2.378966
v 0.157799 3.364029 -2.511442
v 0.118726 3.432395 -3.116278
v 0.189691 3.680001 -2.854572
v 0.152576 3.678106 -3.153497
v 0.128108 3.667841 -3.473991
v 0.138564 3.531033 -3.493528
v 0.154966 3.564096 -3.470609
v 0.157688 3.611417 -3.477106
v 0.133306 3.560224 -3.530608
v 0.136420 3.620879 -3.532878
v 0.169588 3.656125 -2.260101
v 0.182778 3.386209 -2.446559
v 0.178867 3.670367 -3.149069
v 0.157621 3.641467 -3.435611
v 0.209514 3.635716 -2.287484
v 0.226298 3.540715 -2.317700
v 0.207792 3.589846 -2.284530
v 0.232078 3.679619 -2.399016
v 0.199222 3.394912 -2.517392
v 0.173894 3.483898 -3.103576
v 0.192477 3.527433 -3.136561
v 0.192931 3.564646 -3.213027
v 0.177023 3.656600 -3.257443
v 0.183701 3.617933 -3.299628
v 0.236666 3.666711 -2.340417
v 0.231405 3.490456 -2.356592
v 0.226894 3.448782 -2.400616
v 0.233326 3.431644 -2.481745
v 0.241853 3.678966 -2.579971
v 0.218857 3.671811 -2.878876
v 0.244549 3.537453 -2.815661
v 0.233979 3.651721 -2.910508
v 0.236792 3.589984 -2.942158
v 0.204593 3.655272 -3.091404
v 0.212379 3.619574 -3.108505
v 0.264783 3.623270 -2.355550
v 0.267959 3.564567 -2.375835
v 0.266871 3.664700 -2.395100
v 0.271476 3.502489 -2.438118
v 0.249851 3.457359 -2.536699
v 0.278034 3.508709 -2.528416
v 0.246998 3.670738 -2.719897
v 0.264495 3.589874 -2.754903
v 0.264477 3.644376 -2.738233
v 0.237634 3.626580 -2.933026
v 0.293122 3.562697 -2.462109
v 0.295903 3.620074 -2.443569
v 0.296995 3.645066 -2.475356
v 0.282351 3.668164 -2.501794
v 0.296615 3.589178 -2.537853
v 0.293985 3.637038 -2.551804
v 0.272050 3.667816 -2.590440
v 0.560000 4.300000 -2.340000
v 0.080000 4.300000 -2.380000
v 0.320000 4.280000 -2.060000
v 0.340000 4.240000 -2.420000
v 0.500000 4.300000 -2.180000
v 0.140000 4.300000 -2.200000
v 0.460000 5.080000 -2.160000
v 0.470000 4.360000 -2.430000
v 0.170000 4.360000 -2.450000
v 0.320000 4.280000 -2.470000
v 0.450000 4.920000 -2.220000
v 0.215000 3.620000 -3.360000
v 0.198057 3.617078 -3.324939
v 0.159987 3.616357 -3.316280
v 0.129456 3.618378 -3.340543
v 0.129456 3.621621 -3.379457
v 0.159987 3.623643 -3.403720
v 0.198057 3.622922 -3.395061
v 0.199969 3.498649 -3.370123
v 0.188686 3.497034 -3.346718
v 0.163331 3.497653 -3.340845
v 0.142999 3.500039 -3.356926
v 0.142999 3.502396 -3.382852
v 0.163331 3.502949 -3.399100
v 0.188686 3.501281 -3.393435
v 0.160000 3.400000 -3.380000
v 0.165000 3.620000 -3.180000
v 0.151822 3.617277 -3.207228
v 0.122212 3.616605 -3.213953
v 0.098466 3.618489 -3.195111
v 0.098466 3.621511 -3.164890
v 0.122212 3.623395 -3.146047
v 0.151822 3.622723 -3.152772
v 0.153963 3.721315 -3.190146
v 0.144941 3.718748 -3.208740
v 0.124668 3.717124 -3.213223
v 0.108410 3.717665 -3.200218
v 0.108410 3.719965 -3.179519
v 0.124668 3.722291 -3.166712
v 0.144941 3.722892 -3.171442
v 0.120000 3.800000 -3.200000
v 0.510000 0.115000 -1.420000
v 0.540311 0.097500 -1.420000
v 0.540311 0.062500 -1.420000
v 0.510000 0.045000 -1.420000
v 0.479689 0.062500 -1.420000
v 0.479689 0.097500 -1.420000
v 0.510000 0.099975 -1.509219
v 0.529053 0.089988 -1.504610
v 0.529053 0.070012 -1.495390
v 0.510000 0.060025 -1.490781
v 0.490947 0.070012 -1.495390
v 0.490947 0.089988 -1.504610
v 0.510000 0.020000 -1.550000
v 0.600000 0.115000 -1.420000
v 0.630311 0.097500 -1.420000
v 0.630311 0.062500 -1.420000
v 0.600000 0.045000 -1.420000
v 0.569689 0.062500 -1.420000
v 0.569689 0.097500 -1.420000
v 0.600000 0.099975 -1.509219
v 0.619053 0.089988 -1.504610
v 0.619053 0.070012 -1.495390
v 0.600000 0.060025 -1.490781
v 0.580947 0.070012 -1.495390
v 0.580947 0.089988 -1.504610
v 0.600000 0.020000 -1.550000
v 0.690000 0.115000 -1.420000
v 0.720311 0.097500 -1.420000
v 0.720311 0.062500 -1.420000
v 0.690000 0.045000 -1.420000
v 0.659689 0.062500 -1.420000
v 0.659689 0.097500 -1.420000
v 0.690000 0.099975 -1.509219
v 0.709053 0.089988 -1.504610
v 0.709053 0.070012 -1.495390
v 0.690000 0.060025 -1.490781
v 0.670947 0.070012 -1.495390
v 0.670947 0.089988 -1.504610
v 0.690000 0.020000 -1.550000
v 0.530000 0.115000 1.180000
v 0.560311 0.097500 1.180000
v 0.560311 0.062500 1.180000
v 0.530000 0.045000 1.180000
v 0.499689 0.062500 1.180000
v 0.499689 0.097500 1.180000
v 0.530000 0.099975 1.090781
v 0.549053 0.089988 1.095390
v 0.549053 0.070012 1.104609
v 0.530000 0.060025 1.109219
v 0.510947 0.070012 1.104609
v 0.510947 0.089988 1.095390
v 0.530000 0.020000 1.050000
v 0.620000 0.115000 1.180000
v 0.650311 0.097500 1.180000
v 0.650311 0.062500 1.180000
v 0.620000 0.045000 1.180000
v 0.589689 0.062500 1.180000
v 0.589689 0.097500 1.180000
v 0.620000 0.099975 1.090781
v 0.639053 0.089988 1.095390
v 0.639053 0.070012 1.104609
v 0.620000 0.060025 1.109219
v 0.600947 0.070012 1.104609
v 0.600947 0.089988 1.095390
v 0.620000 0.020000 1.050000
v 0.710000 0.115000 1.180000
v 0.740311 0.097500 1.180000
v 0.740311 0.062500 1.180000
v 0.710000 0.045000 1.180000
v 0.679689 0.062500 1.180000
v 0.679689 0.097500 1.180000
v 0.710000 0.099975 1.090781
v 0.729053 0.089988 1.095390
v 0.729053 0.070012 1.104609
v 0.710000 0.060025 1.109219
v 0.690947 0.070012 1.104609
v 0.690947 0.089988 1.095390
v 0.710000 0.020000 1.050000
v -0.560000 4.300000 -2.340000
v -0.080000 4.300000 -2.380000
v -0.320000 4.280000 -2.060000
v -0.340000 4.240000 -2.420000
v -0.500000 4.300000 -2.180000
v -0.140000 4.300000 -2.200000
v -0.460000 5.080000 -2.160000
v -0.470000 4.360000 -2.430000
v -0.170000 4.360000 -2.450000
v -0.320000 4.280000 -2.470000
v -0.450000 4.920000 -2.220000
v -0.125000 3.620000 -3.360000
v -0.141943 3.617078 -3.324939
v -0.180013 3.616357 -3.316280
v -0.210544 3.618378 -3.340543
v -0.210544 3.621621 -3.379457
v -0.180013 3.623643 -3.403720
v -0.141943 3.622922 -3.395061
v -0.140031 3.501351 -3.369877
v -0.151314 3.498719 -3.346565
v -0.176669 3.497051 -3.340899
v -0.197001 3.497604 -3.357147
v -0.197001 3.499961 -3.383074
v -0.176669 3.502347 -3.399155
v -0.151314 3.502966 -3.393282
v -0.160000 3.400000 -3.380000
v -0.095000 3.620000 -3.180000
v -0.108178 3.617277 -3.207228
v -0.137788 3.616605 -3.213953
v -0.161534 3.618489 -3.195111
v -0.161534 3.621511 -3.164890
v -0.137788 3.623395 -3.146047
v -0.108178 3.622723 -3.152772
v -0.106036 3.718685 -3.189854
v -0.115059 3.717108 -3.208558
v -0.135332 3.717709 -3.213288
v -0.151590 3.720035 -3.200481
v -0.151590 3.722335 -3.179782
v -0.135332 3.722877 -3.166777
v -0.115059 3.721252 -3.171260
v -0.120000 3.800000 -3.200000
v -0.690000 0.115000 -1.420000
v -0.659689 0.097500 -1.420000
v -0.659689 0.062500 -1.420000
v -0.690000 0.045000 -1.420000
v -0.720311 0.062500 -1.420000
v -0.720311 0.097500 -1.420000
v -0.690000 0.099975 -1.509219
v -0.670947 0.089988 -1.504610
v -0.670947 0.070012 -1.495390
v -0.690000 0.060025 -1.490781
v -0.709053 0.070012 -1.495390
v -0.709053 0.089988 -1.504610
v -0.690000 0.020000 -1.550000
v -0.600000 0.115000 -1.420000
v -0.569689 0.097500 -1.420000
v -0.569689 0.062500 -1.420000
v -0.600000 0.045000 -1.420000
v -0.630311 0.062500 -1.420000
v -0.630311 0.097500 -1.420000
v -0.600000 0.099975 -1.509219
v -0.580947 0.089988 -1.504610
v -0.580947 0.070012 -1.495390
v -0.600000 0.060025 -1.490781
v -0.619053 0.070012 -1.495390
v -0.619053 0.089988 -1.504610
v -0.600000 0.020000 -1.550000
v -0.510000 0.115000 -1.420000
v -0.479689 0.097500 -1.420000
v -0.479689 0.062500 -1.420000
v -0.510000 0.045000 -1.420000
v -0.540311 0.062500 -1.420000
v -0.540311 0.097500 -1.420000
v -0.510000 0.099975 -1.509219
v -0.490947 0.089988 -1.504610
v -0.490947 0.070012 -1.495390
v -0.510000 0.060025 -1.490781
v -0.529053 0.070012 -1.495390
v -0.529053 0.089988 -1.504610
v -0.510000 0.020000 -1.550000
v -0.710000 0.115000 1.180000
v -0.679689 0.097500 1.180000
v -0.679689 0.062500 1.180000
v -0.710000 0.045000 1.180000
v -0.740311 0.062500 1.180000
v -0.740311 0.097500 1.180000
v -0.710000 0.099975 1.090781
v -0.690947 0.089988 1.095390
v -0.690947 0.070012 1.104609
v -0.710000 0.060025 1.109219
v -0.729053 0.070012 1.104609
v -0.729053 0.089988 1.095390
v -0.710000 0.020000 1.050000
v -0.620000 0.115000 1.180000
v -0.589689 0.097500 1.180000
v -0.589689 0.062500 1.180000
v -0.620000 0.045000 1.180000
v -0.650311 0.062500 1.180000
v -0.650311 0.097500 1.180000
v -0.620000 0.099975 1.090781
v -0.600947 0.089988 1.095390
v -0.600947 0.070012 1.104609
v -0.620000 0.060025 1.109219
v -0.639053 0.070012 1.104609
v -0.639053 0.089988 1.095390
v -0.620000 0.020000 1.050000
v -0.530000 0.115000 1.180000
v -0.499689 0.097500 1.180000
v -0.499689 0.062500 1.180000
v -0.530000 0.045000 1.180000
v -0.560311 0.062500 1.180000
v -0.560311 0.097500 1.180000
v -0.530000 0.099975 1.090781
v -0.510947 0.089988 1.095390
v -0.510947 0.070012 1.104609
v -0.530000 0.060025 1.109219
v -0.549053 0.070012 1.104609
v -0.549053 0.089988 1.095390
v -0.530000 0.020000 1.050000
v 0.000000 3.950000 -3.700000
v 0.000000 3.908778 -3.788992
v 0.000000 3.850000 -3.810000
v 0.000000 3.819098 -3.804616
v 0.000000 3.791221 -3.788992
v 0.000000 3.754894 -3.733992
v 0.000000 3.750000 -3.700000
v 0.016556 3.945106 -3.731405
v 0.031491 3.930902 -3.759735
v 0.043344 3.908778 -3.782218
v 0.050954 3.880902 -3.796653
v 0.053576 3.850000 -3.801627
v 0.050954 3.819098 -3.796653
v 0.043344 3.791221 -3.782218
v 0.031491 3.769098 -3.759735
v 0.016556 3.754894 -3.731405
v 0.030591 3.945106 -3.724036
v 0.058188 3.930902 -3.745719
v 0.080089 3.908778 -3.762927
v 0.094150 3.880902 -3.773975
v 0.098995 3.850000 -3.777782
v 0.094150 3.819098 -3.773975
v 0.080089 3.791221 -3.762927
v 0.058188 3.769098 -3.745719
v 0.030591 3.754894 -3.724036
v 0.039969 3.945106 -3.713008
v 0.076026 3.930902 -3.724743
v 0.104641 3.908778 -3.734056
v 0.123013 3.880902 -3.740035
v 0.129343 3.850000 -3.742095
v 0.123013 3.819098 -3.740035
v 0.104641 3.791221 -3.734056
v 0.076026 3.769098 -3.724743
v 0.039969 3.754894 -3.713008
v 0.043262 3.945106 -3.700000
v 0.082290 3.930902 -3.700000
v 0.113262 3.908778 -3.700000
v 0.133148 3.880902 -3.700000
v 0.140000 3.850000 -3.700000
v 0.133148 3.819098 -3.700000
v 0.113262 3.791221 -3.700000
v 0.082290 3.769098 -3.700000
v 0.043262 3.754894 -3.700000
v 0.039969 3.945106 -3.686992
v 0.076026 3.930902 -3.675257
v 0.104641 3.908778 -3.665944
v 0.123013 3.880902 -3.659965
v 0.129343 3.850000 -3.657905
v 0.123013 3.819098 -3.659965
v 0.104641 3.791221 -3.665944
v 0.076026 3.769098 -3.675257
v 0.039969 3.754894 -3.686992
v 0.030591 3.945106 -3.675964
v 0.058188 3.930902 -3.654281
v 0.080089 3.908778 -3.637073
v 0.094150 3.880902 -3.626025
v 0.098995 3.850000 -3.622218
v 0.094150 3.819098 -3.626025
v 0.080089 3.791221 -3.637073
v 0.058188 3.769098 -3.654281
v 0.030591 3.754894 -3.675964
v 0.016556 3.945106 -3.668596
v 0.031491 3.930902 -3.640265
v 0.043344 3.908778 -3.617782
v 0.050953 3.880902 -3.603347
v 0.053576 3.850000 -3.598373
v 0.050953 3.819098 -3.603347
v 0.043344 3.791221 -3.617782
v 0.031491 3.769098 -3.640265
v 0.016556 3.754894 -3.668596
v -0.000000 3.945106 -3.666008
v -0.000000 3.930902 -3.635344
v -0.000000 3.908778 -3.611008
v -0.000000 3.880902 -3.595384
v -0.000000 3.850000 -3.590000
v -0.000000 3.819098 -3.595384
v -0.000000 3.791221 -3.611008
v -0.000000 3.769098 -3.635344
v -0.000000 3.754894 -3.666008
v -0.016556 3.945106 -3.668596
v -0.031491 3.930902 -3.640265
v -0.043344 3.908778 -3.617782
v -0.050954 3.880902 -3.603347
v -0.053576 3.850000 -3.598373
v -0.050954 3.819098 -3.603347
v -0.043344 3.791221 -3.617782
v -0.031491 3.769098 -3.640265
v -0.016556 3.754894 -3.668596
v -0.030591 3.945106 -3.675964
v -0.058188 3.930902 -3.654281
v -0.080089 3.908778 -3.637073
v -0.094150 3.880902 -3.626025
v -0.098995 3.850000 -3.622218
v -0.094150 3.819098 -3.626025
v -0.080089 3.791221 -3.637073
v -0.058188 3.769098 -3.654281
v -0.030591 3.754894 -3.675964
v -0.039969 3.945106 -3.686992
v -0.076026 3.930902 -3.675257
v -0.104641 3.908778 -3.665944
v -0.123013 3.880902 -3.659965
v -0.129343 3.850000 -3.657905
v -0.123013 3.819098 -3.659965
v -0.104641 3.791221 -3.665944
v -0.076026 3.769098 -3.675257
v -0.039969 3.754894 -3.686992
v -0.043262 3.945106 -3.700000
v -0.082290 3.930902 -3.700000
v -0.113262 3.908778 -3.700000
v -0.133148 3.880902 -3.700000
v -0.140000 3.850000 -3.700000
v -0.133148 3.819098 -3.700000
v -0.113262 3.791221 -3.700000
v -0.082290 3.769098 -3.700000
v -0.043262 3.754894 -3.700000
v -0.039969 3.945106 -3.713008
v -0.076026 3.930902 -3.724743
v -0.104641 3.908778 -3.734056
v -0.123013 3.880902 -3.740035
v -0.129343 3.850000 -3.742095
v -0.123013 3.819098 -3.740035
v -0.104641 3.791221 -3.734056
v -0.076026 3.769098 -3.724743
v -0.039969 3.754894 -3.713008
v -0.030591 3.945106 -3.724036
v -0.058188 3.930902 -3.745719
v -0.080089 3.908778 -3.762927
v -0.094150 3.880902 -3.773975
v -0.098995 3.850000 -3.777782
v -0.094150 3.819098 -3.773975
v -0.080089 3.791221 -3.762927
v -0.058188 3.769098 -3.745719
v -0.030591 3.754894 -3.724036
v -0.016556 3.945106 -3.731405
v -0.031491 3.930902 -3.759735
v -0.043344 3.908778 -3.782218
v -0.050953 3.880902 -3.796653
v -0.053576 3.850000 -3.801627
v -0.050953 3.819098 -3.796653
v -0.043344 3.791221 -3.782218
v -0.031491 3.769098 -3.759735
v -0.016556 3.754894 -3.731405
v 0.000000 3.945106 -3.733992
v 0.000000 3.930902 -3.764656
v 0.000000 3.880902 -3.804616
v 0.000000 3.769098 -3.764656
vn -0.9986 -0.0420 -0.0336
vn -0.9907 0.1358 0.0012
vn -0.9653 0.2338 -0.1161
vn -0.9643 0.1598 0.2114
vn -0.9834 0.0353 0.1782
vn -0.9829 -0.1029 0.1528
vn -0.9282 0.3468 0.1348
vn -0.9787 -0.2051 -0.0103
vn -0.9251 0.3787 -0.0264
vn -0.9670 -0.1394 -0.2131
vn -0.9794 0.0261 -0.2001
vn -0.9467 0.1915 -0.2589
vn -0.9132 0.1189 -0.3897
vn -0.9871 0.0108 -0.1597
vn -0.8900 0.1487 0.4310
vn -0.9209 -0.0008 0.3898
vn -0.9118 0.2849 0.2957
vn -0.9469 -0.2971 0.1228
vn -0.9079 0.3712 -0.1947
vn -0.9847 -0.1406 -0.1026
vn -0.9355 -0.0694 -0.3463
vn -0.9243 -0.0705 -0.3751
vn -0.9766 -0.0089 0.2150
vn -0.9928 0.0881 0.0816
vn -0.9561 -0.1286 0.2634
vn -0.9696 0.2348 0.0693
vn -0.9956 -0.0816 0.0454
vn -0.9983 0.0096 0.0573
vn -0.9856 0.1193 -0.1200
vn -0.9621 -0.1057 -0.2513
vn -0.9512 0.1417 -0.2740
vn -0.9322 0.0602 -0.3570
vn -0.9277 -0.1786 0.3280
vn -0.8191 0.2883 0.4959
vn -0.8632 0.5014 0.0589
vn -0.9763 -0.2094 0.0553
vn -0.9888 -0.0878 -0.1209
vn -0.8626 -0.0363 -0.5046
vn -0.8808 0.3101 -0.3578
vn -0.9553 0.0504 0.2913
vn -0.8932 -0.1985 0.4035
vn -0.9400 0.3260 -0.1011
vn -0.9329 0.2575 -0.2518
vn -0.8115 -0.1421 0.5668
vn -0.7938 0.0665 0.6046
vn -0.8802 -0.4308 0.1991
vn -0.8103 0.4660 0.3553
vn -0.7869 0.5820 0.2050
vn -0.9093 -0.3781 0.1740
vn -0.9658 -0.0823 0.2459
vn -0.8331 0.5445 -0.0970
vn -0.8404 0.0920 -0.5341
vn -0.9534 0.2055 0.2210
vn -0.9209 0.3513 0.1690
vn -0.9703 -0.1241 0.2078
vn -0.8970 0.4419 0.0073
vn -0.9865 -0.1563 -0.0485
vn -0.9305 -0.1797 -0.3192
vn -0.8686 -0.1333 -0.4772
vn -0.8534 0.0675 -0.5169
vn -0.8719 0.1871 -0.4525
vn -0.9819 0.1855 0.0389
vn -0.6840 -0.6748 0.2770
vn -0.7320 0.4079 -0.5457
vn -0.5523 -0.5489 -0.6275
vn -0.6584 -0.1526 0.7370
vn -0.8062 -0.3070 0.5057
vn -0.8598 -0.3846 0.3360
vn -0.6833 0.4417 0.5814
vn -0.9820 0.0679 0.1761
vn -0.9230 -0.3311 0.1961
vn -0.9376 -0.1767 0.2995
vn -0.8210 -0.5638 -0.0896
vn -0.9726 -0.2142 -0.0901
vn -0.9997 0.0226 -0.0062
vn -0.9163 -0.0322 -0.3991
vn -0.9028 0.3991 -0.1601
vn -0.8465 0.4784 -0.2335
vn -0.8774 -0.2760 -0.3924
vn -0.8114 -0.0499 -0.5824
vn -0.8914 0.1228 -0.4363
vn -0.9051 -0.0126 0.4249
vn -0.9007 -0.1323 0.4138
vn -0.9937 -0.0787 0.0801
vn -0.9995 -0.0224 0.0208
vn -0.9429 -0.0695 -0.3258
vn -0.9347 -0.0606 -0.3502
vn -0.9975 -0.0705 -0.0075
vn -0.8705 0.3997 -0.2872
vn -0.8457 0.2997 -0.4416
vn -0.9483 0.0080 -0.3172
vn -0.0749 0.3211 -0.9441
vn -0.6642 0.2796 0.6933
vn -0.8736 0.2486 0.4184
vn -0.9938 -0.0309 0.1067
vn -0.8538 0.0400 0.5191
vn -0.9873 -0.1237 -0.0997
vn -0.8075 -0.4051 0.4288
vn -0.9473 0.0682 0.3130
vn -0.9693 0.2420 -0.0430
vn -0.6416 0.7205 -0.2632
vn -0.7593 0.6478 0.0612
vn -0.6664 0.6664 -0.3345
vn -0.8526 -0.3966 -0.3401
vn -0.6011 -0.2220 -0.7677
vn -0.5607 -0.0000 -0.8280
vn -0.7907 -0.1634 -0.5900
vn -0.8162 -0.0513 -0.5755
vn -0.9109 -0.1376 0.3890
vn -0.6872 0.0174 0.7262
vn -0.9163 0.0136 0.4003
vn -0.7533 -0.1256 0.6455
vn -0.9920 -0.0661 0.1080
vn -0.9876 -0.1423 0.0657
vn -0.9772 -0.0011 0.2122
vn -0.8253 -0.5337 0.1842
vn -0.9833 0.1728 0.0566
vn -0.8061 -0.2116 -0.5526
vn -0.5749 -0.7337 0.3621
vn -0.4500 0.0376 0.8923
vn -0.9465 0.2283 -0.2279
vn -0.7785 0.2382 -0.5808
vn -0.7670 -0.3304 0.5500
vn -0.6790 -0.6857 -0.2624
vn -0.0792 -0.8809 -0.4667
vn -0.9469 -0.3134 -0.0712
vn -0.4489 0.2647 -0.8535
vn -0.9084 -0.1333 0.3964
vn -0.6918 -0.1485 -0.7066
vn 0.1331 -0.9155 0.3797
vn 0.4138 -0.9104 0.0034
vn 0.3834 -0.6054 -0.6975
vn -0.8566 -0.2669 0.4415
vn -0.6483 -0.3174 0.6921
vn -0.6560 -0.5014 0.5642
vn -0.8349 0.1389 0.5325
vn -0.8581 -0.1900 0.4771
vn -0.6009 0.4131 0.6843
vn -0.6400 0.6016 0.4781
vn -0.8361 -0.2537 0.4863
vn -0.7048 -0.1427 0.6950
vn -0.9738 -0.1514 0.1696
vn -0.9225 0.0450 0.3835
vn -0.9744 -0.0683 -0.2144
vn -0.7295 -0.5270 0.4361
vn -0.8597 -0.2898 -0.4207
vn -0.8027 0.0121 -0.5962
vn -0.8778 -0.0064 -0.4790
vn -0.6850 0.3009 -0.6634
vn -0.6932 -0.5167 -0.5024
vn -0.4982 -0.8339 -0.2375
vn -0.5509 0.3209 -0.7704
vn -0.6057 -0.1759 -0.7760
vn -0.9680 0.0195 0.2504
vn -0.9647 0.1634 0.2064
vn -0.9382 0.3080 0.1576
vn -0.8180 -0.2791 0.5029
vn -0.5254 -0.2424 0.8156
vn -0.8304 -0.2173 0.5130
vn -0.7041 0.0567 0.7078
vn -0.8226 0.5654 0.0609
vn -0.7779 -0.2929 0.5560
vn -0.9148 -0.0071 0.4039
vn -0.9567 -0.1162 -0.2669
vn -0.9520 0.0864 -0.2936
vn -0.8486 -0.0840 -0.5223
vn -0.8125 0.5348 -0.2322
vn -0.7300 -0.0729 -0.6796
vn -0.7831 -0.0836 -0.6162
vn -0.6141 -0.2646 -0.7435
vn -0.0858 -0.9958 0.0321
vn -0.8060 -0.5596 0.1927
vn -0.5801 -0.7836 -0.2225
vn -0.9679 0.1470 -0.2041
vn -0.7945 -0.5197 -0.3143
vn -0.6807 0.6814 -0.2688
vn -0.7299 -0.1829 -0.6586
vn -0.7765 -0.2270 -0.5878
vn -0.6962 0.3906 -0.6023
vn -0.0630 0.5517 0.8317
vn -0.8283 0.2146 -0.5175
vn -0.9081 0.3496 -0.2308
vn -0.8695 0.3392 -0.3590
vn -0.8768 -0.3324 0.3474
vn -0.9876 0.0191 0.1561
vn -0.8806 0.4238 0.2119
vn 0.0964 -0.9322 0.3488
vn -0.6304 -0.7567 0.1734
vn -0.6565 0.6436 -0.3934
vn -0.5141 -0.6330 0.5787
vn 0.4570 -0.0797 -0.8859
vn -0.1577 0.4813 0.8623
vn -0.5727 -0.2011 0.7947
vn -0.5424 0.3554 0.7613
vn -0.5453 0.5598 0.6240
vn -0.5907 -0.3166 0.7421
vn -0.6891 -0.5996 0.4069
vn -0.5420 -0.5201 0.6601
vn -0.7309 -0.1478 0.6663
vn -0.5655 -0.8138 0.1336
vn -0.3353 0.8706 -0.3600
vn -0.2607 0.8751 -0.4077
vn -0.7688 -0.3550 -0.5319
vn -0.8687 0.4848 -0.1016
vn -0.6425 -0.4569 -0.6152
vn -0.3648 -0.5390 -0.7592
vn -0.6060 -0.0914 -0.7902
vn -0.9583 -0.1738 0.2269
vn -0.9235 -0.1460 0.3548
vn -0.4222 -0.1977 0.8847
vn -0.6121 0.1334 0.7795
vn -0.8367 -0.2003 0.5097
vn -0.5426 -0.7727 0.3294
vn -0.8492 0.5198 -0.0930
vn -0.6564 -0.7544 -0.0018
vn -0.7587 0.2005 -0.6198
vn -0.5938 -0.0578 -0.8025
vn -0.9421 0.3345 0.0244
vn -0.4805 0.7618 -0.4345
vn 0.2371 -0.2648 0.9347
vn -0.8821 0.3736 -0.2870
vn -0.4718 -0.8547 0.2168
vn -0.3969 -0.8919 -0.2168
vn -0.4728 0.7010 0.5339
vn -0.7041 -0.5309 -0.4716
vn -0.9079 0.2203 -0.3566
vn 0.2219 -0.5743 0.7880
vn -0.4360 0.7245 0.5338
vn -0.2174 -0.9757 -0.0270
vn -0.7974 -0.4678 0.3813
vn -0.7274 -0.0330 0.6855
vn -0.5610 0.5446 0.6234
vn -0.4585 0.8649 0.2043
vn -0.4581 0.3322 -0.8245
vn 0.6369 -0.4217 -0.6453
vn 0.0615 0.2300 -0.9712
vn -0.1666 0.5961 -0.7854
vn -0.0451 0.3443 -0.9378
vn -0.3425 -0.9006 -0.2675
vn -0.7674 0.6411 0.0097
vn -0.8390 -0.1500 -0.5231
vn -0.8060 -0.0547 0.5894
vn -0.7056 -0.7072 -0.0459
vn -0.7715 0.0965 0.6289
vn -0.5519 -0.4750 0.6854
vn -0.3743 0.3697 0.8504
vn -0.4498 0.4756 0.7559
vn -0.4389 -0.3970 0.8060
vn -0.3038 -0.6339 0.7113
vn -0.3140 -0.7621 0.5662
vn -0.3646 -0.3260 0.8722
vn -0.6759 -0.0749 0.7331
vn -0.3954 -0.7630 0.5114
vn -0.5022 0.2111 0.8386
vn -0.6754 0.6690 0.3103
vn -0.6614 -0.2533 -0.7060
vn -0.4235 -0.0078 -0.9059
vn -0.5385 -0.5410 -0.6460
vn -0.2704 -0.9617 -0.0460
vn -0.3236 0.2216 -0.9199
vn -0.4450 -0.6194 -0.6468
vn -0.8094 0.5872 0.0075
vn -0.8929 0.2913 -0.3432
vn -0.9149 0.3526 -0.1964
vn -0.9909 0.0427 0.1274
vn -0.9254 0.3681 0.0905
vn -0.6825 -0.4607 0.5674
vn -0.7139 -0.3106 0.6275
vn -0.8827 0.4583 0.1036
vn -0.4349 0.0654 0.8981
vn -0.5515 -0.2291 0.8021
vn -0.7168 -0.0598 0.6947
vn -0.3030 -0.9424 -0.1420
vn -0.3436 -0.0815 -0.9356
vn -0.5267 -0.1061 -0.8434
vn -0.0896 0.0142 0.9959
vn -0.6536 -0.7189 0.2367
vn -0.8848 -0.2308 -0.4048
vn -0.3566 0.8463 -0.3958
vn -0.9031 0.2699 -0.3341
vn -0.6290 -0.2949 -0.7193
vn -0.9143 -0.0560 -0.4010
vn -0.6923 -0.3376 -0.6378
vn 0.0442 0.4935 0.8686
vn 0.0048 -0.9987 -0.0511
vn -0.7637 -0.3414 0.5479
vn -0.2713 0.9317 -0.2416
vn -0.8234 -0.1863 -0.5361
vn -0.8825 0.3016 -0.3608
vn 0.0520 0.1215 -0.9912
vn -0.6717 -0.1113 0.7324
vn -0.9324 -0.1055 -0.3457
vn 0.1931 -0.6530 0.7323
vn -0.4872 0.3717 0.7902
vn -0.3522 0.1110 0.9293
vn -0.2703 -0.3520 0.8961
vn -0.2151 -0.1373 0.9669
vn -0.0790 -0.9872 0.1384
vn -0.4850 -0.5306 -0.6951
vn -0.3096 -0.1334 -0.9415
vn -0.4598 -0.2790 -0.8430
vn -0.9829 0.0078 -0.1841
vn -0.9795 0.1565 -0.1265
vn -0.8102 -0.0703 -0.5819
vn -0.9855 0.1288 0.1107
vn -0.9633 0.2452 0.1088
vn -0.9679 -0.2130 0.1332
vn -0.9870 -0.0751 0.1420
vn -0.8602 0.5056 0.0666
vn -0.8279 -0.3646 0.4261
vn -0.2693 -0.4614 0.8454
vn -0.3346 0.0126 0.9423
vn -0.8073 0.5857 0.0730
vn -0.4443 -0.2271 0.8666
vn -0.4313 -0.0962 0.8970
vn -0.8291 -0.4197 -0.3695
vn -0.8265 -0.2164 -0.5197
vn -0.8296 -0.4934 -0.2613
vn -0.8625 0.4722 0.1817
vn -0.3701 -0.4985 -0.7839
vn -0.9300 0.2738 -0.2451
vn 0.1020 0.2486 0.9632
vn -0.4464 -0.5717 -0.6884
vn -0.4228 0.1705 -0.8901
vn -0.4653 -0.1266 -0.8760
vn -0.5750 -0.8144 -0.0777
vn 0.5478 -0.2700 -0.7918
vn 0.6638 -0.5862 -0.4645
vn -0.5197 0.8454 0.1236
vn 0.1002 0.1942 0.9758
vn -0.9464 -0.2117 -0.2439
vn -0.9709 0.1953 -0.1389
vn -0.0305 -0.9973 -0.0670
vn 0.0507 -0.5018 0.8635
vn 0.2025 -0.9388 -0.2786
vn 0.2303 0.4426 0.8666
vn 0.1974 -0.9759 0.0926
vn 0.0727 -0.9521 0.2969
vn 0.0412 0.3298 0.9432
vn -0.1418 0.3152 0.9384
vn 0.0299 0.3449 0.9382
vn -0.1647 -0.2798 0.9458
vn -0.0935 0.5535 0.8276
vn -0.0325 -0.7950 0.6057
vn -0.6028 0.6721 0.4300
vn -0.2542 0.5108 -0.8213
vn -0.1979 -0.6693 -0.7161
vn -0.1373 -0.8802 -0.4544
vn 0.0318 0.0983 -0.9947
vn -0.9718 0.2357 -0.0046
vn -0.7268 -0.2107 -0.6538
vn -0.8916 -0.1810 -0.4150
vn -0.9764 -0.2065 -0.0631
vn -0.9958 0.0754 0.0529
vn -0.9440 -0.3264 0.0481
vn -0.9935 -0.0934 0.0646
vn -0.9706 0.2326 0.0620
vn -0.9217 -0.3565 0.1528
vn -0.8943 -0.3611 0.2641
vn -0.8322 0.2234 0.5075
vn -0.6589 -0.4016 0.6361
vn -0.8822 -0.1628 -0.4419
vn -0.2241 -0.2295 0.9472
vn -0.2939 -0.6484 0.7022
vn -0.1769 -0.9540 0.2419
vn -0.4440 0.3192 -0.8372
vn -0.6547 0.6763 0.3376
vn -0.2526 -0.2286 -0.9402
vn -0.8300 0.3676 0.4195
vn -0.8019 0.5927 0.0753
vn 0.1591 -0.8045 0.5723
vn -0.7006 0.0829 -0.7088
vn -0.4897 0.1049 -0.8656
vn -0.1683 0.0194 -0.9855
vn -0.5746 -0.6818 -0.4527
vn 0.3613 -0.9306 -0.0591
vn -0.7179 0.6946 0.0468
vn 0.2280 0.4499 0.8635
vn -0.4452 -0.8938 0.0548
vn -0.9427 0.0377 -0.3315
vn -0.6176 0.5142 0.5951
vn -0.5082 -0.8598 0.0495
vn -0.9055 0.3918 0.1628
vn -0.9675 -0.2240 -0.1173
vn -0.9834 0.1474 -0.1059
vn -0.9037 0.4221 0.0722
vn 0.3751 0.1383 0.9166
vn 0.3474 -0.2973 0.8893
vn -0.1656 -0.3534 0.9207
vn 0.2173 -0.0075 0.9761
vn 0.0005 0.2962 0.9551
vn -0.5732 0.5519 0.6057
vn 0.1521 -0.3186 0.9356
vn -0.0445 -0.5485 0.8349
vn 0.1673 -0.0572 -0.9843
vn -0.1546 -0.5156 -0.8428
vn 0.0688 -0.9694 -0.2357
vn -0.7517 0.6429 0.1472
vn -0.1841 -0.4491 -0.8743
vn -0.8799 0.4748 0.0152
vn -0.2148 -0.2329 -0.9485
vn -0.8924 0.4446 0.0769
vn -0.7995 -0.5131 0.3122
vn -0.1339 -0.3496 0.9273
vn -0.2394 -0.9694 0.0538
vn -0.2496 0.6699 0.6993
vn -0.5024 -0.5278 0.6848
vn -0.0737 0.5090 0.8576
vn 0.1027 -0.2046 0.9735
vn 0.0241 0.0062 0.9997
vn -0.0400 0.0382 0.9985
vn -0.1970 -0.0556 0.9788
vn -0.1268 -0.1024 0.9866
vn 0.0413 -0.2635 0.9638
vn -0.7560 0.6502 0.0756
vn -0.1802 -0.0449 -0.9826
vn -0.1089 0.4198 -0.9011
vn -0.6291 0.7397 0.2388
vn -0.3286 -0.3776 -0.8657
vn -0.1799 -0.3951 -0.9009
vn -0.8692 -0.2178 -0.4439
vn -0.8379 0.4750 0.2690
vn -0.1449 0.6335 -0.7600
vn -0.7840 0.5883 -0.1979
vn -0.3271 0.7932 0.5136
vn 0.4944 -0.7050 -0.5085
vn -0.7264 -0.2497 -0.6403
vn -0.7004 0.5817 -0.4135
vn -0.7350 0.1868 -0.6519
vn 0.2155 -0.6487 0.7299
vn -0.7754 0.6190 0.1247
vn -0.5917 0.1105 0.7985
vn -0.7640 -0.6301 -0.1387
vn -0.8201 -0.5687 -0.0624
vn -0.9248 0.3458 -0.1583
vn -0.9236 -0.0493 -0.3801
vn -0.8878 0.2412 -0.3920
vn 0.1213 -0.3689 0.9215
vn 0.1828 0.2129 -0.9598
vn 0.3409 0.4556 -0.8223
vn 0.0429 -0.5437 -0.8382
vn 0.3045 -0.5939 -0.7447
vn -0.6104 -0.4550 -0.6484
vn -0.8350 -0.4637 -0.2963
vn -0.7644 0.6407 0.0717
vn -0.6779 -0.5487 0.4893
vn 0.8699 -0.3661 0.3306
vn 0.4329 0.5279 0.7307
vn 0.0119 -0.9891 -0.1464
vn -0.6932 0.7162 0.0806
vn 0.1563 -0.2570 0.9537
vn 0.1510 -0.7808 0.6062
vn -0.7192 0.6902 0.0805
vn 0.1453 -0.9888 -0.0346
vn -0.1105 -0.1262 -0.9858
vn -0.1410 -0.9417 -0.3055
vn -0.0397 0.9032 -0.4275
vn 0.0699 0.9311 -0.3579
vn 0.0223 -0.7448 -0.6669
vn 0.0498 -0.1229 -0.9912
vn -0.1723 -0.4574 -0.8724
vn -0.5418 -0.5143 -0.6648
vn -0.9145 -0.0943 -0.3933
vn -0.3182 0.6274 0.7107
vn 0.1762 -0.2599 -0.9494
vn -0.2374 0.0935 -0.9669
vn -0.3236 0.9075 -0.2679
vn -0.4276 0.6208 -0.6571
vn -0.5430 0.8376 0.0602
vn -0.3968 -0.8911 -0.2202
vn -0.2914 -0.7939 -0.5336
vn -0.9246 -0.2894 0.2478
vn -0.7937 -0.0536 -0.6059
vn -0.6821 -0.5365 0.4969
vn 0.4257 -0.8639 0.2691
vn -0.8053 0.1175 -0.5811
vn -0.2713 -0.8468 -0.4575
vn 0.3242 -0.2901 0.9004
vn -0.0700 0.9183 0.3897
vn -0.9181 -0.1563 0.3642
vn -0.2753 -0.7956 0.5396
vn -0.9095 0.3927 0.1366
vn -0.8997 0.3775 -0.2191
vn -0.8164 -0.4197 -0.3966
vn -0.8050 -0.0432 -0.5917
vn 0.2739 -0.2428 0.9306
vn -0.1690 0.3461 0.9228
vn 0.1795 -0.4491 0.8753
vn 0.1819 -0.6329 0.7525
vn 0.2658 -0.3165 0.9106
vn -0.3943 0.4629 0.7939
vn 0.3782 0.5103 0.7724
vn 0.1229 -0.7899 0.6008
vn 0.4068 0.3399 0.8479
vn 0.3077 -0.1376 0.9415
vn 0.4475 -0.6520 0.6121
vn 0.2332 -0.9291 0.2872
vn -0.7008 0.6509 0.2920
vn 0.2364 0.8724 -0.4278
vn 0.2653 0.8669 -0.4220
vn -0.7583 0.6495 0.0553
vn 0.1708 -0.1788 -0.9690
vn -0.2952 -0.4756 -0.8287
vn -0.5212 -0.6936 0.4973
vn -0.2691 -0.7577 0.5945
vn 0.2723 -0.5757 0.7710
vn 0.5364 0.0980 0.8383
vn 0.3063 -0.3203 0.8964
vn 0.1864 -0.1671 0.9682
vn 0.2477 -0.0878 0.9649
vn 0.2685 -0.9450 0.1869
vn -0.6980 0.6661 0.2627
vn 0.0589 -0.0804 -0.9950
vn 0.4027 0.3876 -0.8292
vn 0.1196 -0.3374 -0.9337
vn 0.1930 -0.9312 -0.3093
vn -0.3041 -0.3844 -0.8717
vn -0.5803 0.6512 0.4891
vn -0.1138 -0.9408 -0.3192
vn -0.7828 -0.4964 -0.3752
vn -0.6881 0.3026 -0.6595
vn -0.3800 -0.8865 0.2640
vn -0.4044 0.3405 -0.8489
vn -0.4926 0.3414 -0.8005
vn -0.8985 0.1981 -0.3916
vn 0.3785 -0.1434 -0.9144
vn -0.6764 -0.1839 0.7132
vn -0.8646 0.4974 0.0712
vn -0.5807 -0.8131 0.0395
vn -0.5812 -0.7725 -0.2560
vn -0.8736 0.1600 -0.4596
vn 0.5734 -0.3092 0.7587
vn 0.4447 0.4443 0.7777
vn 0.4842 -0.3519 0.8010
vn 0.5975 -0.1110 0.7941
vn 0.6402 -0.1937 0.7434
vn 0.4924 -0.2215 0.8417
vn 0.5311 0.1068 -0.8406
vn 0.3629 -0.5185 -0.7742
vn 0.3270 -0.6502 -0.6858
vn -0.8008 0.5903 0.1019
vn 0.0449 0.7226 -0.6898
vn 0.5671 0.2798 -0.7747
vn 0.0342 -0.2120 -0.9767
vn -0.8412 -0.5400 -0.0275
vn -0.7451 0.6640 0.0620
vn -0.8270 -0.5330 0.1786
vn -0.5991 0.7958 0.0878
vn -0.6343 0.7681 0.0877
vn -0.6848 -0.6487 0.3321
vn -0.0218 -0.5312 0.8470
vn 0.9897 0.1063 -0.0959
vn 0.3938 0.0337 0.9186
vn 0.7145 -0.1787 0.6764
vn 0.5733 -0.2934 0.7650
vn 0.3800 -0.1399 -0.9144
vn -0.7291 0.6638 0.1667
vn 0.2938 0.6492 -0.7015
vn -0.8767 -0.4794 -0.0385
vn -0.5104 -0.0765 -0.8566
vn -0.6097 0.7421 0.2785
vn -0.6093 0.0619 -0.7905
vn -0.4122 -0.8655 0.2845
vn -0.3111 0.1751 -0.9341
vn -0.9140 -0.0845 -0.3969
vn -0.8405 -0.3426 -0.4197
vn -0.2968 -0.6762 -0.6743
vn 0.3147 0.0144 -0.9491
vn -0.6055 0.7371 -0.3001
vn -0.9522 0.1048 0.2868
vn -0.7643 -0.0360 0.6439
vn -0.1457 0.4666 0.8724
vn -0.5287 -0.8276 0.1885
vn -0.2897 -0.5993 -0.7463
vn -0.5427 -0.1164 0.8318
vn -0.4962 -0.8624 0.1001
vn -0.9892 -0.0388 -0.1416
vn -0.4913 -0.1625 0.8557
vn -0.9970 -0.0604 -0.0485
vn -0.6309 -0.0938 0.7702
vn -0.9643 -0.2643 -0.0156
vn 0.2925 -0.0091 0.9562
vn 0.0226 0.1408 0.9898
vn -0.6377 0.2117 0.7406
vn -0.6371 0.3822 0.6694
vn -0.6836 0.5693 0.4567
vn 0.6530 -0.3344 -0.6796
vn 0.3794 -0.9240 -0.0474
vn -0.7174 0.6680 0.1975
vn 0.6345 0.0718 -0.7696
vn -0.6395 0.7581 0.1278
vn 0.4047 -0.4660 -0.7868
vn 0.3732 -0.2403 -0.8961
vn -0.5845 -0.6702 -0.4574
vn -0.6342 -0.7377 0.2316
vn -0.7148 -0.6404 0.2810
vn 0.4719 -0.0544 0.8800
vn 0.4768 -0.2223 0.8505
vn 0.5853 -0.6849 0.4340
vn 0.3913 -0.0970 -0.9151
vn 0.3067 -0.4702 -0.8276
vn -0.0657 -0.6452 -0.7612
vn -0.1632 -0.2130 -0.9633
vn -0.3766 -0.3889 -0.8408
vn 0.2208 -0.9157 -0.3358
vn 0.7072 -0.6802 -0.1931
vn -0.1989 -0.9624 0.1850
vn 0.4761 -0.8478 0.2338
vn -0.8793 -0.4096 -0.2429
vn 0.2422 0.1292 -0.9616
vn -0.9019 -0.1850 -0.3903
vn -0.8573 0.2686 0.4392
vn -0.9039 -0.3227 0.2809
vn -0.4488 0.8074 0.3829
vn -0.7741 0.4832 0.4090
vn -0.3026 -0.7286 -0.6145
vn -0.8662 0.4819 -0.1319
vn -0.0260 -0.8572 -0.5144
vn -0.5921 -0.4117 -0.6927
vn -0.8145 -0.1028 -0.5710
vn -0.9458 0.2733 -0.1753
vn -0.1544 -0.8525 0.4993
vn 0.6767 -0.5557 0.4829
vn -0.8882 0.4569 -0.0479
vn -0.8068 -0.5889 0.0470
vn -0.9522 -0.0915 -0.2916
vn -0.8957 0.4327 -0.1026
vn 0.4877 0.1622 0.8578
vn 0.5276 -0.4688 0.7084
vn -0.3877 0.1992 0.9000
vn 0.6515 0.0479 0.7571
vn 0.4806 -0.7072 0.5186
vn 0.7960 -0.2760 0.5386
vn 0.7127 0.3824 0.5881
vn 0.3974 -0.7269 0.5602
vn 0.8714 0.0009 0.4906
vn 0.8262 0.0142 -0.5632
vn 0.8351 0.3616 -0.4146
vn 0.5143 -0.5978 -0.6149
vn 0.6162 0.7523 -0.2331
vn 0.4905 -0.8092 -0.3234
vn 0.1637 -0.4598 -0.8728
vn -0.5373 0.8407 0.0668
vn -0.5112 -0.7761 0.3692
vn 0.7775 -0.2109 0.5925
vn 0.5911 -0.0542 -0.8048
vn 0.2710 -0.0400 -0.9618
vn 0.4122 0.7928 -0.4490
vn 0.5312 -0.8348 -0.1445
vn 0.5560 -0.6748 -0.4854
vn 0.6097 0.7324 -0.3030
vn -0.7806 0.5962 0.1876
vn 0.5178 -0.1325 -0.8452
vn -0.0732 -0.5609 -0.8246
vn -0.8024 0.5503 0.2310
vn 0.3995 -0.2676 -0.8768
vn -0.6240 -0.5978 -0.5033
vn -0.1671 -0.0536 -0.9845
vn -0.7562 0.6495 0.0794
vn -0.8117 0.5744 0.1058
vn 0.1970 -0.6703 -0.7154
vn -0.8965 0.4329 -0.0941
vn -0.9827 0.0669 -0.1727
vn -0.7143 -0.4056 -0.5702
vn -0.8917 0.0793 -0.4457
vn 0.4307 -0.5603 0.7075
vn 0.3595 0.4451 0.8201
vn -0.3609 0.8096 0.4629
vn -0.7010 0.6959 0.1561
vn -0.9255 0.0517 -0.3751
vn 0.3921 0.1076 0.9136
vn 0.2122 -0.7896 0.5757
vn -0.5412 -0.8313 -0.1264
vn -0.9550 -0.1641 -0.2469
vn -0.8082 0.0495 0.5868
vn 0.5161 -0.0905 0.8517
vn 0.8465 -0.2138 0.4876
vn -0.6675 0.6733 0.3179
vn 0.8189 0.0992 0.5653
vn 0.9097 -0.0165 0.4149
vn 0.9778 -0.1343 0.1608
vn 0.5598 -0.8014 0.2107
vn 0.8343 -0.4317 0.3429
vn 0.9836 0.1766 0.0362
vn 0.8419 -0.3107 -0.4413
vn 0.7050 -0.5149 -0.4877
vn 0.5825 0.7467 -0.3212
vn 0.6997 -0.4006 -0.5915
vn -0.5675 0.8206 0.0671
vn -0.7123 -0.7016 0.0200
vn -0.5176 0.8469 0.1222
vn 0.2333 -0.7091 0.6654
vn 0.5841 -0.0797 0.8078
vn 0.8350 -0.0398 0.5488
vn 0.8214 0.1611 -0.5471
vn 0.8065 0.5300 -0.2622
vn 0.5499 -0.3163 -0.7730
vn 0.7969 0.1960 -0.5714
vn -0.2203 -0.2643 -0.9389
vn -0.5762 -0.4917 -0.6528
vn 0.6229 -0.7786 -0.0756
vn 0.7334 -0.4131 -0.5399
vn -0.2063 0.1591 -0.9655
vn -0.6760 -0.1971 -0.7100
vn -0.7725 0.5487 0.3196
vn -0.6976 -0.6947 0.1752
vn -0.2380 -0.9702 -0.0448
vn -0.7328 0.6799 -0.0284
vn -0.0080 -0.0562 -0.9984
vn -0.7960 0.0989 -0.5971
vn -0.8798 0.4732 -0.0458
vn -0.9576 -0.1196 -0.2622
vn -0.7553 0.6465 -0.1072
vn -0.4144 0.8091 0.4167
vn -0.2814 -0.9568 0.0734
vn -0.8924 -0.4426 -0.0874
vn -0.9716 0.2331 0.0413
vn -0.6614 0.7263 -0.1869
vn -0.8558 0.1160 -0.5041
vn 0.6291 -0.2574 0.7335
vn 0.8660 0.1929 0.4613
vn 0.9827 -0.0882 0.1628
vn 0.7129 -0.5265 0.4631
vn 0.7751 -0.4338 0.4595
vn -0.6305 0.6000 0.4924
vn 0.9665 -0.0676 -0.2474
vn 0.9495 0.1495 0.2757
vn -0.5493 0.7560 0.3560
vn 0.9348 0.3523 0.0449
vn 0.7523 -0.6587 0.0169
vn 0.8938 -0.3479 -0.2831
vn 0.8806 0.4455 -0.1617
vn 0.8822 0.1891 -0.4312
vn 0.5105 -0.1542 -0.8459
vn -0.3814 -0.8334 -0.3999
vn 0.7880 0.0487 0.6137
vn 0.7634 0.0010 0.6459
vn 0.6758 -0.1953 0.7107
vn 0.9645 0.0525 0.2588
vn 0.9784 0.1730 -0.1129
vn 0.5866 -0.8024 0.1100
vn 0.8161 -0.0890 -0.5710
vn 0.6720 -0.0998 -0.7338
vn -0.6196 0.7233 0.3048
vn 0.4924 -0.4920 -0.7180
vn 0.3346 -0.5824 -0.7408
vn 0.0727 -0.3409 -0.9373
vn -0.8309 0.4624 0.3097
vn -0.0481 -0.6511 -0.7575
vn 0.2115 -0.1403 -0.9673
vn -0.5425 -0.8400 -0.0065
vn -0.2280 -0.2639 -0.9372
vn -0.7078 0.7049 -0.0450
vn -0.8443 -0.4082 -0.3471
vn -0.5309 0.8352 -0.1435
vn -0.5537 -0.6061 -0.5710
vn -0.7012 0.2716 -0.6592
vn -0.6906 -0.6874 0.2248
vn -0.3776 0.7461 0.5484
vn -0.9187 -0.2571 -0.2996
vn -0.9548 0.2699 -0.1248
vn -0.9668 -0.0333 -0.2532
vn 0.1446 0.4689 0.8714
vn -0.9784 -0.1946 -0.0703
vn -0.8628 0.4754 0.1717
vn -0.9539 -0.2916 -0.0707
vn -0.6292 0.7198 0.2933
vn -0.8504 -0.4565 -0.2614
vn -0.6544 0.7212 0.2274
vn -0.8081 -0.4717 -0.3528
vn 0.3824 -0.1335 0.9143
vn 0.7095 -0.6317 0.3123
vn 0.9719 -0.0942 0.2158
vn 0.9961 -0.0880 0.0102
vn -0.5065 0.8414 0.1882
vn 0.8757 -0.4254 -0.2285
vn 0.8621 -0.3925 -0.3206
vn 0.7158 -0.4330 -0.5478
vn -0.3870 0.9208 0.0479
vn -0.0825 -0.7317 -0.6767
vn -0.3698 -0.8791 0.3007
vn 0.5791 -0.3159 0.7516
vn 0.9744 -0.1570 0.1610
vn -0.6067 0.7734 0.1839
vn 0.9136 -0.2330 0.3333
vn 0.9751 0.2169 0.0469
vn 0.9620 -0.1134 -0.2485
vn 0.9036 -0.4233 0.0659
vn 0.7665 -0.1161 -0.6316
vn 0.8767 -0.3867 -0.2861
vn 0.2123 -0.5803 -0.7862
vn -0.0887 -0.3957 -0.9141
vn -0.6935 0.6055 0.3905
vn -0.6894 0.6940 0.2078
vn -0.1378 -0.9591 -0.2472
vn -0.4529 0.8871 -0.0897
vn 0.0220 -0.8862 -0.4629
vn -0.1000 -0.9914 -0.0846
vn -0.4288 -0.8065 -0.4070
vn -0.2441 0.0182 -0.9696
vn 0.0567 0.8758 -0.4793
vn -0.3638 -0.7135 -0.5988
vn -0.8903 0.3685 -0.2674
vn -0.4484 -0.8576 -0.2520
vn 0.1612 -0.4822 0.8611
vn 0.1270 0.4334 0.8922
vn -0.8198 -0.5624 -0.1075
vn -0.7840 0.6097 0.1168
vn -0.8521 -0.3637 0.3764
vn -0.5740 0.3538 0.7385
vn -0.1934 0.7929 0.5779
vn -0.7885 0.5535 0.2680
vn -0.9081 -0.3256 -0.2634
vn -0.9008 -0.2813 -0.3308
vn -0.9141 0.1776 -0.3646
vn -0.7786 0.5803 -0.2387
vn 0.5639 -0.3334 0.7556
vn -0.7544 -0.0097 0.6563
vn -0.6013 0.5261 0.6014
vn 0.9899 -0.1272 -0.0620
vn 0.9071 -0.2700 0.3229
vn 0.9576 -0.2695 -0.1021
vn -0.3784 0.9196 0.1059
vn 0.7202 -0.2325 -0.6536
vn 0.3461 -0.6310 -0.6943
vn -0.3105 0.9483 0.0656
vn -0.3349 -0.8856 0.3217
vn -0.4136 0.9031 0.1154
vn 0.7908 -0.2432 0.5617
vn 0.8926 -0.1059 0.4382
vn 0.9642 -0.0326 0.2631
vn 0.9203 -0.1001 -0.3781
vn 0.9748 -0.0729 -0.2108
vn 0.9635 0.2344 -0.1296
vn -0.6567 -0.3504 -0.6678
vn -0.5894 -0.3761 -0.7149
vn -0.6163 0.6751 0.4055
vn -0.5430 0.7826 0.3046
vn -0.5455 0.8310 0.1090
vn -0.0960 -0.9609 -0.2596
vn 0.0185 0.3871 -0.9218
vn -0.2150 0.9321 -0.2915
vn -0.2411 0.6852 -0.6873
vn -0.8248 -0.2162 0.5225
vn -0.4421 0.6414 0.6270
vn -0.9204 -0.3784 -0.0987
vn -0.8045 -0.5223 -0.2829
vn -0.9964 -0.0663 -0.0534
vn -0.9327 0.3256 0.1551
vn -0.9111 -0.1130 0.3964
vn -0.3431 -0.0532 0.9378
vn 0.7898 -0.2844 0.5435
vn 0.8389 -0.4818 0.2533
vn 0.8502 -0.5003 0.1639
vn 0.9419 -0.3343 0.0322
vn 0.9051 -0.2614 -0.3353
vn 0.6783 -0.2758 -0.6810
vn -0.4879 -0.8644 -0.1217
vn -0.5296 -0.8382 0.1302
vn -0.4353 -0.8591 0.2694
vn -0.3181 0.9352 0.1556
vn 0.5671 -0.6660 0.4846
vn 0.8843 -0.3296 0.3307
vn 0.9931 -0.0972 0.0661
vn 0.7953 -0.3171 -0.5167
vn -0.2236 -0.7231 -0.6536
vn -0.2740 -0.3388 -0.9001
vn -0.7927 -0.2369 -0.5617
vn 0.7764 -0.5424 0.3209
vn -0.4606 -0.7641 -0.4516
vn -0.6161 -0.6431 -0.4549
vn -0.4891 0.8682 -0.0840
vn -0.1535 -0.1820 -0.9712
vn -0.5462 0.7887 -0.2822
vn -0.2867 -0.9188 -0.2712
vn -0.8599 -0.3337 -0.3862
vn -0.6629 0.6154 0.4264
vn -0.0389 -0.0785 -0.9962
vn -0.5390 0.0046 0.8423
vn -0.9021 -0.4246 -0.0771
vn -0.6955 0.6848 0.2178
vn -0.8195 -0.5014 -0.2777
vn -0.6591 0.6311 0.4089
vn -0.9248 -0.3181 -0.2087
vn -0.6372 0.5890 0.4971
vn -0.7542 0.5692 0.3275
vn -0.5543 0.8266 0.0976
vn -0.5896 0.8062 0.0504
vn -0.8519 -0.4290 -0.3003
vn -0.5909 0.8062 -0.0282
vn -0.8241 0.4103 0.3906
vn 0.0794 -0.3732 0.9243
vn -0.1995 -0.3052 0.9312
vn -0.6620 0.6314 0.4039
vn 0.2758 -0.4255 0.8619
vn 0.7680 -0.3401 0.5426
vn -0.5635 0.5595 0.6078
vn -0.3965 0.8750 0.2779
vn 0.0654 -0.8810 -0.4686
vn -0.3085 -0.8789 0.3638
vn -0.2546 0.9606 0.1110
vn 0.9607 -0.2753 0.0341
vn 0.9129 -0.2796 -0.2973
vn -0.3688 0.8813 0.2953
vn -0.4943 0.7297 0.4724
vn -0.4642 -0.6194 -0.6331
vn -0.7058 -0.0746 -0.7045
vn -0.4166 -0.1876 -0.8895
vn -0.1958 -0.8602 -0.4709
vn -0.1781 0.0814 -0.9806
vn -0.6269 -0.6470 -0.4341
vn 0.0547 -0.8068 0.5883
vn 0.1073 0.1083 -0.9883
vn 0.2850 0.0102 -0.9585
vn -0.2838 0.9382 -0.1981
vn -0.8930 -0.4382 -0.1027
vn -0.9542 0.2978 -0.0289
vn -0.9384 -0.2276 -0.2600
vn -0.8347 0.2785 -0.4751
vn -0.8550 0.3977 -0.3330
vn -0.4572 0.3910 0.7989
vn -0.9282 -0.3627 0.0830
vn -0.5551 0.6224 0.5518
vn -0.7890 -0.5719 -0.2246
vn -0.5278 0.7663 0.3663
vn -0.6566 -0.6835 -0.3191
vn -0.7016 0.7125 0.0092
vn -0.5278 0.8493 0.0115
vn -0.7192 -0.6264 -0.3007
vn -0.7328 0.6682 0.1286
vn -0.9030 -0.4283 0.0341
vn -0.6811 -0.3871 0.6215
vn -0.4374 0.7624 0.4768
vn 0.8498 -0.3996 0.3438
vn 0.8621 -0.3531 0.3634
vn 0.8844 -0.4452 0.1403
vn -0.1416 -0.9176 0.3714
vn 0.1084 -0.9725 0.2059
vn -0.3860 0.8988 0.2077
vn 0.8005 -0.5651 -0.1996
vn 0.1439 -0.7886 -0.5978
vn 0.0463 -0.6820 -0.7299
vn -0.3946 0.8185 0.4176
vn 0.0397 -0.7879 -0.6146
vn -0.2453 -0.9694 0.0143
vn -0.1239 -0.9019 -0.4139
vn -0.2483 -0.2407 -0.9383
vn 0.6620 -0.7472 0.0584
vn -0.2192 -0.1090 -0.9696
vn -0.1291 -0.6621 -0.7382
vn 0.4584 -0.8408 -0.2881
vn 0.6282 -0.7245 -0.2837
vn -0.5330 0.0442 -0.8450
vn -0.2738 -0.4460 -0.8521
vn -0.2882 0.9563 0.0495
vn -0.6166 0.1469 -0.7734
vn -0.3159 -0.5173 -0.7954
vn -0.5492 -0.8260 -0.1271
vn -0.9895 0.1083 0.0962
vn -0.8603 -0.4957 -0.1188
vn -0.8339 -0.5402 -0.1133
vn -0.2693 -0.4455 -0.8538
vn -0.9495 0.1257 -0.2877
vn -0.4455 0.6759 0.5871
vn -0.7279 -0.5793 -0.3668
vn -0.3460 0.6883 0.6376
vn 0.8236 -0.5623 0.0744
vn -0.2124 0.9626 0.1682
vn 0.9424 -0.3145 -0.1135
vn 0.8581 -0.2711 -0.4362
vn 0.5902 -0.6442 -0.4865
vn 0.2063 -0.9025 -0.3782
vn -0.1841 -0.9482 -0.2589
vn -0.2881 -0.9573 0.0258
vn -0.1609 -0.9579 0.2378
vn 0.6105 -0.7698 0.1861
vn 0.5846 -0.6687 -0.4594
vn -0.1542 -0.3123 -0.9374
vn 0.2002 -0.6536 -0.7299
vn 0.6621 -0.2648 -0.7010
vn -0.3757 0.7780 0.5035
vn 0.4868 -0.5694 -0.6625
vn -0.2862 -0.9334 -0.2166
vn -0.1239 -0.9377 -0.3245
vn -0.7906 0.1322 -0.5978
vn -0.1354 -0.9899 -0.0407
vn -0.4440 0.5091 -0.7373
vn -0.6221 0.7116 -0.3264
vn -0.7761 0.5270 -0.3463
vn -0.8945 0.2511 -0.3700
vn -0.9364 -0.1223 0.3288
vn -0.8502 0.0599 0.5231
vn -0.6876 0.2458 0.6832
vn -0.3632 0.4104 0.8364
vn -0.4684 0.6578 0.5898
vn -0.5858 -0.7128 -0.3858
vn -0.6437 -0.6785 -0.3538
vn -0.5343 -0.8404 -0.0908
vn -0.5605 -0.5999 0.5709
vn -0.3780 0.6980 0.6082
vn -0.1865 0.9193 0.3466
vn 0.7826 -0.5457 0.2996
vn 0.8541 -0.5085 -0.1097
vn 0.8530 -0.4392 -0.2819
vn -0.1089 0.9920 0.0634
vn -0.1982 -0.9369 0.2882
vn -0.1547 0.9797 0.1277
vn 0.4728 -0.8636 -0.1752
vn -0.1885 0.9468 0.2609
vn 0.6163 -0.4929 -0.6142
vn 0.0711 -0.2165 -0.9737
vn -0.1758 0.9558 -0.2358
vn -0.0480 0.8310 -0.5541
vn 0.2537 0.6926 -0.6752
vn -0.7214 -0.6608 -0.2071
vn -0.8948 0.3349 -0.2951
vn -0.9131 -0.1405 -0.3827
vn -0.9341 -0.3571 -0.0029
vn -0.5514 0.3778 0.7438
vn -0.4299 0.3767 0.8205
vn -0.7822 -0.5914 -0.1962
vn -0.3683 0.7806 0.5050
vn -0.3211 0.7472 0.5819
vn -0.2865 0.9427 0.1708
vn -0.5671 -0.7506 -0.3391
vn -0.3932 -0.8326 -0.3900
vn -0.4036 -0.8245 -0.3966
vn -0.3612 0.8527 0.3774
vn 0.4085 -0.7352 0.5409
vn 0.6412 -0.5878 0.4934
vn 0.5756 -0.7718 -0.2701
vn 0.3618 -0.8816 -0.3031
vn -0.0901 0.9798 0.1786
vn 0.1046 -0.9867 -0.1245
vn 0.1603 -0.9016 -0.4017
vn 0.4031 -0.7073 -0.5808
vn -0.2007 -0.4088 -0.8903
vn -0.2190 -0.3626 -0.9059
vn -0.3225 0.8571 0.4017
vn -0.3440 -0.7138 -0.6100
vn -0.3624 0.8953 0.2588
vn -0.1600 0.9734 0.1639
vn -0.7549 0.1394 -0.6408
vn 0.1732 0.3944 -0.9025
vn -0.6423 0.5003 -0.5807
vn -0.6840 0.4033 -0.6078
vn -0.7035 -0.0719 -0.7071
vn -0.8920 -0.1719 0.4181
vn -0.7071 0.1581 0.6893
vn -0.7944 -0.6044 0.0593
vn -0.5929 -0.7180 -0.3647
vn -0.2262 0.5790 0.7833
vn -0.4449 -0.7514 -0.4873
vn -0.1703 0.8817 0.4400
vn -0.2934 0.9550 0.0434
vn -0.4374 0.8836 0.1671
vn -0.0569 -0.6066 0.7930
vn 0.0875 -0.5644 0.8209
vn 0.1697 -0.7447 0.6455
vn -0.1759 0.8510 0.4949
vn 0.5656 -0.8244 -0.0209
vn -0.1746 0.9835 0.0478
vn -0.1247 -0.9377 0.3244
vn -0.0030 -0.5144 -0.8576
vn -0.0738 0.9939 -0.0817
vn 0.0267 0.9345 -0.3549
vn 0.2505 0.7755 -0.5795
vn -0.2133 0.7927 -0.5710
vn -0.4029 -0.8023 -0.4404
vn -0.1217 0.7883 0.6032
vn -0.5009 -0.7760 -0.3834
vn -0.2850 -0.8246 -0.4887
vn -0.3200 -0.8568 -0.4044
vn -0.1233 -0.9010 -0.4158
vn -0.2077 -0.9146 0.3468
vn -0.1465 0.7909 0.5941
vn -0.0193 0.7577 0.6523
vn 0.4609 -0.8421 0.2801
vn -0.0608 0.9842 0.1663
vn -0.0369 -0.9937 -0.1059
vn -0.1411 -0.9864 0.0841
vn -0.0189 -0.9387 0.3443
vn -0.1989 0.8885 0.4135
vn -0.2756 -0.5977 -0.7529
vn -0.4731 -0.2790 -0.8356
vn -0.0113 0.8479 0.5300
vn -0.1891 -0.4848 -0.8539
vn -0.1676 -0.5803 -0.7970
vn -0.1622 -0.9483 -0.2728
vn -0.2764 0.9219 -0.2713
vn -0.4023 0.8563 -0.3239
vn -0.3569 0.6916 -0.6280
vn -0.4374 0.3558 0.8259
vn -0.5664 -0.8209 0.0731
vn -0.2880 0.3984 0.8708
vn -0.3027 -0.9351 -0.1841
vn -0.1053 0.4381 0.8927
vn -0.1517 -0.8721 -0.4652
vn -0.0023 0.8443 0.5359
vn -0.1181 0.7618 0.6369
vn -0.0263 0.7795 0.6258
vn -0.0781 -0.9020 -0.4245
vn -0.0299 0.9833 0.1793
vn -0.0360 -0.7249 0.6879
vn -0.0121 0.9949 0.1005
vn 0.0137 -0.9997 -0.0204
vn 0.0361 0.9034 0.4273
vn 0.0115 -0.8957 -0.4445
vn 0.1739 -0.9466 -0.2716
vn -0.2298 0.8131 0.5348
vn -0.4318 -0.7959 -0.4245
vn -0.1959 -0.1432 -0.9701
vn -0.7357 -0.5012 -0.4555
vn -0.3452 -0.2695 -0.8990
vn -0.1652 -0.8785 -0.4483
vn -0.0605 -0.9672 -0.2466
vn -0.0001 0.9090 -0.4168
vn -0.0097 0.8135 -0.5814
vn -0.0296 0.8449 -0.5341
vn 0.0506 0.9600 -0.2754
vn 0.0619 -0.6976 -0.7138
vn -0.2940 -0.1103 -0.9494
vn -0.2604 0.4260 -0.8664
vn -0.5212 -0.3643 0.7718
vn -0.2227 -0.9662 -0.1302
vn -0.8859 -0.2350 0.3999
vn 0.0957 0.4480 0.8889
vn -0.1228 -0.8364 -0.5342
vn 0.0544 0.9882 0.1432
vn -0.0505 0.9975 0.0502
vn -0.0619 -0.9584 -0.2788
vn 0.0888 0.9000 0.4267
vn 0.0469 -0.5132 0.8570
vn 0.0945 -0.9250 0.3680
vn 0.0178 -0.9894 0.1444
vn 0.2011 -0.9769 -0.0719
vn 0.0687 0.9967 0.0435
vn -0.0447 -0.9804 -0.1917
vn 0.0210 -0.9710 0.2380
vn -0.0207 0.9932 0.1145
vn -0.0631 -0.9889 0.1344
vn 0.0038 -0.7859 -0.6184
vn 0.0368 0.8354 0.5484
vn -0.4254 -0.8476 -0.3172
vn -0.6993 -0.2365 -0.6745
vn -0.0521 -0.9891 0.1378
vn -0.4947 -0.8526 -0.1683
vn -0.7052 -0.1387 -0.6954
vn -0.2798 -0.7121 -0.6439
vn -0.4145 -0.8135 0.4079
vn -0.0919 0.9012 0.4235
vn -0.4351 -0.8591 -0.2695
vn -0.7916 -0.1819 -0.5834
vn 0.0913 -0.5622 -0.8220
vn -0.1009 0.9538 0.2830
vn 0.0633 0.9920 0.1092
vn 0.3020 0.1444 -0.9423
vn 0.0821 0.9563 -0.2808
vn -0.0630 0.5356 -0.8421
vn 0.4610 -0.5835 0.6686
vn 0.1332 0.4995 0.8560
vn 0.3854 0.3669 0.8467
vn 0.3783 -0.9255 -0.0177
vn 0.1256 0.4580 0.8800
vn 0.3368 -0.9262 -0.1693
vn 0.0018 -0.8582 -0.5134
vn 0.1481 0.6185 0.7717
vn -0.2295 -0.8135 -0.5344
vn -0.0195 -0.8586 -0.5123
vn -0.0018 -0.9010 -0.4338
vn 0.1956 0.8909 0.4100
vn 0.1680 0.7675 0.6187
vn 0.1233 0.8886 0.4418
vn 0.1121 -0.9914 0.0670
vn 0.0743 0.9950 0.0663
vn -0.0137 -0.9674 -0.2530
vn 0.1823 0.9236 0.3373
vn 0.1208 -0.3169 -0.9407
vn 0.1494 -0.0697 -0.9863
vn 0.3650 -0.6733 -0.6430
vn -0.0399 -0.8784 0.4763
vn 0.1662 -0.1528 -0.9742
vn 0.1086 -0.9384 -0.3280
vn 0.0733 0.9567 -0.2818
vn 0.0589 0.9967 0.0559
vn -0.3113 0.1204 -0.9426
vn -0.0669 0.9098 -0.4096
vn 0.2144 0.4269 0.8785
vn 0.2228 -0.8517 -0.4743
vn 0.2440 0.7895 0.5632
vn 0.2262 -0.8211 -0.5240
vn 0.2865 -0.8704 -0.4004
vn 0.1887 0.9814 0.0352
vn -0.3013 -0.8416 0.4483
vn 0.0141 0.9679 0.2510
vn -0.1264 -0.9839 -0.1262
vn 0.0895 -0.9531 0.2890
vn 0.1180 0.9776 0.1742
vn 0.3483 -0.7228 -0.5969
vn 0.2815 -0.5449 -0.7898
vn 0.7517 -0.6413 -0.1542
vn 0.4664 -0.7751 -0.4263
vn 0.2991 0.0201 -0.9540
vn 0.0983 -0.3337 -0.9375
vn 0.1493 0.9359 0.3191
vn 0.6576 -0.2313 -0.7170
vn 0.5086 -0.7815 -0.3613
vn 0.1939 0.0129 -0.9809
vn -0.0549 -0.7813 -0.6217
vn 0.1570 -0.9453 -0.2860
vn 0.4100 0.6966 -0.5888
vn 0.1398 0.5473 -0.8252
vn 0.2791 0.3786 -0.8825
vn 0.3479 -0.0847 -0.9337
vn 0.8352 -0.2995 0.4612
vn 0.5455 0.2892 0.7867
vn 0.4704 0.3757 0.7985
vn 0.4504 -0.7702 -0.4517
vn 0.2321 -0.8367 -0.4961
vn 0.2222 0.7490 0.6243
vn 0.2321 0.7384 0.6332
vn 0.1603 -0.8956 -0.4150
vn 0.2463 -0.9692 -0.0082
vn 0.2186 -0.7307 0.6467
vn -0.4044 -0.6635 0.6294
vn -0.3457 -0.9300 0.1251
vn -0.0722 -0.9716 -0.2254
vn 0.1836 -0.9319 0.3127
vn 0.1148 0.9851 0.1284
vn 0.1410 -0.9769 0.1604
vn 0.4510 -0.5852 -0.6739
vn 0.4874 -0.2582 -0.8342
vn 0.8392 -0.0519 0.5414
vn 0.3609 0.7787 0.5133
vn 0.3519 -0.8484 -0.3955
vn 0.3962 0.9174 0.0388
vn -0.1524 -0.5427 0.8260
vn 0.3265 0.7095 0.6245
vn 0.2512 0.9359 0.2469
vn 0.2008 0.9691 0.1430
vn -0.5818 -0.7923 -0.1841
vn 0.0462 0.9629 0.2660
vn -0.0317 -0.7480 -0.6630
vn 0.2822 0.8065 0.5195
vn 0.1613 -0.2994 -0.9404
vn 0.2503 0.8306 0.4974
vn 0.3081 -0.4838 -0.8192
vn 0.3676 0.8814 0.2966
vn 0.2588 -0.7631 -0.5921
vn 0.2771 0.9552 0.1037
vn 0.0952 -0.9875 -0.1255
vn 0.7682 0.1584 -0.6204
vn -0.3072 0.7206 -0.6216
vn -0.1290 0.4508 -0.8833
vn 0.3585 0.7845 -0.5059
vn 0.7292 0.4625 -0.5043
vn 0.6502 0.4401 -0.6193
vn 0.8383 -0.5194 0.1659
vn 0.7237 -0.6552 -0.2167
vn 0.4804 0.4714 0.7396
vn 0.6008 -0.7293 -0.3272
vn 0.4849 -0.7620 -0.4292
vn 0.4195 0.9076 0.0185
vn 0.4066 0.8621 0.3023
vn -0.6741 -0.5767 0.4615
vn -0.3332 -0.8707 -0.3619
vn 0.2432 0.9637 0.1106
vn 0.0858 -0.9812 0.1726
vn -0.1189 -0.9910 -0.0617
vn 0.2679 0.9294 0.2538
vn -0.0010 -0.6827 -0.7307
vn 0.0810 -0.2116 -0.9740
vn 0.3041 -0.5957 -0.7435
vn 0.2027 0.9691 -0.1405
vn 0.1773 -0.9807 -0.0826
vn 0.4333 -0.7877 -0.4379
vn 0.4625 0.8477 -0.2598
vn 0.7096 -0.0084 -0.7046
vn 0.8592 0.0452 0.5096
vn 0.6954 0.2295 0.6810
vn 0.9313 -0.3638 -0.0194
vn 0.5811 0.6826 0.4431
vn 0.5028 0.6496 0.5702
vn 0.5149 -0.7218 -0.4625
vn 0.4727 0.7144 0.5160
vn 0.4897 0.8359 0.2477
vn 0.4044 -0.8247 -0.3954
vn 0.5587 0.8293 -0.0023
vn 0.7120 0.6943 0.1047
vn 0.0088 -0.4081 0.9129
vn 0.4788 0.6436 0.5971
vn -0.4891 -0.4529 0.7454
vn -0.6617 -0.6845 0.3059
vn -0.7072 -0.7063 0.0321
vn -0.7815 -0.5900 -0.2028
vn 0.2864 -0.9136 0.2885
vn -0.2848 -0.9091 -0.3041
vn 0.2968 0.8710 0.3915
vn -0.0727 -0.8685 -0.4904
vn 0.3427 -0.3117 -0.8862
vn 0.1439 -0.6328 -0.7608
vn 0.7829 0.1605 -0.6010
vn 0.1136 0.9587 -0.2607
vn -0.2300 0.7247 -0.6496
vn 0.5501 -0.8300 -0.0919
vn 0.7487 0.5473 -0.3740
vn 0.9660 -0.1277 0.2250
vn 0.4927 0.6805 0.5424
vn 0.6489 -0.6983 -0.3023
vn 0.5837 -0.8101 -0.0550
vn 0.4632 -0.6779 0.5708
vn -0.6545 -0.4815 0.5829
vn 0.4958 0.7353 0.4622
vn 0.3808 0.8557 0.3503
vn -0.8859 -0.4485 0.1186
vn 0.0873 -0.9312 -0.3540
vn 0.2161 -0.9676 -0.1306
vn 0.2925 0.9543 0.0605
vn 0.3871 -0.9179 0.0869
vn 0.2324 -0.9487 0.2146
vn 0.3085 0.9378 0.1593
vn -0.4177 -0.8811 0.2219
vn -0.6975 -0.7104 -0.0937
vn -0.5923 -0.6244 -0.5093
vn -0.0017 -0.5436 -0.8394
vn -0.1746 -0.6584 -0.7322
vn -0.0968 -0.4908 -0.8659
vn 0.2914 -0.3552 -0.8882
vn 0.5022 -0.6572 -0.5620
vn 0.2883 -0.8780 -0.3822
vn 0.1267 -0.9311 -0.3420
vn 0.8534 -0.4617 -0.2422
vn 0.8912 0.3406 -0.2995
vn 0.3229 0.3983 0.8585
vn 0.8472 -0.5199 -0.1095
vn 0.6859 -0.6377 -0.3505
vn 0.7435 -0.5632 -0.3606
vn 0.4212 0.5841 0.6939
vn 0.6089 -0.7172 -0.3389
vn 0.6534 -0.6695 -0.3532
vn 0.2113 -0.1262 0.9692
vn -0.8212 -0.3483 0.4519
vn 0.6020 0.5840 0.5445
vn 0.2849 0.9564 0.0651
vn -0.6367 -0.6747 -0.3733
vn 0.4042 -0.8758 0.2637
vn -0.4021 -0.7405 -0.5385
vn 0.4813 0.7367 0.4751
vn 0.1565 -0.9876 0.0115
vn 0.1221 -0.8951 -0.4288
vn 0.3296 -0.2881 -0.8991
vn 0.1965 -0.9353 0.2942
vn -0.4628 -0.8548 0.2348
vn -0.6886 -0.3996 -0.6051
vn 0.2870 0.0561 -0.9563
vn 0.4664 0.7520 0.4657
vn -0.3614 -0.9056 0.2221
vn -0.5533 -0.7239 -0.4121
vn -0.2314 0.1866 -0.9548
vn 0.4223 0.9041 -0.0654
vn 0.1266 -0.6749 -0.7269
vn 0.3431 0.9311 -0.1240
vn 0.9996 0.0073 0.0275
vn 0.8072 -0.5712 -0.1490
vn 0.6125 0.4112 -0.6752
vn 0.7258 0.6286 -0.2795
vn 0.8822 0.3335 -0.3324
vn 0.9120 -0.1641 -0.3759
vn 0.8954 0.2506 -0.3680
vn 0.9495 -0.2201 0.2236
vn 0.4442 -0.2714 0.8538
vn 0.4606 0.7179 0.5220
vn 0.8561 -0.4721 -0.2104
vn 0.6859 0.6592 0.3082
vn 0.4776 0.7029 0.5271
vn 0.7022 0.5835 0.4079
vn 0.7053 0.7034 0.0879
vn 0.4364 0.8993 -0.0293
vn 0.7827 -0.6179 -0.0744
vn 0.9373 0.3426 0.0644
vn 0.7282 0.5824 0.3613
vn 0.7870 -0.2454 0.5660
vn -0.2628 -0.0477 0.9637
vn 0.6594 0.4759 0.5820
vn -0.8749 -0.4237 0.2345
vn -0.8924 -0.4446 0.0772
vn 0.3877 0.9078 0.1601
vn -0.8996 -0.4317 -0.0657
vn -0.8946 -0.3308 -0.3004
vn -0.2281 -0.8403 0.4918
vn -0.7946 -0.5552 0.2456
vn -0.6926 -0.5519 -0.4645
vn 0.5177 0.7928 0.3216
vn 0.3106 -0.6691 -0.6752
vn 0.3060 -0.4094 -0.8595
vn 0.1997 -0.8470 -0.4926
vn -0.6523 -0.7576 0.0235
vn -0.5659 -0.2159 -0.7957
vn 0.5553 0.7736 0.3054
vn 0.4863 0.7259 -0.4864
vn 0.5011 0.0949 -0.8602
vn 0.7320 -0.6493 -0.2063
vn 0.4769 -0.8343 -0.2766
vn 0.6966 0.6952 0.1773
vn 0.2010 -0.3667 -0.9084
vn -0.0163 0.1975 -0.9802
vn 0.8519 -0.3525 0.3874
vn 0.8073 0.5835 0.0888
vn 0.8896 -0.4413 -0.1179
vn 0.7991 -0.5469 -0.2496
vn 0.9668 -0.2535 0.0329
vn 0.7447 0.6358 -0.2027
vn 0.9957 -0.0617 -0.0694
vn 0.9217 0.1724 0.3474
vn 0.5610 0.0717 0.8247
vn -0.4908 -0.1638 0.8558
vn -0.7180 -0.2807 0.6369
vn -0.8361 -0.3784 0.3972
vn -0.9390 -0.3418 0.0382
vn -0.8104 -0.2206 -0.5428
vn -0.2444 -0.7880 -0.5650
vn 0.4169 0.9024 0.1085
vn 0.1894 -0.9376 0.2916
vn 0.4390 0.8762 0.1989
vn -0.9429 -0.2895 -0.1651
vn 0.6421 0.6541 0.3999
vn 0.2700 -0.3416 -0.9002
vn 0.8096 -0.1774 -0.5595
vn 0.3969 -0.0564 -0.9161
vn 0.5770 -0.6683 -0.4695
vn 0.6777 0.5986 0.4271
vn 0.4936 -0.8458 -0.2025
vn 0.5469 0.8290 0.1169
vn -0.0701 -0.9703 -0.2315
vn -0.0621 -0.0654 -0.9959
vn 0.2616 -0.6503 -0.7132
vn 0.1780 0.9425 -0.2828
vn 0.9608 0.2771 -0.0103
vn 0.9731 -0.2043 -0.1067
vn 0.9429 -0.2187 -0.2513
vn 0.9501 0.1001 -0.2953
vn -0.4350 -0.1909 0.8800
vn 0.1940 0.8441 0.4999
vn 0.9271 -0.3689 0.0662
vn 0.5931 0.7880 0.1648
vn 0.9351 -0.2922 -0.2003
vn -0.5336 -0.1485 0.8326
vn 0.8088 0.5187 0.2770
vn 0.6220 0.7776 0.0919
vn 0.8550 -0.4259 -0.2960
vn 0.9128 0.1612 -0.3752
vn -0.3467 -0.0220 0.9377
vn -0.7583 -0.3245 0.5654
vn -0.8791 -0.4260 0.2138
vn 0.5604 0.7850 0.2639
vn -0.9472 -0.2675 -0.1768
vn 0.5052 0.8597 0.0760
vn -0.5892 -0.5472 -0.5945
vn 0.4909 -0.8571 -0.1561
vn 0.4343 -0.8424 0.3189
vn -0.6684 -0.5498 0.5009
vn -0.9622 -0.0335 0.2702
vn -0.8271 -0.1498 0.5418
vn -0.9589 -0.0352 0.2815
vn -0.9434 -0.2509 0.2168
vn -0.9766 -0.0852 -0.1973
vn -0.9797 -0.0706 -0.1878
vn 0.6060 0.7754 0.1774
vn -0.2927 -0.6319 -0.7176
vn -0.0636 -0.6847 -0.7261
vn 0.4071 -0.6230 -0.6679
vn 0.1586 -0.8234 0.5449
vn 0.4939 0.0073 -0.8695
vn 0.5989 -0.6337 -0.4896
vn 0.5048 -0.7579 -0.4133
vn 0.8179 -0.4694 -0.3326
vn 0.8123 0.5119 -0.2795
vn 0.5340 -0.7741 -0.3399
vn 0.1885 -0.5211 -0.8324
vn 0.4207 -0.8832 0.2072
vn 0.7953 0.5736 -0.1963
vn 0.5953 0.5841 -0.5517
vn 0.9779 0.1052 -0.1805
vn 0.8377 -0.2616 0.4794
vn 0.8412 -0.5395 -0.0368
vn 0.4749 0.8185 0.3234
vn 0.8664 0.4482 0.2203
vn 0.9030 -0.2603 -0.3418
vn 0.8072 0.4287 -0.4058
vn 0.7256 0.2235 0.6508
vn -0.6900 -0.5743 0.4406
vn -0.7812 -0.5746 0.2439
vn -0.7381 -0.5734 0.3556
vn -0.8610 -0.2570 -0.4388
vn -0.5357 -0.2639 -0.8021
vn 0.2120 -0.8298 -0.5163
vn -0.7169 0.0092 0.6971
vn -0.7584 0.0002 0.6518
vn -0.9886 -0.1204 -0.0906
vn -0.9296 -0.3298 0.1648
vn -0.8190 -0.1188 -0.5614
vn -0.8395 -0.3335 -0.4289
vn -0.6782 -0.2817 -0.6788
vn -0.8759 -0.4133 -0.2488
vn -0.9089 0.4063 -0.0940
vn -0.9290 0.1661 -0.3306
vn 0.2615 -0.1496 -0.9535
vn 0.5598 -0.2811 -0.7795
vn 0.9125 -0.2361 -0.3342
vn 0.5819 -0.3824 -0.7178
vn 0.2150 -0.8131 -0.5410
vn 0.0678 -0.2376 -0.9690
vn 0.5729 -0.7380 -0.3566
vn 0.7319 -0.5792 -0.3590
vn -0.3087 0.4672 0.8285
vn 0.8359 -0.5233 -0.1658
vn 0.9261 0.0476 -0.3744
vn -0.4038 0.0846 0.9109
vn -0.1480 -0.8217 0.5504
vn 0.0128 0.7710 0.6367
vn 0.9545 -0.2875 -0.0794
vn 0.9569 -0.2808 -0.0746
vn 0.7919 0.1036 0.6018
vn 0.6476 0.6964 0.3093
vn 0.9042 -0.3237 -0.2788
vn 0.7476 0.6581 0.0894
vn 0.8378 -0.4188 -0.3504
vn 0.5538 0.8297 -0.0697
vn 0.8708 -0.1363 -0.4723
vn 0.1904 0.2445 0.9508
vn 0.4561 0.3644 0.8119
vn -0.9863 -0.1079 0.1248
vn -0.8869 0.1483 0.4375
vn -0.9470 0.1517 0.2830
vn 0.7049 0.6379 0.3101
vn -0.9172 0.1787 0.3562
vn -0.8410 0.0454 0.5391
vn -0.9542 -0.1981 0.2244
vn -0.9615 -0.2494 -0.1159
vn -0.9995 -0.0057 0.0320
vn -0.8707 0.4683 -0.1505
vn 0.6220 0.7674 0.1557
vn -0.7558 -0.6156 -0.2231
vn -0.9468 0.0304 -0.3205
vn -0.6779 -0.1870 -0.7110
vn -0.2855 -0.5952 -0.7511
vn 0.5407 0.8389 0.0623
vn 0.5738 -0.8158 0.0721
vn 0.5751 -0.7822 0.2395
vn 0.4884 0.8634 0.1267
vn -0.9360 -0.2028 0.2878
vn -0.9874 0.1553 0.0305
vn -0.9843 0.1593 -0.0758
vn -0.8442 -0.0793 -0.5300
vn -0.6157 -0.7864 0.0500
vn -0.7272 0.6456 -0.2333
vn -0.8156 -0.1068 -0.5687
vn 0.7258 0.6422 0.2465
vn -0.5255 -0.8308 -0.1835
vn -0.4599 -0.4804 -0.7468
vn -0.6024 0.7211 -0.3422
vn -0.1513 -0.4480 -0.8811
vn -0.1219 -0.3079 -0.9436
vn 0.3187 -0.0040 -0.9478
vn 0.4703 -0.2159 -0.8557
vn 0.8423 0.4451 0.3039
vn 0.6267 -0.2170 -0.7484
vn 0.7036 0.6485 0.2906
vn 0.1707 -0.9851 -0.0195
vn 0.1715 -0.9516 -0.2550
vn 0.6851 0.7256 -0.0654
vn 0.6156 0.7839 -0.0805
vn 0.5283 0.8422 -0.1080
vn -0.0872 0.3779 -0.9217
vn 0.8975 -0.1198 -0.4245
vn 0.2391 -0.0324 -0.9704
vn 0.5232 0.5816 -0.6229
vn 0.6666 -0.2386 -0.7062
vn -0.3701 -0.6240 0.6883
vn 0.1939 -0.9756 0.1027
vn 0.9311 -0.2127 -0.2964
vn 0.7024 -0.6968 -0.1453
vn 0.9502 0.3051 0.0643
vn 0.8017 -0.5938 0.0689
vn 0.8415 -0.4897 -0.2283
vn -0.5371 -0.1905 0.8217
vn -0.6123 -0.3507 0.7086
vn 0.5158 0.4985 0.6967
vn -0.4559 -0.5742 0.6801
vn -0.7324 0.3612 0.5771
vn -0.4582 -0.7456 0.4839
vn 0.6053 0.5711 0.5545
vn -0.9672 -0.0755 -0.2425
vn -0.9071 -0.0295 0.4198
vn -0.8182 -0.4937 0.2946
vn -0.9699 0.1167 0.2139
vn -0.9861 -0.1316 -0.1011
vn -0.8596 -0.3891 -0.3312
vn -0.8222 0.5319 -0.2028
vn -0.7057 -0.5069 -0.4949
vn -0.6133 0.7285 -0.3051
vn -0.7871 -0.1749 -0.5915
vn -0.6597 0.4754 -0.5820
vn -0.7208 -0.4181 -0.5529
vn 0.0468 -0.8281 0.5586
vn -0.7056 -0.1837 0.6844
vn -0.3786 0.0342 0.9249
vn -0.5519 -0.3006 0.7778
vn -0.8999 -0.2105 0.3819
vn -0.8489 -0.2972 0.4371
vn -0.9541 0.0384 0.2970
vn -0.7983 0.2936 -0.5258
vn -0.4635 -0.0992 -0.8805
vn -0.0702 -0.5853 -0.8078
vn -0.7796 0.0954 -0.6190
vn -0.1440 -0.6098 -0.7793
vn 0.7611 0.6092 0.2226
vn -0.1174 0.0330 -0.9925
vn 0.4812 -0.5392 -0.6911
vn -0.3693 -0.6201 -0.6922
vn 0.8140 0.4919 0.3090
vn 0.6736 -0.7371 0.0536
vn 0.1804 -0.9824 -0.0477
vn 0.7968 -0.3631 -0.4829
vn 0.8704 0.4919 -0.0199
vn 0.6003 0.3777 -0.7050
vn 0.8693 0.0420 -0.4924
vn 0.6728 -0.7129 -0.1977
vn 0.8317 0.5551 -0.0099
vn 0.9550 -0.1086 -0.2759
vn 0.9990 0.0181 -0.0404
vn 0.4299 0.7461 0.5084
vn 0.9536 -0.1043 -0.2823
vn -0.0586 0.1510 0.9868
vn 0.3140 0.4340 0.8444
vn -0.7839 -0.1976 0.5886
vn -0.7849 -0.2712 0.5571
vn -0.4672 -0.5462 0.6952
vn -0.8197 -0.0189 0.5725
vn -0.9646 -0.1654 0.2055
vn -0.7322 -0.2200 0.6446
vn -0.9901 0.0372 -0.1352
vn -0.8144 -0.0756 -0.5753
vn -0.8029 -0.3497 -0.4827
vn -0.6960 -0.7153 0.0630
vn -0.7971 0.3010 -0.5234
vn -0.3390 -0.9354 -0.1005
vn -0.4562 0.7764 -0.4349
vn -0.5073 -0.4898 -0.7091
vn 0.6621 0.7473 0.0567
vn 0.7252 -0.6576 0.2040
vn 0.5912 0.8008 0.0953
vn 0.5162 -0.7832 0.3466
vn 0.0808 -0.6069 0.7906
vn 0.6494 0.7547 0.0938
vn -0.3350 -0.0778 0.9390
vn -0.2660 -0.5296 0.8055
vn -0.6531 -0.2045 0.7291
vn -0.5934 -0.1866 0.7830
vn -0.4706 -0.8133 0.3422
vn -0.3354 0.8860 -0.3202
vn -0.4759 -0.6623 -0.5787
vn 0.1003 -0.5534 -0.8268
vn 0.1135 -0.2239 -0.9680
vn 0.6821 0.6672 0.2994
vn 0.3406 -0.9307 -0.1334
vn -0.7140 -0.2776 -0.6428
vn -0.0092 0.0185 -0.9998
vn 0.7223 0.5106 0.4665
vn 0.7760 0.6176 0.1281
vn 0.8807 0.4301 -0.1983
vn 0.8447 0.5261 -0.0985
vn 0.5076 -0.5088 -0.6953
vn 0.9759 0.0942 -0.1967
vn 0.7040 -0.1583 -0.6924
vn 0.9709 0.0395 -0.2362
vn 0.4998 -0.1034 0.8599
vn 0.6741 -0.7350 0.0731
vn 0.9771 0.1706 -0.1273
vn 0.4206 0.8118 0.4050
vn 0.8548 0.5179 -0.0342
vn 0.3584 -0.7209 0.5932
vn 0.7509 0.1224 0.6489
vn 0.2764 -0.7196 0.6371
vn 0.0609 -0.9235 0.3788
vn 0.2973 0.7983 0.5238
vn 0.9357 0.3462 -0.0684
vn 0.6056 -0.1402 0.7833
vn 0.9779 -0.2078 -0.0206
vn -0.0561 -0.2690 0.9615
vn -0.3374 -0.4074 0.8486
vn -0.4448 -0.1826 0.8768
vn -0.6180 0.2422 0.7480
vn -0.3072 0.5206 0.7966
vn 0.6677 0.6213 0.4101
vn -0.6475 -0.1339 0.7502
vn -0.5706 -0.5315 0.6260
vn -0.4966 0.1951 0.8457
vn -0.3805 -0.8632 0.3319
vn -0.6020 0.0030 -0.7985
vn -0.5297 0.3342 -0.7796
vn 0.7640 0.6278 0.1493
vn -0.4724 -0.6870 -0.5522
vn -0.4561 -0.2360 -0.8581
vn 0.0255 -0.5287 -0.8484
vn 0.2441 -0.6003 -0.7616
vn 0.5374 -0.7313 -0.4201
vn 0.7113 -0.7028 0.0024
vn 0.4808 -0.7571 0.4423
vn 0.0494 -0.3965 0.9167
vn -0.3237 -0.6121 0.7215
vn -0.7391 -0.0487 0.6719
vn -0.5459 -0.0624 -0.8356
vn -0.4578 0.1309 -0.8794
vn -0.5545 -0.1311 -0.8218
vn -0.3118 0.5805 -0.7522
vn -0.3747 -0.2776 -0.8846
vn -0.2345 -0.4349 -0.8694
vn -0.3590 0.5892 -0.7239
vn -0.4813 -0.1603 -0.8618
vn 0.4962 -0.6344 -0.5927
vn -0.6540 -0.7339 -0.1836
vn 0.3083 -0.8815 -0.3578
vn 0.3284 0.2559 -0.9092
vn -0.2476 0.0315 -0.9684
vn 0.7515 0.6578 0.0506
vn -0.6195 -0.7844 0.0296
vn 0.4752 0.2774 -0.8350
vn 0.7762 -0.5202 -0.3563
vn 0.9390 -0.2873 -0.1893
vn 0.8210 -0.4802 0.3087
vn 0.8376 0.5204 0.1659
vn 0.4809 -0.8767 0.0114
vn 0.8424 0.5360 -0.0557
vn -0.1915 -0.7400 -0.6447
vn -0.4337 -0.3106 -0.8458
vn 0.7999 0.1310 -0.5857
vn -0.0400 0.2249 0.9736
vn 0.2109 0.3478 0.9135
vn -0.0685 -0.6115 0.7883
vn -0.1568 -0.7752 0.6120
vn -0.4243 -0.3408 0.8390
vn -0.5252 -0.1164 0.8430
vn -0.5510 -0.5441 -0.6327
vn -0.3271 -0.6487 -0.6871
vn -0.1848 0.4571 -0.8700
vn -0.2699 -0.9133 -0.3049
vn -0.2947 0.6901 -0.6609
vn 0.7851 -0.6022 -0.1448
vn 0.6442 -0.6862 0.3379
vn 0.3142 -0.7076 0.6329
vn -0.0958 -0.2301 0.9684
vn -0.4708 0.1396 0.8711
vn 0.0642 -0.0162 0.9978
vn -0.3070 -0.2391 0.9212
vn -0.4640 -0.1592 0.8714
vn -0.2750 -0.0932 0.9569
vn 0.7638 0.6371 0.1035
vn -0.1733 -0.9700 0.1705
vn -0.1267 -0.9869 -0.0995
vn -0.0297 0.9323 -0.3604
vn -0.1459 -0.8963 -0.4187
vn 0.5358 0.6181 0.5752
vn 0.5960 0.6276 0.5008
vn 0.6244 -0.2613 -0.7361
vn 0.4091 -0.8815 0.2360
vn 0.0803 -0.7056 -0.7040
vn 0.8656 0.0107 -0.5007
vn 0.8685 -0.0143 -0.4955
vn -0.2307 0.1674 -0.9585
vn 0.7879 0.0346 0.6149
vn 0.4375 0.8405 0.3196
vn 0.6488 -0.6431 -0.4069
vn 0.2688 -0.5357 -0.8005
vn 0.8555 0.0447 -0.5159
vn -0.3508 -0.0845 0.9326
vn 0.0358 -0.4451 0.8948
vn -0.2017 0.2928 0.9347
vn -0.2128 0.5595 0.8011
vn -0.1388 0.6897 0.7107
vn -0.1628 -0.3230 0.9323
vn -0.1458 -0.1442 0.9788
vn -0.0585 -0.3236 0.9444
vn 0.7301 0.6443 0.2279
vn -0.1830 -0.9753 0.1236
vn -0.2922 -0.1109 -0.9499
vn 0.7938 0.6023 0.0846
vn -0.4028 -0.1758 -0.8983
vn 0.7934 0.6034 0.0798
vn -0.1837 -0.1606 -0.9698
vn -0.1388 -0.2313 -0.9629
vn 0.5006 -0.4342 -0.7489
vn 0.5979 -0.6204 0.5075
vn 0.6410 0.7627 0.0854
vn -0.9614 0.0980 -0.2571
vn -0.6580 -0.2586 0.7072
vn 0.7680 0.6363 0.0722
vn -0.0228 -0.2339 0.9720
vn 0.0652 -0.7624 0.6438
vn -0.0279 -0.3258 -0.9450
vn 0.7603 0.6198 0.1943
vn -0.0882 -0.1146 -0.9895
vn 0.6481 -0.1493 -0.7467
vn 0.4093 0.8293 0.3806
vn 0.4421 0.0805 -0.8933
vn 0.8293 -0.4176 -0.3713
vn 0.9028 -0.0391 -0.4282
vn 0.8005 -0.4548 -0.3903
vn 0.6499 -0.6521 0.3904
vn -0.4241 -0.6909 -0.5855
vn 0.2260 -0.7569 0.6132
vn 0.4790 0.3598 -0.8007
vn 0.8835 0.4616 -0.0795
vn -0.4112 -0.1338 -0.9017
vn 0.9858 -0.1667 0.0223
vn -0.1036 0.4021 0.9097
vn 0.6661 -0.3329 0.6675
vn 0.7251 -0.6634 0.1846
vn 0.9034 0.2635 -0.3382
vn -0.0409 0.3554 0.9338
vn -0.1367 -0.2568 0.9567
vn 0.1605 -0.7568 0.6336
vn -0.1327 -0.8025 0.5817
vn 0.0098 0.2146 -0.9767
vn -0.2267 0.9191 -0.3222
vn -0.2278 -0.5321 -0.8155
vn 0.0078 -0.0126 -0.9999
vn 0.7536 -0.4550 -0.4744
vn 0.8465 -0.5184 0.1210
vn 0.7755 0.6270 0.0740
vn -0.8707 -0.3811 0.3109
vn -0.4328 0.5329 0.7271
vn -0.1633 -0.9774 -0.1345
vn 0.0889 0.5699 0.8169
vn 0.0091 0.0714 0.9974
vn 0.0869 0.0484 0.9950
vn -0.1428 -0.5595 0.8164
vn 0.0962 -0.2403 0.9659
vn 0.0298 0.2344 -0.9717
vn -0.1511 -0.0375 -0.9878
vn -0.1654 -0.1353 -0.9769
vn 0.2030 0.7950 -0.5716
vn 0.2395 -0.4211 -0.8748
vn 0.3956 0.5724 0.7183
vn 0.1484 -0.2382 -0.9598
vn 0.9382 0.1532 -0.3103
vn 0.4186 0.7941 0.4406
vn 0.1554 0.0090 -0.9878
vn 0.4783 -0.6112 -0.6306
vn 0.5493 0.7450 -0.3786
vn 0.2827 -0.8572 -0.4304
vn 0.6699 0.1276 -0.7314
vn 0.1047 -0.6690 0.7359
vn 0.1200 0.9416 0.3147
vn 0.7851 0.2399 0.5710
vn 0.7779 -0.6220 -0.0894
vn 0.8919 0.4449 -0.0813
vn 0.5133 -0.4863 0.7071
vn 0.1008 0.2067 0.9732
vn 0.4908 0.5611 0.6666
vn 0.2160 -0.7667 0.6045
vn 0.0203 -0.3871 0.9218
vn 0.1484 0.3303 0.9321
vn -0.1645 -0.5270 -0.8338
vn 0.0934 -0.9744 -0.2043
vn 0.1263 0.8954 -0.4270
vn 0.0904 -0.7768 -0.6232
vn 0.0761 -0.3557 -0.9315
vn 0.2065 -0.3592 -0.9101
vn 0.4998 -0.2290 -0.8353
vn 0.9261 0.3710 0.0689
vn 0.9063 -0.4090 -0.1060
vn 0.8560 -0.4789 0.1949
vn 0.8140 0.5764 0.0717
vn 0.7966 -0.5091 0.3258
vn 0.7411 -0.4559 0.4929
vn 0.2440 -0.9680 0.0595
vn 0.1312 -0.3508 0.9272
vn 0.2626 0.6807 0.6838
vn 0.5047 -0.5274 0.6835
vn 0.3553 -0.4250 0.8326
vn 0.2210 -0.0708 0.9727
vn 0.7582 0.6493 0.0588
vn 0.1461 -0.9716 0.1863
vn 0.0154 -0.0857 -0.9962
vn 0.2099 -0.1276 -0.9694
vn 0.2587 -0.2623 -0.9297
vn 0.6023 0.7341 0.3136
vn 0.8499 -0.1720 -0.4981
vn 0.6265 0.0220 -0.7791
vn -0.0517 -0.9984 0.0240
vn 0.4315 0.5147 -0.7409
vn -0.3687 -0.8733 -0.3184
vn 0.2550 -0.7050 -0.6617
vn 0.6207 0.7725 -0.1344
vn 0.7563 -0.0457 -0.6526
vn 0.7130 -0.2893 -0.6387
vn 0.9138 -0.3067 0.2662
vn -0.1543 -0.4861 0.8602
vn 0.0668 0.4425 0.8943
vn 0.9526 -0.2248 0.2048
vn 0.4588 0.8236 -0.3334
vn 0.9023 0.4128 0.1246
vn 0.3909 -0.8599 0.3284
vn 0.8913 0.4452 0.0865
vn 0.8378 -0.0924 -0.5381
vn 0.9296 0.1466 -0.3382
vn -0.7144 -0.6882 0.1265
vn -0.6288 0.2114 0.7483
vn -0.6892 -0.7239 0.0305
vn 0.4420 0.4023 0.8018
vn 0.3240 -0.5391 0.7774
vn 0.2191 -0.2576 0.9411
vn 0.3003 0.5290 0.7937
vn 0.2035 -0.1681 0.9645
vn 0.2401 -0.6989 0.6737
vn 0.1647 -0.9686 0.1864
vn 0.3183 -0.0076 -0.9480
vn 0.2245 0.4173 -0.8806
vn 0.0209 -0.6877 -0.7257
vn 0.0688 -0.6272 -0.7758
vn 0.8407 0.5247 -0.1335
vn 0.8902 0.4544 0.0318
vn 0.9673 0.2525 -0.0251
vn 0.2771 -0.1288 -0.9522
vn 0.7085 -0.1707 -0.6847
vn 0.9450 -0.3256 0.0304
vn 0.8137 0.2454 0.5269
vn 0.2659 -0.1347 0.9545
vn 0.4461 -0.0373 0.8942
vn 0.8135 0.5801 -0.0420
vn 0.7296 0.6312 0.2633
vn 0.1665 -0.9293 -0.3296
vn 0.2610 -0.3988 -0.8791
vn 0.8457 0.5158 -0.1372
vn 0.0717 0.7301 -0.6796
vn 0.1391 -0.5375 -0.8317
vn 0.8488 0.5264 -0.0486
vn 0.9108 0.3692 -0.1849
vn 0.9247 -0.0186 0.3801
vn -0.0770 0.5052 0.8595
vn 0.3609 0.2286 -0.9042
vn 0.6398 0.7673 0.0439
vn 0.6482 -0.6761 -0.3503
vn -0.1469 -0.2071 -0.9672
vn 0.3320 0.2628 -0.9059
vn -0.1890 -0.9663 0.1745
vn -0.5887 -0.7408 -0.3236
vn 0.7603 0.3835 -0.5244
vn -0.3306 -0.3934 -0.8579
vn -0.2879 -0.0812 0.9542
vn 0.9432 -0.0053 -0.3322
vn -0.1537 -0.9523 0.2635
vn 0.6813 -0.7158 -0.1531
vn 0.9373 0.3252 -0.1251
vn 0.9043 -0.3006 -0.3032
vn -0.0726 -0.6545 0.7526
vn 0.0921 0.5175 0.8507
vn -0.2469 -0.9640 -0.0987
vn 0.1130 -0.9209 0.3730
vn 0.3989 -0.3166 0.8606
vn 0.4638 0.1396 0.8749
vn 0.4842 -0.6755 0.5561
vn 0.4033 -0.3439 0.8480
vn 0.3356 -0.2622 0.9048
vn 0.6664 0.6324 0.3949
vn 0.5025 -0.1496 0.8515
vn 0.2645 -0.4899 -0.8307
vn 0.1805 0.8649 -0.4684
vn 0.7212 0.6865 -0.0925
vn 0.2585 -0.6612 -0.7043
vn 0.2216 -0.1077 -0.9692
vn 0.9605 -0.1335 -0.2440
vn 0.9913 -0.1212 0.0515
vn 0.9808 0.1708 0.0941
vn 0.9249 0.3688 0.0925
vn 0.9502 -0.2788 0.1395
vn 0.6682 -0.3972 0.6291
vn 0.6033 0.2046 0.7708
vn 0.6300 -0.3800 0.6773
vn 0.8896 -0.0888 -0.4481
vn 0.4390 0.0756 0.8953
vn 0.4967 -0.2369 0.8350
vn 0.2379 -0.1752 0.9554
vn 0.4405 -0.3352 0.8328
vn 0.3471 -0.8310 0.4348
vn 0.2208 -0.0422 -0.9744
vn 0.4398 0.7771 0.4502
vn 0.8780 -0.2198 -0.4251
vn 0.9242 0.2447 -0.2933
vn 0.2332 -0.5685 -0.7890
vn 0.7944 0.3967 0.4598
vn 0.7444 -0.6673 0.0229
vn 0.7858 0.6035 0.1357
vn 0.7646 -0.6022 0.2299
vn 0.4961 -0.7633 -0.4138
vn 0.1161 0.3089 -0.9440
vn 0.1791 0.7001 -0.6912
vn 0.4155 -0.9005 0.1286
vn 0.4041 0.8691 0.2853
vn 0.7789 0.5225 0.3469
vn 0.9482 -0.2241 -0.2250
vn 0.9662 0.2446 -0.0810
vn 0.9756 0.2157 0.0421
vn 0.9811 -0.1588 -0.1104
vn 0.7266 -0.0310 0.6864
vn 0.8187 -0.5373 -0.2028
vn 0.5119 0.3533 0.7830
vn 0.5953 0.4741 0.6487
vn 0.2914 0.5216 0.8019
vn 0.4785 0.2885 0.8294
vn 0.6873 -0.4633 0.5595
vn 0.5981 -0.0868 0.7967
vn 0.4630 -0.7651 0.4475
vn 0.4720 -0.5492 -0.6896
vn 0.1688 0.6392 -0.7503
vn 0.3625 -0.4599 -0.8106
vn 0.9865 0.1286 -0.1010
vn 0.8949 0.1301 -0.4269
vn 0.9970 0.0390 0.0668
vn 0.9890 -0.0653 0.1330
vn 0.9867 0.0893 0.1357
vn 0.9207 -0.2814 0.2703
vn 0.8499 0.5194 0.0887
vn 0.5653 0.0442 0.8237
vn 0.6579 -0.0689 0.7499
vn 0.7866 -0.1387 0.6017
vn 0.2426 -0.9689 -0.0491
vn 0.3837 -0.0816 -0.9198
vn 0.4568 0.3342 -0.8244
vn 0.5927 0.3659 0.7175
vn 0.6137 0.7384 -0.2797
vn 0.8989 0.3220 -0.2971
vn 0.8120 -0.4270 -0.3979
vn 0.4522 0.7111 0.5383
vn 0.4692 0.8318 -0.2966
vn 0.8712 -0.0911 -0.4824
vn 0.5217 -0.6510 -0.5514
vn 0.9354 0.3015 -0.1846
vn 0.8059 0.1095 -0.5818
vn -0.2452 -0.4253 0.8712
vn 0.3455 -0.4168 -0.8408
vn 0.8078 -0.1380 0.5731
vn -0.5543 -0.6721 -0.4909
vn 0.5108 0.8077 0.2946
vn 0.3077 0.9315 -0.1939
vn 0.6990 0.7131 0.0525
vn 0.0750 0.3887 -0.9183
vn -0.1038 0.2036 -0.9735
vn 0.6640 -0.1327 0.7358
vn 0.9355 -0.0834 -0.3433
vn 0.9069 0.1775 0.3821
vn 0.7813 0.0475 0.6224
vn 0.6344 -0.4360 0.6383
vn 0.6387 -0.1941 0.7446
vn 0.7050 -0.2205 0.6741
vn 0.7504 0.6307 0.1980
vn 0.5762 -0.4683 -0.6698
vn 0.4179 0.2197 -0.8815
vn 0.6502 0.4527 -0.6102
vn 0.3515 -0.6420 -0.6814
vn 0.7861 0.6159 0.0527
vn 0.4590 -0.8611 -0.2188
vn 0.6971 0.6859 -0.2085
vn 0.8936 0.4026 -0.1984
vn 0.9070 0.2836 -0.3114
vn 0.9722 -0.0911 0.2155
vn 0.9106 0.3920 0.1307
vn 0.5490 -0.2275 0.8043
vn 0.6508 -0.7534 0.0936
vn 0.5310 -0.0555 -0.8455
vn 0.8857 0.4612 -0.0532
vn 0.5127 -0.2770 -0.8126
vn 0.6824 -0.7160 0.1472
vn 0.8808 -0.2414 -0.4074
vn 0.5538 -0.7735 -0.3084
vn 0.5515 -0.4509 -0.7018
vn 0.5405 0.6030 -0.5868
vn 0.3709 -0.4023 -0.8370
vn 0.4534 -0.0602 -0.8893
vn 0.5666 0.5284 0.6323
vn 0.8789 -0.3893 -0.2756
vn 0.1222 -0.9400 0.3185
vn 0.5848 -0.5199 0.6227
vn 0.8811 0.3978 -0.2559
vn 0.6479 0.3592 -0.6717
vn 0.0494 -0.9069 0.4184
vn -0.4907 -0.8686 -0.0690
vn -0.1482 -0.6948 0.7038
vn -0.1390 0.2177 0.9661
vn 0.3122 0.7583 0.5722
vn 0.5204 -0.8035 -0.2892
vn 0.8442 -0.1134 -0.5238
vn 0.6779 0.2586 0.6881
vn 0.6722 -0.2286 0.7042
vn 0.7692 0.2446 0.5904
vn 0.7568 -0.2752 0.5929
vn 0.7287 0.3625 0.5811
vn 0.9098 0.0350 0.4137
vn 0.7629 0.1480 0.6294
vn 0.6979 -0.6581 0.2826
vn 0.5424 -0.8398 0.0234
vn 0.7806 -0.0733 -0.6207
vn 0.6255 0.2861 -0.7258
vn 0.4721 -0.6096 -0.6367
vn 0.8012 0.5874 -0.1142
vn 0.4283 0.8202 -0.3793
vn 0.5646 0.2767 -0.7776
vn 0.8575 0.4681 -0.2132
vn 0.5234 -0.0860 -0.8477
vn 0.6067 -0.0799 -0.7909
vn 0.6431 -0.1764 -0.7452
vn 0.9696 0.0529 0.2390
vn 0.9505 0.2479 0.1872
vn 0.9145 -0.1544 0.3741
vn 0.8487 -0.3162 0.4239
vn 0.7707 -0.0728 0.6331
vn 0.7004 -0.1513 0.6975
vn 0.8013 -0.1913 0.5668
vn 0.8353 0.5492 0.0258
vn 0.6797 -0.5856 0.4417
vn 0.8213 -0.0824 -0.5646
vn 0.7808 0.2679 -0.5645
vn 0.5597 -0.0966 -0.8230
vn -0.1947 -0.3460 0.9178
vn 0.7132 -0.2308 -0.6618
vn 0.5132 -0.8283 0.2247
vn 0.5145 -0.8213 -0.2466
vn 0.7324 -0.4778 -0.4850
vn 0.9014 0.3064 -0.3060
vn 0.6738 -0.2606 -0.6915
vn 0.8330 0.3612 -0.4192
vn 0.7634 -0.1221 -0.6343
vn 0.7227 -0.1156 -0.6815
vn -0.2116 -0.1498 0.9658
vn 0.4647 0.6730 0.5754
vn 0.9232 -0.2403 0.3000
vn 0.8249 -0.1863 -0.5337
vn 0.8595 0.4930 0.1346
vn -0.1166 -0.9387 0.3245
vn -0.5589 -0.2174 -0.8002
vn 0.8522 0.5124 -0.1064
vn 0.7773 -0.1066 0.6201
vn 0.7969 0.0641 0.6007
vn 0.7408 -0.5317 0.4104
vn 0.8717 -0.1822 0.4550
vn 0.6995 0.5318 0.4773
vn 0.9687 -0.1634 0.1868
vn 0.9049 -0.1231 0.4075
vn 0.9793 -0.0624 -0.1926
vn 0.9574 0.2514 -0.1421
vn 0.8511 -0.3039 -0.4281
vn 0.6679 -0.5291 -0.5234
vn 0.6847 0.6699 -0.2871
vn 0.7835 -0.2683 -0.5605
vn 0.6092 -0.4073 -0.6804
vn 0.8692 0.3727 -0.3248
vn 0.8529 -0.0008 -0.5222
vn 0.9169 0.2019 0.3442
vn 0.7991 -0.3117 0.5140
vn 0.7023 -0.3193 0.6362
vn 0.8869 0.4381 0.1467
vn 0.8545 0.0254 0.5189
vn 0.9561 -0.1557 0.2484
vn 0.9601 -0.1588 0.2303
vn 0.9486 0.0379 0.3141
vn 0.9716 0.0644 -0.2275
vn 0.9377 0.3429 -0.0565
vn 0.8620 -0.0677 -0.5024
vn 0.5607 0.1368 0.8167
vn -0.2393 -0.9439 -0.2274
vn 0.5765 -0.4929 0.6517
vn 0.8485 -0.4815 -0.2195
vn 0.8184 0.5463 -0.1782
vn 0.9107 -0.2806 -0.3032
vn 0.8242 0.2601 -0.5030
vn 0.8241 0.2265 -0.5192
vn 0.6868 -0.4185 0.5943
vn 0.9590 0.0360 -0.2810
vn 0.9496 -0.1561 -0.2720
vn 0.9351 0.2798 -0.2175
vn 0.7854 0.0722 0.6148
vn 0.9130 -0.0681 0.4023
vn 0.7255 -0.5943 -0.3470
vn 0.7530 -0.6571 -0.0339
vn 0.5099 0.2848 -0.8118
vn -0.1191 -0.5412 -0.8324
vn 0.6526 0.6515 -0.3868
vn 0.6300 -0.6661 0.3992
vn 0.6040 0.5152 -0.6080
vn -0.1504 0.1688 -0.9741
vn 0.8596 -0.2075 0.4670
vn 0.7652 0.3753 0.5231
vn 0.9830 -0.0309 0.1809
vn 0.9596 0.1183 0.2553
vn 0.9867 -0.1296 -0.0983
vn 0.9744 0.1879 0.1231
vn 0.9377 -0.2859 -0.1975
vn 0.9143 -0.3934 0.0965
vn 0.8641 -0.4591 -0.2063
vn 0.8765 0.4774 -0.0614
vn 0.8910 0.2150 -0.3999
vn 0.7371 0.1613 -0.6562
vn 0.9500 0.1916 0.2465
vn 0.8956 -0.1829 0.4054
vn 0.9347 -0.0625 0.3499
vn 0.8617 -0.1519 0.4841
vn 0.8970 0.4416 -0.0200
vn 0.9976 -0.0665 0.0188
vn 0.9797 -0.1265 -0.1557
vn 0.6850 -0.0706 -0.7252
vn 0.9995 -0.0309 -0.0101
vn 0.4993 -0.7433 0.4452
vn 0.8757 0.2833 -0.3909
vn 0.8546 0.1322 -0.5022
vn 0.8884 -0.4381 -0.1371
vn -0.3858 -0.6876 -0.6151
vn 0.5416 0.4665 -0.6993
vn 0.8621 0.1975 0.4666
vn 0.8327 0.4779 0.2795
vn 0.8203 -0.5140 0.2510
vn 0.9941 -0.0891 0.0624
vn 0.9188 0.0383 0.3929
vn 0.9666 0.2507 -0.0528
vn 0.9007 -0.2218 0.3735
vn 0.8171 -0.4234 -0.3913
vn 0.8848 0.2519 -0.3919
vn 0.7453 -0.0042 -0.6667
vn 0.8607 0.0946 -0.5002
vn 0.9601 0.0620 0.2728
vn 0.9358 -0.1055 0.3365
vn 0.9411 0.3062 0.1433
vn 0.9972 -0.0723 0.0185
vn 0.9875 -0.0193 0.1566
vn 0.9549 -0.1312 0.2664
vn 0.9905 -0.0610 -0.1233
vn 0.9249 -0.0677 -0.3743
vn 0.8964 -0.1975 -0.3969
vn 0.8939 0.3565 -0.2719
vn 0.8353 -0.0044 -0.5498
vn 0.9723 0.2332 -0.0141
vn 0.5965 -0.5556 -0.5792
vn 0.9062 -0.0147 0.4226
vn 0.8475 -0.2659 0.4593
vn 0.9089 -0.3470 0.2311
vn 0.8847 -0.4081 0.2252
vn 0.8924 0.4424 0.0890
vn 0.9788 -0.0995 0.1788
vn 0.9467 -0.2335 -0.2219
vn 0.8642 -0.0536 -0.5002
vn 0.8079 -0.2701 -0.5238
vn 0.9585 0.2668 -0.1007
vn 0.9874 -0.1534 -0.0383
vn 0.8443 -0.1636 -0.5103
vn 0.9363 -0.1514 0.3167
vn 0.8894 0.3220 0.3246
vn 0.9210 -0.0375 -0.3877
vn 0.8173 -0.0733 -0.5715
vn 0.9721 -0.0213 0.2334
vn 0.9845 0.1581 0.0761
vn 0.9237 0.1972 -0.3286
vn 0.9146 -0.0374 -0.4026
vn 0.9530 0.1205 0.2781
vn 0.9409 0.2950 0.1665
vn 0.9628 -0.2686 0.0293
vn 0.9434 0.3293 -0.0396
vn 0.9817 -0.1904 -0.0040
vn 0.9924 -0.0803 -0.0934
vn 0.9250 0.3113 -0.2180
vn 0.9647 -0.0852 -0.2494
vn 0.9317 -0.0541 -0.3591
vn 0.9406 0.1351 -0.3115
vn 0.9390 -0.1492 0.3098
vn 0.9980 0.0393 0.0497
vn 0.9988 0.0170 0.0459
vn 0.9953 -0.0832 0.0502
vn 0.9814 0.1024 -0.1625
vn 0.9722 -0.0927 -0.2152
vn 0.9304 0.0706 -0.3597
vn 0.9824 -0.0088 0.1868
vn 0.9754 -0.1706 0.1398
vn 0.9838 0.1619 0.0769
vn 0.9792 -0.1277 -0.1577
vn 0.9756 0.1930 -0.1050
vn 0.9990 -0.0454 0.0028
vn 0.9891 0.0433 -0.1404
vn -0.9397 -0.1224 0.3194
vn -0.9250 -0.3475 0.1538
vn -0.9832 0.1706 0.0649
vn -0.9966 -0.0815 0.0100
vn -0.6973 0.7069 0.1188
vn -0.9541 -0.2962 -0.0448
vn -0.6968 0.7147 -0.0605
vn -0.9538 0.2624 -0.1462
vn -0.8908 0.2543 0.3767
vn -0.8500 -0.3135 0.4234
vn -0.5629 0.7835 0.2630
vn -0.8275 -0.5614 0.0080
vn -0.2020 0.9791 0.0223
vn -0.9002 -0.4260 -0.0900
vn -0.9805 -0.1400 -0.1381
vn -0.6459 0.7559 -0.1073
vn -0.9656 -0.2153 -0.1459
vn -0.9875 0.0726 -0.1396
vn -0.8038 -0.0816 0.5892
vn -0.7149 -0.3072 0.6282
vn -0.5735 0.7080 0.4121
vn -0.8013 -0.5286 0.2802
vn -0.6883 -0.7113 0.1426
vn -0.4890 0.8687 -0.0793
vn -0.8852 0.4509 -0.1144
vn -0.9483 0.2810 -0.1478
vn -0.9864 -0.0670 -0.1503
vn -0.7012 0.1870 0.6880
vn -0.4659 0.6656 0.5831
vn -0.7067 -0.5032 0.4974
vn -0.0856 0.9962 -0.0135
vn -0.7027 -0.7071 -0.0789
vn -0.8006 -0.5839 -0.1347
vn -0.8941 -0.4268 -0.1354
vn -0.7555 0.6441 -0.1199
vn -0.4181 0.9059 -0.0674
vn -0.9465 -0.2891 -0.1435
vn -0.9867 -0.0757 -0.1440
vn -0.8283 0.5440 -0.1344
vn -0.9738 0.1762 -0.1438
vn -0.5947 -0.1465 0.7905
vn -0.5733 -0.4427 0.6894
vn -0.1618 0.9754 0.1500
vn -0.6113 -0.7139 0.3417
vn -0.7108 -0.6903 -0.1348
vn -0.8577 -0.4952 -0.1385
vn -0.4463 0.8910 -0.0828
vn -0.8668 0.4772 -0.1450
vn -0.9723 0.1550 -0.1751
vn -0.9200 -0.2092 -0.3314
vn -0.4255 0.1337 0.8950
vn -0.2862 0.7924 0.5387
vn -0.4840 -0.6755 0.5562
vn -0.5495 -0.8353 0.0145
vn -0.1077 0.9940 -0.0207
vn -0.6042 0.7805 -0.1607
vn -0.8471 -0.4958 -0.1911
vn -0.9278 0.1473 -0.3428
vn -0.7869 0.5357 -0.3064
vn -0.4338 -0.2985 0.8501
vn -0.3290 -0.4935 0.8051
vn -0.0502 0.9900 0.1317
vn -0.4346 -0.8460 0.3090
vn -0.4007 -0.9070 -0.1295
vn -0.5666 -0.8135 -0.1308
vn -0.3798 0.8918 -0.2458
vn -0.7032 -0.5817 -0.4088
vn -0.7311 -0.2748 -0.6245
vn -0.7437 0.1932 -0.6400
vn -0.1825 -0.2953 0.9378
vn -0.2592 0.3540 0.8986
vn -0.3406 -0.6135 0.7124
vn -0.2725 -0.8102 0.5189
vn -0.3386 -0.9395 -0.0515
vn -0.3951 -0.9094 -0.1300
vn -0.0706 0.9966 -0.0433
vn -0.5861 -0.7727 -0.2439
vn -0.4505 -0.5833 -0.6759
vn -0.4736 0.6890 -0.5486
vn -0.3912 0.3750 -0.8404
vn -0.2949 -0.9344 0.1998
vn -0.1733 -0.9769 -0.1246
vn -0.3432 -0.9158 -0.2086
vn -0.3512 -0.8028 -0.4818
vn -0.3385 -0.3519 -0.8727
vn -0.4967 -0.0629 -0.8656
vn -0.1107 -0.0560 0.9923
vn -0.0556 0.7437 0.6662
vn 0.0001 -0.5682 0.8229
vn -0.1323 -0.6986 0.7031
vn 0.0054 -0.8657 0.5006
vn -0.0704 -0.9435 0.3239
vn -0.1143 -0.9931 0.0262
vn -0.2226 -0.9665 -0.1278
vn -0.1588 -0.9788 -0.1296
vn -0.1333 0.8952 -0.4253
vn -0.1609 -0.9784 -0.1295
vn -0.0206 -0.9919 -0.1255
vn -0.0011 -0.9386 -0.3450
vn -0.0433 -0.7184 -0.6943
vn -0.0092 0.6861 -0.7274
vn 0.0922 -0.4239 -0.9010
vn -0.0428 0.0759 -0.9962
vn 0.1539 -0.3112 0.9378
vn 0.0852 0.0478 0.9952
vn 0.0982 0.7058 0.7016
vn 0.1351 -0.7308 0.6691
vn 0.0642 -0.9975 0.0309
vn 0.0738 -0.9887 -0.1307
vn 0.2062 -0.9409 0.2688
vn 0.0737 -0.9891 -0.1274
vn 0.1701 -0.9771 -0.1275
vn 0.3058 0.8869 -0.3462
vn 0.3472 0.7040 -0.6195
vn 0.2703 -0.0759 -0.9598
vn 0.3498 0.4137 -0.8405
vn 0.2528 -0.4771 0.8417
vn 0.3702 -0.5881 0.7191
vn 0.0639 0.9880 0.1404
vn 0.2265 -0.9690 -0.0989
vn 0.3014 -0.9447 -0.1293
vn 0.3092 -0.9221 -0.2329
vn 0.3612 -0.7116 -0.6027
vn 0.4498 -0.0981 0.8877
vn 0.3326 0.2538 0.9083
vn 0.3091 -0.7950 0.5220
vn 0.4018 -0.8571 0.3223
vn 0.3411 -0.9393 0.0367
vn 0.1669 0.9819 -0.0893
vn 0.5534 -0.7946 -0.2495
vn 0.5424 -0.3398 -0.7683
vn 0.5155 -0.3505 0.7819
vn 0.2828 0.8196 0.4983
vn 0.4324 -0.8926 -0.1274
vn 0.7032 -0.6984 -0.1334
vn 0.7044 -0.6026 -0.3751
vn 0.7270 0.4857 -0.4852
vn 0.5706 0.0777 -0.8175
vn 0.5698 -0.5831 0.5790
vn 0.5654 -0.7163 0.4089
vn 0.5156 -0.8565 -0.0239
vn 0.5377 -0.8329 -0.1312
vn 0.1198 0.9926 -0.0206
vn 0.2171 0.9755 -0.0364
vn 0.5693 0.8061 -0.1615
vn 0.8726 -0.4058 -0.2718
vn 0.9552 -0.2062 -0.2122
vn 0.9613 0.1076 -0.2535
vn 0.8229 -0.2299 -0.5196
vn 0.8576 0.1051 -0.5035
vn 0.5314 0.4221 0.7345
vn 0.6000 -0.7791 0.1817
vn 0.4891 0.8687 -0.0780
vn 0.8803 0.4463 -0.1608
vn 0.6928 0.2109 0.6896
vn 0.7447 -0.2693 0.6106
vn 0.6853 -0.0870 0.7231
vn 0.2032 0.9757 0.0822
vn 0.6738 -0.7373 -0.0501
vn 0.8133 -0.5659 -0.1354
vn 0.9093 -0.3915 -0.1406
vn 0.9706 -0.1907 -0.1471
vn 0.7341 0.6641 -0.1417
vn 0.9825 0.1207 -0.1419
vn 0.5735 0.7083 0.4116
vn 0.7596 -0.4292 0.4886
vn 0.7486 -0.5792 0.3228
vn 0.7876 -0.6122 0.0700
vn 0.1846 0.9826 -0.0196
vn 0.4841 0.8713 -0.0802
vn 0.9419 -0.3060 -0.1387
vn 0.8549 0.5012 -0.1337
vn 0.9855 -0.0904 -0.1434
vn 0.8384 0.5289 -0.1314
vn 0.9813 0.1151 -0.1543
vn 0.8747 0.1077 0.4726
vn 0.9019 -0.1769 0.3941
vn 0.7104 0.6560 0.2548
vn 0.8972 -0.3938 0.1999
vn 0.8328 -0.5481 -0.0774
vn 0.9290 -0.3655 -0.0586
vn 0.5613 0.8226 -0.0908
vn 0.9859 -0.0870 -0.1427
vn 0.9297 0.3401 -0.1414
vn 0.9783 0.1440 -0.1488
vn 0.9749 -0.1828 0.1268
vn 0.9733 0.0540 0.2230
vn 0.9419 0.3275 0.0748
vn 0.6215 0.7833 -0.0115
vn 0.9916 -0.1027 -0.0790
vn 0.9626 0.2493 -0.1064
vn 0.6469 0.7577 -0.0864
vn 0.8168 -0.4015 -0.4143
vn -0.8225 -0.2962 -0.4855
vn -0.0716 -0.5334 0.8428
vn 0.0649 -0.6452 -0.7612
vn 0.6716 -0.5465 0.5004
vn -0.7620 -0.4364 0.4785
vn 0.1631 0.9793 0.1195
vn 0.9247 -0.3734 -0.0738
vn -0.9690 -0.1989 -0.1463
vn -0.0265 -0.9339 -0.3565
vn 0.1979 0.9618 -0.1891
vn 0.8185 0.5726 0.0476
vn 0.5102 0.5193 0.6856
vn -0.1824 0.5058 0.8432
vn -0.7380 0.5422 0.4017
vn -0.7380 0.6011 -0.3065
vn -0.1824 0.6382 -0.7480
vn 0.5102 0.6255 -0.5903
vn 0.9699 -0.2427 -0.0200
vn 0.6079 -0.2953 0.7371
vn -0.2141 -0.2769 0.9368
vn -0.8873 -0.1996 0.4157
vn -0.8891 -0.1217 -0.4413
vn -0.2149 -0.1037 -0.9711
vn 0.6100 -0.1581 -0.7765
vn -0.0952 -0.9906 -0.0984
vn 0.8145 -0.5774 0.0577
vn 0.5077 -0.6405 -0.5762
vn -0.1816 -0.6557 -0.7329
vn -0.7344 -0.6116 -0.2943
vn -0.7344 -0.5413 0.4095
vn -0.1816 -0.4978 0.8481
vn 0.5077 -0.5139 0.6915
vn 0.9692 0.2449 -0.0242
vn 0.6113 0.1413 -0.7787
vn -0.2139 0.0735 -0.9741
vn -0.8916 0.0946 -0.4429
vn -0.8890 0.1904 0.4165
vn -0.2128 0.2858 0.9344
vn 0.6082 0.3089 0.7312
vn -0.1183 0.9854 -0.1222
vn -0.0000 0.8367 0.5476
vn 0.7254 0.4173 0.5474
vn 0.7253 -0.4282 0.5391
vn -0.0000 -0.8477 0.5306
vn -0.7253 -0.4282 0.5391
vn -0.7254 0.4173 0.5473
vn -0.0000 0.8200 -0.5723
vn 0.7951 0.4387 -0.4186
vn 0.8994 -0.4327 -0.0627
vn -0.0000 -0.9846 0.1746
vn -0.8994 -0.4327 -0.0627
vn -0.7951 0.4387 -0.4186
vn -0.0000 -0.7523 -0.6588
vn -0.0000 -0.8476 0.5306
vn -0.8168 -0.4015 -0.4143
vn 0.8225 -0.2962 -0.4855
vn 0.0716 -0.5334 0.8428
vn -0.0649 -0.6452 -0.7612
vn -0.6716 -0.5465 0.5004
vn 0.7620 -0.4364 0.4785
vn -0.1631 0.9793 0.1195
vn -0.9249 -0.3731 -0.0738
vn 0.9690 -0.1989 -0.1465
vn 0.0264 -0.9339 -0.3565
vn -0.2013 0.9611 -0.1891
vn 0.8191 0.5716 0.0476
vn 0.5108 0.5187 0.6856
vn -0.1819 0.5060 0.8431
vn -0.7374 0.5431 0.4017
vn -0.7374 0.6020 -0.3064
vn -0.1820 0.6384 -0.7479
vn 0.5107 0.6249 -0.5904
vn 0.9876 -0.1562 -0.0119
vn 0.6101 -0.2427 0.7543
vn -0.2204 -0.2956 0.9296
vn -0.8745 -0.2764 0.3986
vn -0.8760 -0.2006 -0.4385
vn -0.2214 -0.1235 -0.9673
vn 0.6121 -0.1029 -0.7840
vn 0.0952 -0.9906 -0.0984
vn 0.8152 -0.5764 0.0576
vn 0.5083 -0.6399 -0.5764
vn -0.1810 -0.6559 -0.7328
vn -0.7338 -0.6124 -0.2941
vn -0.7338 -0.5422 0.4094
vn -0.1810 -0.4980 0.8480
vn 0.5083 -0.5133 0.6915
vn 0.9905 0.1369 -0.0118
vn 0.6130 0.0720 -0.7868
vn -0.2232 0.0984 -0.9698
vn -0.8762 0.1934 -0.4413
vn -0.8739 0.2860 0.3931
vn -0.2216 0.3089 0.9249
vn 0.6099 0.2435 0.7541
vn 0.1183 0.9854 -0.1222
vn 0.7254 0.4173 0.5473
vn -0.7254 0.4173 0.5474
vn -0.0000 1.0000 -0.0000
vn -0.0000 0.6149 -0.7886
vn -0.0000 -0.0000 -1.0000
vn -0.0000 -0.3300 -0.9440
vn -0.0000 -0.6149 -0.7886
vn -0.0000 -0.9547 -0.2974
vn -0.0000 -1.0000 -0.0000
vn 0.0883 0.9567 -0.2774
vn 0.1710 0.8331 -0.5260
vn 0.2443 0.6251 -0.7413
vn 0.2971 0.3380 -0.8930
vn 0.3167 -0.0000 -0.9485
vn 0.2971 -0.3380 -0.8930
vn 0.2443 -0.6251 -0.7413
vn 0.1710 -0.8331 -0.5260
vn 0.0883 -0.9567 -0.2774
vn 0.1671 0.9616 -0.2175
vn 0.3251 0.8500 -0.4145
vn 0.4723 0.6516 -0.5936
vn 0.5851 0.3595 -0.7270
vn 0.6288 -0.0000 -0.7776
vn 0.5851 -0.3595 -0.7270
vn 0.4723 -0.6516 -0.5936
vn 0.3251 -0.8500 -0.4145
vn 0.1671 -0.9616 -0.2175
vn 0.2246 0.9669 -0.1210
vn 0.4389 0.8681 -0.2319
vn 0.6496 0.6810 -0.3380
vn 0.8214 0.3843 -0.4215
vn 0.8908 -0.0000 -0.4544
vn 0.8214 -0.3843 -0.4215
vn 0.6496 -0.6810 -0.3380
vn 0.4389 -0.8681 -0.2319
vn 0.2246 -0.9669 -0.1210
vn 0.2463 0.9692 -0.0000
vn 0.4822 0.8760 -0.0000
vn 0.7198 0.6942 -0.0000
vn 0.9184 0.3956 -0.0000
vn 1.0000 -0.0000 -0.0000
vn 0.9184 -0.3956 -0.0000
vn 0.7198 -0.6942 -0.0000
vn 0.4822 -0.8760 -0.0000
vn 0.2463 -0.9692 -0.0000
vn 0.2246 0.9669 0.1210
vn 0.4389 0.8681 0.2319
vn 0.6496 0.6810 0.3380
vn 0.8214 0.3843 0.4215
vn 0.8908 -0.0000 0.4544
vn 0.8214 -0.3843 0.4215
vn 0.6496 -0.6810 0.3380
vn 0.4389 -0.8681 0.2319
vn 0.2246 -0.9669 0.1210
vn 0.1671 0.9616 0.2175
vn 0.3251 0.8500 0.4145
vn 0.4723 0.6516 0.5936
vn 0.5851 0.3595 0.7269
vn 0.6288 -0.0000 0.7776
vn 0.5851 -0.3595 0.7269
vn 0.4723 -0.6516 0.5936
vn 0.3251 -0.8500 0.4145
vn 0.1671 -0.9616 0.2175
vn 0.0883 0.9567 0.2774
vn 0.1710 0.8331 0.5260
vn 0.2443 0.6251 0.7413
vn 0.2971 0.3380 0.8930
vn 0.3167 -0.0000 0.9485
vn 0.2971 -0.3380 0.8930
vn 0.2443 -0.6251 0.7413
vn 0.1710 -0.8331 0.5260
vn 0.0883 -0.9567 0.2774
vn -0.0000 0.9547 0.2974
vn -0.0000 0.8264 0.5631
vn -0.0000 0.6149 0.7886
vn -0.0000 0.3300 0.9440
vn -0.0000 -0.0000 1.0000
vn -0.0000 -0.3300 0.9440
vn -0.0000 -0.6149 0.7886
vn -0.0000 -0.8264 0.5631
vn -0.0000 -0.9547 0.2974
vn -0.0883 0.9567 0.2774
vn -0.1710 0.8331 0.5260
vn -0.2443 0.6251 0.7413
vn -0.2971 0.3380 0.8930
vn -0.3167 -0.0000 0.9485
vn -0.2971 -0.3380 0.8930
vn -0.2443 -0.6251 0.7413
vn -0.1710 -0.8331 0.5260
vn -0.0883 -0.9567 0.2774
vn -0.1671 0.9616 0.2175
vn -0.3251 0.8500 0.4145
vn -0.4723 0.6516 0.5936
vn -0.5851 0.3595 0.7269
vn -0.6288 -0.0000 0.7776
vn -0.5851 -0.3595 0.7270
vn -0.4723 -0.6516 0.5936
vn -0.3251 -0.8500 0.4145
vn -0.1671 -0.9616 0.2175
vn -0.2246 0.9669 0.1210
vn -0.4389 0.8681 0.2319
vn -0.6496 0.6810 0.3380
vn -0.8214 0.3843 0.4215
vn -0.8908 -0.0000 0.4544
vn -0.8214 -0.3843 0.4215
vn -0.6496 -0.6810 0.3380
vn -0.4389 -0.8681 0.2319
vn -0.2246 -0.9669 0.1210
vn -0.2463 0.9692 -0.0000
vn -0.4822 0.8760 -0.0000
vn -0.7198 0.6942 -0.0000
vn -0.9184 0.3956 -0.0000
vn -1.0000 -0.0000 -0.0000
vn -0.9184 -0.3956 -0.0000
vn -0.7198 -0.6942 -0.0000
vn -0.4822 -0.8760 -0.0000
vn -0.2463 -0.9692 -0.0000
vn -0.2246 0.9669 -0.1210
vn -0.4389 0.8681 -0.2319
vn -0.6496 0.6810 -0.3380
vn -0.8214 0.3843 -0.4215
vn -0.8908 -0.0000 -0.4544
vn -0.8214 -0.3843 -0.4215
vn -0.6496 -0.6810 -0.3380
vn -0.4389 -0.8681 -0.2319
vn -0.2246 -0.9669 -0.1210
vn -0.1671 0.9616 -0.2175
vn -0.3251 0.8500 -0.4145
vn -0.4723 0.6516 -0.5936
vn -0.5851 0.3595 -0.7269
vn -0.6288 -0.0000 -0.7776
vn -0.5851 -0.3595 -0.7269
vn -0.4723 -0.6516 -0.5936
vn -0.3251 -0.8500 -0.4145
vn -0.1671 -0.9616 -0.2175
vn -0.0883 0.9567 -0.2774
vn -0.1710 0.8331 -0.5260
vn -0.2443 0.6251 -0.7413
vn -0.2971 0.3380 -0.8930
vn -0.3167 -0.0000 -0.9485
vn -0.2971 -0.3380 -0.8930
vn -0.2443 -0.6251 -0.7413
vn -0.1710 -0.8331 -0.5260
vn -0.0883 -0.9567 -0.2774
vn -0.0000 0.9547 -0.2974
vn -0.0000 0.8264 -0.5631
vn -0.0000 0.3300 -0.9440
vn -0.0000 -0.8264 -0.5631
vt 0.056846 0.097978
vt 0.075322 0.111481
vt 0.053706 0.116435
vt 0.078989 0.090013
vt 0.059478 0.082489
vt 0.090618 0.128386
vt 0.065657 0.133759
vt 0.037870 0.100226
vt 0.051166 0.140968
vt 0.076487 0.064150
vt 0.097081 0.079496
vt 0.036870 0.122473
vt 0.034571 0.143309
vt 0.082058 0.147182
vt 0.088923 0.165405
vt 0.072357 0.154943
vt 0.099821 0.144253
vt 0.106909 0.121676
vt 0.287270 0.132718
vt 0.298974 0.149285
vt 0.285639 0.169567
vt 0.297626 0.171134
vt 0.298957 0.124055
vt 0.284362 0.207383
vt 0.312888 0.177135
vt 0.292162 0.207452
vt 0.310399 0.168933
vt 0.318689 0.124979
vt 0.335697 0.138965
vt 0.055176 0.161277
vt 0.043493 0.150054
vt 0.058997 0.167671
vt 0.093436 0.062057
vt 0.093743 0.050508
vt 0.063815 0.197521
vt 0.061502 0.180538
vt 0.126661 0.072828
vt 0.108087 0.087022
vt 0.111635 0.066613
vt 0.104343 0.169559
vt 0.097647 0.179526
vt 0.113345 0.147970
vt 0.266929 0.138590
vt 0.277124 0.116533
vt 0.276166 0.164793
vt 0.322955 0.180873
vt 0.301374 0.212330
vt 0.356489 0.883579
vt 0.368649 0.889097
vt 0.356996 0.906303
vt 0.361025 0.857185
vt 0.366222 0.871942
vt 0.087633 0.042017
vt 0.304730 0.104685
vt 0.289059 0.101568
vt 0.298353 0.087884
vt 0.266830 0.247395
vt 0.279092 0.205663
vt 0.325378 0.096460
vt 0.321905 0.081076
vt 0.275816 0.250192
vt 0.345007 0.123867
vt 0.330943 0.124627
vt 0.333946 0.109545
vt 0.346348 0.140326
vt 0.923775 0.283855
vt 0.921485 0.292450
vt 0.920501 0.281962
vt 0.925718 0.293554
vt 0.028156 0.215388
vt 0.030568 0.221725
vt 0.015159 0.229163
vt 0.048791 0.181891
vt 0.023848 0.211384
vt 0.033993 0.230815
vt 0.027143 0.315670
vt 0.028585 0.322741
vt 0.013911 0.315318
vt 0.070940 0.202551
vt 0.113476 0.047264
vt 0.125008 0.053832
vt 0.078151 0.205111
vt 0.155161 0.084713
vt 0.117476 0.098145
vt 0.254473 0.124640
vt 0.255498 0.104709
vt 0.258189 0.267272
vt 0.277129 0.274278
vt 0.265771 0.271894
vt 0.264262 0.296386
vt 0.308906 0.215805
vt 0.285814 0.253692
vt 0.346040 0.090693
vt 0.352486 0.105235
vt 0.336091 0.185294
vt 0.358388 0.147645
vt 0.913483 0.284646
vt 0.912335 0.276005
vt 0.685271 0.584098
vt 0.685403 0.593934
vt 0.682209 0.585072
vt 0.019868 0.251922
vt 0.012543 0.252897
vt 0.045658 0.169924
vt 0.015524 0.324000
vt 0.432920 0.869992
vt 0.440733 0.863281
vt 0.450485 0.867465
vt 0.105235 0.038050
vt 0.043040 0.320726
vt 0.047589 0.324779
vt 0.271495 0.297185
vt 0.259458 0.325187
vt 0.277312 0.298907
vt 0.287377 0.277390
vt 0.254004 0.374061
vt 0.266076 0.380062
vt 0.257262 0.382852
vt 0.264521 0.388152
vt 0.277060 0.378841
vt 0.254915 0.362965
vt 0.278685 0.387938
vt 0.361480 0.115172
vt 0.767336 0.068038
vt 0.766392 0.069634
vt 0.766392 0.066165
vt 0.907108 0.255707
vt 0.348661 0.904755
vt 0.343778 0.886572
vt 0.007478 0.252861
vt 0.004648 0.233674
vt 0.176155 0.560878
vt 0.184779 0.566774
vt 0.180884 0.583609
vt 0.189786 0.665388
vt 0.184782 0.673536
vt 0.179950 0.666394
vt 0.183103 0.653815
vt 0.018299 0.298421
vt 0.010149 0.297562
vt 0.034575 0.240008
vt 0.028689 0.250981
vt 0.024438 0.293867
vt 0.041390 0.236753
vt 0.151327 0.052284
vt 0.188843 0.353612
vt 0.199967 0.355878
vt 0.191851 0.375652
vt 0.249211 0.359525
vt 0.243476 0.374295
vt 0.351339 0.072386
vt 0.354200 0.072722
vt 0.351060 0.073193
vt 0.290726 0.387300
vt 0.358487 0.162719
vt 0.121934 0.204805
vt 0.122211 0.196330
vt 0.125614 0.204805
vt 0.371917 0.164441
vt 0.366036 0.165758
vt 0.368368 0.151476
vt 0.585742 0.514978
vt 0.585742 0.520205
vt 0.583942 0.519379
vt 0.918164 0.254328
vt 0.145334 0.878811
vt 0.151901 0.889486
vt 0.146127 0.885926
vt 0.337428 0.857796
vt 0.350335 0.862560
vt 0.337992 0.880631
vt 0.030721 0.295329
vt 0.144006 0.040412
vt 0.215881 0.083022
vt 0.212542 0.098105
vt 0.262737 0.089460
vt 0.188820 0.392522
vt 0.204963 0.383507
vt 0.208413 0.408736
vt 0.184619 0.281047
vt 0.194818 0.264031
vt 0.198368 0.284206
vt 0.203404 0.339772
vt 0.190838 0.313835
vt 0.270701 0.358951
vt 0.266615 0.366661
vt 0.263276 0.359000
vt 0.355755 0.079277
vt 0.352807 0.073372
vt 0.111345 0.327388
vt 0.111960 0.321393
vt 0.111960 0.327688
vt 0.364320 0.063207
vt 0.367552 0.067502
vt 0.354789 0.069505
vt 0.295829 0.392973
vt 0.360239 0.158243
vt 0.363145 0.133587
vt 0.562531 0.930184
vt 0.562139 0.940925
vt 0.555511 0.938995
vt 0.925718 0.256324
vt 0.685142 0.567078
vt 0.682209 0.551423
vt 0.442803 0.058780
vt 0.443200 0.063984
vt 0.430218 0.064046
vt 0.340335 0.841436
vt 0.354532 0.947020
vt 0.339256 0.953026
vt 0.337524 0.942648
vt 0.037100 0.250886
vt 0.037426 0.271778
vt 0.879818 0.782853
vt 0.889795 0.762764
vt 0.890219 0.778764
vt 0.130287 0.029233
vt 0.220729 0.065786
vt 0.244253 0.118487
vt 0.239858 0.135264
vt 0.208413 0.116517
vt 0.278299 0.074117
vt 0.234639 0.055979
vt 0.199997 0.313835
vt 0.190204 0.294856
vt 0.200970 0.292611
vt 0.323637 0.065032
vt 0.296117 0.063069
vt 0.308572 0.053066
vt 0.275466 0.360427
vt 0.276394 0.367286
vt 0.548226 0.809459
vt 0.561881 0.807206
vt 0.552473 0.818298
vt 0.373359 0.140128
vt 0.363436 0.163655
vt 0.215360 0.733347
vt 0.218620 0.733991
vt 0.216399 0.735932
vt 0.178732 0.530425
vt 0.175466 0.537672
vt 0.173977 0.526664
vt 0.166031 0.067579
vt 0.152358 0.068247
vt 0.167459 0.085214
vt 0.163631 0.100853
vt 0.155273 0.102544
vt 0.189895 0.070509
vt 0.189193 0.091331
vt 0.249971 0.146139
vt 0.240243 0.149201
vt 0.281491 0.050254
vt 0.267042 0.056823
vt 0.187983 0.200522
vt 0.192355 0.186430
vt 0.194523 0.200673
vt 0.360814 0.078377
vt 0.356008 0.075913
vt 0.685414 0.533345
vt 0.683035 0.536589
vt 0.683035 0.526692
vt 0.375143 0.095208
vt 0.373396 0.107080
vt 0.370668 0.100073
vt 0.730186 0.267217
vt 0.737298 0.265007
vt 0.737298 0.274439
vt 0.404035 0.057179
vt 0.406095 0.063101
vt 0.382701 0.058844
vt 0.456794 0.057672
vt 0.049153 0.051884
vt 0.048235 0.047961
vt 0.048841 0.047899
vt 0.175792 0.676897
vt 0.165693 0.677222
vt 0.171937 0.669197
vt 0.167039 0.044354
vt 0.173548 0.094677
vt 0.197829 0.046976
vt 0.208022 0.105607
vt 0.180766 0.103747
vt 0.209059 0.037114
vt 0.208140 0.129790
vt 0.935030 0.397550
vt 0.946199 0.385455
vt 0.939168 0.402239
vt 0.639126 0.809506
vt 0.700225 0.811477
vt 0.700085 0.819092
vt 0.372806 0.087750
vt 0.158806 0.899312
vt 0.154324 0.910436
vt 0.690847 0.576152
vt 0.691541 0.559752
vt 0.699068 0.566352
vt 0.457302 0.064430
vt 0.454978 0.070460
vt 0.472823 0.067296
vt 0.477285 0.055289
vt 0.454853 0.052561
vt 0.472351 0.039375
vt 0.325963 0.577296
vt 0.326323 0.568385
vt 0.326323 0.584377
vt 0.956756 0.388227
vt 0.965314 0.389487
vt 0.962538 0.401418
vt 0.325592 0.809939
vt 0.349465 0.824755
vt 0.345180 0.829901
vt 0.852489 0.798885
vt 0.862505 0.786064
vt 0.876333 0.800105
vt 0.139952 0.026675
vt 0.155904 0.111867
vt 0.169503 0.116223
vt 0.161059 0.122539
vt 0.176795 0.120052
vt 0.207772 0.373615
vt 0.216607 0.391236
vt 0.209157 0.348407
vt 0.212424 0.341384
vt 0.375728 0.079459
vt 0.381657 0.089527
vt 0.596754 0.025730
vt 0.600084 0.034841
vt 0.594455 0.040674
vt 0.423244 0.046179
vt 0.404968 0.052221
vt 0.407100 0.045619
vt 0.422359 0.058835
vt 0.452829 0.037586
vt 0.448322 0.044930
vt 0.439282 0.037112
vt 0.461114 0.029510
vt 0.437234 0.029917
vt 0.467309 0.078845
vt 0.486951 0.077542
vt 0.488054 0.065414
vt 0.241174 0.162812
vt 0.224520 0.379705
vt 0.338381 0.044371
vt 0.361801 0.045085
vt 0.397358 0.077791
vt 0.389829 0.087770
vt 0.388273 0.071523
vt 0.403342 0.068225
vt 0.389438 0.064771
vt 0.011124 0.673693
vt 0.005291 0.676625
vt 0.005539 0.675592
vt 0.017681 0.692200
vt 0.011349 0.690100
vt 0.275804 0.932068
vt 0.275176 0.935790
vt 0.269989 0.937953
vt 0.459460 0.038155
vt 0.022753 0.830884
vt 0.034499 0.830879
vt 0.024750 0.835791
vt 0.495393 0.052857
vt 0.500561 0.066640
vt 0.168136 0.017926
vt 0.678525 0.005936
vt 0.686438 0.009287
vt 0.683612 0.023211
vt 0.176460 0.941168
vt 0.177936 0.932208
vt 0.187285 0.938775
vt 0.018625 0.650440
vt 0.010260 0.654491
vt 0.005291 0.648664
vt 0.950295 0.633530
vt 0.944762 0.630269
vt 0.949904 0.629687
vt 0.112433 0.872646
vt 0.106101 0.870826
vt 0.109216 0.863864
vt 0.482379 0.026996
vt 0.499912 0.036093
vt 0.500481 0.077085
vt 0.513190 0.050343
vt 0.317787 0.910574
vt 0.317032 0.893843
vt 0.327952 0.897180
vt 0.853624 0.788429
vt 0.865460 0.771779
vt 0.115065 0.021870
vt 0.122285 0.008550
vt 0.164854 0.129802
vt 0.718139 0.497554
vt 0.705919 0.544319
vt 0.713979 0.459041
vt 0.205076 0.569894
vt 0.211393 0.577397
vt 0.196425 0.577284
vt 0.208147 0.522877
vt 0.216711 0.529324
vt 0.205546 0.537551
vt 0.196871 0.504550
vt 0.214068 0.509928
vt 0.058647 0.012104
vt 0.064183 0.009438
vt 0.064836 0.030673
vt 0.068268 0.005546
vt 0.068268 0.026306
vt 0.383640 0.041596
vt 0.371368 0.056154
vt 0.132441 0.589838
vt 0.129026 0.589128
vt 0.123141 0.582013
vt 0.422148 0.068978
vt 0.131029 0.570206
vt 0.123721 0.568552
vt 0.410921 0.087305
vt 0.941438 0.620987
vt 0.105930 0.891787
vt 0.100523 0.892888
vt 0.101794 0.877005
vt 0.710116 0.359028
vt 0.714087 0.361214
vt 0.710116 0.368649
vt 0.311071 0.815368
vt 0.323823 0.826554
vt 0.102016 0.020761
vt 0.836970 0.931564
vt 0.829044 0.924333
vt 0.836970 0.920471
vt 0.180706 0.128475
vt 0.207081 0.198395
vt 0.213285 0.199359
vt 0.217987 0.262626
vt 0.395712 0.050925
vt 0.386457 0.051397
vt 0.976117 0.865642
vt 0.971965 0.859615
vt 0.977602 0.862195
vt 0.893521 0.283838
vt 0.887672 0.301331
vt 0.886645 0.273265
vt 0.431214 0.061198
vt 0.437359 0.078852
vt 0.437135 0.048601
vt 0.432669 0.051698
vt 0.429858 0.043754
vt 0.437456 0.064963
vt 0.100523 0.864516
vt 0.106511 0.859739
vt 0.102730 0.850672
vt 0.505229 0.023169
vt 0.490157 0.014464
vt 0.530899 0.039658
vt 0.519279 0.589174
vt 0.523245 0.594307
vt 0.512489 0.593044
vt 0.111960 0.562531
vt 0.111137 0.554521
vt 0.111960 0.554401
vt 0.563685 0.583961
vt 0.578123 0.594183
vt 0.560632 0.586954
vt 0.633442 0.597187
vt 0.617030 0.596911
vt 0.621946 0.593429
vt 0.093742 0.677863
vt 0.088084 0.676536
vt 0.107848 0.636570
vt 0.090163 0.691179
vt 0.105454 0.004648
vt 0.085765 0.019963
vt 0.070705 0.670588
vt 0.066745 0.665537
vt 0.086279 0.626620
vt 0.454339 0.901931
vt 0.448012 0.892779
vt 0.462859 0.899423
vt 0.724520 0.461967
vt 0.717095 0.415952
vt 0.727512 0.403047
vt 0.726192 0.615773
vt 0.711702 0.597196
vt 0.712024 0.570599
vt 0.665942 0.841649
vt 0.674091 0.838426
vt 0.677434 0.850789
vt 0.199219 0.165209
vt 0.199219 0.153217
vt 0.204805 0.160691
vt 0.488992 0.790243
vt 0.486288 0.792030
vt 0.478155 0.781833
vt 0.269983 0.953927
vt 0.269749 0.958487
vt 0.260976 0.957036
vt 0.275230 0.943342
vt 0.275804 0.955947
vt 0.459953 0.013747
vt 0.452352 0.025318
vt 0.115239 0.607360
vt 0.123018 0.601949
vt 0.122531 0.613943
vt 0.081617 0.688086
vt 0.984014 0.536589
vt 0.985495 0.528034
vt 0.989891 0.536589
vt 0.094378 0.629091
vt 0.078683 0.673382
vt 0.523069 0.861890
vt 0.531096 0.864058
vt 0.526523 0.877857
vt 0.042637 0.682711
vt 0.031412 0.680333
vt 0.045455 0.676250
vt 0.202850 0.626218
vt 0.202808 0.609681
vt 0.212584 0.629696
vt 0.228094 0.518056
vt 0.641451 0.790514
vt 0.642836 0.785122
vt 0.701556 0.793222
vt 0.435378 0.026538
vt 0.440721 0.037017
vt 0.425256 0.038091
vt 0.522177 0.024579
vt 0.502412 0.012139
vt 0.617344 0.648980
vt 0.622607 0.648585
vt 0.622607 0.654010
vt 0.542150 0.602201
vt 0.544216 0.614082
vt 0.618529 0.603620
vt 0.607828 0.614335
vt 0.601099 0.593716
vt 0.615248 0.596685
vt 0.628489 0.611853
vt 0.642391 0.611705
vt 0.653561 0.597065
vt 0.652098 0.607120
vt 0.632274 0.602122
vt 0.306038 0.787568
vt 0.326265 0.798673
vt 0.070599 0.681095
vt 0.073679 0.699068
vt 0.061034 0.694617
vt 0.078254 0.693493
vt 0.059793 0.570977
vt 0.074944 0.581825
vt 0.087421 0.606285
vt 0.054157 0.680939
vt 0.061241 0.674977
vt 0.523198 0.844785
vt 0.531128 0.851273
vt 0.449070 0.909334
vt 0.439171 0.905177
vt 0.035900 0.688022
vt 0.048908 0.689949
vt 0.536383 0.162451
vt 0.547367 0.173222
vt 0.538209 0.173894
vt 0.587716 0.158933
vt 0.585639 0.173494
vt 0.572867 0.161874
vt 0.230101 0.311776
vt 0.232143 0.343208
vt 0.221180 0.311772
vt 0.647938 0.061564
vt 0.647039 0.055491
vt 0.712573 0.061722
vt 0.623019 0.784882
vt 0.598675 0.791490
vt 0.600402 0.780003
vt 0.433848 0.019374
vt 0.413659 0.034277
vt 0.449992 0.091640
vt 0.419647 0.100543
vt 0.523739 0.017644
vt 0.544604 0.025742
vt 0.408245 0.967478
vt 0.405355 0.976237
vt 0.405355 0.961919
vt 0.530497 0.054657
vt 0.541534 0.075122
vt 0.518486 0.061202
vt 0.549754 0.032829
vt 0.558380 0.039157
vt 0.536341 0.037561
vt 0.920270 0.530536
vt 0.932545 0.531914
vt 0.932545 0.554979
vt 0.554777 0.601091
vt 0.543939 0.592681
vt 0.586934 0.620434
vt 0.595328 0.605806
vt 0.618758 0.585405
vt 0.620020 0.621304
vt 0.651629 0.619920
vt 0.108289 0.615590
vt 0.103218 0.593663
vt 0.093131 0.597150
vt 0.061185 0.687890
vt 0.081713 0.557387
vt 0.096491 0.562132
vt 0.050327 0.544335
vt 0.550960 0.166651
vt 0.571647 0.174261
vt 0.710952 0.050715
vt 0.736150 0.058093
vt 0.647186 0.047753
vt 0.710458 0.041573
vt 0.710699 0.033405
vt 0.731537 0.035103
vt 0.729050 0.025184
vt 0.752091 0.022959
vt 0.630870 0.029713
vt 0.635273 0.021014
vt 0.641856 0.037851
vt 0.731523 0.741241
vt 0.720516 0.751931
vt 0.724885 0.728817
vt 0.722151 0.801088
vt 0.724432 0.773785
vt 0.730320 0.776860
vt 0.544526 0.062833
vt 0.972141 0.319801
vt 0.972141 0.335880
vt 0.970880 0.331050
vt 0.530401 0.610450
vt 0.528813 0.623972
vt 0.552175 0.610143
vt 0.556661 0.621383
vt 0.568091 0.598665
vt 0.614821 0.578507
vt 0.600012 0.585399
vt 0.588552 0.628063
vt 0.064296 0.549006
vt 0.761711 0.056601
vt 0.745119 0.060764
vt 0.734401 0.048341
vt 0.753966 0.034373
vt 0.520587 0.073189
vt 0.545776 0.089104
vt 0.518582 0.081464
vt 0.552634 0.076354
vt 0.523036 0.607847
vt 0.507201 0.615899
vt 0.519030 0.605978
vt 0.510934 0.623926
vt 0.926276 0.523300
vt 0.569759 0.590834
vt 0.646289 0.590778
vt 0.625763 0.591825
vt 0.634528 0.581001
vt 0.639616 0.628842
vt 0.295728 0.814895
vt 0.303466 0.830422
vt 0.299023 0.831657
vt 0.695735 0.619241
vt 0.690499 0.633670
vt 0.687330 0.617787
vt 0.148278 0.511073
vt 0.137538 0.498957
vt 0.144363 0.488410
vt 0.302759 0.799081
vt 0.299069 0.812277
vt 0.087331 0.548326
vt 0.075502 0.532958
vt 0.093921 0.540415
vt 0.048320 0.528809
vt 0.034601 0.527730
vt 0.049854 0.506330
vt 0.758415 0.047511
vt 0.786167 0.014922
vt 0.785624 0.023568
vt 0.416460 0.119156
vt 0.423171 0.143337
vt 0.411581 0.130689
vt 0.425561 0.122794
vt 0.560705 0.067088
vt 0.553538 0.055371
vt 0.506448 0.608873
vt 0.852816 0.863640
vt 0.840284 0.860354
vt 0.857030 0.855427
vt 0.536938 0.630736
vt 0.511486 0.635285
vt 0.559105 0.585425
vt 0.554175 0.592427
vt 0.548783 0.587501
vt 0.559469 0.632968
vt 0.930087 0.439731
vt 0.932012 0.448772
vt 0.927125 0.453394
vt 0.676103 0.626531
vt 0.672751 0.638163
vt 0.664125 0.604107
vt 0.660699 0.612747
vt 0.682092 0.633881
vt 0.747450 0.326103
vt 0.736614 0.327547
vt 0.740839 0.319138
vt 0.068457 0.521264
vt 0.216492 0.651165
vt 0.231084 0.658948
vt 0.223250 0.665548
vt 0.784718 0.034376
vt 0.933509 0.930730
vt 0.923061 0.928603
vt 0.927471 0.920591
vt 0.550262 0.086207
vt 0.556515 0.049749
vt 0.552434 0.046663
vt 0.564824 0.057603
vt 0.861658 0.849909
vt 0.839945 0.854180
vt 0.579126 0.585893
vt 0.752965 0.200200
vt 0.743226 0.200949
vt 0.752425 0.189659
vt 0.692126 0.608411
vt 0.124829 0.519899
vt 0.136578 0.519305
vt 0.119788 0.507394
vt 0.111482 0.531886
vt 0.104022 0.527830
vt 0.061987 0.507744
vt 0.795404 0.025850
vt 0.799261 0.042549
vt 0.841265 0.770067
vt 0.843169 0.761673
vt 0.848937 0.769610
vt 0.848110 0.759819
vt 0.855039 0.757297
vt 0.856085 0.765171
vt 0.841265 0.754566
vt 0.483096 0.633949
vt 0.752042 0.151424
vt 0.747337 0.133244
vt 0.759425 0.125414
vt 0.677100 0.646080
vt 0.666898 0.648694
vt 0.757621 0.306267
vt 0.742085 0.308774
vt 0.748684 0.297508
vt 0.111338 0.505468
vt 0.096627 0.508405
vt 0.077815 0.511411
vt 0.521490 0.765717
vt 0.515216 0.765731
vt 0.515700 0.761653
vt 0.314127 0.961296
vt 0.310978 0.957413
vt 0.318130 0.956988
vt 0.570962 0.051655
vt 0.565472 0.045679
vt 0.606321 0.097994
vt 0.608039 0.091028
vt 0.465210 0.627541
vt 0.464739 0.632867
vt 0.800295 0.865596
vt 0.837895 0.844198
vt 0.294382 0.884716
vt 0.284308 0.879910
vt 0.291283 0.870732
vt 0.125960 0.497664
vt 0.310668 0.944937
vt 0.479806 0.647546
vt 0.466655 0.642433
vt 0.815613 0.855926
vt 0.049093 0.480633
vt 0.020474 0.475474
vt 0.048065 0.472637
vt 0.062361 0.499870
vt 0.081861 0.502532
vt 0.479543 0.913727
vt 0.468207 0.915800
vt 0.476345 0.904383
vt 0.613049 0.078969
vt 0.594648 0.077792
vt 0.600837 0.067271
vt 0.610697 0.108508
vt 0.602153 0.104059
vt 0.614930 0.089158
vt 0.614330 0.099097
vt 0.142115 0.476180
vt 0.138595 0.465619
vt 0.162840 0.468538
vt 0.106376 0.500162
vt 0.428903 0.744577
vt 0.437524 0.746916
vt 0.431308 0.752902
vt 0.789779 0.862106
vt 0.798096 0.871104
vt 0.782291 0.867048
vt 0.651738 0.954001
vt 0.658107 0.963949
vt 0.648659 0.963731
vt 0.780121 0.861579
vt 0.777432 0.865554
vt 0.450892 0.637670
vt 0.457881 0.641362
vt 0.451247 0.642140
vt 0.930587 0.197978
vt 0.928128 0.193219
vt 0.932724 0.187022
vt 0.443163 0.739936
vt 0.434254 0.733396
vt 0.450683 0.739754
vt 0.649208 0.436544
vt 0.655686 0.436868
vt 0.647566 0.450104
vt 0.928128 0.178498
vt 0.936641 0.185983
vt 0.642123 0.917755
vt 0.634904 0.919629
vt 0.629342 0.910678
vt 0.785760 0.292598
vt 0.780344 0.240585
vt 0.788247 0.241630
vt 0.260990 0.691903
vt 0.256460 0.713938
vt 0.250020 0.715128
vt 0.678004 0.385070
vt 0.661816 0.427469
vt 0.655180 0.427595
vt 0.651791 0.403600
vt 0.657966 0.408498
vt 0.645758 0.425342
vt 0.162534 0.438055
vt 0.200987 0.441696
vt 0.182375 0.444179
vt 0.198761 0.737789
vt 0.190881 0.728330
vt 0.202018 0.717185
vt 0.190213 0.759155
vt 0.184713 0.746143
vt 0.790734 0.500414
vt 0.775143 0.465014
vt 0.796018 0.461279
vt 0.784873 0.817359
vt 0.773040 0.809611
vt 0.774431 0.798337
vt 0.108154 0.981123
vt 0.117421 0.981123
vt 0.112446 0.991256
vt 0.752038 0.868373
vt 0.719189 0.864913
vt 0.754448 0.859755
vt 0.403521 0.815195
vt 0.394174 0.811647
vt 0.397689 0.807907
vt 0.387360 0.813416
vt 0.392927 0.819625
vt 0.384125 0.820382
vt 0.816676 0.822978
vt 0.840461 0.810821
vt 0.822859 0.826951
vt 0.045644 0.448660
vt 0.047287 0.435111
vt 0.067764 0.441771
vt 0.262338 0.907331
vt 0.254575 0.934512
vt 0.255895 0.914512
vt 0.179569 0.718044
vt 0.206279 0.707547
vt 0.175336 0.731901
vt 0.532968 0.732484
vt 0.539320 0.746855
vt 0.531515 0.746855
vt 0.790906 0.782241
vt 0.780527 0.791319
vt 0.775463 0.763281
vt 0.355287 0.766085
vt 0.362755 0.806442
vt 0.350723 0.772636
vt 0.374201 0.800892
vt 0.651322 0.326061
vt 0.657527 0.326398
vt 0.652113 0.348803
vt 0.019236 0.442566
vt 0.019095 0.436320
vt 0.190681 0.770740
vt 0.992621 0.686636
vt 0.989403 0.692241
vt 0.989403 0.685437
vt 0.365077 0.764077
vt 0.667682 0.381227
vt 0.687274 0.370028
vt 0.695701 0.366275
vt 0.682926 0.386661
vt 0.655203 0.376049
vt 0.804771 0.181817
vt 0.794013 0.174021
vt 0.804358 0.169735
vt 0.655880 0.212868
vt 0.663294 0.205983
vt 0.666257 0.241982
vt 0.198765 0.706142
vt 0.189526 0.695075
vt 0.210266 0.693514
vt 0.171282 0.771671
vt 0.167489 0.750302
vt 0.086940 0.232634
vt 0.081209 0.246140
vt 0.078409 0.235376
vt 0.103930 0.233245
vt 0.092461 0.245390
vt 0.354568 0.739595
vt 0.348873 0.747353
vt 0.348598 0.737490
vt 0.341735 0.746374
vt 0.356416 0.746851
vt 0.345125 0.757027
vt 0.344343 0.765833
vt 0.382872 0.756186
vt 0.374068 0.759145
vt 0.679620 0.367690
vt 0.659820 0.351492
vt 0.666984 0.362082
vt 0.704059 0.314287
vt 0.702465 0.335675
vt 0.698007 0.334578
vt 0.669086 0.327994
vt 0.669512 0.297452
vt 0.656855 0.296438
vt 0.675150 0.229503
vt 0.671685 0.204938
vt 0.673467 0.191117
vt 0.681818 0.197676
vt 0.687512 0.182793
vt 0.683012 0.172039
vt 0.169508 0.784790
vt 0.282770 0.538574
vt 0.299373 0.535342
vt 0.287198 0.585034
vt 0.021846 0.979152
vt 0.021846 0.989891
vt 0.014594 0.981481
vt 0.101823 0.243842
vt 0.947228 0.205704
vt 0.950446 0.218087
vt 0.943927 0.221267
vt 0.800119 0.699677
vt 0.788288 0.697031
vt 0.789390 0.677661
vt 0.352736 0.757737
vt 0.983064 0.626275
vt 0.981514 0.630799
vt 0.981514 0.619406
vt 0.674444 0.340611
vt 0.691782 0.318827
vt 0.130819 0.720247
vt 0.138621 0.719594
vt 0.144729 0.722279
vt 0.674986 0.235004
vt 0.654485 0.201240
vt 0.658161 0.193943
vt 0.668453 0.185948
vt 0.248669 0.901854
vt 0.230588 0.908521
vt 0.240944 0.883733
vt 0.248857 0.929487
vt 0.240554 0.944918
vt 0.241804 0.922439
vt 0.139194 0.757777
vt 0.150349 0.752043
vt 0.809373 0.396311
vt 0.794257 0.396591
vt 0.800851 0.368590
vt 0.073101 0.246789
vt 0.071268 0.235685
vt 0.075500 0.272940
vt 0.072113 0.291380
vt 0.084514 0.296095
vt 0.071274 0.306651
vt 0.087946 0.277294
vt 0.379026 0.918928
vt 0.387104 0.914614
vt 0.385322 0.922436
vt 0.377381 0.939372
vt 0.364702 0.747671
vt 0.360136 0.748801
vt 0.344072 0.204305
vt 0.337349 0.217219
vt 0.333580 0.217281
vt 0.676756 0.351677
vt 0.684315 0.332335
vt 0.686840 0.310835
vt 0.684226 0.290963
vt 0.708749 0.270531
vt 0.716543 0.277437
vt 0.707205 0.286004
vt 0.662758 0.271139
vt 0.677871 0.273833
vt 0.701081 0.260349
vt 0.715920 0.258812
vt 0.704108 0.245378
vt 0.159739 0.738174
vt 0.143542 0.735183
vt 0.814268 0.375016
vt 0.161680 0.790694
vt 0.127677 0.759536
vt 0.297910 0.493884
vt 0.305504 0.499654
vt 0.295319 0.501426
vt 0.549234 0.421189
vt 0.550398 0.410253
vt 0.558116 0.416876
vt 0.061994 0.299172
vt 0.557167 0.366511
vt 0.547089 0.365714
vt 0.557424 0.357186
vt 0.555297 0.386206
vt 0.098844 0.277608
vt 0.107436 0.401000
vt 0.104938 0.406556
vt 0.087840 0.398408
vt 0.393226 0.921071
vt 0.419803 0.707038
vt 0.397311 0.712137
vt 0.416465 0.695546
vt 0.767662 0.940838
vt 0.778259 0.940909
vt 0.774338 0.953182
vt 0.685957 0.343664
vt 0.690745 0.333994
vt 0.693728 0.342253
vt 0.698704 0.283736
vt 0.695971 0.268565
vt 0.692732 0.284786
vt 0.230049 0.827947
vt 0.236602 0.822985
vt 0.236933 0.835588
vt 0.241371 0.804045
vt 0.332927 0.261811
vt 0.311959 0.267142
vt 0.326994 0.246379
vt 0.109860 0.723511
vt 0.103719 0.732458
vt 0.088445 0.719224
vt 0.143171 0.743107
vt 0.146578 0.731480
vt 0.155881 0.729786
vt 0.015130 0.753274
vt 0.008193 0.742048
vt 0.015017 0.737256
vt 0.014826 0.770229
vt 0.019289 0.761220
vt 0.125612 0.765411
vt 0.172337 0.797217
vt 0.299565 0.586752
vt 0.551781 0.338131
vt 0.559795 0.335385
vt 0.548385 0.350423
vt 0.082563 0.383815
vt 0.075494 0.385151
vt 0.081034 0.321804
vt 0.072657 0.400371
vt 0.095789 0.390133
vt 0.111191 0.395019
vt 0.098756 0.396844
vt 0.328820 0.635191
vt 0.316579 0.629398
vt 0.324936 0.629202
vt 0.310368 0.650951
vt 0.694116 0.366495
vt 0.697549 0.352103
vt 0.696482 0.309266
vt 0.689457 0.264566
vt 0.683321 0.256273
vt 0.698144 0.255165
vt 0.692450 0.229136
vt 0.700037 0.230971
vt 0.690703 0.249182
vt 0.685288 0.231599
vt 0.114671 0.719610
vt 0.096702 0.712297
vt 0.394689 0.852562
vt 0.381287 0.867876
vt 0.376329 0.859597
vt 0.073953 0.731493
vt 0.069701 0.724155
vt 0.530639 0.328139
vt 0.529743 0.360882
vt 0.524014 0.355924
vt 0.096206 0.741688
vt 0.078901 0.738014
vt 0.019823 0.781720
vt 0.023495 0.773320
vt 0.567390 0.385185
vt 0.069214 0.384022
vt 0.071374 0.318984
vt 0.548695 0.257069
vt 0.557558 0.260405
vt 0.556188 0.273113
vt 0.092578 0.319833
vt 0.092914 0.382548
vt 0.094796 0.299535
vt 0.106304 0.302964
vt 0.111285 0.245949
vt 0.120940 0.247005
vt 0.107589 0.279416
vt 0.119610 0.402986
vt 0.476676 0.695481
vt 0.493663 0.692372
vt 0.485637 0.700036
vt 0.315954 0.662433
vt 0.307833 0.667562
vt 0.121900 0.841479
vt 0.132406 0.848166
vt 0.129101 0.853446
vt 0.368899 0.730494
vt 0.366249 0.723539
vt 0.379314 0.724520
vt 0.354782 0.723549
vt 0.364553 0.971786
vt 0.360268 0.969541
vt 0.363005 0.963746
vt 0.355198 0.739709
vt 0.337670 0.745522
vt 0.331611 0.734147
vt 0.338635 0.739594
vt 0.334113 0.766791
vt 0.330380 0.756012
vt 0.335302 0.758590
vt 0.817976 0.182316
vt 0.822047 0.164173
vt 0.824017 0.168461
vt 0.536387 0.456360
vt 0.527574 0.457943
vt 0.528413 0.445211
vt 0.026818 0.739229
vt 0.026013 0.732381
vt 0.527534 0.463839
vt 0.041202 0.738355
vt 0.033888 0.750462
vt 0.013749 0.780909
vt 0.008220 0.784297
vt 0.007952 0.769180
vt 0.572328 0.413099
vt 0.571649 0.399125
vt 0.562243 0.425740
vt 0.819059 0.574198
vt 0.805608 0.615756
vt 0.806831 0.567488
vt 0.338458 0.616421
vt 0.351816 0.587101
vt 0.338504 0.627556
vt 0.326627 0.716549
vt 0.321723 0.725920
vt 0.308916 0.709159
vt 0.345291 0.735613
vt 0.396496 0.673026
vt 0.397322 0.668163
vt 0.397322 0.673126
vt 0.825948 0.160390
vt 0.694688 0.264292
vt 0.698456 0.266197
vt 0.513248 0.352635
vt 0.518848 0.371503
vt 0.518998 0.331386
vt 0.037261 0.757286
vt 0.029139 0.761616
vt 0.317866 0.317971
vt 0.309978 0.318031
vt 0.313139 0.291913
vt 0.890210 0.218982
vt 0.891535 0.209909
vt 0.906049 0.213886
vt 0.100361 0.378112
vt 0.101844 0.319421
vt 0.337112 0.584514
vt 0.346132 0.567575
vt 0.347104 0.604731
vt 0.179732 0.427360
vt 0.182412 0.412860
vt 0.192517 0.427360
vt 0.927932 0.224539
vt 0.927564 0.235253
vt 0.924910 0.216113
vt 0.346362 0.635996
vt 0.381366 0.650661
vt 0.374627 0.637722
vt 0.385056 0.644544
vt 0.324273 0.678184
vt 0.328197 0.652496
vt 0.311478 0.691857
vt 0.341165 0.716253
vt 0.525727 0.324947
vt 0.519328 0.320169
vt 0.434735 0.376125
vt 0.428418 0.369079
vt 0.437780 0.358544
vt 0.352792 0.599775
vt 0.357270 0.637392
vt 0.370209 0.618272
vt 0.954178 0.439226
vt 0.958487 0.451815
vt 0.954178 0.461494
vt 0.932694 0.235851
vt 0.331303 0.699494
vt 0.318369 0.704792
vt 0.508280 0.371208
vt 0.514448 0.384399
vt 0.508291 0.386610
vt 0.322900 0.340947
vt 0.330781 0.315366
vt 0.961262 0.022943
vt 0.968045 0.027122
vt 0.961262 0.042326
vt 0.570844 0.407013
vt 0.581653 0.399959
vt 0.367549 0.563574
vt 0.354702 0.557626
vt 0.181594 0.912583
vt 0.171937 0.916107
vt 0.178916 0.904365
vt 0.170999 0.887575
vt 0.174254 0.920136
vt 0.370494 0.608419
vt 0.387149 0.599407
vt 0.690486 0.903924
vt 0.692551 0.903110
vt 0.698768 0.911604
vt 0.391356 0.617379
vt 0.393940 0.605643
vt 0.401152 0.611089
vt 0.370123 0.646228
vt 0.363136 0.647871
vt 0.358945 0.639566
vt 0.898433 0.929533
vt 0.904555 0.942729
vt 0.899020 0.936802
vt 0.333441 0.337568
vt 0.418243 0.370123
vt 0.424743 0.361223
vt 0.472582 0.443521
vt 0.456174 0.444396
vt 0.445968 0.405470
vt 0.391051 0.593940
vt 0.377900 0.600227
vt 0.209276 0.675057
vt 0.202363 0.667216
vt 0.211632 0.663994
vt 0.931105 0.241670
vt 0.353349 0.656383
vt 0.896929 0.945230
vt 0.900429 0.948668
vt 0.344899 0.656066
vt 0.342403 0.646394
vt 0.340581 0.678584
vt 0.337929 0.667201
vt 0.148825 0.820486
vt 0.145266 0.833807
vt 0.139665 0.825548
vt 0.347652 0.690391
vt 0.419561 0.351848
vt 0.432835 0.354155
vt 0.426804 0.391109
vt 0.462373 0.456455
vt 0.382508 0.581516
vt 0.367399 0.599613
vt 0.285910 0.361822
vt 0.285910 0.355451
vt 0.286727 0.361139
vt 0.902890 0.746607
vt 0.898396 0.749504
vt 0.899541 0.728785
vt 0.901864 0.755048
vt 0.338813 0.660383
vt 0.243035 0.280742
vt 0.239159 0.293554
vt 0.239159 0.268293
vt 0.047799 0.265194
vt 0.061442 0.244036
vt 0.056506 0.260943
vt 0.989891 0.571236
vt 0.987623 0.576647
vt 0.984400 0.571236
vt 0.684049 0.940639
vt 0.684049 0.962583
vt 0.680896 0.954949
vt 0.347230 0.403356
vt 0.352922 0.357469
vt 0.403051 0.365232
vt 0.410813 0.381564
vt 0.436018 0.415612
vt 0.587677 0.410476
vt 0.579373 0.419163
vt 0.580453 0.413805
vt 0.351792 0.540131
vt 0.373506 0.532661
vt 0.909066 0.382886
vt 0.917893 0.386659
vt 0.908646 0.399392
vt 0.393284 0.587402
vt 0.390951 0.580760
vt 0.398095 0.583074
vt 0.368069 0.593750
vt 0.364175 0.593600
vt 0.373308 0.580419
vt 0.829929 0.871230
vt 0.836970 0.874902
vt 0.833285 0.889236
vt 0.821522 0.895031
vt 0.818517 0.873169
vt 0.826480 0.895322
vt 0.339266 0.646938
vt 0.332689 0.661195
vt 0.331464 0.645522
vt 0.355769 0.658703
vt 0.351410 0.677489
vt 0.381921 0.678582
vt 0.367953 0.683178
vt 0.365845 0.667071
vt 0.222555 0.430248
vt 0.221984 0.432821
vt 0.221984 0.430064
vt 0.374770 0.365297
vt 0.357699 0.344302
vt 0.382475 0.390919
vt 0.363595 0.410950
vt 0.418828 0.409627
vt 0.400193 0.385108
vt 0.363803 0.505593
vt 0.350688 0.513516
vt 0.350451 0.481667
vt 0.609930 0.426501
vt 0.621242 0.440288
vt 0.617049 0.445492
vt 0.615937 0.422742
vt 0.621242 0.418106
vt 0.918082 0.407048
vt 0.922988 0.402594
vt 0.919060 0.409610
vt 0.402459 0.579108
vt 0.358791 0.700779
vt 0.374814 0.351111
vt 0.391120 0.355186
vt 0.403651 0.353597
vt 0.433815 0.448276
vt 0.446241 0.457218
vt 0.567239 0.675418
vt 0.562692 0.665953
vt 0.607268 0.668892
vt 0.383120 0.563020
vt 0.382089 0.568328
vt 0.379864 0.562973
vt 0.417373 0.578863
vt 0.408426 0.581743
vt 0.335112 0.645402
vt 0.334352 0.641185
vt 0.953184 0.734649
vt 0.947165 0.748556
vt 0.945506 0.744959
vt 0.414424 0.202534
vt 0.408222 0.201862
vt 0.413601 0.193110
vt 0.417016 0.207338
vt 0.405697 0.212471
vt 0.398280 0.211413
vt 0.490768 0.357323
vt 0.497892 0.331393
vt 0.498607 0.354422
vt 0.147412 0.193490
vt 0.135891 0.190495
vt 0.139904 0.188955
vt 0.881590 0.240702
vt 0.879197 0.232787
vt 0.890596 0.239188
vt 0.373159 0.492582
vt 0.362916 0.470070
vt 0.386578 0.477463
vt 0.401377 0.564290
vt 0.416375 0.566125
vt 0.964548 0.744283
vt 0.970279 0.740077
vt 0.973506 0.745490
vt 0.893630 0.963479
vt 0.889727 0.977602
vt 0.888767 0.972774
vt 0.366466 0.653558
vt 0.360467 0.665516
vt 0.363979 0.648842
vt 0.608294 0.205075
vt 0.608499 0.212728
vt 0.564871 0.205651
vt 0.364608 0.318904
vt 0.352220 0.314431
vt 0.408806 0.462403
vt 0.380604 0.429350
vt 0.600147 0.462233
vt 0.602241 0.468139
vt 0.583477 0.461676
vt 0.383940 0.513244
vt 0.665166 0.459820
vt 0.668152 0.467693
vt 0.386972 0.532566
vt 0.376358 0.557116
vt 0.992026 0.374091
vt 0.992621 0.380605
vt 0.992026 0.380937
vt 0.693596 0.511128
vt 0.687025 0.513980
vt 0.687747 0.504856
vt 0.453882 0.578922
vt 0.440293 0.581314
vt 0.438244 0.575131
vt 0.880935 0.599927
vt 0.878177 0.594606
vt 0.891186 0.597156
vt 0.492810 0.661232
vt 0.482571 0.665451
vt 0.466356 0.665322
vt 0.791188 0.943771
vt 0.795790 0.954055
vt 0.789614 0.952128
vt 0.943275 0.742615
vt 0.943058 0.752317
vt 0.421654 0.218159
vt 0.404018 0.224534
vt 0.371859 0.244003
vt 0.363040 0.241694
vt 0.385165 0.226741
vt 0.564087 0.214077
vt 0.545766 0.205896
vt 0.608177 0.224536
vt 0.559646 0.229226
vt 0.541312 0.237437
vt 0.563384 0.221637
vt 0.131577 0.376841
vt 0.117616 0.338857
vt 0.127590 0.333444
vt 0.684349 0.472415
vt 0.678824 0.460542
vt 0.665583 0.479740
vt 0.632099 0.477817
vt 0.687400 0.463463
vt 0.694466 0.478193
vt 0.674019 0.480060
vt 0.584021 0.505207
vt 0.582935 0.495497
vt 0.606081 0.494775
vt 0.780990 0.920257
vt 0.762415 0.917699
vt 0.770647 0.914028
vt 0.271708 0.733577
vt 0.270056 0.735970
vt 0.269206 0.736050
vt 0.436202 0.562090
vt 0.463115 0.569938
vt 0.452488 0.571019
vt 0.456253 0.560072
vt 0.469663 0.580701
vt 0.469022 0.585855
vt 0.898411 0.616943
vt 0.893040 0.617920
vt 0.969904 0.732658
vt 0.972334 0.729107
vt 0.973506 0.732292
vt 0.891996 0.629090
vt 0.047105 0.296285
vt 0.047105 0.289831
vt 0.049153 0.294027
vt 0.697521 0.880328
vt 0.696024 0.874233
vt 0.707921 0.887864
vt 0.883948 0.624892
vt 0.874608 0.605332
vt 0.541225 0.213920
vt 0.532280 0.206236
vt 0.492787 0.257355
vt 0.493967 0.243004
vt 0.518961 0.220332
vt 0.622453 0.212710
vt 0.619892 0.221404
vt 0.482310 0.239234
vt 0.481384 0.255467
vt 0.474219 0.252917
vt 0.630862 0.214524
vt 0.630722 0.226492
vt 0.636957 0.227897
vt 0.634793 0.241325
vt 0.624650 0.235315
vt 0.623517 0.248999
vt 0.616300 0.235290
vt 0.635028 0.255780
vt 0.629372 0.250752
vt 0.496029 0.311732
vt 0.506424 0.285723
vt 0.515751 0.281156
vt 0.489830 0.307773
vt 0.133341 0.289584
vt 0.124929 0.291072
vt 0.131064 0.275623
vt 0.434675 0.462295
vt 0.419683 0.455039
vt 0.472738 0.476314
vt 0.462605 0.483344
vt 0.399578 0.510545
vt 0.576713 0.474412
vt 0.553372 0.478601
vt 0.576385 0.467620
vt 0.510932 0.490629
vt 0.512943 0.482302
vt 0.603330 0.475264
vt 0.562471 0.504969
vt 0.686836 0.487610
vt 0.682783 0.497062
vt 0.694909 0.496884
vt 0.375841 0.562716
vt 0.374884 0.558075
vt 0.377161 0.558276
vt 0.486070 0.445412
vt 0.485911 0.447840
vt 0.483688 0.445412
vt 0.429799 0.213611
vt 0.439025 0.226585
vt 0.362330 0.268317
vt 0.358194 0.254818
vt 0.533785 0.232034
vt 0.525927 0.227152
vt 0.514725 0.249791
vt 0.366421 0.285614
vt 0.346580 0.285256
vt 0.362381 0.302740
vt 0.348656 0.298110
vt 0.520301 0.256503
vt 0.443830 0.482364
vt 0.409939 0.494134
vt 0.398494 0.473501
vt 0.493417 0.482281
vt 0.512773 0.497205
vt 0.580347 0.483254
vt 0.556469 0.487934
vt 0.604227 0.485174
vt 0.410164 0.535385
vt 0.402545 0.552347
vt 0.497669 0.548557
vt 0.489285 0.541188
vt 0.524232 0.528375
vt 0.897901 0.636088
vt 0.906603 0.537954
vt 0.901546 0.526960
vt 0.905882 0.526992
vt 0.412558 0.234025
vt 0.376192 0.258058
vt 0.389135 0.239459
vt 0.464432 0.228873
vt 0.454092 0.243030
vt 0.465687 0.240167
vt 0.481350 0.272677
vt 0.476048 0.293698
vt 0.486447 0.296743
vt 0.382741 0.311583
vt 0.376148 0.327224
vt 0.479634 0.305058
vt 0.460960 0.318704
vt 0.455472 0.312393
vt 0.477432 0.496227
vt 0.558812 0.494888
vt 0.514373 0.507163
vt 0.480268 0.538172
vt 0.443801 0.548322
vt 0.895604 0.641722
vt 0.379407 0.269482
vt 0.378609 0.293400
vt 0.388899 0.327823
vt 0.404526 0.313349
vt 0.429820 0.311372
vt 0.454785 0.297425
vt 0.433355 0.326650
vt 0.440054 0.495478
vt 0.423390 0.489910
vt 0.421114 0.514463
vt 0.425363 0.551181
vt 0.436706 0.535997
vt 0.518428 0.520566
vt 0.482488 0.526528
vt 0.398771 0.251504
vt 0.449661 0.263063
vt 0.437503 0.255331
vt 0.394616 0.294869
vt 0.462654 0.279520
vt 0.439169 0.514139
vt 0.456498 0.513630
vt 0.479062 0.513545
vt 0.430899 0.238597
vt 0.415977 0.255386
vt 0.393876 0.274940
vt 0.436018 0.288236
vt 0.413232 0.293316
vt 0.423506 0.274306
vt 0.106090 0.188459
vt 0.114308 0.180900
vt 0.347663 0.921376
vt 0.044264 0.312721
vt 0.057391 0.321105
vt 0.349127 0.072305
vt 0.438964 0.646097
vt 0.439648 0.650814
vt 0.438964 0.651280
vt 0.181008 0.592708
vt 0.179137 0.610713
vt 0.173146 0.612296
vt 0.353611 0.844041
vt 0.894208 0.917370
vt 0.878069 0.917526
vt 0.886362 0.907662
vt 0.189786 0.532565
vt 0.185552 0.521468
vt 0.124950 0.120843
vt 0.186459 0.265267
vt 0.327170 0.781670
vt 0.327688 0.784410
vt 0.327170 0.785086
vt 0.115521 0.780287
vt 0.116056 0.783232
vt 0.115521 0.783720
vt 0.361057 0.072945
vt 0.510647 0.090794
vt 0.506825 0.091480
vt 0.506825 0.086596
vt 0.970776 0.047284
vt 0.970776 0.057287
vt 0.965802 0.055926
vt 0.908560 0.566811
vt 0.913887 0.583062
vt 0.908325 0.589838
vt 0.482955 0.818702
vt 0.489928 0.819708
vt 0.488041 0.821076
vt 0.688268 0.590607
vt 0.121835 0.897980
vt 0.123714 0.894400
vt 0.128344 0.898411
vt 0.339951 0.924479
vt 0.350423 0.936132
vt 0.167412 0.583952
vt 0.173276 0.577626
vt 0.173603 0.592808
vt 0.054875 0.329152
vt 0.111025 0.191888
vt 0.072522 0.217540
vt 0.593645 0.129677
vt 0.606626 0.139698
vt 0.573030 0.140075
vt 0.205446 0.324635
vt 0.969361 0.184466
vt 0.973506 0.190951
vt 0.969175 0.190556
vt 0.991256 0.305884
vt 0.990550 0.312669
vt 0.987792 0.310542
vt 0.474125 0.811522
vt 0.485560 0.813661
vt 0.948941 0.926564
vt 0.952954 0.918104
vt 0.953026 0.929815
vt 0.335352 0.899559
vt 0.177074 0.654339
vt 0.167715 0.654949
vt 0.462208 0.146614
vt 0.467636 0.148167
vt 0.466498 0.157619
vt 0.574159 0.131399
vt 0.551948 0.131023
vt 0.182445 0.185341
vt 0.285631 0.299953
vt 0.987198 0.309688
vt 0.599396 0.301746
vt 0.594920 0.295264
vt 0.599396 0.290066
vt 0.371485 0.110302
vt 0.373956 0.118577
vt 0.362860 0.208852
vt 0.367975 0.211390
vt 0.365895 0.219824
vt 0.300787 0.386746
vt 0.292645 0.382575
vt 0.486160 0.811568
vt 0.485486 0.803910
vt 0.505397 0.809844
vt 0.901180 0.557732
vt 0.900135 0.570380
vt 0.909532 0.556638
vt 0.479272 0.807384
vt 0.332777 0.891735
vt 0.332551 0.901945
vt 0.694435 0.523811
vt 0.694972 0.528117
vt 0.694435 0.528397
vt 0.329062 0.879604
vt 0.158396 0.578919
vt 0.826105 0.948930
vt 0.833649 0.940425
vt 0.834630 0.948518
vt 0.414075 0.017750
vt 0.414075 0.006321
vt 0.423174 0.008050
vt 0.359178 0.214637
vt 0.460159 0.807405
vt 0.460778 0.801627
vt 0.466471 0.797075
vt 0.326301 0.885091
vt 0.330791 0.920319
vt 0.160297 0.669136
vt 0.163971 0.529655
vt 0.164582 0.539928
vt 0.456091 0.164891
vt 0.453263 0.154049
vt 0.823115 0.934465
vt 0.829759 0.936927
vt 0.150192 0.127033
vt 0.395749 0.017459
vt 0.396318 0.005147
vt 0.401418 0.020546
vt 0.209652 0.364006
vt 0.210157 0.312359
vt 0.200206 0.200223
vt 0.706071 0.822414
vt 0.358487 0.213631
vt 0.487003 0.793186
vt 0.506875 0.212787
vt 0.510647 0.215198
vt 0.506875 0.218459
vt 0.542650 0.935574
vt 0.543381 0.943055
vt 0.475472 0.801232
vt 0.446926 0.794886
vt 0.114272 0.866388
vt 0.116293 0.861650
vt 0.122177 0.864836
vt 0.162590 0.594581
vt 0.166430 0.613445
vt 0.159059 0.613232
vt 0.437431 0.166317
vt 0.433733 0.156280
vt 0.410052 0.169597
vt 0.408345 0.157991
vt 0.507562 0.148457
vt 0.532993 0.151817
vt 0.504614 0.831144
vt 0.513729 0.832944
vt 0.503663 0.839357
vt 0.395749 0.023211
vt 0.214020 0.321961
vt 0.202571 0.186855
vt 0.193636 0.179822
vt 0.204189 0.175928
vt 0.517174 0.794148
vt 0.557838 0.795256
vt 0.945276 0.293564
vt 0.944346 0.302886
vt 0.937617 0.293564
vt 0.950618 0.297596
vt 0.689219 0.544580
vt 0.692734 0.552064
vt 0.028783 0.171590
vt 0.032769 0.175055
vt 0.028783 0.181594
vt 0.697829 0.560480
vt 0.447905 0.054066
vt 0.320677 0.843203
vt 0.331063 0.862358
vt 0.321507 0.927069
vt 0.323102 0.941555
vt 0.153951 0.594851
vt 0.154385 0.587348
vt 0.150391 0.574180
vt 0.162804 0.569078
vt 0.154889 0.561666
vt 0.156292 0.541727
vt 0.157441 0.654364
vt 0.154714 0.674859
vt 0.467136 0.168134
vt 0.066800 0.036865
vt 0.225498 0.367106
vt 0.213211 0.283897
vt 0.202355 0.262009
vt 0.211820 0.264542
vt 0.209013 0.228128
vt 0.598621 0.805267
vt 0.360467 0.197534
vt 0.359351 0.211448
vt 0.517754 0.805225
vt 0.470980 0.794405
vt 0.384155 0.176188
vt 0.386958 0.157597
vt 0.393856 0.174776
vt 0.886645 0.314551
vt 0.890762 0.313774
vt 0.888782 0.320861
vt 0.114447 0.889312
vt 0.109982 0.896180
vt 0.110179 0.884904
vt 0.116426 0.882458
vt 0.152463 0.611659
vt 0.155171 0.533100
vt 0.153421 0.528074
vt 0.411527 0.174884
vt 0.573464 0.150962
vt 0.548138 0.153912
vt 0.714649 0.543998
vt 0.211536 0.291616
vt 0.219670 0.339340
vt 0.224945 0.347214
vt 0.937555 0.303479
vt 0.946575 0.313074
vt 0.953026 0.307572
vt 0.365570 0.193815
vt 0.449418 0.783430
vt 0.585439 0.025163
vt 0.425077 0.051751
vt 0.033774 0.854719
vt 0.026556 0.843705
vt 0.038151 0.846017
vt 0.147747 0.596761
vt 0.151350 0.667662
vt 0.154235 0.653882
vt 0.466270 0.176266
vt 0.493795 0.164777
vt 0.223317 0.288997
vt 0.213943 0.184409
vt 0.615743 0.801892
vt 0.621155 0.792972
vt 0.640079 0.798354
vt 0.471702 0.789651
vt 0.490567 0.794555
vt 0.861005 0.292457
vt 0.853719 0.304477
vt 0.853719 0.288819
vt 0.947950 0.622271
vt 0.892292 0.304222
vt 0.283473 0.763637
vt 0.283996 0.766697
vt 0.283473 0.767336
vt 0.307237 0.871290
vt 0.312439 0.856800
vt 0.312798 0.932457
vt 0.145513 0.586171
vt 0.147629 0.564063
vt 0.451814 0.178150
vt 0.450810 0.172140
vt 0.407047 0.180228
vt 0.723198 0.365074
vt 0.725728 0.378078
vt 0.716417 0.387459
vt 0.701217 0.801530
vt 0.707137 0.800333
vt 0.520794 0.790782
vt 0.550916 0.787993
vt 0.977602 0.275202
vt 0.974882 0.281265
vt 0.974882 0.272982
vt 0.390546 0.118893
vt 0.396262 0.125937
vt 0.390832 0.133259
vt 0.411767 0.093197
vt 0.240854 0.329053
vt 0.240854 0.322909
vt 0.241670 0.323072
vt 0.309966 0.836460
vt 0.308614 0.827778
vt 0.824681 0.988525
vt 0.816474 0.984941
vt 0.824681 0.978609
vt 0.227073 0.282382
vt 0.562893 0.779296
vt 0.905541 0.852699
vt 0.921671 0.863737
vt 0.913017 0.864277
vt 0.462825 0.779498
vt 0.900272 0.291753
vt 0.897866 0.305004
vt 0.830143 0.683799
vt 0.823893 0.683930
vt 0.823429 0.676436
vt 0.866893 0.864213
vt 0.867444 0.871104
vt 0.862600 0.866757
vt 0.306571 0.914094
vt 0.098487 0.634586
vt 0.114609 0.621042
vt 0.730349 0.344736
vt 0.722665 0.331315
vt 0.300381 0.926525
vt 0.300381 0.948930
vt 0.295681 0.932049
vt 0.219629 0.327678
vt 0.551352 0.775423
vt 0.489470 0.782773
vt 0.510608 0.779856
vt 0.506407 0.789943
vt 0.475967 0.775522
vt 0.486626 0.787355
vt 0.528817 0.033130
vt 0.901107 0.872008
vt 0.916161 0.879825
vt 0.901284 0.881658
vt 0.890128 0.872587
vt 0.225652 0.578559
vt 0.233539 0.538983
vt 0.235067 0.354122
vt 0.636089 0.045911
vt 0.041752 0.795970
vt 0.045774 0.792224
vt 0.051421 0.799077
vt 0.472936 0.982838
vt 0.476513 0.974961
vt 0.476513 0.985795
vt 0.858286 0.860757
vt 0.427363 0.967828
vt 0.432150 0.968054
vt 0.430776 0.977602
vt 0.424544 0.976140
vt 0.439648 0.961442
vt 0.439648 0.976645
vt 0.295803 0.892590
vt 0.303043 0.877444
vt 0.310257 0.898258
vt 0.099598 0.550651
vt 0.507117 0.771333
vt 0.487276 0.767655
vt 0.410630 0.120702
vt 0.700220 0.763834
vt 0.708647 0.766819
vt 0.698388 0.771242
vt 0.518697 0.598806
vt 0.432973 0.960908
vt 0.936500 0.434153
vt 0.301854 0.847232
vt 0.292958 0.858702
vt 0.981996 0.910266
vt 0.987160 0.900373
vt 0.987160 0.910699
vt 0.516544 0.768724
vt 0.934865 0.903419
vt 0.923061 0.917390
vt 0.739800 0.676755
vt 0.730328 0.702476
vt 0.729523 0.681599
vt 0.429180 0.111013
vt 0.705208 0.777123
vt 0.962734 0.332519
vt 0.961312 0.323973
vt 0.464374 0.923984
vt 0.470132 0.924421
vt 0.463558 0.931786
vt 0.865594 0.855745
vt 0.553615 0.762963
vt 0.565892 0.771688
vt 0.503855 0.761239
vt 0.935276 0.926162
vt 0.711356 0.774371
vt 0.613366 0.636399
vt 0.589355 0.638577
vt 0.275508 0.980985
vt 0.281061 0.989703
vt 0.276474 0.987445
vt 0.925718 0.975555
vt 0.922467 0.978791
vt 0.922467 0.972292
vt 0.416709 0.768753
vt 0.422361 0.760223
vt 0.429049 0.768766
vt 0.445011 0.768042
vt 0.448023 0.767167
vt 0.449096 0.771816
vt 0.009812 0.934704
vt 0.017793 0.947664
vt 0.005637 0.951312
vt 0.518425 0.758743
vt 0.529054 0.763894
vt 0.481687 0.766816
vt 0.463926 0.760424
vt 0.473377 0.756662
vt 0.485127 0.763644
vt 0.492392 0.768909
vt 0.298546 0.973448
vt 0.300381 0.962443
vt 0.300381 0.976237
vt 0.479573 0.924494
vt 0.482974 0.919660
vt 0.484705 0.929841
vt 0.168607 0.476262
vt 0.287036 0.789771
vt 0.244756 0.583660
vt 0.233319 0.574871
vt 0.752923 0.674804
vt 0.743854 0.692793
vt 0.441157 0.767842
vt 0.443677 0.758538
vt 0.456516 0.752667
vt 0.436804 0.759191
vt 0.442591 0.762561
vt 0.434394 0.765145
vt 0.819778 0.064668
vt 0.846416 0.010853
vt 0.823476 0.069630
vt 0.763206 0.147244
vt 0.758640 0.172549
vt 0.273128 0.862866
vt 0.231053 0.748502
vt 0.216093 0.762740
vt 0.226885 0.746408
vt 0.252866 0.543862
vt 0.760771 0.563472
vt 0.753560 0.604220
vt 0.740362 0.563645
vt 0.858922 0.828626
vt 0.867477 0.834492
vt 0.853442 0.835794
vt 0.121091 0.471167
vt 0.279910 0.892555
vt 0.484705 0.912080
vt 0.046796 0.463533
vt 0.070163 0.474138
vt 0.274968 0.777870
vt 0.292241 0.779155
vt 0.286727 0.938007
vt 0.283944 0.922552
vt 0.285551 0.917788
vt 0.510620 0.755135
vt 0.504156 0.748316
vt 0.515348 0.744680
vt 0.443075 0.744518
vt 0.420117 0.746340
vt 0.067851 0.834270
vt 0.078681 0.821730
vt 0.084800 0.831457
vt 0.065125 0.819576
vt 0.084919 0.805086
vt 0.621573 0.102289
vt 0.800864 0.856192
vt 0.159757 0.459047
vt 0.179018 0.459173
vt 0.015076 0.466212
vt 0.005717 0.483133
vt 0.007399 0.463267
vt 0.966071 0.710490
vt 0.972141 0.700554
vt 0.971763 0.707984
vt 0.622860 0.090441
vt 0.194814 0.464204
vt 0.187814 0.454325
vt 0.204435 0.458698
vt 0.845252 0.822497
vt 0.266210 0.867584
vt 0.576185 0.988525
vt 0.567113 0.985927
vt 0.574419 0.985393
vt 0.658107 0.944106
vt 0.458708 0.735089
vt 0.489549 0.946919
vt 0.487698 0.950907
vt 0.480330 0.941775
vt 0.785919 0.856616
vt 0.799495 0.849681
vt 0.834208 0.836616
vt 0.486618 0.984429
vt 0.486618 0.971211
vt 0.495628 0.978347
vt 0.772764 0.618463
vt 0.767381 0.626773
vt 0.769428 0.602991
vt 0.511696 0.745573
vt 0.504171 0.737925
vt 0.519989 0.741055
vt 0.484765 0.744058
vt 0.467715 0.737648
vt 0.487836 0.740899
vt 0.493213 0.743572
vt 0.493215 0.740667
vt 0.443090 0.743812
vt 0.420911 0.736933
vt 0.429156 0.738019
vt 0.451219 0.742978
vt 0.821302 0.714169
vt 0.819824 0.772184
vt 0.082296 0.783303
vt 0.082259 0.774504
vt 0.095732 0.784009
vt 0.827961 0.829409
vt 0.138596 0.456168
vt 0.162258 0.449198
vt 0.783482 0.171085
vt 0.770927 0.170686
vt 0.775711 0.145403
vt 0.773546 0.187889
vt 0.009029 0.451216
vt 0.018676 0.451377
vt 0.776809 0.561997
vt 0.576185 0.977515
vt 0.398496 0.742532
vt 0.625504 0.933307
vt 0.638605 0.929503
vt 0.635371 0.938824
vt 0.790660 0.847387
vt 0.776161 0.296044
vt 0.771696 0.286713
vt 0.252980 0.872146
vt 0.256548 0.880684
vt 0.512708 0.733869
vt 0.949861 0.411008
vt 0.959853 0.416539
vt 0.949861 0.428725
vt 0.430659 0.727659
vt 0.830143 0.774679
vt 0.826531 0.772380
vt 0.068622 0.451302
vt 0.092435 0.443918
vt 0.092196 0.457261
vt 0.247751 0.740457
vt 0.486329 0.734785
vt 0.505861 0.720308
vt 0.474685 0.724163
vt 0.482455 0.953278
vt 0.490167 0.957715
vt 0.480330 0.963949
vt 0.645671 0.937553
vt 0.119052 0.448069
vt 0.140427 0.438636
vt 0.138993 0.447487
vt 0.272325 0.431120
vt 0.305036 0.425597
vt 0.292382 0.434108
vt 0.512375 0.727071
vt 0.442666 0.733064
vt 0.460045 0.714887
vt 0.446459 0.719713
vt 0.645818 0.925723
vt 0.795623 0.149874
vt 0.784702 0.128210
vt 0.794883 0.128364
vt 0.788637 0.147451
vt 0.793756 0.193825
vt 0.489019 0.720791
vt 0.095505 0.812047
vt 0.110559 0.829654
vt 0.100843 0.832885
vt 0.095861 0.433718
vt 0.419928 0.722984
vt 0.425513 0.716107
vt 0.121155 0.438394
vt 0.141684 0.431078
vt 0.123353 0.430952
vt 0.071609 0.431913
vt 0.779557 0.674151
vt 0.783563 0.626559
vt 0.518117 0.717166
vt 0.436567 0.722110
vt 0.437654 0.714188
vt 0.444175 0.717914
vt 0.432897 0.709503
vt 0.067382 0.975839
vt 0.073730 0.988353
vt 0.065211 0.988525
vt 0.708301 0.333428
vt 0.804036 0.197904
vt 0.657088 0.243204
vt 0.656270 0.270411
vt 0.252340 0.854111
vt 0.260986 0.859219
vt 0.240048 0.853516
vt 0.797418 0.631031
vt 0.510602 0.709679
vt 0.484873 0.714842
vt 0.495728 0.714576
vt 0.490108 0.718171
vt 0.805507 0.325007
vt 0.793295 0.308618
vt 0.804551 0.307952
vt 0.731836 0.979480
vt 0.731836 0.989891
vt 0.729182 0.984034
vt 0.453140 0.713807
vt 0.450010 0.713836
vt 0.452793 0.710083
vt 0.346452 0.961173
vt 0.352314 0.962122
vt 0.347919 0.970880
vt 0.642474 0.202982
vt 0.108979 0.224936
vt 0.122635 0.231261
vt 0.474031 0.702844
vt 0.482594 0.709594
vt 0.469790 0.712010
vt 0.796211 0.679672
vt 0.794596 0.715614
vt 0.113669 0.816507
vt 0.109094 0.799261
vt 0.130838 0.810190
vt 0.111764 0.794698
vt 0.133750 0.799884
vt 0.377356 0.744567
vt 0.384633 0.743905
vt 0.920483 0.941036
vt 0.928977 0.947638
vt 0.919685 0.949465
vt 0.622959 0.120152
vt 0.622959 0.114536
vt 0.626703 0.119518
vt 0.279557 0.657936
vt 0.289859 0.642203
vt 0.290605 0.654346
vt 0.561914 0.433925
vt 0.549385 0.428950
vt 0.520305 0.711997
vt 0.525984 0.708969
vt 0.445669 0.710223
vt 0.456109 0.697939
vt 0.931180 0.954939
vt 0.927533 0.961218
vt 0.919685 0.960727
vt 0.745076 0.928682
vt 0.746324 0.939372
vt 0.741431 0.932523
vt 0.750952 0.936368
vt 0.530600 0.293313
vt 0.533074 0.283249
vt 0.536396 0.294850
vt 0.135794 0.707527
vt 0.132465 0.713897
vt 0.143923 0.711242
vt 0.812094 0.184109
vt 0.815539 0.169754
vt 0.222784 0.893051
vt 0.235824 0.870913
vt 0.226366 0.843044
vt 0.200725 0.789423
vt 0.210266 0.805566
vt 0.196502 0.799735
vt 0.490745 0.708229
vt 0.437963 0.701210
vt 0.443459 0.695264
vt 0.430519 0.701797
vt 0.360545 0.960483
vt 0.339545 0.251385
vt 0.169931 0.803124
vt 0.512436 0.693633
vt 0.517280 0.701920
vt 0.464193 0.694262
vt 0.426567 0.694061
vt 0.437242 0.697785
vt 0.533126 0.303111
vt 0.690825 0.376976
vt 0.234111 0.922727
vt 0.223131 0.926083
vt 0.228138 0.940237
vt 0.220625 0.834878
vt 0.085264 0.709930
vt 0.068008 0.718817
vt 0.530151 0.315439
vt 0.159292 0.798300
vt 0.096442 0.748974
vt 0.223920 0.694889
vt 0.223920 0.704529
vt 0.219095 0.700071
vt 0.133002 0.701278
vt 0.131000 0.702610
vt 0.131625 0.704136
vt 0.130819 0.704341
vt 0.588271 0.975481
vt 0.593934 0.971121
vt 0.589821 0.978968
vt 0.228425 0.857747
vt 0.213727 0.914889
vt 0.524121 0.384530
vt 0.524029 0.402410
vt 0.515640 0.404584
vt 0.079310 0.743686
vt 0.025908 0.750298
vt 0.568716 0.361038
vt 0.961218 0.554378
vt 0.961218 0.571462
vt 0.955317 0.570091
vt 0.407401 0.685183
vt 0.414397 0.688622
vt 0.933911 0.208654
vt 0.933911 0.225639
vt 0.822171 0.780990
vt 0.229382 0.780736
vt 0.218671 0.794636
vt 0.213304 0.774865
vt 0.768165 0.100408
vt 0.768701 0.097479
vt 0.768701 0.101037
vt 0.217257 0.939500
vt 0.221678 0.951728
vt 0.082131 0.748889
vt 0.167163 0.276562
vt 0.158723 0.274141
vt 0.160781 0.228777
vt 0.013664 0.792046
vt 0.166033 0.287285
vt 0.168459 0.314089
vt 0.155815 0.314473
vt 0.157103 0.289436
vt 0.579049 0.442898
vt 0.573080 0.436459
vt 0.577354 0.427878
vt 0.054695 0.967176
vt 0.055980 0.960969
vt 0.055980 0.974872
vt 0.568739 0.335858
vt 0.564529 0.294080
vt 0.646274 0.698652
vt 0.629296 0.697942
vt 0.647119 0.689960
vt 0.605770 0.699321
vt 0.571654 0.695605
vt 0.606238 0.688380
vt 0.447944 0.689434
vt 0.465857 0.684940
vt 0.437397 0.683169
vt 0.213027 0.927659
vt 0.208467 0.857942
vt 0.512014 0.332575
vt 0.516505 0.460888
vt 0.522367 0.445260
vt 0.160690 0.348548
vt 0.149346 0.350818
vt 0.159846 0.341898
vt 0.566822 0.272224
vt 0.571238 0.259092
vt 0.704351 0.699285
vt 0.565762 0.684686
vt 0.556470 0.692741
vt 0.524436 0.687461
vt 0.439824 0.682393
vt 0.444779 0.676328
vt 0.690065 0.914796
vt 0.492723 0.689805
vt 0.482409 0.688846
vt 0.492713 0.686637
vt 0.419179 0.677627
vt 0.138448 0.854719
vt 0.368368 0.707035
vt 0.509347 0.323796
vt 0.504166 0.332054
vt 0.123644 0.913689
vt 0.121212 0.923006
vt 0.115478 0.917073
vt 0.580685 0.384622
vt 0.579375 0.367693
vt 0.578116 0.393948
vt 0.705633 0.690266
vt 0.709957 0.698234
vt 0.624481 0.684245
vt 0.832521 0.610345
vt 0.848481 0.602605
vt 0.839716 0.612696
vt 0.941302 0.665717
vt 0.945445 0.659659
vt 0.947564 0.675856
vt 0.941589 0.675220
vt 0.934613 0.673002
vt 0.492885 0.687617
vt 0.519879 0.677845
vt 0.068402 0.899794
vt 0.063673 0.912303
vt 0.059993 0.907395
vt 0.144321 0.802039
vt 0.711356 0.190492
vt 0.711356 0.202074
vt 0.707834 0.199185
vt 0.501410 0.373363
vt 0.499680 0.386990
vt 0.506769 0.403981
vt 0.155679 0.207664
vt 0.157565 0.196663
vt 0.115478 0.930610
vt 0.148258 0.279920
vt 0.149764 0.270207
vt 0.581023 0.394632
vt 0.586470 0.392592
vt 0.585470 0.358734
vt 0.574059 0.354940
vt 0.578628 0.300010
vt 0.578063 0.335806
vt 0.575625 0.270149
vt 0.712673 0.686932
vt 0.606236 0.678894
vt 0.553986 0.676669
vt 0.528208 0.673992
vt 0.484600 0.682452
vt 0.496117 0.671621
vt 0.473172 0.679791
vt 0.482110 0.676438
vt 0.447876 0.673983
vt 0.451573 0.684776
vt 0.451177 0.680933
vt 0.457630 0.681787
vt 0.943058 0.725724
vt 0.954391 0.729496
vt 0.947548 0.731832
vt 0.206060 0.935632
vt 0.497545 0.365520
vt 0.514376 0.445918
vt 0.508894 0.445398
vt 0.518774 0.468647
vt 0.508528 0.467306
vt 0.872928 0.495628
vt 0.862861 0.494150
vt 0.871548 0.481455
vt 0.143230 0.289454
vt 0.585225 0.396500
vt 0.571223 0.249480
vt 0.563586 0.252097
vt 0.647301 0.680921
vt 0.937999 0.657630
vt 0.514277 0.670081
vt 0.611865 0.504909
vt 0.615780 0.506672
vt 0.611865 0.512012
vt 0.889605 0.494944
vt 0.897669 0.505233
vt 0.890947 0.505721
vt 0.885800 0.511200
vt 0.889135 0.514842
vt 0.200687 0.900522
vt 0.201450 0.917700
vt 0.506312 0.460560
vt 0.879149 0.489332
vt 0.136314 0.361532
vt 0.142134 0.349042
vt 0.963377 0.465459
vt 0.966718 0.479735
vt 0.963377 0.483845
vt 0.708905 0.682140
vt 0.626896 0.674274
vt 0.503622 0.920677
vt 0.506551 0.916938
vt 0.506437 0.918220
vt 0.496848 0.919564
vt 0.501967 0.912998
vt 0.415350 0.584269
vt 0.423123 0.586131
vt 0.808297 0.953720
vt 0.806826 0.959853
vt 0.888492 0.961100
vt 0.902507 0.961100
vt 0.464842 0.671901
vt 0.966363 0.602200
vt 0.961981 0.603485
vt 0.962246 0.595239
vt 0.359674 0.650546
vt 0.195926 0.899939
vt 0.199608 0.892669
vt 0.203091 0.894078
vt 0.600203 0.188180
vt 0.600761 0.183055
vt 0.600761 0.188421
vt 0.202559 0.852508
vt 0.199567 0.881370
vt 0.493939 0.376063
vt 0.409610 0.885569
vt 0.385353 0.886996
vt 0.396449 0.878038
vt 0.500139 0.405413
vt 0.502612 0.447305
vt 0.497820 0.324226
vt 0.146953 0.170012
vt 0.155203 0.178245
vt 0.150873 0.233001
vt 0.141565 0.224041
vt 0.146411 0.205679
vt 0.129710 0.932773
vt 0.122195 0.935885
vt 0.128725 0.923781
vt 0.139662 0.275321
vt 0.597699 0.425799
vt 0.590019 0.446842
vt 0.587493 0.433913
vt 0.591841 0.352839
vt 0.591927 0.385116
vt 0.583610 0.272582
vt 0.529833 0.667760
vt 0.818517 0.902464
vt 0.414746 0.782994
vt 0.412729 0.787343
vt 0.410039 0.780637
vt 0.196701 0.931763
vt 0.204652 0.948155
vt 0.494494 0.405035
vt 0.137646 0.246896
vt 0.144810 0.251634
vt 0.142232 0.313044
vt 0.131374 0.314059
vt 0.587324 0.336779
vt 0.586482 0.259147
vt 0.580470 0.256754
vt 0.868373 0.655255
vt 0.862618 0.666544
vt 0.860858 0.658099
vt 0.270624 0.715397
vt 0.271708 0.710749
vt 0.271708 0.715452
vt 0.501803 0.928802
vt 0.941710 0.646816
vt 0.934570 0.650517
vt 0.560206 0.020468
vt 0.566424 0.012357
vt 0.567992 0.023211
vt 0.560915 0.011627
vt 0.899697 0.496615
vt 0.905883 0.518182
vt 0.487960 0.373313
vt 0.492126 0.328317
vt 0.987465 0.263637
vt 0.993987 0.266732
vt 0.987465 0.270343
vt 0.145889 0.146082
vt 0.576097 0.185934
vt 0.581646 0.190507
vt 0.576097 0.193882
vt 0.962581 0.213875
vt 0.969410 0.210937
vt 0.966008 0.216772
vt 0.562816 0.659917
vt 0.267406 0.714176
vt 0.531476 0.658758
vt 0.747919 0.905420
vt 0.757681 0.909381
vt 0.754211 0.914784
vt 0.517432 0.658679
vt 0.525345 0.669404
vt 0.502635 0.933911
vt 0.492481 0.667381
vt 0.372143 0.228034
vt 0.966912 0.538417
vt 0.974625 0.539140
vt 0.974872 0.546147
vt 0.608370 0.233747
vt 0.631830 0.262644
vt 0.409849 0.329987
vt 0.667048 0.487425
vt 0.271708 0.737298
vt 0.069146 0.635726
vt 0.069634 0.630704
vt 0.069634 0.636261
vt 0.372948 0.567312
vt 0.377200 0.569643
vt 0.497741 0.928645
vt 0.168720 0.506352
vt 0.172597 0.506903
vt 0.168305 0.513378
vt 0.093355 0.490155
vt 0.094210 0.487981
vt 0.094210 0.490167
vt 0.646508 0.246699
vt 0.647184 0.241951
vt 0.647184 0.247131
vt 0.181388 0.357696
vt 0.140016 0.880391
vt 0.144965 0.891388
vt 0.140570 0.894022
vt 0.141994 0.876158
vt 0.363256 0.837915
vt 0.038139 0.329909
vt 0.183350 0.314240
vt 0.254170 0.294680
vt 0.683654 0.655958
vt 0.685414 0.658908
vt 0.683654 0.660837
vt 0.316888 0.218810
vt 0.645818 0.214871
vt 0.643199 0.217338
vt 0.645355 0.214192
vt 0.504364 0.129710
vt 0.504779 0.127820
vt 0.505186 0.129710
vt 0.492623 0.851726
vt 0.499237 0.864570
vt 0.492570 0.875917
vt 0.446019 0.877164
vt 0.248240 0.384167
vt 0.639894 0.862487
vt 0.646577 0.881873
vt 0.638531 0.870752
vt 0.427678 0.186988
vt 0.430090 0.187107
vt 0.427678 0.189786
vt 0.969328 0.193882
vt 0.175470 0.694972
vt 0.175470 0.690260
vt 0.177498 0.692524
vt 0.649107 0.852707
vt 0.638531 0.847830
vt 0.384155 0.200973
vt 0.389739 0.201819
vt 0.385404 0.206170
vt 0.563896 0.456032
vt 0.561136 0.450513
vt 0.563896 0.447943
vt 0.428693 0.881285
vt 0.420731 0.878586
vt 0.492018 0.133806
vt 0.489492 0.128103
vt 0.494263 0.128103
vt 0.138013 0.415043
vt 0.143754 0.419377
vt 0.140595 0.420533
vt 0.516399 0.815039
vt 0.913439 0.835002
vt 0.909339 0.829505
vt 0.921267 0.825282
vt 0.556058 0.930937
vt 0.011031 0.846322
vt 0.012006 0.851692
vt 0.005297 0.851592
vt 0.220835 0.725068
vt 0.507949 0.878093
vt 0.500505 0.890616
vt 0.032769 0.654391
vt 0.032769 0.669030
vt 0.028253 0.659376
vt 0.495749 0.144158
vt 0.496420 0.836110
vt 0.532161 0.137174
vt 0.655251 0.880360
vt 0.358479 0.065299
vt 0.336568 0.073271
vt 0.144729 0.413619
vt 0.144729 0.418882
vt 0.436710 0.032585
vt 0.432625 0.031709
vt 0.946905 0.911612
vt 0.045771 0.704175
vt 0.049738 0.711740
vt 0.045900 0.714087
vt 0.871765 0.758481
vt 0.881312 0.741277
vt 0.511050 0.848195
vt 0.965693 0.184997
vt 0.973506 0.177519
vt 0.598108 0.816654
vt 0.926810 0.844480
vt 0.931624 0.832692
vt 0.648943 0.832261
vt 0.655726 0.841980
vt 0.386113 0.058843
vt 0.976224 0.083696
vt 0.981698 0.080914
vt 0.976055 0.088749
vt 0.554618 0.944834
vt 0.146822 0.915395
vt 0.389408 0.192858
vt 0.387593 0.055099
vt 0.321077 0.571449
vt 0.700433 0.589512
vt 0.700433 0.599396
vt 0.698359 0.593810
vt 0.888267 0.897823
vt 0.901423 0.903426
vt 0.250010 0.163981
vt 0.933073 0.843060
vt 0.914129 0.847079
vt 0.264497 0.405514
vt 0.264971 0.403188
vt 0.266246 0.403300
vt 0.395956 0.191889
vt 0.395005 0.192748
vt 0.545352 0.926431
vt 0.547814 0.920262
vt 0.557288 0.922225
vt 0.533846 0.963768
vt 0.537626 0.962950
vt 0.534518 0.972141
vt 0.483029 0.048083
vt 0.517413 0.883659
vt 0.510358 0.892950
vt 0.005232 0.823087
vt 0.009558 0.811904
vt 0.009558 0.827412
vt 0.284549 0.043772
vt 0.665671 0.890207
vt 0.654278 0.892950
vt 0.963187 0.632318
vt 0.970775 0.621698
vt 0.970775 0.638992
vt 0.152036 0.915992
vt 0.394719 0.189478
vt 0.944681 0.011837
vt 0.949792 0.016651
vt 0.945713 0.024074
vt 0.958487 0.005345
vt 0.948761 0.027762
vt 0.903405 0.891627
vt 0.912509 0.904399
vt 0.544183 0.141010
vt 0.614816 0.144885
vt 0.601831 0.149458
vt 0.666435 0.858970
vt 0.670356 0.876228
vt 0.658772 0.831201
vt 0.903827 0.842593
vt 0.159884 0.912276
vt 0.263272 0.950098
vt 0.258133 0.954400
vt 0.262750 0.943618
vt 0.478985 0.087735
vt 0.887946 0.886872
vt 0.119958 0.584062
vt 0.542650 0.912963
vt 0.590655 0.016382
vt 0.603492 0.019461
vt 0.335032 0.803704
vt 0.430209 0.897379
vt 0.425413 0.903078
vt 0.422692 0.892626
vt 0.515921 0.588135
vt 0.504841 0.589264
vt 0.556871 0.585562
vt 0.112318 0.638174
vt 0.508341 0.168520
vt 0.043103 0.818688
vt 0.032050 0.821361
vt 0.033578 0.805638
vt 0.045902 0.806942
vt 0.408085 0.933721
vt 0.413928 0.931927
vt 0.409054 0.939372
vt 0.957337 0.662164
vt 0.961218 0.661566
vt 0.958320 0.670395
vt 0.598410 0.322353
vt 0.600761 0.320229
vt 0.599374 0.324957
vt 0.036164 0.420333
vt 0.039596 0.418300
vt 0.039596 0.423264
vt 0.937590 0.587568
vt 0.943964 0.587114
vt 0.940071 0.595300
vt 0.565180 0.592730
vt 0.058167 0.408800
vt 0.060076 0.415547
vt 0.051766 0.417802
vt 0.110858 0.589564
vt 0.301746 0.354650
vt 0.296377 0.357726
vt 0.296377 0.301985
vt 0.508756 0.593984
vt 0.978321 0.602234
vt 0.984429 0.595101
vt 0.984429 0.607588
vt 0.724740 0.212729
vt 0.735648 0.220264
vt 0.727328 0.220266
vt 0.505719 0.175151
vt 0.733088 0.516922
vt 0.725499 0.567235
vt 0.232489 0.506023
vt 0.228536 0.498513
vt 0.714449 0.620250
vt 0.718357 0.640210
vt 0.627510 0.013532
vt 0.617792 0.016032
vt 0.622919 0.005638
vt 0.937485 0.611790
vt 0.944485 0.610150
vt 0.444337 0.077531
vt 0.449257 0.085337
vt 0.055108 0.831923
vt 0.045412 0.841675
vt 0.798831 0.083937
vt 0.779744 0.090390
vt 0.775662 0.088767
vt 0.408085 0.906613
vt 0.414143 0.913669
vt 0.974502 0.928563
vt 0.977602 0.942103
vt 0.974080 0.942103
vt 0.943468 0.447678
vt 0.943468 0.465590
vt 0.580892 0.606244
vt 0.878069 0.877976
vt 0.735510 0.364935
vt 0.620656 0.045020
vt 0.631692 0.055171
vt 0.625655 0.061141
vt 0.052333 0.841939
vt 0.039450 0.853427
vt 0.803740 0.088400
vt 0.718363 0.798998
vt 0.548434 0.023501
vt 0.560757 0.033175
vt 0.419168 0.921360
vt 0.581887 0.587983
vt 0.125548 0.534736
vt 0.141463 0.528642
vt 0.741546 0.379610
vt 0.226221 0.637758
vt 0.210196 0.638199
vt 0.737620 0.408215
vt 0.740768 0.464136
vt 0.738355 0.604620
vt 0.729916 0.808202
vt 0.722250 0.816138
vt 0.745375 0.235237
vt 0.736332 0.247974
vt 0.735909 0.340845
vt 0.744671 0.347296
vt 0.519835 0.988525
vt 0.521852 0.976162
vt 0.527031 0.988525
vt 0.788491 0.048888
vt 0.729048 0.635480
vt 0.820105 0.705949
vt 0.735552 0.757380
vt 0.170652 0.975406
vt 0.173612 0.978968
vt 0.164721 0.978968
vt 0.163460 0.966802
vt 0.729106 0.318130
vt 0.722402 0.315989
vt 0.729106 0.308498
vt 0.616333 0.629913
vt 0.741784 0.503620
vt 0.245055 0.491743
vt 0.740321 0.619283
vt 0.399278 0.146107
vt 0.980998 0.039762
vt 0.985795 0.038725
vt 0.981872 0.045057
vt 0.561765 0.043983
vt 0.551124 0.042462
vt 0.469793 0.933911
vt 0.638689 0.639925
vt 0.754925 0.404803
vt 0.217548 0.620565
vt 0.234777 0.615405
vt 0.217771 0.605002
vt 0.787334 0.041804
vt 0.798584 0.049151
vt 0.249231 0.446241
vt 0.246388 0.451697
vt 0.236348 0.438520
vt 0.251950 0.437913
vt 0.238967 0.431587
vt 0.518875 0.780323
vt 0.548361 0.985775
vt 0.542022 0.991256
vt 0.546699 0.980983
vt 0.597219 0.987435
vt 0.604857 0.977972
vt 0.604857 0.988525
vt 0.745776 0.745349
vt 0.176132 0.970202
vt 0.738411 0.816965
vt 0.729511 0.818114
vt 0.535802 0.588135
vt 0.746407 0.219102
vt 0.754943 0.241896
vt 0.748994 0.250927
vt 0.661778 0.596092
vt 0.756165 0.363272
vt 0.251472 0.523239
vt 0.550243 0.991256
vt 0.310668 0.965314
vt 0.746311 0.704930
vt 0.733839 0.716169
vt 0.561393 0.642335
vt 0.537334 0.641117
vt 0.095792 0.477016
vt 0.124598 0.481254
vt 0.762072 0.209087
vt 0.751646 0.213399
vt 0.072743 0.484658
vt 0.287458 0.852041
vt 0.295168 0.844641
vt 0.759517 0.336431
vt 0.243411 0.611602
vt 0.459746 0.768442
vt 0.461124 0.099553
vt 0.432775 0.117667
vt 0.070775 0.787724
vt 0.069415 0.798406
vt 0.065654 0.792745
vt 0.169305 0.364804
vt 0.163217 0.361595
vt 0.168419 0.356653
vt 0.752245 0.773502
vt 0.740294 0.781493
vt 0.747291 0.796284
vt 0.761724 0.190556
vt 0.093425 0.469684
vt 0.763475 0.241328
vt 0.759531 0.285359
vt 0.751214 0.284205
vt 0.760292 0.295547
vt 0.754489 0.317036
vt 0.761638 0.322893
vt 0.259645 0.509502
vt 0.255274 0.476251
vt 0.244712 0.481207
vt 0.250874 0.467974
vt 0.871342 0.963404
vt 0.877931 0.967419
vt 0.871342 0.969597
vt 0.753272 0.735685
vt 0.742579 0.722153
vt 0.751618 0.807952
vt 0.767086 0.197244
vt 0.224544 0.647433
vt 0.243176 0.653960
vt 0.249932 0.638656
vt 0.743279 0.631707
vt 0.754279 0.626253
vt 0.396025 0.758700
vt 0.759145 0.757651
vt 0.076100 0.779631
vt 0.154942 0.366632
vt 0.751281 0.835000
vt 0.743839 0.828950
vt 0.750874 0.827371
vt 0.855043 0.005880
vt 0.771496 0.125438
vt 0.118785 0.461191
vt 0.005637 0.922661
vt 0.025576 0.925401
vt 0.766889 0.303145
vt 0.771406 0.313543
vt 0.245131 0.698214
vt 0.234762 0.703863
vt 0.231819 0.684043
vt 0.235494 0.672953
vt 0.764995 0.500268
vt 0.754885 0.506421
vt 0.759523 0.464552
vt 0.758933 0.703209
vt 0.757752 0.720547
vt 0.068252 0.460220
vt 0.771991 0.350491
vt 0.764967 0.362380
vt 0.770697 0.378168
vt 0.249626 0.687473
vt 0.256919 0.595492
vt 0.255609 0.572786
vt 0.762637 0.805575
vt 0.776770 0.211587
vt 0.244748 0.715332
vt 0.236064 0.727806
vt 0.776853 0.402851
vt 0.268075 0.468519
vt 0.266740 0.493466
vt 0.767449 0.741181
vt 0.767336 0.843474
vt 0.757306 0.845141
vt 0.744803 0.850052
vt 0.715113 0.855863
vt 0.741479 0.840216
vt 0.375765 0.977960
vt 0.385033 0.974688
vt 0.385033 0.987160
vt 0.220988 0.450494
vt 0.226619 0.454103
vt 0.219606 0.458658
vt 0.851463 0.817444
vt 0.864242 0.822230
vt 0.778244 0.304723
vt 0.778670 0.327161
vt 0.262429 0.612124
vt 0.269424 0.537457
vt 0.167673 0.392693
vt 0.149569 0.386913
vt 0.761638 0.789008
vt 0.204378 0.448025
vt 0.772249 0.240928
vt 0.235033 0.756031
vt 0.241201 0.733346
vt 0.258169 0.664861
vt 0.566788 0.984780
vt 0.572281 0.979070
vt 0.093205 0.985480
vt 0.096941 0.988525
vt 0.085395 0.988525
vt 0.089601 0.976077
vt 0.092813 0.976121
vt 0.089215 0.982670
vt 0.855732 0.087526
vt 0.704660 0.863099
vt 0.701069 0.852904
vt 0.699228 0.857709
vt 0.651531 0.446518
vt 0.644126 0.437047
vt 0.781602 0.118028
vt 0.021924 0.460824
vt 0.263220 0.896616
vt 0.270815 0.888302
vt 0.271089 0.637302
vt 0.271316 0.579296
vt 0.780020 0.508295
vt 0.275472 0.513835
vt 0.284324 0.448440
vt 0.270809 0.448152
vt 0.284073 0.911441
vt 0.277734 0.916332
vt 0.982795 0.325081
vt 0.985795 0.328435
vt 0.982795 0.337246
vt 0.858157 0.113391
vt 0.210015 0.440044
vt 0.009212 0.442449
vt 0.252720 0.755678
vt 0.243020 0.760859
vt 0.789397 0.350489
vt 0.784525 0.369465
vt 0.784643 0.606703
vt 0.284307 0.465978
vt 0.281344 0.480870
vt 0.286727 0.905204
vt 0.766398 0.673574
vt 0.764331 0.691769
vt 0.950727 0.406526
vt 0.778377 0.694654
vt 0.773231 0.715943
vt 0.866805 0.131075
vt 0.781468 0.097955
vt 0.155580 0.393484
vt 0.767536 0.776484
vt 0.759802 0.860551
vt 0.794597 0.207000
vt 0.790482 0.218116
vt 0.254503 0.890846
vt 0.788139 0.316571
vt 0.272698 0.904676
vt 0.255863 0.735996
vt 0.256634 0.746604
vt 0.520127 0.722719
vt 0.516650 0.739735
vt 0.475706 0.732400
vt 0.784385 0.187132
vt 0.793619 0.283678
vt 0.153379 0.703164
vt 0.153379 0.688602
vt 0.163844 0.692925
vt 0.791931 0.565041
vt 0.292229 0.451228
vt 0.106719 0.788988
vt 0.102914 0.781210
vt 0.876565 0.026617
vt 0.876121 0.014222
vt 0.797241 0.295712
vt 0.255916 0.902082
vt 0.800726 0.330290
vt 0.796565 0.339367
vt 0.200321 0.759694
vt 0.282987 0.614484
vt 0.290294 0.473661
vt 0.784325 0.717383
vt 0.779586 0.742967
vt 0.736890 0.918395
vt 0.731010 0.926808
vt 0.730662 0.917978
vt 0.795026 0.242260
vt 0.201165 0.776950
vt 0.275477 0.604753
vt 0.071191 0.229622
vt 0.727538 0.980148
vt 0.722468 0.984698
vt 0.715071 0.303563
vt 0.806125 0.232474
vt 0.803457 0.215051
vt 0.707656 0.232022
vt 0.693780 0.220467
vt 0.692844 0.193242
vt 0.804703 0.973183
vt 0.801198 0.977945
vt 0.800594 0.970079
vt 0.782749 0.961579
vt 0.786689 0.966711
vt 0.780189 0.971262
vt 0.795552 0.743408
vt 0.787980 0.756564
vt 0.793831 0.808858
vt 0.165440 0.722366
vt 0.291946 0.630110
vt 0.288693 0.490429
vt 0.293172 0.483994
vt 0.114112 0.839629
vt 0.797807 0.775384
vt 0.861371 0.086928
vt 0.891328 0.022348
vt 0.894996 0.004759
vt 0.899663 0.006314
vt 0.709116 0.298667
vt 0.808512 0.352993
vt 0.804992 0.507293
vt 0.798433 0.607026
vt 0.493040 0.694705
vt 0.124043 0.833132
vt 0.864231 0.109023
vt 0.896533 0.028290
vt 0.904286 0.022705
vt 0.820414 0.227200
vt 0.809309 0.247536
vt 0.800564 0.244930
vt 0.813359 0.252731
vt 0.802002 0.259179
vt 0.294345 0.615944
vt 0.765806 0.957122
vt 0.339647 0.219741
vt 0.915333 0.041378
vt 0.915173 0.054173
vt 0.910846 0.049897
vt 0.090367 0.410747
vt 0.084849 0.402810
vt 0.807680 0.641187
vt 0.767990 0.929685
vt 0.337069 0.232601
vt 0.329316 0.221318
vt 0.896253 0.041150
vt 0.891766 0.040436
vt 0.922988 0.058108
vt 0.702792 0.302179
vt 0.296687 0.517671
vt 0.304575 0.512839
vt 0.598030 0.270681
vt 0.596797 0.278535
vt 0.594112 0.270681
vt 0.131504 0.822035
vt 0.807932 0.740533
vt 0.802519 0.756478
vt 0.313372 0.727847
vt 0.320970 0.752789
vt 0.344072 0.235010
vt 0.231114 0.953026
vt 0.394070 0.864476
vt 0.816294 0.350323
vt 0.310495 0.589276
vt 0.305345 0.620108
vt 0.876565 0.128842
vt 0.488801 0.427933
vt 0.480976 0.425040
vt 0.480284 0.414796
vt 0.818795 0.412278
vt 0.813529 0.462896
vt 0.305988 0.536841
vt 0.843995 0.650496
vt 0.838003 0.657004
vt 0.829327 0.641047
vt 0.829160 0.626949
vt 0.842659 0.628340
vt 0.443120 0.689648
vt 0.695079 0.381210
vt 0.692641 0.371991
vt 0.697244 0.371438
vt 0.005466 0.209688
vt 0.006827 0.211499
vt 0.005466 0.212997
vt 0.989891 0.984355
vt 0.989891 0.991256
vt 0.988287 0.989043
vt 0.487143 0.434187
vt 0.226458 0.815675
vt 0.861487 0.479153
vt 0.856499 0.487147
vt 0.846293 0.471694
vt 0.854267 0.458772
vt 0.880305 0.220951
vt 0.883322 0.211792
vt 0.113278 0.766377
vt 0.825031 0.401113
vt 0.825890 0.468857
vt 0.755290 0.892657
vt 0.764792 0.877003
vt 0.771311 0.886586
vt 0.749097 0.882909
vt 0.167250 0.152789
vt 0.164029 0.194283
vt 0.270757 0.748616
vt 0.273073 0.765971
vt 0.264146 0.765971
vt 0.163456 0.149198
vt 0.170671 0.145092
vt 0.116877 0.908116
vt 0.148209 0.335894
vt 0.160021 0.333675
vt 0.853666 0.665503
vt 0.845761 0.667664
vt 0.825071 0.602349
vt 0.815715 0.627228
vt 0.068980 0.921093
vt 0.077826 0.918846
vt 0.076696 0.928972
vt 0.073932 0.908634
vt 0.907969 0.948249
vt 0.380028 0.878283
vt 0.820841 0.548246
vt 0.818296 0.498070
vt 0.323225 0.534993
vt 0.314179 0.546704
vt 0.312568 0.533170
vt 0.939223 0.872496
vt 0.948448 0.878400
vt 0.947811 0.890020
vt 0.770263 0.901924
vt 0.910906 0.377877
vt 0.915442 0.370311
vt 0.922988 0.380545
vt 0.060013 0.936641
vt 0.207700 0.830620
vt 0.211709 0.951323
vt 0.154971 0.144555
vt 0.857422 0.447872
vt 0.869619 0.451259
vt 0.869390 0.436541
vt 0.886208 0.232705
vt 0.335539 0.407275
vt 0.319539 0.521212
vt 0.952135 0.890350
vt 0.340093 0.487798
vt 0.854885 0.650091
vt 0.707995 0.654928
vt 0.702872 0.656771
vt 0.699679 0.641188
vt 0.059993 0.926181
vt 0.182008 0.405946
vt 0.186834 0.411651
vt 0.970776 0.591527
vt 0.958043 0.591527
vt 0.385880 0.696664
vt 0.378151 0.709526
vt 0.355501 0.610662
vt 0.357726 0.618887
vt 0.355501 0.622607
vt 0.162153 0.873633
vt 0.181594 0.867737
vt 0.181019 0.876565
vt 0.904737 0.230279
vt 0.475824 0.455188
vt 0.953026 0.870096
vt 0.945909 0.871690
vt 0.855975 0.630628
vt 0.850802 0.614240
vt 0.582150 0.869889
vt 0.587108 0.865343
vt 0.587108 0.876565
vt 0.694534 0.897086
vt 0.705012 0.903437
vt 0.796971 0.946427
vt 0.806788 0.934797
vt 0.808297 0.941559
vt 0.691347 0.901817
vt 0.977602 0.290909
vt 0.977602 0.304477
vt 0.972265 0.294325
vt 0.536591 0.183534
vt 0.540685 0.185580
vt 0.536591 0.188421
vt 0.887136 0.950295
vt 0.418224 0.811868
vt 0.423264 0.814005
vt 0.418224 0.819220
vt 0.159078 0.835524
vt 0.181594 0.814424
vt 0.180894 0.833831
vt 0.970776 0.470526
vt 0.915168 0.398162
vt 0.198181 0.902943
vt 0.192517 0.971393
vt 0.187946 0.978213
vt 0.187058 0.970530
vt 0.647184 0.267963
vt 0.645037 0.273073
vt 0.643238 0.267963
vt 0.401779 0.414089
vt 0.648370 0.674132
vt 0.857889 0.608707
vt 0.747100 0.893123
vt 0.046203 0.365381
vt 0.046745 0.375299
vt 0.045227 0.372500
vt 0.445166 0.664866
vt 0.055497 0.370630
vt 0.055603 0.385033
vt 0.048035 0.345110
vt 0.057345 0.340080
vt 0.967325 0.607201
vt 0.964331 0.610319
vt 0.174589 0.493978
vt 0.180228 0.498920
vt 0.060215 0.282145
vt 0.051678 0.271803
vt 0.407337 0.198696
vt 0.490867 0.385799
vt 0.154555 0.150555
vt 0.881607 0.453055
vt 0.338326 0.319444
vt 0.868373 0.639071
vt 0.259420 0.238939
vt 0.258328 0.232504
vt 0.259420 0.232430
vt 0.012288 0.717924
vt 0.005573 0.715953
vt 0.005770 0.702301
vt 0.989852 0.946346
vt 0.992621 0.953026
vt 0.988119 0.953026
vt 0.831487 0.900476
vt 0.715106 0.902993
vt 0.797160 0.937937
vt 0.962583 0.498095
vt 0.957576 0.513854
vt 0.956262 0.500859
vt 0.056799 0.283671
vt 0.962555 0.891584
vt 0.962555 0.872561
vt 0.968045 0.885945
vt 0.152324 0.861795
vt 0.159529 0.850570
vt 0.401721 0.898411
vt 0.389834 0.892921
vt 0.884899 0.468219
vt 0.590066 0.419494
vt 0.006546 0.722469
vt 0.901535 0.535315
vt 0.885501 0.482547
vt 0.897058 0.245766
vt 0.911894 0.243146
vt 0.654010 0.711510
vt 0.649617 0.714087
vt 0.649617 0.709361
vt 0.868313 0.620324
vt 0.861927 0.615749
vt 0.304477 0.475147
vt 0.300995 0.472062
vt 0.304477 0.466932
vt 0.057345 0.381087
vt 0.631445 0.436578
vt 0.633530 0.435400
vt 0.633530 0.441013
vt 0.434730 0.005868
vt 0.436917 0.005624
vt 0.434730 0.008192
vt 0.690065 0.876311
vt 0.694126 0.883646
vt 0.691092 0.870454
vt 0.888736 0.633247
vt 0.093862 0.107675
vt 0.041835 0.083626
vt 0.059777 0.070130
vt 0.023596 0.114968
vt 0.027902 0.092669
vt 0.044787 0.069345
vt 0.064296 0.054013
vt 0.121220 0.134975
vt 0.128974 0.103088
vt 0.025204 0.131948
vt 0.270525 0.167829
vt 0.032793 0.158946
vt 0.011422 0.309507
vt 0.033674 0.313248
vt 0.254269 0.278537
vt 0.357790 0.922519
vt 0.364224 0.931694
vt 0.006409 0.224751
vt 0.006803 0.316964
vt 0.462859 0.864532
vt 0.124280 0.151711
vt 0.182215 0.292942
vt 0.292764 0.257549
vt 0.989723 0.859547
vt 0.991256 0.853864
vt 0.991256 0.860181
vt 0.368751 0.168164
vt 0.029333 0.304487
vt 0.134548 0.134565
vt 0.299815 0.260993
vt 0.281434 0.375504
vt 0.157017 0.423128
vt 0.157017 0.425994
vt 0.156348 0.425463
vt 0.364989 0.158584
vt 0.900026 0.261938
vt 0.063849 0.709233
vt 0.061009 0.709794
vt 0.061009 0.705858
vt 0.694001 0.578772
vt 0.182983 0.201016
vt 0.573454 0.646133
vt 0.573454 0.651280
vt 0.572834 0.651003
vt 0.423264 0.004932
vt 0.343548 0.189715
vt 0.347276 0.811028
vt 0.347276 0.803353
vt 0.349534 0.808548
vt 0.914796 0.561973
vt 0.971964 0.562263
vt 0.971964 0.556723
vt 0.976237 0.560656
vt 0.436676 0.066968
vt 0.215360 0.713093
vt 0.225286 0.722600
vt 0.183936 0.176772
vt 0.355590 0.075761
vt 0.353164 0.181081
vt 0.350951 0.191962
vt 0.037187 0.298616
vt 0.258054 0.175135
vt 0.258054 0.181594
vt 0.255876 0.178135
vt 0.599107 0.054615
vt 0.603492 0.052626
vt 0.240265 0.013650
vt 0.241670 0.009828
vt 0.241670 0.016384
vt 0.811798 0.047082
vt 0.812393 0.047031
vt 0.812393 0.054615
vt 0.941076 0.382353
vt 0.934882 0.375444
vt 0.386399 0.667664
vt 0.384649 0.665480
vt 0.386399 0.662702
vt 0.377993 0.115264
vt 0.450657 0.071819
vt 0.934882 0.405514
vt 0.207068 0.027890
vt 0.257069 0.215676
vt 0.261395 0.215510
vt 0.256237 0.221189
vt 0.312853 0.042000
vt 0.983064 0.363187
vt 0.982005 0.363071
vt 0.983064 0.352029
vt 0.008313 0.679535
vt 0.017255 0.699068
vt 0.463894 0.085309
vt 0.140322 0.015953
vt 0.214848 0.145521
vt 0.019115 0.679486
vt 0.011583 0.663505
vt 0.493489 0.084607
vt 0.209644 0.148820
vt 0.054017 0.016058
vt 0.111304 0.707260
vt 0.114156 0.695794
vt 0.117422 0.707260
vt 0.371380 0.179104
vt 0.969917 0.348242
vt 0.973506 0.349730
vt 0.969917 0.364553
vt 0.435621 0.788060
vt 0.977153 0.269990
vt 0.719548 0.226669
vt 0.717861 0.230747
vt 0.715733 0.226669
vt 0.107230 0.854492
vt 0.944583 0.005345
vt 0.948513 0.008535
vt 0.024577 0.422966
vt 0.024577 0.425994
vt 0.023977 0.425419
vt 0.120164 0.624320
vt 0.223776 0.262697
vt 0.642514 0.029256
vt 0.651127 0.038852
vt 0.984429 0.765971
vt 0.981630 0.759395
vt 0.984429 0.755133
vt 0.415854 0.107290
vt 0.300093 0.412341
vt 0.293707 0.405339
vt 0.300381 0.405339
vt 0.681520 0.989891
vt 0.681520 0.980047
vt 0.690875 0.987309
vt 0.084982 0.611972
vt 0.648737 0.066273
vt 0.633945 0.067897
vt 0.905512 0.295533
vt 0.311846 0.783942
vt 0.740066 0.069634
vt 0.539993 0.773488
vt 0.682406 0.847363
vt 0.623049 0.025060
vt 0.717187 0.741185
vt 0.513979 0.200709
vt 0.512595 0.184797
vt 0.522935 0.184797
vt 0.533114 0.046412
vt 0.038032 0.537131
vt 0.733135 0.065742
vt 0.617566 0.028833
vt 0.624788 0.040959
vt 0.721603 0.709013
vt 0.698439 0.780990
vt 0.049153 0.946199
vt 0.038531 0.926702
vt 0.047065 0.930585
vt 0.947564 0.580212
vt 0.942563 0.576217
vt 0.937590 0.566916
vt 0.157017 0.496565
vt 0.037616 0.503700
vt 0.031412 0.489298
vt 0.044420 0.497347
vt 0.030038 0.946463
vt 0.019484 0.954391
vt 0.737722 0.209882
vt 0.113428 0.541191
vt 0.965314 0.109229
vt 0.963491 0.098642
vt 0.965314 0.090791
vt 0.965913 0.913903
vt 0.970962 0.910946
vt 0.967465 0.920257
vt 0.665910 0.640360
vt 0.294057 0.801857
vt 0.547641 0.760891
vt 0.932597 0.936641
vt 0.710108 0.780990
vt 0.167406 0.964068
vt 0.703862 0.611987
vt 0.798871 0.012729
vt 0.275508 0.992621
vt 0.964463 0.903415
vt 0.974872 0.903415
vt 0.800105 0.028795
vt 0.989891 0.549564
vt 0.987346 0.554339
vt 0.987346 0.547455
vt 0.716817 0.975283
vt 0.711124 0.984429
vt 0.711124 0.971366
vt 0.009335 0.486070
vt 0.011217 0.478583
vt 0.245881 0.464156
vt 0.767919 0.118131
vt 0.616606 0.070675
vt 0.948736 0.062657
vt 0.955756 0.055183
vt 0.955756 0.069598
vt 0.444555 0.637861
vt 0.972141 0.716817
vt 0.988525 0.833907
vt 0.988525 0.842431
vt 0.981719 0.834122
vt 0.955721 0.077826
vt 0.950239 0.070511
vt 0.552973 0.972141
vt 0.548655 0.962672
vt 0.552973 0.956910
vt 0.374088 0.813432
vt 0.364552 0.816554
vt 0.731836 0.888820
vt 0.723123 0.891584
vt 0.723123 0.880394
vt 0.641159 0.417388
vt 0.261537 0.727081
vt 0.267214 0.670040
vt 0.269716 0.676883
vt 0.400023 0.804053
vt 0.331784 0.977602
vt 0.322858 0.972148
vt 0.331784 0.963298
vt 0.647496 0.372950
vt 0.091999 0.227299
vt 0.176132 0.247486
vt 0.176132 0.253958
vt 0.173423 0.250453
vt 0.808246 0.971082
vt 0.779570 0.976237
vt 0.786824 0.973197
vt 0.789182 0.976237
vt 0.975816 0.654353
vt 0.984429 0.649527
vt 0.984429 0.662203
vt 0.866757 0.076431
vt 0.735462 0.927843
vt 0.183504 0.705863
vt 0.192834 0.785664
vt 0.279332 0.667579
vt 0.019115 0.098182
vt 0.013912 0.102403
vt 0.013912 0.095916
vt 0.721536 0.196463
vt 0.725010 0.196463
vt 0.724415 0.200709
vt 0.730662 0.935597
vt 0.683370 0.221913
vt 0.168041 0.709548
vt 0.954391 0.225921
vt 0.943927 0.232112
vt 0.341428 0.757285
vt 0.809363 0.194486
vt 0.671721 0.261893
vt 0.392064 0.929705
vt 0.382766 0.936630
vt 0.377381 0.905784
vt 0.801764 0.801766
vt 0.539320 0.282275
vt 0.068337 0.270546
vt 0.922988 0.023433
vt 0.920956 0.036192
vt 0.679952 0.722279
vt 0.671372 0.715506
vt 0.679952 0.710895
vt 0.386892 0.849155
vt 0.537954 0.312037
vt 0.005053 0.752063
vt 0.300345 0.636497
vt 0.825424 0.646645
vt 0.831236 0.660265
vt 0.104120 0.412341
vt 0.358688 0.978968
vt 0.353579 0.974641
vt 0.478818 0.391607
vt 0.914796 0.205579
vt 0.901495 0.202253
vt 0.336661 0.558780
vt 0.121222 0.411277
vt 0.324095 0.750303
vt 0.328734 0.767603
vt 0.888159 0.035487
vt 0.526864 0.373234
vt 0.328009 0.276566
vt 0.537954 0.463489
vt 0.403439 0.623372
vt 0.697434 0.322056
vt 0.701734 0.318426
vt 0.168656 0.328106
vt 0.327688 0.509282
vt 0.321126 0.509282
vt 0.323516 0.501155
vt 0.960620 0.576185
vt 0.986027 0.399941
vt 0.990853 0.402643
vt 0.986027 0.408244
vt 0.702391 0.327161
vt 0.327362 0.296650
vt 0.524288 0.693697
vt 0.907969 0.923584
vt 0.211451 0.893932
vt 0.342731 0.513871
vt 0.170999 0.921622
vt 0.497347 0.689063
vt 0.328839 0.657216
vt 0.140904 0.797027
vt 0.904899 0.746661
vt 0.906603 0.730931
vt 0.893826 0.735774
vt 0.893826 0.712050
vt 0.346574 0.332270
vt 0.953026 0.895680
vt 0.190096 0.625338
vt 0.190096 0.623579
vt 0.191151 0.623728
vt 0.629434 0.505571
vt 0.627379 0.506551
vt 0.627379 0.501147
vt 0.373919 0.692367
vt 0.181514 0.854013
vt 0.621121 0.449206
vt 0.581739 0.865280
vt 0.441473 0.667049
vt 0.371569 0.662952
vt 0.985503 0.581646
vt 0.036277 0.776894
vt 0.036277 0.769186
vt 0.036865 0.769279
vt 0.489321 0.468758
vt 0.484696 0.473751
vt 0.364282 0.593349
vt 0.363587 0.589011
vt 0.992621 0.217093
vt 0.992621 0.223920
vt 0.989440 0.218914
vt 0.369292 0.572974
vt 0.047257 0.272425
vt 0.503873 0.469686
vt 0.498749 0.460919
vt 0.128529 0.940737
vt 0.680452 0.454776
vt 0.379803 0.562820
vt 0.263516 0.979264
vt 0.255884 0.981698
vt 0.255884 0.968054
vt 0.894852 0.971825
vt 0.192733 0.912024
vt 0.195396 0.888525
vt 0.562874 0.233073
vt 0.598031 0.360628
vt 0.589585 0.369146
vt 0.675638 0.491695
vt 0.701798 0.466701
vt 0.701162 0.466955
vt 0.701162 0.462461
vt 0.371263 0.562613
vt 0.699305 0.509709
vt 0.699646 0.501769
vt 0.826716 0.910830
vt 0.821798 0.910275
vt 0.898411 0.597514
vt 0.885250 0.592454
vt 0.499070 0.662134
vt 0.369480 0.645320
vt 0.543947 0.199842
vt 0.631658 0.207876
vt 0.621936 0.205603
vt 0.546321 0.242270
vt 0.884337 0.441297
vt 0.889096 0.455208
vt 0.552283 0.470196
vt 0.566770 0.513709
vt 0.435583 0.008140
vt 0.656340 0.773520
vt 0.656741 0.776894
vt 0.654268 0.776119
vt 0.367430 0.642026
vt 0.450413 0.215937
vt 0.346173 0.270482
vt 0.890219 0.470519
vt 0.460242 0.325302
vt 0.473116 0.583488
vt 0.442204 0.333554
vt 0.485236 0.555784
vt 0.480252 0.314866
vt 0.638637 0.500219
vt 0.645818 0.504327
vt 0.638637 0.512012
vt 0.118458 0.173110
vt 0.023475 0.145760
vt 0.086202 0.033916
vt 0.064172 0.709991
vt 0.489575 0.842676
vt 0.969670 0.064172
vt 0.337765 0.900109
vt 0.543168 0.130492
vt 0.297836 0.281751
vt 0.991256 0.312509
vt 0.371380 0.215736
vt 0.902507 0.484705
vt 0.897353 0.482606
vt 0.902507 0.473436
vt 0.450606 0.880079
vt 0.622607 0.136071
vt 0.969203 0.774861
vt 0.970775 0.765722
vt 0.970775 0.780990
vt 0.099980 0.211225
vt 0.101037 0.211054
vt 0.101037 0.214362
vt 0.639499 0.818981
vt 0.618657 0.812677
vt 0.302806 0.382759
vt 0.900135 0.549582
vt 0.439914 0.801604
vt 0.140016 0.917526
vt 0.946798 0.031403
vt 0.049153 0.041643
vt 0.687428 0.019877
vt 0.694972 0.005936
vt 0.516296 0.811920
vt 0.264497 0.400469
vt 0.241670 0.311304
vt 0.239888 0.309080
vt 0.241670 0.304854
vt 0.012284 0.840786
vt 0.965314 0.379645
vt 0.751854 0.012288
vt 0.747618 0.004927
vt 0.753682 0.004927
vt 0.748958 0.980366
vt 0.753367 0.975184
vt 0.760509 0.981698
vt 0.046959 0.248497
vt 0.046959 0.245196
vt 0.047788 0.245857
vt 0.416801 0.040367
vt 0.521674 0.891733
vt 0.478186 0.357355
vt 0.479244 0.363059
vt 0.478186 0.363187
vt 0.198635 0.524744
vt 0.220712 0.357699
vt 0.983966 0.731697
vt 0.987160 0.728722
vt 0.987160 0.737298
vt 0.152983 0.133799
vt 0.760509 0.968453
vt 0.472938 0.128210
vt 0.477878 0.131802
vt 0.472938 0.136537
vt 0.132441 0.547503
vt 0.035813 0.792220
vt 0.813297 0.792992
vt 0.819220 0.800950
vt 0.813297 0.808297
vt 0.676104 0.884223
vt 0.598410 0.313257
vt 0.914712 0.890085
vt 0.147636 0.539434
vt 0.531128 0.881015
vt 0.596256 0.163948
vt 0.950710 0.320861
vt 0.518287 0.788837
vt 0.816832 0.682787
vt 0.196448 0.634928
vt 0.894432 0.275716
vt 0.482320 0.006960
vt 0.930504 0.558435
vt 0.918980 0.541447
vt 0.832785 0.441013
vt 0.835583 0.433527
vt 0.839700 0.441013
vt 0.385891 0.106499
vt 0.385891 0.100282
vt 0.390495 0.103041
vt 0.906603 0.291760
vt 0.538981 0.040616
vt 0.957337 0.649950
vt 0.793117 0.053831
vt 0.950295 0.606555
vt 0.417521 0.965314
vt 0.417521 0.944818
vt 0.419167 0.959168
vt 0.591650 0.180228
vt 0.744644 0.258651
vt 0.238598 0.487385
vt 0.539806 0.759411
vt 0.024764 0.936482
vt 0.285362 0.980366
vt 0.486400 0.769576
vt 0.980998 0.032513
vt 0.746387 0.171562
vt 0.486594 0.760390
vt 0.257392 0.453938
vt 0.475802 0.749024
vt 0.274584 0.855573
vt 0.486150 0.745745
vt 0.465137 0.745222
vt 0.943740 0.067125
vt 0.947321 0.056403
vt 0.482520 0.895042
vt 0.623937 0.943468
vt 0.775492 0.863834
vt 0.520409 0.743711
vt 0.623937 0.921705
vt 0.397828 0.726370
vt 0.339628 0.780579
vt 0.344072 0.789513
vt 0.339628 0.796009
vt 0.793974 0.119570
vt 0.783049 0.199207
vt 0.829836 0.807588
vt 0.300965 0.436308
vt 0.518669 0.720570
vt 0.800594 0.983064
vt 0.981493 0.712721
vt 0.981493 0.701481
vt 0.984429 0.708257
vt 0.748005 0.922212
vt 0.073730 0.976509
vt 0.287483 0.503135
vt 0.565262 0.195247
vt 0.556491 0.192054
vt 0.565262 0.185483
vt 0.734896 0.936666
vt 0.530600 0.278421
vt 0.726798 0.005546
vt 0.735932 0.010447
vt 0.726798 0.015019
vt 0.241389 0.841765
vt 0.346452 0.975762
vt 0.790468 0.822441
vt 0.799292 0.817786
vt 0.309835 0.987160
vt 0.309835 0.976894
vt 0.319496 0.985692
vt 0.963056 0.436513
vt 0.968045 0.427967
vt 0.968045 0.445110
vt 0.802575 0.715552
vt 0.819797 0.751803
vt 0.815478 0.774266
vt 0.395006 0.656794
vt 0.775612 0.933100
vt 0.555402 0.702541
vt 0.539685 0.711700
vt 0.344850 0.738568
vt 0.138187 0.704829
vt 0.588271 0.964596
vt 0.170671 0.340255
vt 0.126979 0.399172
vt 0.297067 0.371022
vt 0.304477 0.364486
vt 0.304477 0.372745
vt 0.554894 0.247774
vt 0.103115 0.384235
vt 0.126369 0.406145
vt 0.168090 0.211571
vt 0.822239 0.377311
vt 0.780990 0.880568
vt 0.775201 0.890977
vt 0.441888 0.687093
vt 0.210909 0.874151
vt 0.511465 0.364030
vt 0.163839 0.211629
vt 0.527379 0.696076
vt 0.984002 0.099996
vt 0.984429 0.109229
vt 0.979567 0.103041
vt 0.648549 0.985795
vt 0.639873 0.976544
vt 0.648549 0.973250
vt 0.418338 0.795902
vt 0.425994 0.801307
vt 0.410039 0.801470
vt 0.707992 0.192246
vt 0.229382 0.797374
vt 0.205762 0.882222
vt 0.505657 0.319299
vt 0.103768 0.695285
vt 0.102025 0.703164
vt 0.102025 0.688307
vt 0.853788 0.440104
vt 0.858038 0.433004
vt 0.201668 0.657031
vt 0.201668 0.679952
vt 0.410371 0.796045
vt 0.372836 0.655012
vt 0.969313 0.484705
vt 0.932410 0.662597
vt 0.042974 0.005605
vt 0.043692 0.004817
vt 0.043692 0.008192
vt 0.187048 0.408209
vt 0.207134 0.897480
vt 0.792742 0.063639
vt 0.798739 0.063639
vt 0.794788 0.070999
vt 0.075095 0.419168
vt 0.070018 0.413858
vt 0.075095 0.412913
vt 0.496848 0.903102
vt 0.190112 0.619589
vt 0.536589 0.424629
vt 0.536025 0.424398
vt 0.536589 0.419570
vt 0.738663 0.141998
vt 0.737392 0.138547
vt 0.738663 0.138313
vt 0.199727 0.841033
vt 0.974872 0.529886
vt 0.138435 0.207435
vt 0.567992 0.005355
vt 0.239685 0.784446
vt 0.243035 0.788383
vt 0.239685 0.791913
vt 0.598031 0.451936
vt 0.971953 0.514743
vt 0.971953 0.500547
vt 0.973506 0.507438
vt 0.710585 0.676053
vt 0.626569 0.665197
vt 0.218733 0.413706
vt 0.218733 0.410599
vt 0.219824 0.410680
vt 0.947564 0.650451
vt 0.192620 0.865709
vt 0.468269 0.221282
vt 0.650723 0.666102
vt 0.267205 0.713494
vt 0.491748 0.663008
vt 0.906603 0.499461
vt 0.962583 0.520205
vt 0.534095 0.198850
vt 0.877371 0.436728
vt 0.622261 0.255501
vt 0.124604 0.310708
vt 0.606438 0.659014
vt 0.654180 0.776894
vt 0.890219 0.798281
vt 0.486129 0.861362
vt 0.106499 0.490166
vt 0.104837 0.489975
vt 0.106499 0.488461
vt 0.988720 0.853392
vt 0.377615 0.057177
vt 0.645818 0.219824
vt 0.720586 0.241082
vt 0.723644 0.242091
vt 0.720586 0.245766
vt 0.939372 0.826086
vt 0.969507 0.991256
vt 0.969507 0.984504
vt 0.972141 0.989875
vt 0.492093 0.886303
vt 0.982739 0.510411
vt 0.985795 0.502740
vt 0.985795 0.513378
vt 0.547783 0.722279
vt 0.547783 0.718191
vt 0.548877 0.718197
vt 0.144658 0.398863
vt 0.974264 0.570723
vt 0.050519 0.704175
vt 0.636363 0.650560
vt 0.640357 0.653028
vt 0.636363 0.655376
vt 0.594230 0.051917
vt 0.976055 0.075467
vt 0.532101 0.968687
vt 0.953026 0.907275
vt 0.256237 0.195822
vt 0.260804 0.204011
vt 0.191151 0.958487
vt 0.131075 0.170926
vt 0.131075 0.177498
vt 0.128210 0.176720
vt 0.584601 0.035650
vt 0.400654 0.100363
vt 0.405514 0.111029
vt 0.400654 0.113325
vt 0.987160 0.797374
vt 0.976579 0.797374
vt 0.985631 0.785010
vt 0.264881 0.197576
vt 0.176460 0.954571
vt 0.161113 0.900585
vt 0.310331 0.335409
vt 0.312669 0.340033
vt 0.310331 0.341342
vt 0.532101 0.952695
vt 0.327329 0.952936
vt 0.935306 0.852822
vt 0.988525 0.243922
vt 0.988525 0.252593
vt 0.986036 0.246543
vt 0.861546 0.298637
vt 0.540685 0.957836
vt 0.025695 0.817041
vt 0.705302 0.811458
vt 0.502455 0.574819
vt 0.495819 0.566062
vt 0.502455 0.556931
vt 0.597460 0.012002
vt 0.113820 0.857860
vt 0.524438 0.838813
vt 0.931071 0.855167
vt 0.940138 0.319076
vt 0.981345 0.765444
vt 0.558202 0.588712
vt 0.540685 0.005510
vt 0.540685 0.013654
vt 0.538147 0.012034
vt 0.050591 0.411997
vt 0.612459 0.593877
vt 0.970487 0.408917
vt 0.974872 0.401045
vt 0.974872 0.415071
vt 0.734567 0.285976
vt 0.726826 0.296285
vt 0.726826 0.281615
vt 0.674788 0.892288
vt 0.602986 0.004854
vt 0.087216 0.698035
vt 0.472353 0.180216
vt 0.679192 0.867161
vt 0.939372 0.862318
vt 0.977602 0.851800
vt 0.580550 0.026418
vt 0.060076 0.396217
vt 0.040869 0.693773
vt 0.684049 0.863261
vt 0.819511 0.686218
vt 0.970776 0.688145
vt 0.965446 0.679283
vt 0.970776 0.671820
vt 0.786408 0.005638
vt 0.967440 0.317368
vt 0.049153 0.918725
vt 0.601224 0.980741
vt 0.871104 0.848414
vt 0.300940 0.776289
vt 0.872960 0.973152
vt 0.877828 0.977602
vt 0.924343 0.984429
vt 0.515604 0.643777
vt 0.249191 0.425766
vt 0.710426 0.847204
vt 0.712045 0.839909
vt 0.208749 0.466378
vt 0.839281 0.786139
vt 0.841066 0.797374
vt 0.830729 0.797374
vt 0.606846 0.064733
vt 0.275756 0.412580
vt 0.149600 0.372608
vt 0.752947 0.830040
vt 0.234464 0.451644
vt 0.234843 0.454293
vt 0.278105 0.919213
vt 0.169305 0.423264
vt 0.984429 0.068268
vt 0.982262 0.066574
vt 0.984429 0.056905
vt 0.096558 0.774972
vt 0.869190 0.005340
vt 0.731963 0.903826
vt 0.715928 0.868373
vt 0.276341 0.648906
vt 0.163216 0.397562
vt 0.987455 0.287852
vt 0.992621 0.291784
vt 0.987455 0.296285
vt 0.759925 0.866772
vt 0.803688 0.133850
vt 0.007396 0.430952
vt 0.295871 0.457557
vt 0.821101 0.741657
vt 0.168748 0.402804
vt 0.701629 0.354852
vt 0.593934 0.113224
vt 0.591023 0.118787
vt 0.591023 0.110931
vt 0.747676 0.966679
vt 0.747676 0.950346
vt 0.755048 0.960642
vt 0.126979 0.216682
vt 0.811028 0.974543
vt 0.760816 0.933184
vt 0.535860 0.720297
vt 0.515694 0.299137
vt 0.517474 0.307207
vt 0.512620 0.307207
vt 0.981698 0.674037
vt 0.980283 0.682683
vt 0.980283 0.671339
vt 0.210228 0.747629
vt 0.214363 0.748026
vt 0.210228 0.752317
vt 0.760816 0.951396
vt 0.906603 0.030199
vt 0.888159 0.012294
vt 0.548058 0.384355
vt 0.813059 0.220682
vt 0.688239 0.303286
vt 0.948930 0.551608
vt 0.944893 0.527502
vt 0.948930 0.525519
vt 0.822279 0.217183
vt 0.845611 0.453337
vt 0.342245 0.240305
vt 0.890500 0.049153
vt 0.157017 0.409136
vt 0.155735 0.410975
vt 0.155735 0.405083
vt 0.921476 0.062807
vt 0.478818 0.431125
vt 0.853692 0.493932
vt 0.845611 0.481781
vt 0.300319 0.643936
vt 0.993987 0.400934
vt 0.697036 0.270266
vt 0.204554 0.422908
vt 0.211632 0.424663
vt 0.204554 0.430090
vt 0.977369 0.109229
vt 0.982955 0.096597
vt 0.318332 0.353881
vt 0.146832 0.360431
vt 0.292188 0.955194
vt 0.286776 0.969410
vt 0.286776 0.950349
vt 0.145676 0.845464
vt 0.331579 0.519289
vt 0.706695 0.908649
vt 0.044780 0.354221
vt 0.447979 0.380937
vt 0.447623 0.378350
vt 0.449206 0.378350
vt 0.678114 0.779624
vt 0.678114 0.770161
vt 0.682683 0.775791
vt 0.596325 0.510409
vt 0.600761 0.508360
vt 0.600761 0.516109
vt 0.395956 0.984429
vt 0.394593 0.981117
vt 0.395956 0.977463
vt 0.376329 0.896062
vt 0.935262 0.980333
vt 0.935262 0.966973
vt 0.939372 0.978759
vt 0.398687 0.696337
vt 0.397476 0.692091
vt 0.398687 0.691671
vt 0.044210 0.371721
vt 0.192517 0.983064
vt 0.717598 0.675306
vt 0.962581 0.200457
vt 0.796891 0.959820
vt 0.168305 0.488729
vt 0.416270 0.190883
vt 0.160297 0.822440
vt 0.914796 0.237035
vt 0.005573 0.721968
vt 0.054615 0.989364
vt 0.049170 0.993987
vt 0.049170 0.987034
vt 0.712721 0.662203
vt 0.963451 0.740526
vt 0.353502 0.246511
vt 0.026936 0.081922
vt 0.026936 0.075370
vt 0.031403 0.076885
vt 0.009698 0.723644
vt 0.911005 0.409089
vt 0.697513 0.662203
vt 0.719548 0.902047
vt 0.131647 0.247653
vt 0.076460 0.759592
vt 0.074622 0.761874
vt 0.074622 0.757997
vt 0.963617 0.219824
vt 0.090114 0.759496
vt 0.090114 0.763240
vt 0.086902 0.762987
vt 0.680599 0.504677
vt 0.061442 0.286727
vt 0.715452 0.345424
vt 0.715452 0.349534
vt 0.713706 0.347584
vt 0.821760 0.914796
vt 0.973047 0.728698
vt 0.080557 0.007629
vt 0.079957 0.008192
vt 0.079957 0.004839
vt 0.123449 0.279612
vt 0.270239 0.009312
vt 0.271392 0.012579
vt 0.262982 0.013881
vt 0.273441 0.018759
vt 0.268310 0.020233
vt 0.275014 0.005122
vt 0.268372 0.005069
vt 0.287444 0.007995
vt 0.260874 0.019453
vt 0.256512 0.012738
vt 0.261444 0.007784
vt 0.275720 0.022580
vt 0.273242 0.027083
vt 0.304990 0.007207
vt 0.306811 0.010196
vt 0.289729 0.005381
vt 0.903320 0.106348
vt 0.900597 0.111960
vt 0.900070 0.103958
vt 0.304144 0.016117
vt 0.315860 0.021646
vt 0.330246 0.017947
vt 0.323183 0.008403
vt 0.323881 0.013256
vt 0.895871 0.107104
vt 0.894414 0.100064
vt 0.888679 0.104397
vt 0.883925 0.105459
vt 0.885765 0.100821
vt 0.629224 0.562925
vt 0.635723 0.559400
vt 0.634266 0.565262
vt 0.343287 0.013630
vt 0.340184 0.007202
vt 0.324659 0.006350
vt 0.342915 0.009861
vt 0.877897 0.098216
vt 0.370761 0.016159
vt 0.357357 0.008175
vt 0.360859 0.010931
vt 0.370568 0.006232
vt 0.371496 0.007951
vt 0.575183 0.561189
vt 0.561431 0.557757
vt 0.601602 0.556210
vt 0.373525 0.022491
vt 0.368086 0.020640
vt 0.377527 0.010948
vt 0.371313 0.010773
vt 0.526446 0.562984
vt 0.688403 0.752181
vt 0.686916 0.757404
vt 0.681623 0.758516
vt 0.948248 0.949952
vt 0.949971 0.957339
vt 0.943461 0.954661
vt 0.955894 0.957355
vt 0.959427 0.954431
vt 0.961218 0.955518
vt 0.631373 0.396810
vt 0.628836 0.398648
vt 0.631690 0.371864
vt 0.681116 0.734913
vt 0.687616 0.740304
vt 0.682553 0.739081
vt 0.623040 0.401216
vt 0.625899 0.397456
vt 0.618513 0.406879
vt 0.616990 0.401503
vt 0.614792 0.391726
vt 0.614716 0.401831
vt 0.612244 0.395748
vt 0.622553 0.395125
vt 0.617839 0.395819
vt 0.622134 0.369266
vt 0.625751 0.361607
vt 0.616939 0.378010
vt 0.633357 0.281018
vt 0.632642 0.288034
vt 0.628426 0.283679
vt 0.616504 0.358822
vt 0.613039 0.373897
vt 0.612932 0.357209
vt 0.638992 0.292774
vt 0.634444 0.296054
vt 0.615558 0.341217
vt 0.613027 0.339028
vt 0.624292 0.329376
vt 0.619220 0.342083
vt 0.621016 0.285487
vt 0.623372 0.279901
vt 0.627279 0.291588
vt 0.631927 0.301466
vt 0.618966 0.323283
vt 0.613510 0.321695
vt 0.621279 0.293934
vt 0.615141 0.283562
vt 0.613077 0.295339
vt 0.611056 0.287542
vt 0.615531 0.292147
vt 0.626763 0.300551
vt 0.613976 0.302957
vt 0.618728 0.301491
vt 0.610981 0.306967
vt 0.302696 0.005069
vt 0.889352 0.094951
vt 0.899375 0.094101
vt 0.903141 0.101191
vt 0.303508 0.026090
vt 0.346492 0.021742
vt 0.340642 0.026302
vt 0.884310 0.092650
vt 0.624793 0.559312
vt 0.890078 0.087332
vt 0.879875 0.093049
vt 0.874511 0.092835
vt 0.376963 0.017299
vt 0.378769 0.022516
vt 0.903873 0.084956
vt 0.903873 0.094570
vt 0.901413 0.090461
vt 0.523648 0.565262
vt 0.521799 0.560202
vt 0.381476 0.013897
vt 0.382303 0.018760
vt 0.896017 0.084332
vt 0.881030 0.082476
vt 0.877528 0.086978
vt 0.897886 0.078538
vt 0.958523 0.941237
vt 0.955667 0.947736
vt 0.954114 0.940216
vt 0.961218 0.947834
vt 0.888980 0.077177
vt 0.638096 0.540680
vt 0.633601 0.543234
vt 0.630543 0.534933
vt 0.690002 0.741809
vt 0.690875 0.749495
vt 0.884357 0.074900
vt 0.954120 0.952490
vt 0.895240 0.068681
vt 0.900385 0.071662
vt 0.887791 0.067680
vt 0.687188 0.735584
vt 0.638190 0.523713
vt 0.643332 0.528640
vt 0.637403 0.531299
vt 0.895237 0.062909
vt 0.899797 0.062781
vt 0.660225 0.727550
vt 0.649521 0.726116
vt 0.644097 0.722892
vt 0.630074 0.358370
vt 0.611003 0.335989
vt 0.575613 0.763584
vt 0.577908 0.761344
vt 0.582615 0.764605
vt 0.568241 0.760247
vt 0.597529 0.764015
vt 0.563771 0.756977
vt 0.563773 0.752704
vt 0.586956 0.759465
vt 0.610498 0.762693
vt 0.559314 0.752252
vt 0.640486 0.561986
vt 0.622902 0.563522
vt 0.636877 0.757917
vt 0.631882 0.761670
vt 0.648907 0.763103
vt 0.633048 0.763160
vt 0.557463 0.564416
vt 0.651707 0.761095
vt 0.666413 0.762869
vt 0.557156 0.745827
vt 0.559565 0.742609
vt 0.634142 0.554153
vt 0.641225 0.554720
vt 0.630032 0.550465
vt 0.679390 0.760458
vt 0.679040 0.755414
vt 0.371284 0.025544
vt 0.584411 0.551247
vt 0.527403 0.559634
vt 0.640002 0.549149
vt 0.622043 0.552562
vt 0.624190 0.545700
vt 0.564954 0.554128
vt 0.542739 0.555008
vt 0.690084 0.756101
vt 0.561822 0.550207
vt 0.523748 0.554051
vt 0.623516 0.540810
vt 0.605700 0.549126
vt 0.593735 0.543738
vt 0.540720 0.550277
vt 0.563995 0.544866
vt 0.525839 0.548930
vt 0.518417 0.548911
vt 0.517784 0.555228
vt 0.619346 0.535447
vt 0.582143 0.539892
vt 0.632114 0.529467
vt 0.524233 0.544344
vt 0.561321 0.718573
vt 0.562895 0.722960
vt 0.555652 0.728696
vt 0.622507 0.532396
vt 0.592210 0.534450
vt 0.560628 0.537815
vt 0.548328 0.537281
vt 0.620244 0.526955
vt 0.620482 0.721630
vt 0.649660 0.728775
vt 0.626328 0.523737
vt 0.633135 0.524281
vt 0.575849 0.712146
vt 0.619102 0.522927
vt 0.611529 0.363114
vt 0.638192 0.299746
vt 0.570089 0.711006
vt 0.593886 0.713277
vt 0.623222 0.719020
vt 0.607801 0.714387
vt 0.575854 0.708647
vt 0.586605 0.708354
vt 0.595266 0.710402
vt 0.610824 0.298083
vt 0.290605 0.014133
vt 0.265303 0.025913
vt 0.888991 0.109805
vt 0.270765 0.031138
vt 0.276832 0.031403
vt 0.613262 0.764605
vt 0.006827 0.525581
vt 0.005803 0.531128
vt 0.005803 0.523090
vt 0.378554 0.007142
vt 0.381904 0.009527
vt 0.518985 0.561956
vt 0.950957 0.962350
vt 0.957012 0.962583
vt 0.959299 0.961744
vt 0.881032 0.072025
vt 0.880348 0.067664
vt 0.626081 0.274820
vt 0.630218 0.518851
vt 0.618454 0.276766
vt 0.613882 0.277110
vt 0.610824 0.282269
vt 0.626517 0.717881
vt 0.610879 0.320001
vt 0.877054 0.103449
vt 0.945327 0.941604
vt 0.949377 0.942688
vt 0.943390 0.948346
vt 0.903395 0.077380
vt 0.876255 0.079933
vt 0.522005 0.542427
vt 0.944957 0.961130
vt 0.624372 0.405879
vt 0.901974 0.066061
vt 0.903336 0.067894
vt 0.561347 0.716714
vt 0.261843 0.005125
vt 0.903290 0.110061
vt 0.259877 0.024641
vt 0.343350 0.005514
vt 0.193461 0.596665
vt 0.193461 0.588543
vt 0.195247 0.596031
vt 0.555000 0.736385
vt 0.644453 0.543755
vt 0.642390 0.536444
vt 0.677638 0.731533
vt 0.637272 0.286140
vt 0.611860 0.274634
vt 0.622150 0.519146
vt 0.563245 0.911790
vt 0.580281 0.888764
vt 0.580281 0.912065
vt 0.030289 0.410873
vt 0.005337 0.331532
vt 0.047788 0.395364
vt 0.466955 0.417802
vt 0.451719 0.341547
vt 0.466955 0.338221
vt 0.140633 0.609627
vt 0.120993 0.687290
vt 0.107757 0.680273
vt 0.545897 0.898919
vt 0.553056 0.877304
vt 0.567948 0.865636
vt 0.005337 0.417802
vt 0.500936 0.185668
vt 0.502455 0.200709
vt 0.425176 0.200709
vt 0.140633 0.693606
vt 0.865642 0.679109
vt 0.849295 0.744125
vt 0.839837 0.729503
vt 0.872460 0.276750
vt 0.855928 0.277169
vt 0.882027 0.262471
vt 0.855928 0.214943
vt 0.865642 0.744076
vt 0.959173 0.237307
vt 0.961283 0.249475
vt 0.959009 0.249474
vt 0.958296 0.271670
vt 0.961803 0.283668
vt 0.959461 0.283727
vt 0.961813 0.271747
vt 0.964135 0.283513
vt 0.952894 0.345122
vt 0.956200 0.357054
vt 0.953735 0.357074
vt 0.959853 0.345283
vt 0.956590 0.345122
vt 0.957122 0.171481
vt 0.953951 0.183504
vt 0.953250 0.171481
vt 0.956612 0.249405
vt 0.955576 0.237307
vt 0.958559 0.259420
vt 0.962797 0.293554
vt 0.955489 0.367284
vt 0.958373 0.357241
vt 0.956531 0.183621
vt 0.954111 0.193882
vt 0.984090 0.925453
vt 0.989577 0.921088
vt 0.992621 0.927393
vt 0.479325 0.345430
vt 0.477338 0.335357
vt 0.479257 0.335281
vt 0.212997 0.495628
vt 0.210383 0.485636
vt 0.212444 0.485519
vt 0.116056 0.372726
vt 0.113349 0.362844
vt 0.115094 0.362756
vt 0.110640 0.372745
vt 0.113511 0.372745
vt 0.677227 0.152747
vt 0.679086 0.143183
vt 0.679952 0.152921
vt 0.674494 0.152921
vt 0.677219 0.142961
vt 0.481074 0.335316
vt 0.481974 0.345438
vt 0.478864 0.327394
vt 0.210188 0.477484
vt 0.112901 0.354666
vt 0.111380 0.362821
vt 0.678227 0.135302
vt 0.675349 0.142975
vt 0.658346 0.989063
vt 0.660697 0.987183
vt 0.664934 0.990599
vt 0.625051 0.992608
vt 0.623143 0.984189
vt 0.625046 0.983721
vt 0.695748 0.962732
vt 0.696022 0.970782
vt 0.693843 0.971038
vt 0.312669 0.764520
vt 0.309547 0.757512
vt 0.311440 0.757002
vt 0.306623 0.764605
vt 0.309646 0.764605
vt 0.545660 0.850681
vt 0.545343 0.858635
vt 0.542334 0.851737
vt 0.626943 0.984189
vt 0.628069 0.992621
vt 0.781552 0.829598
vt 0.783720 0.829890
vt 0.783720 0.836970
vt 0.699068 0.977602
vt 0.309463 0.751705
vt 0.307640 0.757055
vt 0.547512 0.858861
vt 0.542334 0.865642
vt 0.780179 0.831200
vt 0.208462 0.993631
vt 0.208462 0.990143
vt 0.211412 0.988375
vt 0.691954 0.839687
vt 0.690046 0.831268
vt 0.691949 0.830800
vt 0.437694 0.125762
vt 0.437968 0.133812
vt 0.435789 0.134069
vt 0.984429 0.439648
vt 0.981505 0.432555
vt 0.983413 0.432098
vt 0.978384 0.439563
vt 0.981405 0.439648
vt 0.196126 0.812451
vt 0.195809 0.820405
vt 0.192800 0.813507
vt 0.693846 0.831268
vt 0.694971 0.839700
vt 0.436115 0.811848
vt 0.438283 0.812140
vt 0.438283 0.819220
vt 0.441013 0.140633
vt 0.981585 0.426748
vt 0.979613 0.432045
vt 0.197978 0.820631
vt 0.192800 0.827412
vt 0.434741 0.813451
vt 0.585303 0.653655
vt 0.585303 0.650166
vt 0.588253 0.648399
vt 0.767049 0.827399
vt 0.765141 0.818979
vt 0.767044 0.818512
vt 0.972918 0.005610
vt 0.973191 0.013660
vt 0.971012 0.013916
vt 0.636261 0.193882
vt 0.633337 0.186789
vt 0.635244 0.186332
vt 0.630215 0.193797
vt 0.633237 0.193882
vt 0.884271 0.927142
vt 0.883954 0.935096
vt 0.880945 0.928197
vt 0.768941 0.818979
vt 0.770067 0.827412
vt 0.632727 0.881482
vt 0.634895 0.881774
vt 0.634895 0.888853
vt 0.976237 0.020480
vt 0.633416 0.180982
vt 0.631444 0.186278
vt 0.886123 0.935322
vt 0.880945 0.942103
vt 0.631354 0.883084
vt 0.779362 0.993987
vt 0.776370 0.992194
vt 0.776370 0.988755
vt 0.147173 0.992608
vt 0.145264 0.984189
vt 0.147168 0.983721
vt 0.972917 0.243184
vt 0.973191 0.251233
vt 0.971012 0.251490
vt 0.075095 0.618511
vt 0.072171 0.611418
vt 0.074079 0.610961
vt 0.069050 0.618426
vt 0.072071 0.618511
vt 0.807811 0.271766
vt 0.807494 0.279720
vt 0.804484 0.272822
vt 0.149065 0.984189
vt 0.150190 0.992621
vt 0.259982 0.840521
vt 0.262150 0.840813
vt 0.262150 0.847893
vt 0.976237 0.258054
vt 0.072251 0.605611
vt 0.070279 0.610907
vt 0.809662 0.279946
vt 0.804484 0.286727
vt 0.258609 0.842123
vt 0.340902 0.992266
vt 0.340902 0.988777
vt 0.343853 0.987010
vt 0.930893 0.890206
vt 0.928985 0.881786
vt 0.930888 0.881319
vt 0.972918 0.962732
vt 0.973191 0.970782
vt 0.971012 0.971038
vt 0.491532 0.587107
vt 0.488608 0.580014
vt 0.490515 0.579557
vt 0.485486 0.587022
vt 0.488508 0.587107
vt 0.889733 0.331842
vt 0.889416 0.339796
vt 0.886406 0.332898
vt 0.932785 0.881786
vt 0.933911 0.890219
vt 0.871666 0.507371
vt 0.873835 0.507664
vt 0.873835 0.514743
vt 0.976237 0.977602
vt 0.488687 0.574208
vt 0.486715 0.579504
vt 0.891584 0.340022
vt 0.886406 0.346803
vt 0.870293 0.508974
vt 0.032330 0.993631
vt 0.032330 0.990143
vt 0.035280 0.988375
vt 0.988239 0.181581
vt 0.986330 0.173161
vt 0.988234 0.172694
vt 0.972918 0.120301
vt 0.973191 0.128350
vt 0.971012 0.128607
vt 0.673126 0.446390
vt 0.670004 0.439382
vt 0.671897 0.438871
vt 0.667080 0.446475
vt 0.670103 0.446475
vt 0.911578 0.177555
vt 0.911261 0.185510
vt 0.908252 0.178611
vt 0.990130 0.173161
vt 0.991256 0.181594
vt 0.782918 0.899232
vt 0.785086 0.899524
vt 0.785086 0.906603
vt 0.976237 0.135171
vt 0.669920 0.433575
vt 0.668097 0.438925
vt 0.913430 0.185736
vt 0.908252 0.192517
vt 0.781544 0.900834
vt 0.296023 0.995352
vt 0.293030 0.993559
vt 0.293030 0.990120
vt 0.619546 0.877306
vt 0.592318 0.888771
vt 0.604656 0.865637
vt 0.031040 0.012293
vt 0.004777 0.090114
vt 0.004777 0.006605
vt 0.004787 0.119510
vt 0.021846 0.195064
vt 0.004787 0.199344
vt 0.495628 0.598657
vt 0.415789 0.612651
vt 0.411837 0.598657
vt 0.626703 0.898923
vt 0.609354 0.911792
vt 0.592318 0.912065
vt 0.047788 0.025833
vt 0.232112 0.004687
vt 0.230037 0.017750
vt 0.153476 0.004687
vt 0.424665 0.630799
vt 0.253224 0.767216
vt 0.270115 0.830143
vt 0.253224 0.828244
vt 0.859534 0.356361
vt 0.849671 0.343419
vt 0.876565 0.355547
vt 0.876565 0.296100
vt 0.279900 0.817475
vt 0.961218 0.757595
vt 0.957648 0.769439
vt 0.957808 0.757543
vt 0.960448 0.793338
vt 0.958096 0.805148
vt 0.956931 0.793261
vt 0.963949 0.793261
vt 0.960438 0.805319
vt 0.954260 0.137667
vt 0.958161 0.149665
vt 0.955700 0.149806
vt 0.957951 0.137484
vt 0.960334 0.149561
vt 0.951889 0.687813
vt 0.955716 0.699623
vt 0.953147 0.699850
vt 0.954211 0.757543
vt 0.955249 0.769472
vt 0.959920 0.769542
vt 0.957304 0.779624
vt 0.959486 0.815124
vt 0.962770 0.805347
vt 0.958579 0.159748
vt 0.955756 0.709991
vt 0.412005 0.987673
vt 0.418844 0.986129
vt 0.418844 0.993130
vt 0.453314 0.133806
vt 0.456049 0.123914
vt 0.456113 0.133798
vt 0.226374 0.483203
vt 0.229282 0.473380
vt 0.229382 0.483340
vt 0.185875 0.162479
vt 0.187536 0.152443
vt 0.188421 0.162479
vt 0.183004 0.162457
vt 0.185793 0.152339
vt 0.034134 0.716817
vt 0.031401 0.706799
vt 0.033268 0.706844
vt 0.031409 0.716643
vt 0.029530 0.707034
vt 0.458763 0.133806
vt 0.457865 0.123848
vt 0.454129 0.123890
vt 0.455767 0.115751
vt 0.227228 0.473180
vt 0.229382 0.465189
vt 0.186040 0.144384
vt 0.183824 0.152301
vt 0.030463 0.699257
vt 0.841066 0.990610
vt 0.836798 0.993987
vt 0.834430 0.989107
vt 0.988239 0.016371
vt 0.986330 0.007952
vt 0.988234 0.007484
vt 0.250639 0.397470
vt 0.250912 0.405520
vt 0.248733 0.405777
vt 0.782355 0.077741
vt 0.779233 0.070733
vt 0.781127 0.070222
vt 0.776309 0.077826
vt 0.779332 0.077826
vt 0.010437 0.959910
vt 0.010120 0.967865
vt 0.007110 0.960966
vt 0.990130 0.007952
vt 0.991256 0.016384
vt 0.283194 0.829598
vt 0.285362 0.829890
vt 0.285362 0.836970
vt 0.253958 0.412341
vt 0.779149 0.064926
vt 0.777327 0.070276
vt 0.012288 0.968091
vt 0.007110 0.974872
vt 0.281820 0.831200
vt 0.231673 0.992266
vt 0.231673 0.988777
vt 0.234623 0.987010
vt 0.988239 0.131062
vt 0.986330 0.122643
vt 0.988234 0.122175
vt 0.549654 0.443893
vt 0.549928 0.451942
vt 0.547749 0.452199
vt 0.980333 0.232027
vt 0.977211 0.225019
vt 0.979105 0.224509
vt 0.974288 0.232112
vt 0.977310 0.232112
vt 0.880175 0.711414
vt 0.879858 0.719368
vt 0.876849 0.712470
vt 0.990130 0.122643
vt 0.991256 0.131075
vt 0.911262 0.004917
vt 0.913430 0.005209
vt 0.913430 0.012288
vt 0.552973 0.458763
vt 0.977127 0.219213
vt 0.975305 0.224562
vt 0.882027 0.719594
vt 0.876849 0.726375
vt 0.909889 0.006519
vt 0.164644 0.990279
vt 0.167657 0.988521
vt 0.170671 0.990179
vt 0.816203 0.662190
vt 0.814294 0.653770
vt 0.816197 0.653303
vt 0.536000 0.393374
vt 0.536274 0.401424
vt 0.534095 0.401681
vt 0.861546 0.985710
vt 0.858424 0.978702
vt 0.860318 0.978191
vt 0.855501 0.985795
vt 0.858523 0.985795
vt 0.843310 0.132498
vt 0.842993 0.140453
vt 0.839984 0.133554
vt 0.818094 0.653770
vt 0.819220 0.662203
vt 0.216291 0.164665
vt 0.218459 0.164957
vt 0.218459 0.172036
vt 0.539320 0.408245
vt 0.858340 0.972895
vt 0.856518 0.978244
vt 0.845162 0.140679
vt 0.839984 0.147460
vt 0.214917 0.166267
vt 0.123809 0.990143
vt 0.126759 0.988375
vt 0.129710 0.993584
vt 0.823029 0.203427
vt 0.821121 0.195007
vt 0.823024 0.194540
vt 0.028084 0.337394
vt 0.028358 0.345444
vt 0.026179 0.345701
vt 0.984429 0.488716
vt 0.981307 0.481708
vt 0.983201 0.481198
vt 0.978384 0.488801
vt 0.981406 0.488801
vt 0.833753 0.233535
vt 0.833436 0.241490
vt 0.830426 0.234591
vt 0.824921 0.195007
vt 0.826047 0.203440
vt 0.374673 0.830963
vt 0.376841 0.831255
vt 0.376841 0.838335
vt 0.031403 0.352265
vt 0.981223 0.475901
vt 0.979401 0.481251
vt 0.835604 0.241716
vt 0.830426 0.248497
vt 0.373300 0.832566
vt 0.503381 0.988170
vt 0.503381 0.984681
vt 0.506331 0.982914
vt 0.989604 0.204792
vt 0.987695 0.196372
vt 0.989599 0.195905
vt 0.336657 0.534007
vt 0.336930 0.542056
vt 0.334752 0.542313
vt 0.912065 0.982979
vt 0.908943 0.975971
vt 0.910836 0.975460
vt 0.906019 0.983064
vt 0.909042 0.983064
vt 0.672639 0.961276
vt 0.672322 0.969230
vt 0.669313 0.962332
vt 0.991496 0.196372
vt 0.992621 0.204805
vt 0.109792 0.204260
vt 0.111960 0.204552
vt 0.111960 0.211632
vt 0.339976 0.548877
vt 0.908859 0.970164
vt 0.907036 0.975514
vt 0.674491 0.969456
vt 0.669313 0.976237
vt 0.108419 0.205863
vt 0.369752 0.995352
vt 0.366760 0.993559
vt 0.366760 0.990120
vt 0.989604 0.157004
vt 0.987695 0.148585
vt 0.989599 0.148117
vt 0.974283 0.146243
vt 0.974557 0.154292
vt 0.972378 0.154549
vt 0.981699 0.387679
vt 0.978576 0.380671
vt 0.980470 0.380161
vt 0.975653 0.387764
vt 0.978675 0.387764
vt 0.846041 0.678645
vt 0.845724 0.686599
vt 0.842715 0.679701
vt 0.991496 0.148585
vt 0.992621 0.157017
vt 0.172599 0.224741
vt 0.174767 0.225033
vt 0.174767 0.232112
vt 0.977602 0.161113
vt 0.978492 0.374864
vt 0.976670 0.380214
vt 0.847893 0.686825
vt 0.842715 0.693606
vt 0.171226 0.226343
vt 0.985355 0.966931
vt 0.988306 0.965164
vt 0.991256 0.970373
vt 0.069495 0.953779
vt 0.073016 0.954895
vt 0.070465 0.956806
vt 0.960133 0.841205
vt 0.957078 0.843353
vt 0.957078 0.841682
vt 0.460773 0.955868
vt 0.463942 0.950693
vt 0.463885 0.955832
vt 0.067115 0.954159
vt 0.068450 0.958325
vt 0.953717 0.842206
vt 0.466818 0.951307
vt 0.466770 0.955678
vt 0.457737 0.955782
vt 0.455123 0.951212
vt 0.457794 0.950643
vt 0.072506 0.953304
vt 0.075851 0.952779
vt 0.962583 0.840823
vt 0.960133 0.844384
vt 0.460833 0.950465
vt 0.073958 0.956165
vt 0.072257 0.959221
vt 0.956568 0.844849
vt 0.464103 0.946157
vt 0.070917 0.961649
vt 0.466955 0.947448
vt 0.455261 0.947353
vt 0.457955 0.946107
vt 0.962583 0.845199
vt 0.959163 0.847230
vt 0.461002 0.945695
vt 0.467904 0.874728
vt 0.471013 0.878620
vt 0.467938 0.878452
vt 0.075189 0.956919
vt 0.074599 0.960656
vt 0.955626 0.845943
vt 0.464850 0.878624
vt 0.464817 0.875082
vt 0.074140 0.963624
vt 0.462049 0.879118
vt 0.462021 0.876105
vt 0.470980 0.875078
vt 0.473772 0.879110
vt 0.961249 0.849116
vt 0.957371 0.849311
vt 0.076521 0.957043
vt 0.958783 0.851980
vt 0.955030 0.850309
vt 0.471025 0.882663
vt 0.467951 0.882704
vt 0.077134 0.960892
vt 0.954395 0.846468
vt 0.464861 0.882667
vt 0.077628 0.963949
vt 0.462058 0.882558
vt 0.473782 0.882550
vt 0.464850 0.886597
vt 0.462049 0.885900
vt 0.471013 0.886593
vt 0.077752 0.956519
vt 0.952073 0.853029
vt 0.952497 0.850073
vt 0.467938 0.886836
vt 0.079475 0.959894
vt 0.953063 0.846344
vt 0.080851 0.962575
vt 0.083318 0.959711
vt 0.951832 0.845589
vt 0.464817 0.889815
vt 0.462021 0.888637
vt 0.473772 0.885893
vt 0.470980 0.889811
vt 0.078695 0.955425
vt 0.948851 0.851054
vt 0.950156 0.848638
vt 0.467904 0.890219
vt 0.081267 0.957813
vt 0.662124 0.028125
vt 0.658925 0.024770
vt 0.662021 0.024414
vt 0.084653 0.955793
vt 0.950890 0.844320
vt 0.664934 0.026523
vt 0.664846 0.023366
vt 0.653216 0.026496
vt 0.655861 0.024399
vt 0.655964 0.028111
vt 0.079205 0.953928
vt 0.946385 0.847730
vt 0.948364 0.846223
vt 0.659033 0.028673
vt 0.082237 0.954966
vt 0.082237 0.951788
vt 0.947394 0.843196
vt 0.950381 0.842728
vt 0.658866 0.019737
vt 0.661965 0.019627
vt 0.084653 0.951417
vt 0.664798 0.019294
vt 0.653129 0.023339
vt 0.655805 0.019613
vt 0.079204 0.952257
vt 0.945050 0.843563
vt 0.947394 0.840017
vt 0.655805 0.014480
vt 0.658866 0.014340
vt 0.078695 0.950665
vt 0.081267 0.948760
vt 0.950381 0.841057
vt 0.661965 0.014494
vt 0.083318 0.947251
vt 0.664798 0.014928
vt 0.653081 0.014901
vt 0.653129 0.010905
vt 0.655861 0.009783
vt 0.077752 0.949396
vt 0.945050 0.839188
vt 0.948364 0.837170
vt 0.658925 0.009401
vt 0.079475 0.946345
vt 0.950890 0.839560
vt 0.662021 0.009797
vt 0.080851 0.943927
vt 0.664846 0.010932
vt 0.664934 0.007914
vt 0.653216 0.007887
vt 0.655964 0.006235
vt 0.076521 0.948641
vt 0.946385 0.835270
vt 0.950155 0.835090
vt 0.659033 0.005671
vt 0.077134 0.944911
vt 0.951832 0.838467
vt 0.662124 0.006250
vt 0.077628 0.941952
vt 0.074599 0.944675
vt 0.074140 0.941627
vt 0.953063 0.837942
vt 0.458675 0.990866
vt 0.461454 0.986776
vt 0.461494 0.989723
vt 0.452513 0.990855
vt 0.449733 0.986755
vt 0.452466 0.987391
vt 0.075189 0.948517
vt 0.948851 0.832406
vt 0.952497 0.834091
vt 0.455581 0.991256
vt 0.455531 0.987614
vt 0.458628 0.987402
vt 0.955030 0.834328
vt 0.954395 0.838066
vt 0.455531 0.983296
vt 0.458628 0.983295
vt 0.070917 0.943001
vt 0.461454 0.983283
vt 0.452466 0.983284
vt 0.073958 0.949042
vt 0.955561 0.831358
vt 0.072257 0.945673
vt 0.455581 0.978958
vt 0.070465 0.947754
vt 0.957371 0.835763
vt 0.955626 0.838820
vt 0.458675 0.979170
vt 0.068450 0.945865
vt 0.461494 0.979774
vt 0.449733 0.983261
vt 0.452513 0.979159
vt 0.073016 0.950136
vt 0.958783 0.833333
vt 0.072506 0.951633
vt 0.961249 0.836657
vt 0.959163 0.838178
vt 0.457955 0.964766
vt 0.460833 0.961082
vt 0.461002 0.965314
vt 0.069495 0.950600
vt 0.956568 0.840090
vt 0.464103 0.964816
vt 0.463942 0.960791
vt 0.067115 0.949783
vt 0.466955 0.963320
vt 0.466818 0.959897
vt 0.455261 0.963226
vt 0.457794 0.960742
vt 0.455123 0.959802
vt 0.962583 0.237360
vt 0.965314 0.271670
vt 0.985780 0.921954
vt 0.992621 0.923509
vt 0.989576 0.929815
vt 0.985780 0.928951
vt 0.476525 0.345438
vt 0.209987 0.495628
vt 0.663629 0.987866
vt 0.663629 0.993323
vt 0.660697 0.993987
vt 0.658346 0.992091
vt 0.622023 0.992621
vt 0.699068 0.963811
vt 0.214363 0.990096
vt 0.214363 0.993585
vt 0.211412 0.995352
vt 0.688925 0.839700
vt 0.441013 0.126842
vt 0.591204 0.650120
vt 0.591204 0.653608
vt 0.588253 0.655376
vt 0.764021 0.827412
vt 0.976237 0.006689
vt 0.779362 0.987108
vt 0.782355 0.988901
vt 0.782355 0.992340
vt 0.144144 0.992621
vt 0.976237 0.244263
vt 0.346803 0.988731
vt 0.346803 0.992219
vt 0.343853 0.993987
vt 0.927864 0.890219
vt 0.976237 0.963811
vt 0.038230 0.990096
vt 0.038230 0.993584
vt 0.035280 0.995352
vt 0.985210 0.181594
vt 0.976237 0.121380
vt 0.296023 0.988474
vt 0.299015 0.990266
vt 0.299015 0.993706
vt 0.961218 0.137484
vt 0.955756 0.687634
vt 0.415049 0.985257
vt 0.420533 0.989633
vt 0.415049 0.993987
vt 0.412005 0.991558
vt 0.028676 0.716817
vt 0.839751 0.993318
vt 0.834430 0.992113
vt 0.836798 0.987233
vt 0.839751 0.987902
vt 0.985210 0.016384
vt 0.253958 0.398550
vt 0.237574 0.988731
vt 0.237574 0.992219
vt 0.234623 0.993987
vt 0.985210 0.131075
vt 0.552973 0.444972
vt 0.170671 0.993594
vt 0.167657 0.995352
vt 0.164644 0.993694
vt 0.813174 0.662203
vt 0.539320 0.394454
vt 0.129710 0.990096
vt 0.126759 0.995352
vt 0.123809 0.993631
vt 0.820001 0.203440
vt 0.031403 0.338474
vt 0.509282 0.984635
vt 0.509282 0.988123
vt 0.506331 0.989891
vt 0.986575 0.204805
vt 0.339976 0.535086
vt 0.369752 0.988473
vt 0.372745 0.990266
vt 0.372745 0.993706
vt 0.986575 0.157017
vt 0.977602 0.147322
vt 0.991256 0.966885
vt 0.988306 0.972141
vt 0.985355 0.970420
vt 0.455075 0.955584
vt 0.473745 0.876098
vt 0.955561 0.853354
vt 0.473745 0.888630
vt 0.653081 0.019267
vt 0.449773 0.989701
vt 0.952073 0.831032
vt 0.449773 0.979752
s 1
usemtl FrostfangWolf_Body
f 5/1/5 1/2/1 6/3/6
f 2/4/2 5/1/5 4/5/4
f 1/2/1 10/6/10 8/7/8
f 5/1/5 6/3/6 16/8/16
f 8/7/8 18/9/18 6/3/6
f 7/10/7 2/4/2 4/5/4
f 7/10/7 3/11/3 2/4/2
f 33/12/33 18/9/18 68/13/68
f 20/14/20 37/15/37 36/16/36
f 10/6/10 21/17/21 20/14/20
f 10/6/10 22/18/22 21/17/21
f 23/19/23 28/20/28 25/21/25
f 27/22/27 25/21/25 28/20/28
f 23/19/23 24/23/24 28/20/28
f 25/21/25 27/22/27 55/24/55
f 30/25/30 57/26/57 27/22/27
f 14/27/14 30/25/30 27/22/27
f 29/28/29 32/29/32 14/27/14
f 30/25/30 14/27/14 32/29/32
f 49/30/49 46/31/46 18/9/18
f 18/9/18 36/16/36 49/30/49
f 36/16/36 72/32/72 49/30/49
f 9/33/9 7/10/7 35/34/35
f 36/16/36 74/35/74 50/36/50
f 36/16/36 37/15/37 74/35/74
f 39/37/39 12/38/12 19/39/19
f 38/40/38 79/41/79 37/15/37
f 22/18/22 80/42/80 21/17/21
f 23/19/23 109/43/109 40/44/40
f 109/43/109 25/21/25 41/45/41
f 30/25/30 59/46/59 58/47/58
f 59/46/59 30/25/30 32/29/32
f 45/48/45 16/49/16 44/50/44
f 34/51/34 15/52/15 45/48/45
f 48/53/48 35/34/35 7/10/7
f 80/42/80 38/40/38 21/17/21
f 26/54/26 53/55/53 54/56/54
f 55/24/55 111/57/111 83/58/83
f 42/59/42 26/54/26 56/60/56
f 57/26/57 85/61/85 55/24/55
f 61/62/61 32/29/32 31/63/31
f 61/62/61 31/63/31 43/64/43
f 60/65/60 59/46/59 32/29/32
f 64/66/64 63/67/63 62/68/62
f 65/69/65 63/67/63 64/66/64
f 70/70/70 97/71/97 95/72/95
f 96/73/96 70/70/70 94/74/94
f 74/35/74 146/75/146 97/71/97
f 75/76/75 73/77/73 71/78/71
f 74/35/74 104/79/104 146/75/146
f 51/80/51 9/33/9 35/34/35
f 78/81/78 19/39/19 51/80/51
f 104/79/104 79/41/79 150/82/150
f 81/83/81 13/84/13 39/37/39
f 40/44/40 209/85/209 154/86/154
f 85/61/85 82/87/82 111/57/111
f 85/61/85 86/88/86 84/89/84
f 86/88/86 114/90/114 84/89/84
f 58/47/58 118/91/118 87/92/87
f 42/59/42 89/93/89 43/64/43
f 90/94/90 43/64/43 89/93/89
f 59/46/59 177/95/177 118/91/118
f 91/96/91 59/46/59 60/65/60
f 60/65/60 32/29/32 61/62/61
f 62/68/62 190/97/190 128/98/128
f 92/99/92 65/100/65 64/101/64
f 95/72/95 144/102/144 142/103/142
f 72/32/72 96/73/96 98/104/98
f 73/77/73 200/105/200 71/78/71
f 103/106/103 77/107/77 101/108/101
f 104/79/104 150/82/150 146/75/146
f 102/109/102 51/80/51 35/34/35
f 76/110/76 203/111/203 73/77/73
f 114/90/114 164/112/164 113/113/113
f 86/88/86 166/114/166 164/112/164
f 86/88/86 168/115/168 166/114/166
f 168/115/168 86/88/86 87/92/87
f 89/93/89 42/59/42 56/60/56
f 115/116/115 88/117/88 116/118/116
f 88/117/88 215/119/215 116/118/116
f 115/116/115 121/120/121 88/117/88
f 121/120/121 115/116/115 117/121/117
f 175/122/175 215/119/215 88/117/88
f 122/123/122 61/62/61 90/94/90
f 122/123/122 60/65/60 61/62/61
f 129/124/129 125/125/125 126/126/126
f 186/127/186 62/68/62 128/98/128
f 45/48/45 66/128/66 244/129/244
f 142/103/142 140/130/140 137/131/137
f 138/132/138 94/133/94 136/134/136
f 99/135/99 145/136/145 141/137/141
f 143/138/143 99/135/99 141/137/141
f 142/103/142 100/139/100 143/140/143
f 144/102/144 100/139/100 142/103/142
f 146/75/146 256/141/256 144/102/144
f 144/102/144 147/142/147 100/139/100
f 148/143/148 100/139/100 147/142/147
f 150/82/150 258/144/258 146/75/146
f 264/145/264 39/37/39 78/81/78
f 112/146/112 158/147/158 268/148/268
f 163/149/163 115/116/115 162/150/162
f 166/114/166 117/121/117 164/112/164
f 172/151/172 173/152/173 171/153/171
f 121/120/121 178/154/178 175/122/175
f 283/155/283 177/95/177 91/96/91
f 180/156/180 182/157/182 123/158/123
f 127/159/127 184/160/184 183/161/183
f 127/162/127 129/163/129 188/164/188
f 64/66/64 62/68/62 189/165/189
f 132/166/132 328/167/328 131/168/131
f 246/169/246 93/170/93 294/171/294
f 149/172/149 148/143/148 147/142/147
f 264/145/264 78/81/78 204/173/204
f 265/174/265 154/86/154 308/175/308
f 155/176/155 154/86/154 265/174/265
f 157/177/157 267/178/267 310/179/310
f 159/180/159 271/181/271 210/182/210
f 211/183/211 112/146/112 160/184/160
f 112/146/112 211/183/211 158/147/158
f 216/185/216 167/186/167 165/187/165
f 221/188/221 89/93/89 218/189/218
f 223/190/223 225/191/225 222/192/222
f 418/193/418 226/194/226 174/195/174
f 178/154/178 323/196/323 175/122/175
f 91/96/91 230/197/230 283/155/283
f 183/161/183 91/96/91 181/198/181
f 189/199/189 186/200/186 233/201/233
f 237/202/237 64/66/64 189/165/189
f 238/203/238 64/101/64 237/204/237
f 240/205/240 241/206/241 133/207/133
f 247/208/247 93/170/93 246/169/246
f 197/209/197 250/210/250 249/211/249
f 256/141/256 257/212/257 147/142/147
f 260/213/260 147/142/147 257/212/257
f 255/214/255 102/215/102 48/216/48
f 204/173/204 51/80/51 262/217/262
f 155/176/155 265/174/265 305/218/305
f 208/219/208 359/220/359 358/221/358
f 156/222/156 305/218/305 306/223/306
f 209/85/209 359/220/359 208/219/208
f 270/224/270 110/225/110 312/226/312
f 161/227/161 269/228/269 313/229/313
f 366/230/366 219/231/219 216/185/216
f 419/232/419 368/233/368 170/234/170
f 234/235/234 181/198/181 122/123/122
f 285/236/285 283/155/283 230/197/230
f 242/237/242 333/238/333 334/239/334
f 199/240/199 254/241/254 198/242/198
f 303/243/303 81/83/81 263/244/263
f 302/245/302 352/246/352 304/247/304
f 354/248/354 356/249/356 302/245/302
f 265/174/265 356/249/356 354/248/354
f 310/250/310 403/251/403 359/220/359
f 309/252/309 269/228/269 266/253/266
f 272/254/272 314/255/314 315/256/315
f 278/257/278 221/188/221 316/258/316
f 286/259/286 282/260/282 321/261/321
f 369/262/369 286/263/286 321/264/321
f 235/265/235 327/266/327 285/267/285
f 288/268/288 375/269/375 124/270/124
f 332/271/332 241/206/241 240/205/240
f 245/272/245 337/273/337 338/274/338
f 253/275/253 344/276/344 251/277/251
f 350/278/350 354/248/354 303/243/303
f 302/245/302 353/279/353 352/246/352
f 357/280/357 354/248/354 350/278/350
f 307/281/307 355/282/355 356/249/356
f 402/283/402 266/253/266 306/223/306
f 359/220/359 403/251/403 547/284/547
f 360/285/360 361/286/361 405/287/405
f 416/288/416 417/289/417 366/290/366
f 369/262/369 321/264/321 280/291/280
f 328/167/328 426/292/426 376/293/376
f 191/294/191 290/295/290 426/296/426
f 331/297/331 433/298/433 241/206/241
f 332/271/332 384/299/384 331/297/331
f 385/300/385 332/271/332 383/301/383
f 386/302/386 385/300/385 383/301/383
f 335/303/335 388/304/388 334/305/334
f 388/306/388 336/307/336 334/308/334
f 392/309/392 139/310/139 195/311/195
f 392/312/392 345/313/345 139/314/139
f 400/315/400 350/278/350 204/173/204
f 400/315/400 357/280/357 350/278/350
f 351/316/351 444/317/444 443/318/443
f 353/279/353 355/282/355 444/317/444
f 402/283/402 357/280/357 400/315/400
f 355/282/355 545/319/545 444/317/444
f 358/221/358 545/319/545 355/282/355
f 267/178/267 407/320/407 446/321/446
f 412/322/412 211/183/211 408/323/408
f 421/324/421 370/325/370 280/291/280
f 469/326/469 377/327/377 425/328/425
f 428/329/428 289/330/289 377/331/377
f 427/332/427 288/268/288 289/330/289
f 380/333/380 480/334/480 379/335/379
f 431/336/431 380/333/380 329/337/329
f 384/299/384 434/338/434 433/298/433
f 384/299/384 484/339/484 434/338/434
f 484/339/484 384/299/384 436/340/436
f 403/251/403 550/341/550 547/284/547
f 407/320/407 504/342/504 446/321/446
f 453/343/453 161/227/161 313/229/313
f 453/343/453 415/344/415 161/227/161
f 463/345/463 424/346/424 421/324/421
f 317/347/317 463/345/463 421/324/421
f 520/348/520 463/345/463 318/349/318
f 473/350/473 470/351/470 471/352/471
f 476/353/476 474/354/474 473/350/473
f 477/355/477 475/356/475 474/357/474
f 482/358/482 380/333/380 431/336/431
f 433/359/433 573/360/573 382/361/382
f 437/362/437 485/363/485 436/340/436
f 501/364/501 402/283/402 400/315/400
f 507/365/507 408/366/408 448/367/448
f 557/368/557 518/369/518 319/370/319
f 521/371/521 468/372/468 467/373/467
f 477/374/477 526/375/526 475/376/475
f 480/377/480 571/378/571 478/379/478
f 528/380/528 483/381/483 386/302/386
f 485/363/485 619/382/619 484/339/484
f 531/383/531 485/363/485 437/362/437
f 486/384/486 582/385/582 388/386/388
f 586/387/586 498/388/498 345/313/345
f 262/217/262 398/389/398 589/390/589
f 444/317/444 545/319/545 594/391/594
f 548/392/548 445/393/445 546/394/546
f 596/395/596 595/396/595 547/397/547
f 504/398/504 644/399/644 550/400/550
f 407/401/407 505/402/505 504/398/504
f 554/403/554 552/404/552 447/405/447
f 552/404/552 507/406/507 448/407/448
f 652/408/652 512/409/512 415/344/415
f 567/410/567 563/411/563 559/412/559
f 520/348/520 566/413/566 463/345/463
f 564/414/564 567/410/567 562/415/562
f 463/345/463 565/416/565 424/346/424
f 566/413/566 565/416/565 463/345/463
f 526/375/526 702/417/702 475/376/475
f 527/418/527 613/419/613 570/420/570
f 619/421/619 618/422/618 574/423/574
f 585/424/585 392/309/392 491/425/491
f 589/390/589 398/389/398 498/426/498
f 442/427/442 543/428/543 688/429/688
f 545/319/545 690/430/690 594/391/594
f 510/431/510 693/432/693 598/433/598
f 652/408/652 518/434/518 557/435/557
f 517/436/517 654/437/654 602/438/602
f 703/439/703 524/440/524 521/441/521
f 611/442/611 609/443/609 566/413/566
f 570/444/570 525/445/525 569/446/569
f 611/442/611 613/447/613 609/443/609
f 613/447/613 611/442/611 525/445/525
f 612/448/612 572/449/572 571/378/571
f 615/450/615 572/449/572 612/448/612
f 617/451/617 528/380/528 660/452/660
f 665/453/665 531/383/531 483/381/483
f 669/454/669 621/455/621 577/456/577
f 673/457/673 622/458/622 623/459/623
f 714/460/714 674/461/674 579/462/579
f 627/463/627 581/464/581 769/465/769
f 535/466/535 636/467/636 633/468/633
f 636/467/636 535/466/535 536/469/536
f 678/470/678 498/426/498 586/471/586
f 638/472/638 590/473/590 637/474/637
f 640/475/640 499/476/499 638/477/638
f 643/478/643 501/479/501 689/480/689
f 784/481/784 453/482/453 450/483/450
f 516/484/516 650/485/650 649/486/649
f 606/487/606 656/488/656 605/489/605
f 606/490/606 568/491/568 656/492/656
f 607/493/607 700/494/700 657/495/657
f 607/493/607 608/496/608 701/497/701
f 705/498/705 431/336/431 615/499/615
f 705/498/705 528/380/528 431/336/431
f 721/500/721 533/501/533 631/502/631
f 536/469/536 680/503/680 636/467/636
f 537/504/537 724/505/724 635/506/635
f 638/472/638 726/507/726 684/508/684
f 588/509/588 730/510/730 682/511/682
f 733/512/733 543/513/543 687/514/687
f 594/515/594 690/516/690 735/517/735
f 505/402/505 827/518/827 644/399/644
f 646/519/646 742/520/742 695/521/695
f 748/522/748 612/523/612 659/524/659
f 705/498/705 615/499/615 748/522/748
f 662/525/662 617/451/617 708/526/708
f 709/527/709 752/528/752 616/529/616
f 670/530/670 760/531/760 577/456/577
f 625/532/625 766/533/766 717/534/717
f 625/532/625 717/534/717 675/535/675
f 768/536/768 766/533/766 625/532/625
f 581/464/581 770/537/770 768/536/768
f 718/538/718 627/463/627 769/465/769
f 719/539/719 626/540/626 627/463/627
f 897/541/897 586/542/586 392/309/392
f 680/503/680 729/543/729 684/508/684
f 682/544/682 730/545/730 683/546/683
f 686/547/686 731/548/731 685/549/685
f 732/550/732 640/551/640 729/543/729
f 641/552/641 776/553/776 730/510/730
f 732/554/732 687/555/687 640/475/640
f 688/556/688 733/512/733 776/557/776
f 592/558/592 824/559/824 778/560/778
f 642/561/642 825/562/825 593/563/593
f 737/564/737 782/565/782 553/566/553
f 694/567/694 739/568/739 645/569/645
f 743/570/743 556/571/556 789/572/789
f 793/573/793 655/574/655 652/408/652
f 793/573/793 748/522/748 655/574/655
f 609/443/609 871/575/871 704/576/704
f 753/577/753 711/578/711 662/525/662
f 800/579/800 710/580/710 665/581/665
f 710/582/710 876/583/876 620/584/620
f 712/585/712 756/586/756 754/587/754
f 881/588/881 713/589/713 669/590/669
f 761/591/761 670/530/670 713/592/713
f 766/533/766 846/593/846 764/594/764
f 765/595/765 675/535/675 717/534/717
f 768/536/768 813/596/813 766/533/766
f 719/539/719 814/597/814 770/537/770
f 722/598/722 727/599/727 721/500/721
f 820/600/820 727/599/727 722/598/722
f 683/546/683 774/601/774 680/503/680
f 773/602/773 679/603/679 727/599/727
f 731/548/731 820/600/820 685/549/685
f 776/557/776 733/512/733 774/601/774
f 774/601/774 733/512/733 732/550/732
f 686/547/686 777/604/777 731/548/731
f 734/605/734 857/606/857 824/559/824
f 645/569/645 783/607/783 830/608/830
f 739/568/739 740/609/740 783/607/783
f 787/610/787 742/611/742 832/612/832
f 743/613/743 832/612/832 742/611/742
f 743/613/743 789/614/789 832/612/832
f 834/615/834 651/616/651 696/617/696
f 839/618/839 708/619/708 794/620/794
f 755/621/755 753/622/753 872/623/872
f 710/582/710 803/624/803 876/583/876
f 803/625/803 710/626/710 801/627/801
f 807/628/807 760/531/760 880/629/880
f 762/630/762 884/631/884 760/531/760
f 809/632/809 762/630/762 761/591/761
f 762/630/762 846/593/846 884/631/884
f 886/633/886 717/534/717 812/634/812
f 886/633/886 765/595/765 717/534/717
f 766/533/766 924/635/924 846/593/846
f 770/537/770 814/597/814 768/536/768
f 731/548/731 822/636/822 820/600/820
f 777/604/777 822/636/822 731/548/731
f 830/608/830 737/637/737 736/638/736
f 783/607/783 787/610/787 864/639/864
f 832/612/832 789/614/789 833/640/833
f 664/641/664 958/642/958 799/643/799
f 803/624/803 918/644/918 876/583/876
f 758/645/758 991/646/991 844/647/844
f 880/629/880 922/648/922 758/645/758
f 808/649/808 713/589/713 881/588/881
f 809/632/809 761/591/761 810/650/810
f 888/651/888 767/652/767 927/653/927
f 814/597/814 889/654/889 768/536/768
f 849/655/849 818/656/818 850/657/850
f 891/658/891 584/659/584 849/660/849
f 720/661/720 852/662/852 817/663/817
f 819/664/819 585/424/585 891/665/891
f 821/666/821 855/667/855 854/668/854
f 773/602/773 855/667/855 821/666/821
f 822/636/822 855/667/855 773/602/773
f 777/604/777 856/669/856 822/636/822
f 824/670/824 970/671/970 856/669/856
f 864/639/864 831/672/831 830/608/830
f 864/639/864 833/640/833 831/672/831
f 832/612/832 833/640/833 864/639/864
f 865/673/865 903/674/903 833/640/833
f 835/675/835 870/676/870 911/677/911
f 953/678/953 870/676/870 835/675/835
f 963/679/963 803/624/803 917/680/917
f 992/681/992 844/647/844 991/646/991
f 844/682/844 992/683/992 879/684/879
f 880/629/880 882/685/882 1021/686/1021
f 883/687/883 808/688/808 881/689/881
f 884/631/884 965/690/965 882/685/882
f 885/691/885 811/692/811 845/693/845
f 924/635/924 965/690/965 884/631/884
f 848/694/848 931/695/931 889/654/889
f 816/696/816 849/660/849 815/697/815
f 850/698/850 931/695/931 848/694/848
f 849/660/849 850/698/850 848/694/848
f 933/699/933 725/700/725 897/701/897
f 822/636/822 969/702/969 855/667/855
f 856/669/856 969/702/969 822/636/822
f 825/703/825 972/704/972 971/705/971
f 903/674/903 902/706/902 833/640/833
f 907/707/907 906/708/906 868/709/868
f 876/583/876 961/710/961 958/642/958
f 919/711/919 917/680/917 916/712/916
f 920/713/920 917/680/917 919/711/919
f 921/714/921 879/684/879 993/715/993
f 845/716/845 810/650/810 883/687/883
f 925/717/925 886/718/886 923/719/923
f 930/720/930 849/660/849 816/696/816
f 891/658/891 849/660/849 930/720/930
f 935/721/935 852/662/852 896/722/896
f 935/721/935 934/723/934 852/662/852
f 853/724/853 936/725/936 935/721/935
f 856/669/856 970/671/970 1004/726/1004
f 902/706/902 940/727/940 976/728/976
f 903/674/903 940/727/940 902/706/902
f 865/673/865 940/727/940 903/674/903
f 957/729/957 960/730/960 956/731/956
f 959/732/959 877/733/877 874/734/874
f 916/735/916 959/732/959 960/730/960
f 922/648/922 1021/686/1021 1018/736/1018
f 883/737/883 759/738/759 995/739/995
f 932/740/932 998/741/998 931/695/931
f 1000/742/1000 819/743/819 894/744/894
f 936/725/936 1002/745/1002 934/723/934
f 969/702/969 967/746/967 855/667/855
f 969/702/969 1003/747/1003 967/746/967
f 1004/726/1004 1003/747/1003 969/702/969
f 946/748/946 947/749/947 1010/750/1010
f 948/751/948 980/752/980 979/753/979
f 988/754/988 919/711/919 987/755/987
f 963/679/963 1017/756/1017 918/644/918
f 990/757/990 1017/756/1017 963/679/963
f 1049/758/1049 991/646/991 1048/759/1048
f 993/715/993 992/683/992 1049/760/1049
f 921/714/921 993/715/993 1020/761/1020
f 895/762/895 1058/763/1058 892/764/892
f 852/662/852 1030/765/1030 817/663/817
f 980/752/980 1011/766/1011 979/753/979
f 1018/736/1018 1051/767/1051 1050/768/1050
f 1020/761/1020 993/715/993 1019/769/1019
f 997/770/997 998/771/998 1027/772/1027
f 934/723/934 1002/745/1002 1030/765/1030
f 1031/773/1031 1061/774/1061 1003/747/1003
f 1044/775/1044 1014/776/1014 1067/777/1067
f 1045/778/1045 1016/779/1016 989/780/989
f 1017/756/1017 1069/781/1069 1015/782/1015
f 1046/783/1046 1047/784/1047 990/757/990
f 996/785/996 1072/786/1072 1071/787/1071
f 1061/774/1061 1078/788/1078 967/746/967
f 1114/789/1114 1113/790/1113 1087/791/1087
f 1093/792/1093 1048/793/1048 1126/794/1126
f 1085/795/1085 1148/796/1148 1084/797/1084
f 1161/798/1161 1126/794/1126 1124/799/1124
f 1126/800/1126 1094/801/1094 1125/802/1125
f 1202/803/1202 1203/804/1203 1201/805/1201
f 1208/806/1208 1206/807/1206 1207/808/1207
f 1215/809/1215 1162/810/1162 1160/811/1160
f 1201/805/1201 1232/812/1232 1200/813/1200
f 1257/814/1257 1213/815/1213 1212/816/1212
f 1264/817/1264 1193/818/1193 1263/819/1263
f 1241/820/1241 1294/821/1294 1226/822/1226
f 1279/823/1279 1216/824/1216 1233/825/1233
f 1281/826/1281 1307/827/1307 1258/828/1258
f 1261/829/1261 1259/830/1259 1218/831/1218
f 1294/832/1294 1315/833/1315 1293/834/1293
f 1294/832/1294 1295/835/1295 1388/836/1388
f 1267/837/1267 1175/838/1175 1318/839/1318
f 1304/840/1304 1253/841/1253 1187/842/1187
f 1304/843/1304 1254/844/1254 1253/845/1253
f 1366/846/1366 1277/847/1277 1255/848/1255
f 1276/849/1276 1368/850/1368 1332/851/1332
f 1369/852/1369 1278/853/1278 1257/854/1257
f 1280/855/1280 1260/856/1260 1217/857/1217
f 1192/858/1192 1340/859/1340 1287/860/1287
f 1265/861/1265 1385/862/1385 1342/863/1342
f 1315/833/1315 1385/864/1385 1265/865/1265
f 1388/836/1388 1386/866/1386 1315/833/1315
f 1272/867/1272 1354/868/1354 1326/869/1326
f 1362/870/1362 1303/871/1303 1274/872/1274
f 1367/873/1367 1306/874/1306 1366/875/1366
f 1333/876/1333 1306/874/1306 1367/873/1367
f 1284/877/1284 1337/878/1337 1336/879/1336
f 1310/880/1310 1379/881/1379 1340/859/1340
f 1295/835/1295 1389/882/1389 1388/836/1388
f 1351/883/1351 1350/884/1350 1324/885/1324
f 1368/850/1368 1369/852/1369 1441/886/1441
f 1281/826/1281 1370/887/1370 1307/827/1307
f 1371/888/1371 1334/889/1334 1280/890/1280
f 1335/891/1335 1370/887/1370 1281/826/1281
f 1375/892/1375 1283/893/1283 1338/894/1338
f 1379/895/1379 1411/896/1411 1450/897/1450
f 1342/898/1342 1453/899/1453 1417/900/1417
f 1388/836/1388 1456/901/1456 1419/902/1419
f 1323/903/1323 1465/904/1465 1391/905/1391
f 1323/903/1323 1392/906/1392 1425/907/1425
f 1400/908/1400 1363/909/1363 1401/910/1401
f 1363/909/1363 1402/911/1402 1401/910/1401
f 1400/908/1400 1404/912/1404 1363/909/1363
f 1363/909/1363 1439/913/1439 1402/911/1402
f 1367/873/1367 1366/875/1366 1365/914/1365
f 1364/915/1364 1368/850/1368 1440/916/1440
f 1407/917/1407 1279/823/1279 1370/887/1370
f 1279/823/1279 1407/917/1407 1371/888/1371
f 1373/918/1373 1444/919/1444 1335/891/1335
f 1338/920/1338 1374/921/1374 1408/922/1408
f 1337/878/1337 1446/923/1446 1373/918/1373
f 1337/878/1337 1409/924/1409 1446/923/1446
f 1309/925/1309 1409/924/1409 1337/878/1337
f 1411/896/1411 1488/926/1488 1450/897/1450
f 1411/896/1411 1413/927/1413 1488/926/1488
f 1411/896/1411 1414/928/1414 1413/927/1413
f 1414/928/1414 1380/929/1380 1413/927/1413
f 1414/928/1414 1381/930/1381 1380/929/1380
f 1384/931/1384 1381/930/1381 1414/928/1414
f 1389/882/1389 1494/932/1494 1456/901/1456
f 1296/933/1296 1460/934/1460 1346/935/1346
f 1391/936/1391 1465/937/1465 1461/938/1461
f 1392/906/1392 1502/939/1502 1425/907/1425
f 1429/940/1429 1428/941/1428 1355/942/1355
f 1431/943/1431 1356/944/1356 1348/945/1348
f 1438/946/1438 1367/873/1367 1439/913/1439
f 1482/947/1482 1483/948/1483 1408/949/1408
f 1446/923/1446 1581/950/1581 1373/918/1373
f 1408/922/1408 1484/951/1484 1338/920/1338
f 1484/952/1484 1447/953/1447 1338/954/1338
f 1450/897/1450 1488/926/1488 1527/955/1527
f 1382/956/1382 1415/957/1415 1414/928/1414
f 1490/958/1490 1384/931/1384 1414/928/1414
f 1417/959/1417 1586/960/1586 1416/961/1416
f 1418/962/1418 1491/963/1491 1453/964/1453
f 1419/902/1419 1539/965/1539 1538/966/1538
f 1456/901/1456 1539/965/1539 1419/902/1419
f 1456/901/1456 1494/932/1494 1539/965/1539
f 1457/967/1457 1344/968/1344 1387/969/1387
f 1465/904/1465 1463/970/1463 1461/971/1461
f 1465/904/1465 1464/972/1464 1463/970/1463
f 1462/973/1462 1466/974/1466 1551/975/1551
f 1467/976/1467 1462/973/1462 1464/972/1464
f 1425/907/1425 1467/976/1467 1465/904/1465
f 1473/977/1473 1508/978/1508 1509/979/1509
f 1509/979/1509 1474/980/1474 1473/977/1473
f 1575/981/1575 1441/886/1441 1477/982/1477
f 1440/916/1440 1441/886/1441 1575/981/1575
f 1516/983/1516 1480/984/1480 1407/985/1407
f 1373/918/1373 1516/986/1516 1444/919/1444
f 1446/923/1446 1483/987/1483 1581/950/1581
f 1446/923/1446 1409/924/1409 1485/988/1485
f 1409/924/1409 1521/989/1521 1485/988/1485
f 1487/990/1487 1376/991/1376 1448/992/1448
f 1410/993/1410 1522/994/1522 1409/924/1409
f 1524/995/1524 1377/996/1377 1487/990/1487
f 1524/995/1524 1449/997/1449 1377/996/1377
f 1454/998/1454 1538/966/1538 1537/999/1537
f 1542/1000/1542 1457/967/1457 1387/969/1387
f 1494/932/1494 1604/1001/1604 1598/1002/1598
f 1461/1003/1461 1608/1004/1608 1390/1005/1390
f 1461/1006/1461 1463/1007/1463 1608/1008/1608
f 1462/973/1462 1551/975/1551 1606/1009/1606
f 1497/1010/1497 1462/1011/1462 1606/1012/1606
f 1498/1013/1498 1462/1011/1462 1497/1010/1497
f 1501/1014/1501 1466/974/1466 1467/976/1467
f 1506/1015/1506 1504/1016/1504 1552/1017/1552
f 1509/979/1509 1508/978/1508 1471/1018/1471
f 1510/1019/1510 1329/1020/1329 1567/1021/1567
f 1478/1022/1478 1514/1023/1514 1513/1024/1513
f 1517/1025/1517 1482/1026/1482 1481/1027/1481
f 1581/950/1581 1483/987/1483 1517/1025/1517
f 1583/1028/1583 1523/1029/1523 1448/992/1448
f 1523/1029/1523 1487/990/1487 1448/992/1448
f 1521/989/1521 1522/994/1522 1631/1030/1631
f 1524/995/1524 1487/990/1487 1523/1029/1523
f 1531/1031/1531 1490/1032/1490 1415/1033/1415
f 1531/1031/1531 1384/1034/1384 1490/1032/1490
f 1592/1035/1592 1343/1036/1343 1384/1037/1384
f 1534/1038/1534 1597/1039/1597 1532/1040/1532
f 1534/1038/1534 1538/966/1538 1597/1039/1597
f 1537/999/1537 1536/1041/1536 1534/1038/1534
f 1538/966/1538 1534/1038/1534 1536/1041/1536
f 1454/998/1454 1641/1042/1641 1493/1043/1493
f 1540/1044/1540 1595/1045/1595 1594/1046/1594
f 1544/1047/1544 1540/1044/1540 1541/1048/1541
f 1604/1001/1604 1600/1049/1600 1598/1002/1598
f 1494/932/1494 1545/1050/1545 1604/1001/1604
f 1346/935/1346 1460/934/1460 1549/1051/1549
f 1608/1008/1608 1463/1007/1463 1498/1013/1498
f 1609/1052/1609 1658/1053/1658 1551/1054/1551
f 1553/1055/1553 1611/1056/1611 1499/1057/1499
f 1552/1017/1552 1610/1058/1610 1611/1056/1611
f 1556/1059/1556 1552/1017/1552 1553/1055/1553
f 1561/1060/1561 1505/1061/1505 1556/1059/1556
f 1506/1015/1506 1505/1061/1505 1561/1060/1561
f 1566/1062/1566 1426/1063/1426 1617/1064/1617
f 1566/1062/1566 1431/1065/1431 1426/1063/1426
f 1517/1025/1517 1481/1027/1481 1681/1066/1681
f 1481/1027/1481 1445/1067/1445 1681/1066/1681
f 1521/989/1521 1631/1030/1631 1630/1068/1630
f 1522/994/1522 1584/1069/1584 1631/1030/1631
f 1631/1030/1631 1584/1069/1584 1523/1029/1523
f 1522/994/1522 1585/1070/1585 1584/1069/1584
f 1526/1071/1526 1489/1072/1489 1528/1073/1528
f 1633/1074/1633 1529/1075/1529 1489/1072/1489
f 1590/1076/1590 1534/1038/1534 1533/1077/1533
f 1493/1078/1493 1591/1079/1591 1491/1080/1491
f 1532/1040/1532 1593/1081/1593 1640/1082/1640
f 1537/1083/1537 1534/1084/1534 1590/1085/1590
f 1597/1039/1597 1644/1086/1644 1643/1087/1643
f 1598/1002/1598 1644/1086/1644 1597/1039/1597
f 1598/1002/1598 1600/1049/1600 1644/1086/1644
f 1603/1088/1603 1544/1047/1544 1601/1089/1601
f 1608/1008/1608 1498/1013/1498 1607/1090/1607
f 1611/1056/1611 1712/1091/1712 1609/1092/1609
f 1610/1093/1610 1659/1094/1659 1712/1095/1712
f 1554/1096/1554 1612/1097/1612 1553/1055/1553
f 1557/1098/1557 1613/1099/1613 1554/1096/1554
f 1503/1100/1503 1717/1101/1717 1715/1102/1715
f 1506/1015/1506 1615/1103/1615 1504/1016/1504
f 1618/1104/1618 1722/1105/1722 1563/1106/1563
f 1621/1107/1621 1431/1065/1431 1566/1062/1566
f 1621/1107/1621 1568/1108/1568 1431/1065/1431
f 1432/1109/1432 1622/1110/1622 1729/1111/1729
f 1624/1112/1624 1675/1113/1675 1475/1114/1475
f 1575/981/1575 1775/1115/1775 1624/1112/1624
f 1737/1116/1737 1576/1117/1576 1627/1118/1627
f 1575/981/1575 1626/1119/1626 1775/1115/1775
f 1513/1120/1513 1674/1121/1674 1627/1122/1627
f 1578/1123/1578 1676/1124/1676 1514/1125/1514
f 1629/1126/1629 1686/1127/1686 1687/1128/1687
f 1594/1129/1594 1696/1130/1696 1639/1131/1639
f 1640/1082/1640 1596/1132/1596 1639/1133/1639
f 1594/1129/1594 1697/1134/1697 1696/1130/1696
f 1643/1087/1643 1642/1135/1642 1593/1081/1593
f 1646/1136/1646 1642/1135/1642 1643/1087/1643
f 1602/1137/1602 1703/1138/1703 1543/1139/1543
f 1753/1140/1753 1608/1008/1608 1796/1141/1796
f 1608/1008/1608 1753/1140/1753 1657/1142/1657
f 1655/1143/1655 1468/1144/1468 1550/1145/1550
f 1665/1146/1665 1617/1064/1617 1801/1147/1801
f 1726/1148/1726 1566/1062/1566 1617/1064/1617
f 1671/1149/1671 1672/1150/1672 1571/1151/1571
f 1626/1119/1626 1737/1152/1737 1775/1115/1775
f 1684/1153/1684 1582/1154/1582 1685/1155/1685
f 1683/1156/1683 1687/1128/1687 1686/1127/1686
f 1689/1157/1689 1526/1071/1526 1632/1158/1632
f 1694/1159/1694 1590/1085/1590 1693/1160/1693
f 1698/1161/1698 1590/1085/1590 1694/1159/1694
f 1701/1162/1701 1648/1163/1648 1646/1136/1646
f 1702/1164/1702 1542/1165/1542 1535/1166/1535
f 1825/1167/1825 1601/1168/1601 1648/1169/1648
f 1714/1170/1714 1612/1097/1612 1713/1171/1713
f 1801/1147/1801 1558/1172/1558 1758/1173/1758
f 1764/1174/1764 1665/1146/1665 1801/1147/1801
f 1620/1175/1620 1727/1176/1727 1666/1177/1666
f 1667/1178/1667 1727/1179/1727 1620/1180/1620
f 1726/1148/1726 1813/1181/1813 1566/1062/1566
f 1622/1182/1622 1730/1183/1730 1729/1184/1729
f 1732/1185/1732 1621/1107/1621 1669/1186/1669
f 1670/1187/1670 1621/1107/1621 1732/1185/1732
f 1819/1188/1819 1674/1121/1674 1671/1149/1671
f 1641/1189/1641 1698/1161/1698 1638/1190/1638
f 1708/1191/1708 1749/1192/1749 1707/1193/1707
f 1763/1194/1763 1764/1174/1764 1801/1147/1801
f 1730/1183/1730 1769/1195/1769 1808/1196/1808
f 1769/1197/1769 1810/1198/1810 1808/1199/1808
f 1667/1178/1667 1814/1200/1814 1727/1179/1727
f 1857/1201/1857 1734/1202/1734 1670/1187/1670
f 1857/1201/1857 1671/1149/1671 1734/1202/1734
f 1778/1203/1778 1692/1204/1692 1821/1205/1821
f 1789/1206/1789 1702/1164/1702 1787/1207/1787
f 1795/1208/1795 1796/1209/1796 1831/1210/1831
f 1753/1140/1753 1795/1211/1795 1832/1212/1832
f 1932/1213/1932 1758/1173/1758 1931/1214/1931
f 1932/1213/1932 1801/1147/1801 1758/1173/1758
f 1721/1215/1721 1807/1216/1807 1803/1217/1803
f 1807/1216/1807 1805/1218/1805 1803/1217/1803
f 1766/1219/1766 1807/1216/1807 1721/1215/1721
f 1808/1196/1808 1806/1220/1806 1846/1221/1846
f 1809/1222/1809 1891/1223/1891 1723/1224/1723
f 1768/1225/1768 1808/1196/1808 1846/1221/1846
f 1850/1226/1850 1768/1225/1768 1846/1221/1846
f 1892/1227/1892 1768/1225/1768 1850/1226/1850
f 1731/1228/1731 1817/1229/1817 1815/1230/1815
f 1903/1231/1903 1772/1232/1772 1902/1233/1902
f 1923/1234/1923 1789/1206/1789 1787/1207/1787
f 1749/1192/1749 1872/1235/1872 1828/1236/1828
f 1750/1237/1750 1875/1238/1875 1651/1239/1651
f 1850/1226/1850 1846/1221/1846 1943/1240/1943
f 1846/1221/1846 1806/1220/1806 1889/1241/1889
f 1897/1242/1897 1769/1243/1769 1949/1244/1949
f 1814/1200/1814 1851/1245/1851 1727/1179/1727
f 1817/1229/1817 1855/1246/1855 1815/1230/1815
f 1854/1247/1854 1772/1232/1772 1816/1248/1816
f 1855/1246/1855 1901/1249/1901 1771/1250/1771
f 1905/1251/1905 1732/1185/1732 1903/1252/1903
f 1856/1253/1856 1818/1254/1818 1733/1255/1733
f 1905/1251/1905 1857/1201/1857 1732/1185/1732
f 1905/1251/1905 1955/1256/1955 1857/1201/1857
f 1828/1236/1828 1926/1257/1926 1792/1258/1792
f 1829/1259/1829 1872/1235/1872 1749/1192/1749
f 1750/1237/1750 1876/1260/1876 1875/1238/1875
f 1846/1221/1846 1889/1241/1889 1989/1261/1989
f 1889/1241/1889 1806/1220/1806 1944/1262/1944
f 1893/1263/1893 1896/1264/1896 1894/1265/1894
f 1898/1266/1898 1852/1267/1852 1896/1268/1896
f 1851/1269/1851 1852/1267/1852 1898/1266/1898
f 1903/1252/1903 1952/1270/1952 1901/1249/1901
f 1818/1271/1818 1856/1272/1856 1904/1273/1904
f 1904/1274/1904 1856/1275/1856 1954/1276/1954
f 1910/1277/1910 1908/1278/1908 1909/1279/1909
f 1922/1280/1922 1787/1281/1787 1970/1282/1970
f 1871/1283/1871 1923/1234/1923 1924/1284/1924
f 1872/1235/1872 1973/1285/1973 1828/1236/1828
f 1927/1286/1927 1973/1285/1973 1872/1235/1872
f 1829/1259/1829 1873/1287/1873 1927/1286/1927
f 1979/1288/1979 1754/1289/1754 1834/1290/1834
f 1931/1214/1931 1883/1291/1883 2120/1292/2120
f 1938/1293/1938 1888/1294/1888 1935/1295/1935
f 1994/1296/1994 1990/1297/1990 1992/1298/1992
f 1939/1299/1939 1944/1262/1944 1940/1300/1940
f 1944/1262/1944 1939/1299/1939 2037/1301/2037
f 1949/1302/1949 1895/1303/1895 2047/1304/2047
f 2138/1305/2138 1897/1306/1897 2085/1307/2085
f 1901/1249/1901 1952/1270/1952 1999/1308/1999
f 1952/1270/1952 1902/1309/1902 2000/1310/2000
f 1855/1246/1855 2001/1311/2001 1903/1252/1903
f 2001/1311/2001 2004/1312/2004 1903/1252/1903
f 1856/1313/1856 2005/1314/2005 2002/1315/2002
f 1959/1316/1959 1858/1317/1858 1960/1318/1960
f 2018/1319/2018 1924/1284/1924 2065/1320/2065
f 2020/1321/2020 1924/1284/1924 2018/1319/2018
f 2020/1321/2020 1975/1322/1975 1924/1284/1924
f 1975/1322/1975 1871/1283/1871 1924/1284/1924
f 1977/1323/1977 1974/1324/1974 1927/1286/1927
f 2024/1325/2024 1797/1326/1797 1874/1327/1874
f 1980/1328/1980 1928/1329/1928 1877/1330/1877
f 1981/1331/1981 1979/1332/1979 1928/1329/1928
f 2031/1333/2031 1932/1334/1932 2072/1335/2072
f 2039/1336/2039 1992/1298/1992 1990/1297/1990
f 1907/1337/1907 1955/1256/1955 2004/1312/2004
f 2018/1319/2018 2066/1338/2066 2019/1339/2019
f 1973/1285/1973 2158/1340/2158 1926/1257/1926
f 1973/1285/1973 2019/1339/2019 2158/1340/2158
f 1875/1238/1875 2023/1341/2023 1977/1323/1977
f 1875/1238/1875 2116/1342/2116 2023/1341/2023
f 1887/1343/1887 2073/1344/2073 2124/1345/2124
f 2033/1346/2033 2075/1347/2075 2034/1348/2034
f 2040/1349/2040 2043/1350/2043 2039/1336/2039
f 2043/1350/2043 1992/1298/1992 2039/1336/2039
f 2051/1351/2051 2000/1310/2000 2050/1352/2050
f 1899/1353/1899 2089/1354/2089 2090/1355/2090
f 2007/1356/2007 2052/1357/2052 2006/1358/2006
f 1858/1359/1858 2052/1357/2052 2007/1356/2007
f 2053/1360/2053 2008/1361/2008 2052/1357/2052
f 2098/1362/2098 2011/1363/2011 1914/1364/1914
f 1918/1365/1918 2103/1366/2103 2104/1367/2104
f 2108/1368/2108 2016/1369/2016 2107/1370/2107
f 2068/1371/2068 1976/1372/1976 2114/1373/2114
f 2132/1374/2132 1990/1297/1990 2075/1347/2075
f 2132/1374/2132 2039/1336/2039 1990/1297/1990
f 2176/1375/2176 2040/1349/2040 2039/1336/2039
f 2042/1376/2042 2083/1377/2083 2082/1378/2082
f 2044/1379/2044 2187/1380/2187 2140/1381/2140
f 2093/1382/2093 2003/1383/2003 2142/1384/2142
f 2013/1385/2013 2099/1386/2099 2097/1387/2097
f 2109/1388/2109 2065/1320/2065 2106/1389/2106
f 2113/1390/2113 2114/1373/2114 2022/1391/2022
f 1983/1392/1983 2119/1393/2119 2069/1394/2069
f 2120/1292/2120 2024/1325/2024 2162/1395/2162
f 2026/1396/2026 2166/1397/2166 2119/1393/2119
f 2208/1398/2208 2072/1399/2072 2120/1292/2120
f 2129/1400/2129 2128/1401/2128 2127/1402/2127
f 2133/1403/2133 2078/1404/2078 2214/1405/2214
f 2181/1406/2181 2086/1407/2086 2177/1408/2177
f 2139/1409/2139 2045/1410/2045 2182/1411/2182
f 2186/1412/2186 1997/1413/1997 2086/1414/2086
f 2188/1415/2188 2045/1416/2045 2139/1417/2139
f 2091/1418/2091 2090/1355/2090 2192/1419/2192
f 2143/1420/2143 2144/1421/2144 2053/1360/2053
f 2193/1422/2193 2009/1423/2009 2094/1424/2094
f 2097/1387/2097 2148/1425/2148 2146/1426/2146
f 2151/1427/2151 2148/1425/2148 2099/1386/2099
f 2103/1428/2103 2152/1429/2152 2150/1430/2150
f 2158/1431/2158 2258/1432/2258 2112/1433/2112
f 2208/1398/2208 2120/1292/2120 2162/1395/2162
f 2165/1434/2165 2166/1397/2166 2027/1435/2027
f 2166/1397/2166 2167/1436/2167 2209/1437/2209
f 2121/1438/2121 2070/1439/2070 2165/1434/2165
f 2166/1397/2166 2168/1440/2168 2167/1436/2167
f 2211/1441/2211 2237/1442/2237 2122/1443/2122
f 2168/1444/2168 2174/1445/2174 2032/1446/2032
f 2175/1447/2175 2172/1448/2172 2171/1449/2171
f 2215/1450/2215 2177/1408/2177 2176/1375/2176
f 2082/1451/2082 2179/1452/2179 2240/1453/2240
f 2137/1454/2137 2186/1455/2186 2181/1406/2181
f 2084/1456/2084 2183/1457/2183 2182/1411/2182
f 2140/1458/2140 2185/1459/2185 2137/1460/2137
f 2241/1461/2241 2139/1409/2139 2183/1457/2183
f 2187/1462/2187 2186/1463/2186 2185/1464/2185
f 2087/1465/2087 2189/1466/2189 2084/1467/2084
f 2241/1461/2241 2190/1468/2190 2188/1469/2188
f 2194/1470/2194 2096/1471/2096 2146/1426/2146
f 2150/1430/2150 2194/1470/2194 2148/1425/2148
f 2223/1472/2223 2100/1473/2100 2098/1474/2098
f 2149/1475/2149 2197/1476/2197 2099/1386/2099
f 2012/1477/2012 2225/1478/2225 2246/1479/2246
f 2101/1480/2101 2199/1481/2199 2149/1475/2149
f 2223/1472/2223 2012/1477/2012 2100/1473/2100
f 2102/1482/2102 2200/1483/2200 2199/1481/2199
f 2224/1484/2224 2154/1485/2154 2064/1486/2064
f 2155/1487/2155 2202/1488/2202 2200/1483/2200
f 2156/1489/2156 2226/1490/2226 2153/1491/2153
f 2156/1489/2156 2251/1492/2251 2226/1490/2226
f 2110/1493/2110 2228/1494/2228 2156/1495/2156
f 2115/1496/2115 2113/1390/2113 2067/1497/2067
f 2160/1498/2160 2205/1499/2205 2116/1342/2116
f 2232/1500/2232 2068/1371/2068 2114/1373/2114
f 2206/1501/2206 2163/1502/2163 2117/1503/2117
f 2163/1502/2163 2207/1504/2207 2118/1505/2118
f 2119/1393/2119 2164/1506/2164 2117/1503/2117
f 2165/1434/2165 2168/1440/2168 2166/1397/2166
f 2237/1442/2237 2211/1441/2211 2169/1507/2169
f 2212/1508/2212 2168/1440/2168 2165/1434/2165
f 2212/1508/2212 2174/1509/2174 2168/1440/2168
f 2173/1510/2173 2212/1508/2212 2070/1439/2070
f 2175/1511/2175 2170/1512/2170 2213/1513/2213
f 2173/1510/2173 2214/1405/2214 2212/1508/2212
f 2240/1453/2240 2177/1408/2177 2215/1450/2215
f 2184/1514/2184 2187/1515/2187 2216/1516/2216
f 2095/1517/2095 2244/1518/2244 2143/1420/2143
f 2220/1519/2220 2147/1520/2147 2193/1422/2193
f 2196/1521/2196 2195/1522/2195 2194/1470/2194
f 2222/1523/2222 2223/1472/2223 2195/1522/2195
f 2247/1524/2247 2057/1525/2057 2220/1519/2220
f 2201/1526/2201 2062/1527/2062 2247/1524/2247
f 2226/1490/2226 2198/1528/2198 2152/1429/2152
f 2231/1529/2231 2113/1390/2113 2115/1496/2115
f 2205/1499/2205 2231/1529/2231 2115/1496/2115
f 2204/1530/2204 2114/1373/2114 2159/1531/2159
f 2232/1500/2232 2114/1373/2114 2204/1530/2204
f 2161/1532/2161 2207/1504/2207 2160/1498/2160
f 2235/1533/2235 2207/1504/2207 2163/1502/2163
f 2164/1506/2164 2233/1534/2233 2206/1501/2206
f 2206/1501/2206 2234/1535/2234 2163/1502/2163
f 2234/1535/2234 2235/1533/2235 2163/1502/2163
f 2237/1442/2237 2234/1535/2234 2233/1534/2233
f 2210/1536/2210 2237/1442/2237 2233/1534/2233
f 2252/1537/2252 2239/1538/2239 2208/1398/2208
f 2131/1539/2131 2254/1540/2254 2126/1541/2126
f 2189/1542/2189 2241/1461/2241 2183/1457/2183
f 2242/1543/2242 2191/1544/2191 2218/1545/2218
f 2244/1518/2244 2243/1546/2243 2143/1420/2143
f 2256/1547/2256 2193/1422/2193 2219/1548/2219
f 2145/1549/2145 2245/1550/2245 2244/1518/2244
f 2221/1551/2221 2246/1479/2246 2245/1550/2245
f 2223/1472/2223 2248/1552/2248 2225/1478/2225
f 2222/1523/2222 2268/1553/2268 2248/1552/2248
f 2226/1490/2226 2249/1554/2249 2198/1528/2198
f 2269/1555/2269 2157/1556/2157 2109/1388/2109
f 2251/1492/2251 2249/1554/2249 2226/1490/2226
f 2257/1557/2257 2203/1558/2203 2250/1559/2250
f 2207/1504/2207 2273/1560/2273 2205/1499/2205
f 2236/1561/2236 2253/1562/2253 2234/1535/2234
f 2262/1563/2262 2240/1453/2240 2279/1564/2279
f 2254/1540/2254 2240/1453/2240 2262/1563/2262
f 2189/1542/2189 2242/1565/2242 2241/1461/2241
f 2243/1546/2243 2219/1548/2219 2144/1421/2144
f 2247/1524/2247 2220/1519/2220 2264/1566/2264
f 2266/1567/2266 2201/1526/2201 2247/1524/2247
f 2266/1567/2266 2269/1555/2269 2201/1526/2201
f 2249/1554/2249 2257/1557/2257 2268/1553/2268
f 2227/1568/2227 2269/1555/2269 2272/1569/2272
f 2250/1559/2250 2271/1570/2271 2270/1571/2270
f 2258/1572/2258 2271/1570/2271 2250/1559/2250
f 2259/1573/2259 2230/1574/2230 2231/1529/2231
f 2259/1573/2259 2231/1529/2231 2205/1499/2205
f 2260/1575/2260 2252/1537/2252 2232/1500/2232
f 2261/1576/2261 2252/1537/2252 2277/1577/2277
f 2238/1578/2238 2254/1540/2254 2278/1579/2278
f 2279/1564/2279 2261/1576/2261 2277/1577/2277
f 2263/1580/2263 2219/1548/2219 2243/1546/2243
f 2245/1550/2245 2265/1581/2265 2281/1582/2281
f 2266/1567/2266 2247/1524/2247 2264/1566/2264
f 2269/1555/2269 2266/1567/2266 2284/1583/2284
f 2268/1553/2268 2270/1571/2270 2267/1584/2267
f 2274/1585/2274 2230/1574/2230 2259/1573/2259
f 2274/1585/2274 2260/1575/2260 2230/1574/2230
f 2275/1586/2275 2274/1585/2274 2259/1573/2259
f 2273/1560/2273 2276/1587/2276 2259/1573/2259
f 2277/1577/2277 2274/1585/2274 2275/1586/2275
f 2277/1577/2277 2260/1575/2260 2274/1585/2274
f 2253/1562/2253 2278/1579/2278 2276/1587/2276
f 2279/1564/2279 2277/1577/2277 2278/1579/2278
f 2278/1579/2278 2262/1563/2262 2279/1564/2279
f 2255/1588/2255 2280/1589/2280 2243/1546/2243
f 2281/1582/2281 2280/1589/2280 2255/1588/2255
f 2263/1580/2263 2282/1590/2282 2264/1566/2264
f 2284/1583/2284 2266/1567/2266 2282/1590/2282
f 2270/1571/2270 2283/1591/2283 2267/1584/2267
f 2271/1570/2271 2286/1592/2286 2283/1591/2283
f 2270/1571/2270 2271/1570/2271 2283/1591/2283
f 2285/1593/2285 2286/1592/2286 2282/1590/2282
f 2283/1591/2283 2285/1593/2285 2265/1581/2265
f 66/128/66 45/48/45 44/50/44
f 49/30/49 72/32/72 98/104/98
f 79/41/79 205/1594/205 150/82/150
f 79/41/79 105/1595/105 205/1594/205
f 154/86/154 155/176/155 40/44/40
f 66/128/66 44/50/44 134/1596/134
f 103/1597/103 152/1598/152 76/110/76
f 155/176/155 156/222/156 53/55/53
f 119/1599/119 172/151/172 171/153/171
f 122/123/122 181/198/181 60/65/60
f 60/65/60 181/198/181 91/96/91
f 127/1600/127 188/1601/188 126/1602/126
f 137/1603/137 140/1604/140 196/1605/196
f 195/311/195 139/310/139 69/1606/69
f 197/1607/197 98/1608/98 198/1609/198
f 254/241/254 199/240/199 96/1610/96
f 199/240/199 98/1611/98 96/1610/96
f 148/143/148 149/172/149 100/139/100
f 108/1612/108 304/247/304 351/316/351
f 267/178/267 157/177/157 268/148/268
f 159/180/159 212/1613/212 271/181/271
f 166/114/166 216/185/216 165/187/165
f 220/1614/220 172/1615/172 171/1616/171
f 173/1617/173 223/1618/223 222/1619/222
f 173/152/173 174/195/174 225/1620/225
f 227/1621/227 180/1622/180 123/1623/123
f 91/1624/91 185/1625/185 230/1626/230
f 231/1627/231 128/1628/128 190/1629/190
f 127/1630/127 125/1631/125 129/1632/129
f 92/99/92 191/294/191 132/1633/132
f 293/1634/293 192/1635/192 133/1636/133
f 66/128/66 134/1596/134 248/1637/248
f 248/1637/248 135/1638/135 249/211/249
f 247/208/247 69/1606/69 93/170/93
f 295/1639/295 194/1640/194 193/1641/193
f 141/137/141 145/136/145 251/277/251
f 203/111/203 152/1598/152 299/1642/299
f 205/1594/205 206/1643/206 261/1644/261
f 153/1645/153 301/1646/301 300/1647/300
f 270/224/270 160/184/160 110/225/110
f 211/183/211 160/184/160 361/1648/361
f 276/1649/276 224/1650/224 220/1651/220
f 276/1652/276 222/1653/222 277/1654/277
f 236/1655/236 235/1656/235 127/1630/127
f 238/203/238 290/295/290 191/294/191
f 192/1657/192 240/1658/240 133/1659/133
f 294/171/294 244/129/244 242/1660/242
f 196/1605/196 252/1661/252 297/1662/297
f 256/1663/256 258/1664/258 396/1665/396
f 207/1666/207 300/1647/300 106/1667/106
f 81/83/81 302/245/302 304/247/304
f 272/254/272 162/1668/162 314/255/314
f 216/185/216 217/1669/217 366/230/366
f 276/1652/276 277/1654/277 316/1670/316
f 281/1671/281 320/1672/320 420/1673/420
f 282/1674/282 372/1675/372 122/123/122
f 322/1676/322 284/1677/284 227/1678/227
f 178/154/178 324/1679/324 323/196/323
f 179/1680/179 324/1679/324 178/154/178
f 283/1681/283 461/1682/461 325/1683/325
f 369/1684/369 231/1627/231 286/1685/286
f 369/1684/369 232/1686/232 231/1627/231
f 236/1655/236 327/1687/327 235/1656/235
f 336/1688/336 242/1660/242 334/1689/334
f 243/1690/243 338/1691/338 337/1692/337
f 339/1693/339 246/169/246 294/171/294
f 341/1694/341 194/1640/194 295/1639/295
f 152/1695/152 399/1696/399 299/1697/299
f 357/280/357 306/223/306 305/218/305
f 367/1698/367 418/1699/418 224/1700/224
f 225/1620/225 317/347/317 421/324/421
f 371/1701/371 322/1676/322 227/1678/227
f 234/1702/234 374/1703/374 466/1704/466
f 339/1693/339 336/1688/336 387/1705/387
f 389/1706/389 248/1637/248 249/211/249
f 393/1707/393 297/1662/297 251/277/251
f 394/1708/394 254/241/254 391/1709/391
f 396/1665/396 395/1710/395 257/1711/257
f 542/1712/542 349/1713/349 152/1695/152
f 301/1714/301 351/316/351 443/318/443
f 406/1715/406 211/1716/211 360/1717/360
f 311/1718/311 158/147/158 412/322/412
f 361/1648/361 270/224/270 411/1719/411
f 413/1720/413 315/256/315 314/255/314
f 366/290/366 417/289/417 219/1721/219
f 422/1722/422 322/1676/322 371/1701/371
f 325/1683/325 461/1682/461 604/1723/604
f 372/1724/372 326/1725/326 462/1726/462
f 424/1727/424 233/201/233 370/1728/370
f 465/1729/465 461/1682/461 327/1687/327
f 373/1730/373 374/1703/374 234/1702/234
f 236/1655/236 465/1729/465 327/1687/327
f 237/204/237 290/295/290 238/203/238
f 430/1731/430 378/1732/378 291/1733/291
f 342/1734/342 296/1735/296 438/1736/438
f 395/1710/395 439/1737/439 260/1738/260
f 260/1738/260 440/1739/440 346/1740/346
f 347/1741/347 441/1742/441 396/1665/396
f 399/1743/399 442/1744/442 348/1745/348
f 448/1746/448 406/1715/406 360/1717/360
f 506/1747/506 361/1648/361 411/1719/411
f 414/1748/414 364/1749/364 452/1750/452
f 419/232/419 517/1751/517 515/1752/515
f 324/1753/324 460/1754/460 323/1755/323
f 324/1753/324 423/1756/423 460/1754/460
f 237/204/237 468/1757/468 523/1758/523
f 290/1759/290 473/1760/473 426/1761/426
f 290/295/290 523/1758/523 473/1762/473
f 572/449/572 378/1732/378 478/379/478
f 381/1763/381 480/334/480 383/301/383
f 487/1764/487 246/169/246 340/1765/340
f 488/1766/488 249/211/249 489/1767/489
f 490/1768/490 390/1769/390 342/1734/342
f 533/1770/533 343/1771/343 341/1694/341
f 492/1772/492 343/1771/343 533/1770/533
f 494/1773/494 343/1771/343 492/1772/492
f 495/1774/495 438/1736/438 297/1662/297
f 496/1775/496 393/1707/393 344/276/344
f 441/1742/441 539/1776/539 396/1665/396
f 447/405/447 448/407/448 404/1777/404
f 407/320/407 311/1718/311 505/1778/505
f 409/1779/409 363/1780/363 451/1781/451
f 451/1781/451 413/1720/413 509/1782/509
f 368/233/368 515/1752/515 455/1783/455
f 518/1784/518 322/1676/322 319/1785/319
f 604/1723/604 517/1751/517 420/1786/420
f 466/1704/466 562/1787/562 465/1729/465
f 375/1788/375 566/1789/566 520/1790/520
f 476/1791/476 526/1792/526 477/1793/477
f 527/418/527 330/1794/330 481/1795/481
f 432/1796/432 330/1794/330 527/418/527
f 480/377/480 381/1797/381 432/1796/432
f 487/1764/487 340/1765/340 339/1693/339
f 487/1764/487 491/425/491 246/169/246
f 534/1798/534 490/1768/490 438/1736/438
f 537/1799/537 635/1800/635 394/1708/394
f 537/1799/537 391/1709/391 494/1773/494
f 537/1799/537 394/1708/394 391/1709/391
f 440/1739/440 439/1737/439 590/1801/590
f 349/1713/349 543/428/543 442/427/442
f 349/1713/349 542/1712/542 543/428/543
f 544/1802/544 593/563/593 502/1803/502
f 548/392/548 549/1804/549 445/393/445
f 553/566/553 411/1719/411 410/1805/410
f 507/1806/507 508/1807/508 408/323/408
f 515/1752/515 556/571/556 455/1783/455
f 459/1808/459 460/1754/460 653/1809/653
f 558/1810/558 653/1809/653 460/1754/460
f 518/1784/518 464/1811/464 322/1676/322
f 373/1730/373 560/1812/560 466/1704/466
f 561/1813/561 469/326/469 425/328/425
f 608/496/608 474/357/474 475/356/475
f 427/332/427 611/442/611 566/413/566
f 428/329/428 525/445/525 429/1814/429
f 525/445/525 611/442/611 429/1814/429
f 570/420/570 571/378/571 480/377/480
f 527/418/527 481/1795/481 613/419/613
f 613/1815/613 481/1816/481 706/1817/706
f 532/1818/532 390/1769/390 490/1768/490
f 532/1818/532 490/1768/490 534/1798/534
f 536/1819/536 535/1820/535 393/1707/393
f 539/1776/539 587/1821/587 395/1710/395
f 540/1822/540 587/1821/587 539/1776/539
f 597/1823/597 410/1805/410 409/1779/409
f 553/566/553 410/1805/410 597/1823/597
f 451/1781/451 509/1782/509 598/433/598
f 555/1824/555 510/431/510 414/1748/414
f 693/432/693 510/431/510 555/1824/555
f 513/1825/513 600/1826/600 647/1827/647
f 513/1825/513 556/571/556 600/1826/600
f 564/1828/564 568/491/568 567/1829/567
f 522/1830/522 474/1831/474 607/1832/607
f 702/417/702 608/1833/608 475/376/475
f 524/440/524 703/439/703 610/1834/610
f 485/363/485 620/584/620 619/382/619
f 531/383/531 620/584/620 485/363/485
f 579/1835/579 623/1836/623 622/1837/622
f 628/1838/628 339/1693/339 387/1705/387
f 583/1839/583 339/1693/339 628/1838/628
f 629/1840/629 488/1766/488 489/1767/489
f 631/1841/631 390/1769/390 532/1818/532
f 494/1773/494 492/1772/492 634/1842/634
f 587/1821/587 637/1843/637 538/1844/538
f 440/1739/440 590/1801/590 638/1845/638
f 589/1846/589 591/1847/591 541/1848/541
f 593/563/593 734/605/734 502/1803/502
f 507/406/507 552/404/552 554/403/554
f 514/1849/514 695/521/695 648/1850/648
f 602/1851/602 601/1852/601 515/1752/515
f 606/1853/606 605/1854/605 563/1855/563
f 657/1856/657 700/1857/700 560/1858/560
f 565/416/565 704/576/704 521/1859/521
f 672/1860/672 623/1861/623 622/1862/622
f 630/1863/630 584/1864/584 491/425/491
f 537/1865/537 494/1866/494 679/1867/679
f 734/605/734 824/559/824 592/558/592
f 738/1868/738 597/1823/597 598/433/598
f 600/1826/600 743/570/743 647/1827/647
f 556/571/556 743/570/743 600/1826/600
f 515/1752/515 697/1869/697 556/571/556
f 601/1852/601 697/1869/697 515/1752/515
f 558/1870/558 651/1871/651 698/1872/698
f 658/1873/658 656/492/656 564/1828/564
f 560/1812/560 658/1873/658 564/1828/564
f 750/1874/750 702/1875/702 610/1834/610
f 661/1876/661 709/1877/709 574/1878/574
f 667/1879/667 575/1880/575 666/1881/666
f 720/1882/720 486/384/486 629/1840/629
f 681/1883/681 677/1884/677 633/468/633
f 725/700/725 678/1885/678 586/1886/586
f 726/507/726 681/1883/681 684/508/684
f 685/1887/685 726/1888/726 587/1889/587
f 737/564/737 553/566/553 597/1823/597
f 782/565/782 507/1806/507 554/1890/554
f 745/1891/745 697/1869/697 601/1852/601
f 792/1892/792 747/1893/747 603/1894/603
f 699/1895/699 792/1892/792 605/1896/605
f 665/453/665 663/1897/663 754/587/754
f 723/1898/723 629/1899/629 632/1900/632
f 772/1901/772 723/1898/723 632/1900/632
f 860/1902/860 644/399/644 781/1903/781
f 782/565/782 692/1904/692 508/1807/508
f 696/617/696 740/609/740 786/1905/786
f 658/1873/658 699/1895/699 656/492/656
f 616/1906/616 752/1907/752 797/1908/797
f 710/1909/710 800/1910/800 801/1911/801
f 805/1912/805 667/1879/667 666/1881/666
f 810/1913/810 763/1914/763 672/1915/672
f 809/1916/809 810/1913/810 672/1915/672
f 811/1917/811 714/1918/714 763/1914/763
f 817/1919/817 771/1920/771 676/1921/676
f 773/602/773 821/666/821 724/1922/724
f 792/1892/792 867/1923/867 747/1893/747
f 792/1892/792 699/1895/699 906/1924/906
f 700/1857/700 911/677/911 560/1858/560
f 700/1857/700 749/1925/749 911/677/911
f 802/1926/802 957/1927/957 800/1928/800
f 805/1929/805 758/645/758 844/647/844
f 811/1917/811 763/1914/763 845/1930/845
f 811/692/811 885/691/885 812/1931/812
f 816/696/816 815/697/815 719/539/719
f 851/1932/851 583/1839/583 893/1933/893
f 891/665/891 585/424/585 584/1864/584
f 829/1934/829 862/1935/862 782/1936/782
f 865/673/865 833/640/833 789/614/789
f 867/1923/867 866/1937/866 747/1893/747
f 908/1938/908 868/709/868 699/1939/699
f 905/1940/905 837/1941/837 793/1942/793
f 836/1943/836 953/678/953 835/675/835
f 800/1928/800 957/1927/957 841/1944/841
f 841/1945/841 874/1946/874 801/627/801
f 843/1947/843 878/1948/878 757/1949/757
f 879/684/879 806/1950/806 805/1912/805
f 893/1933/893 771/1920/771 892/764/892
f 977/1951/977 865/1952/865 697/1869/697
f 867/1923/867 906/1924/906 978/1953/978
f 868/709/868 908/1938/908 910/1954/910
f 841/1944/841 957/1927/957 956/1955/956
f 924/635/924 926/1956/926 1025/1957/1025
f 866/1958/866 947/1959/947 945/1960/945
f 952/1961/952 912/1962/912 870/1963/870
f 836/1964/836 954/1965/954 953/1966/953
f 914/1967/914 952/1968/952 870/1969/870
f 843/1947/843 1014/776/1014 878/1948/878
f 964/1970/964 885/1971/885 845/1972/845
f 866/1937/866 944/1973/944 942/1974/942
f 910/1975/910 949/1976/949 1011/1977/1011
f 910/1975/910 980/1978/980 909/1979/909
f 914/1980/914 913/1981/913 952/1982/952
f 962/1983/962 987/1984/987 919/1985/919
f 1021/1986/1021 996/785/996 1071/787/1071
f 1000/1987/1000 897/541/897 819/664/819
f 1006/1988/1006 900/1989/900 781/1903/781
f 978/1953/978 1010/750/1010 947/749/947
f 1110/1990/1110 981/1991/981 905/1940/905
f 911/1992/911 950/1993/950 1038/1994/1038
f 982/1995/982 950/1993/950 951/1996/951
f 913/1997/913 1087/791/1087 982/1995/982
f 953/1966/953 954/1965/954 1087/791/1087
f 1044/775/1044 987/1984/987 962/1983/962
f 958/1998/958 1015/1999/1015 986/2000/986
f 1022/2001/1022 964/2002/964 883/737/883
f 1057/2003/1057 893/1933/893 892/764/892
f 1029/2004/1029 817/2005/817 1030/2006/1030
f 1006/1988/1006 781/1903/781 1063/2007/1063
f 1033/2008/1033 1009/2009/1009 861/2010/861
f 990/757/990 1047/784/1047 1017/756/1017
f 1052/2011/1052 995/2012/995 994/2013/994
f 996/785/996 1053/2014/1053 1072/786/1072
f 1059/2015/1059 1058/763/1058 895/762/895
f 1059/2015/1059 895/762/895 817/1919/817
f 1044/775/1044 1068/2016/1068 987/1984/987
f 1027/772/1027 1074/2017/1074 1026/2018/1026
f 1077/2019/1077 966/2020/966 1000/1987/1000
f 944/2021/944 1111/2022/1111 1109/2023/1109
f 1064/2024/1064 1037/2025/1037 1111/2026/1111
f 950/1993/950 1087/791/1087 1149/2027/1149
f 1087/791/1087 1088/2028/1088 1114/789/1114
f 1040/2029/1040 1115/2030/1115 1209/2031/1209
f 840/2032/840 1116/2033/1116 1115/2030/1115
f 1046/783/1046 1122/2034/1122 1047/784/1047
f 1093/792/1093 1049/760/1049 1048/793/1048
f 1095/2035/1095 1019/769/1019 1049/760/1049
f 1071/787/1071 1098/2036/1098 1168/2037/1168
f 1075/2038/1075 893/2039/893 1057/2040/1057
f 1111/2041/1111 1037/2042/1037 1145/2043/1145
f 1045/778/1045 1123/2044/1123 1046/783/1046
f 1161/798/1161 1093/792/1093 1126/794/1126
f 1051/2045/1051 1166/2046/1166 1096/2047/1096
f 1052/2011/1052 994/2013/994 1127/2048/1127
f 1057/2003/1057 892/764/892 1133/2049/1133
f 1084/2050/1084 1148/2051/1148 1146/2052/1146
f 1112/2053/1112 1148/796/1148 1085/795/1085
f 1149/2027/1149 1204/2054/1204 1038/1994/1038
f 1092/2055/1092 1159/2056/1159 1045/2057/1045
f 1162/2058/1162 1095/2035/1095 1093/792/1093
f 1164/2059/1164 1097/2060/1097 1095/2035/1095
f 1172/2061/1172 1077/2062/1077 1076/2063/1076
f 1177/2064/1177 1107/2065/1107 1242/2066/1242
f 1145/2067/1145 1178/2068/1178 1199/2069/1199
f 1148/2070/1148 1179/2071/1179 1203/2072/1203
f 1147/2073/1147 1203/2072/1203 1202/2074/1202
f 1148/2070/1148 1203/2072/1203 1147/2073/1147
f 1114/789/1114 1208/806/1208 1153/2075/1153
f 1154/2076/1154 1182/2077/1182 1114/789/1114
f 1152/2078/1152 1208/806/1208 1207/808/1207
f 1153/2075/1153 1208/806/1208 1152/2078/1152
f 1013/2079/1013 709/1877/709 1512/2080/1512
f 1089/2081/1089 1186/2082/1186 1210/2083/1210
f 1127/2048/1127 1097/2060/1097 1188/2084/1188
f 1169/2085/1169 1189/2086/1189 1098/2036/1098
f 1220/2087/1220 1100/2088/1100 1099/2089/1099
f 1101/2090/1101 1100/2088/1100 1220/2087/1220
f 1224/2091/1224 1223/2092/1223 1075/2038/1075
f 1198/2093/1198 1242/2066/1242 1033/2008/1033
f 1146/2052/1146 1200/2094/1200 1084/2050/1084
f 1088/2028/1088 1209/2095/1209 1154/2076/1154
f 1122/2096/1122 1214/2097/1214 1121/2098/1121
f 1122/2096/1122 1213/815/1213 1214/2097/1214
f 1217/857/1217 1164/2059/1164 1216/2099/1216
f 1132/2100/1132 1103/2101/1103 1264/817/1264
f 1290/2102/1290 1133/2049/1133 1237/2103/1237
f 1178/2068/1178 1231/2104/1231 1199/2069/1199
f 1206/2105/1206 1180/2106/1180 1207/2107/1207
f 1182/2077/1182 1206/807/1206 1208/806/1208
f 1182/2077/1182 1154/2076/1154 1247/2108/1247
f 1735/2109/1735 1435/2110/1435 661/1876/661
f 1216/824/1216 1162/810/1162 1215/809/1215
f 1222/2111/1222 1235/2112/1235 1170/2113/1170
f 1194/2114/1194 1226/822/1226 1294/821/1294
f 1200/2115/1200 1245/2116/1245 1178/2068/1178
f 1204/2054/1204 1272/2117/1272 1179/2071/1179
f 1212/2118/1212 1211/2119/1211 1256/2120/1256
f 1214/2097/1214 1276/2121/1276 1121/2098/1121
f 1260/856/1260 1188/2084/1188 1217/857/1217
f 1191/2122/1191 1262/2123/1262 1219/2124/1219
f 1142/2125/1142 1614/2126/1614 1243/2127/1243
f 1245/2116/1245 1325/2128/1325 1231/2104/1231
f 1180/2129/1180 1300/2130/1300 1204/2054/1204
f 1247/2108/1247 1301/2131/1301 1180/2129/1180
f 1214/2097/1214 1257/814/1257 1278/2132/1278
f 1280/855/1280 1217/857/1217 1216/2099/1216
f 1282/2133/1282 1190/2134/1190 1308/2135/1308
f 1283/893/1283 1220/2087/1220 1234/2136/1234
f 1285/2137/1285 1220/2087/1220 1283/893/1283
f 1200/2115/1200 1326/2138/1326 1245/2116/1245
f 1272/2117/1272 1326/2138/1326 1200/2115/1200
f 1183/2139/1183 1330/2140/1330 1249/2141/1249
f 1283/893/1283 1234/2136/1234 1282/2133/1282
f 1287/860/1287 1309/2142/1309 1235/2112/1235
f 1273/2143/1273 1328/2144/1328 1247/2108/1247
f 1278/853/1278 1369/852/1369 1368/850/1368
f 1284/2145/1284 1336/2146/1336 1262/2123/1262
f 1309/2142/1309 1337/2147/1337 1284/2145/1284
f 1287/860/1287 1339/2148/1339 1309/2142/1309
f 1348/945/1348 1244/2149/1244 1298/2150/1298
f 1245/2116/1245 1351/2151/1351 1325/2128/1325
f 1356/944/1356 1244/2149/1244 1348/945/1348
f 1327/2152/1327 1359/2153/1359 1358/2154/1358
f 1328/2144/1328 1473/2155/1473 1327/2152/1327
f 1372/2156/1372 1260/2157/1260 1334/2158/1334
f 1338/920/1338 1282/2159/1282 1374/921/1374
f 1376/2160/1376 1283/893/1283 1375/892/1375
f 1340/2161/1340 1410/993/1410 1339/2162/1339
f 1311/2163/1311 1224/2164/1224 1341/2165/1341
f 1348/945/1348 1298/2150/1298 1393/2166/1393
f 1245/2116/1245 1427/2167/1427 1351/2151/1351
f 1355/2168/1355 1396/2169/1396 1354/2170/1354
f 1273/2143/1273 1510/1019/1510 1328/2144/1328
f 1329/1020/1329 1510/1019/1510 1273/2143/1273
f 1343/2171/1343 1291/2172/1291 1384/2173/1384
f 1351/2174/1351 1394/2175/1394 1349/2176/1349
f 1328/2144/1328 1510/1019/1510 1473/2155/1473
f 1397/2177/1397 1398/2178/1398 1474/2179/1474
f 1402/2180/1402 1436/2181/1436 1401/2182/1401
f 1438/946/1438 1439/913/1439 1363/909/1363
f 1341/2183/1341 1415/957/1415 1382/956/1382
f 1392/906/1392 1347/2184/1347 1560/2185/1560
f 1507/2186/1507 1428/2187/1428 1429/2188/1429
f 1300/2130/1300 1507/2186/1507 1429/2188/1429
f 1431/943/1431 1348/945/1348 1426/2189/1426
f 1399/2190/1399 1356/944/1356 1431/943/1431
f 1434/2191/1434 1331/2192/1331 1570/2193/1570
f 1331/2192/1331 1361/2194/1361 1511/2195/1511
f 1476/2196/1476 1475/1114/1475 1403/2197/1403
f 1438/2198/1438 1404/2199/1404 1477/2200/1477
f 1480/2201/1480 1371/2202/1371 1407/2203/1407
f 1421/2204/1421 1496/2205/1496 1546/2206/1546
f 1657/1142/1657 1605/2207/1605 1390/2208/1390
f 1394/2209/1394 1427/2167/1427 1614/2210/1614
f 1430/2211/1430 1565/2212/1565 1300/2130/1300
f 1436/2181/1436 1576/1117/1576 1401/2182/1401
f 1400/2213/1400 1574/2214/1574 1626/2215/1626
f 1406/2216/1406 1578/2217/1578 1479/2218/1479
f 1406/2216/1406 1577/2219/1577 1578/2217/1578
f 1515/2220/1515 1442/2221/1442 1579/2222/1579
f 1518/2223/1518 1447/953/1447 1519/2224/1519
f 1518/2223/1518 1520/2225/1520 1447/953/1447
f 1486/2226/1486 1375/892/1375 1520/2227/1520
f 1452/2228/1452 1416/961/1416 1586/960/1586
f 1383/2229/1383 1416/961/1416 1452/2228/1452
f 1530/2230/1530 1415/1033/1415 1341/2165/1341
f 1458/2231/1458 1546/2232/1546 1495/2233/1495
f 1657/1142/1657 1390/2208/1390 1608/1008/1608
f 1507/2186/1507 1563/1106/1563 1395/2234/1395
f 1471/2235/1471 1619/2236/1619 1430/2211/1430
f 1510/1019/1510 1567/1021/1567 1508/2237/1508
f 1436/2181/1436 1513/2238/1513 1576/1117/1576
f 1592/1035/1592 1384/1037/1384 1588/2239/1588
f 1545/1050/1545 1495/2233/1495 1704/2240/1704
f 1557/1098/1557 1715/1102/1715 1613/1099/1613
f 1427/2167/1427 1664/2241/1664 1562/2242/1562
f 1564/2243/1564 1618/1104/1618 1507/2186/1507
f 1508/2237/1508 1668/2244/1668 1620/2245/1620
f 1677/2246/1677 1515/2220/1515 1579/2222/1579
f 1581/950/1581 1678/2247/1678 1516/986/1516
f 1517/1025/1517 1678/2247/1678 1581/950/1581
f 1586/960/1586 1587/2248/1587 1691/2249/1691
f 1691/2249/1691 1587/2248/1587 1589/2250/1589
f 1635/2251/1635 1415/1033/1415 1530/2230/1530
f 1636/2252/1636 1640/1082/1640 1637/2253/1637
f 1493/2254/1493 1641/1189/1641 1638/1190/1638
f 1600/1049/1600 1649/2255/1649 1744/2256/1744
f 1607/1090/1607 1498/1013/1498 1497/1010/1497
f 1554/1096/1554 1613/1099/1613 1713/1171/1713
f 1563/2257/1563 1722/2258/1722 1470/2259/1470
f 1669/1186/1669 1621/1107/1621 1566/1062/1566
f 1514/1125/1514 1674/1121/1674 1513/1120/1513
f 1683/2260/1683 1518/2223/1518 1682/2261/1682
f 1685/2262/1685 1519/2224/1519 1684/2263/1684
f 1632/2264/1632 1523/2265/1523 1688/2266/1688
f 1452/2228/1452 1634/2267/1634 1383/2229/1383
f 1690/2268/1690 1586/960/1586 1691/2249/1691
f 1693/1160/1693 1636/2269/1636 1692/1204/1692
f 1636/2269/1636 1637/2270/1637 1742/2271/1742
f 1698/1161/1698 1641/1189/1641 1537/1083/1537
f 1643/1087/1643 1644/1086/1644 1700/2272/1700
f 1646/1136/1646 1648/1163/1648 1599/2273/1599
f 1656/2274/1656 1606/1012/1606 1658/1053/1658
f 1618/2275/1618 1725/2276/1725 1722/2277/1722
f 1768/2278/1768 1728/2279/1728 1567/1021/1567
f 1667/1178/1667 1668/2280/1668 1770/2281/1770
f 1435/2110/1435 1774/2282/1774 1512/2080/1512
f 1435/2110/1435 1735/2109/1735 1774/2282/1774
f 1675/2283/1675 1673/2284/1673 1475/2285/1475
f 1627/1122/1627 1674/1121/1674 1737/1152/1737
f 1685/2286/1685 1683/2287/1683 1684/2288/1684
f 1691/2249/1691 1589/2250/1589 1740/2289/1740
f 1740/2289/1740 1589/2250/1589 1741/2290/1741
f 1692/1204/1692 1636/2269/1636 1742/2271/1742
f 1644/1086/1644 1744/2256/1744 1786/2291/1786
f 1700/2272/1700 1701/1162/1701 1646/1136/1646
f 1649/2292/1649 1826/2293/1826 1745/2294/1745
f 1603/1088/1603 1788/2295/1788 1602/1137/1602
f 1649/2292/1649 1704/2296/1704 1826/2293/1826
f 1495/2297/1495 1791/2298/1791 1790/2299/1790
f 1751/2300/1751 1605/2207/1605 1654/2301/1654
f 1710/2302/1710 1657/1142/1657 1754/1289/1754
f 1795/2303/1795 1753/2304/1753 1796/2305/1796
f 1656/2274/1656 1658/1053/1658 1755/2306/1755
f 1658/1053/1658 1756/2307/1756 1755/2306/1755
f 1713/2308/1713 1613/2309/1613 1840/2310/1840
f 1715/2311/1715 1717/2312/1717 1841/2313/1841
f 1565/2212/1565 1765/2314/1765 1805/2315/1805
f 1618/1104/1618 1564/2243/1564 1805/2315/1805
f 1668/2244/1668 1728/2279/1728 1812/2316/1812
f 1690/2268/1690 1691/2249/1691 1777/2317/1777
f 1777/2317/1777 1691/2249/1691 1740/2289/1740
f 1635/2251/1635 1530/2230/1530 1739/2318/1739
f 1780/2319/1780 1698/1161/1698 1694/1159/1694
f 1696/1130/1696 1697/1134/1697 1781/2320/1781
f 1743/2321/1743 1696/1130/1696 1781/2320/1781
f 1704/2296/1704 1790/2299/1790 1826/2293/1826
f 1707/2322/1707 1792/2323/1792 1706/2324/1706
f 1757/2325/1757 1659/1094/1659 1798/2326/1798
f 1713/2308/1713 1840/2310/1840 1714/2327/1714
f 1717/2312/1717 1800/2328/1800 1841/2313/1841
f 1718/2329/1718 1843/2330/1843 1800/2328/1800
f 1723/2331/1723 1849/2332/1849 1765/2314/1765
f 1809/1222/1809 1723/1224/1723 1666/2333/1666
f 1725/2334/1725 1724/2335/1724 1807/2336/1807
f 1728/2279/1728 1768/2278/1768 1892/2337/1892
f 1818/1254/1818 1731/2338/1731 1622/1110/1622
f 1675/1113/1675 1775/1115/1775 1906/2339/1906
f 1821/1205/1821 1692/1204/1692 1742/2271/1742
f 1783/2340/1783 1698/1161/1698 1863/2341/1863
f 1748/2342/1748 1827/2343/1827 1788/2344/1788
f 1836/2345/1836 1656/2274/1656 1835/2346/1835
f 1836/2345/1836 1607/1090/1607 1656/2274/1656
f 1754/1289/1754 1753/1140/1753 1834/1290/1834
f 1837/2347/1837 1796/1141/1796 1607/1090/1607
f 1714/2327/1714 1839/2348/1839 1716/2349/1716
f 1841/2313/1841 1885/2350/1885 1613/2309/1613
f 1662/2351/1662 1991/2352/1991 1762/2353/1762
f 1802/2354/1802 1991/2355/1991 1662/2356/1662
f 1720/2357/1720 1719/2358/1719 1802/2354/1802
f 1721/2359/1721 1845/2360/1845 1843/2330/1843
f 1813/2361/1813 1895/2362/1895 1949/2363/1949
f 1773/2364/1773 1856/1253/1856 1733/1255/1733
f 1673/2365/1673 1773/2366/1773 1774/2367/1774
f 1859/2368/1859 1821/1205/1821 1913/2369/1913
f 1862/2370/1862 1821/1205/1821 1742/2271/1742
f 1864/2371/1864 1918/1365/1918 1786/2372/1786
f 1788/2344/1788 1827/2343/1827 1867/2373/1867
f 1826/2293/1826 1868/2374/1868 1921/2375/1921
f 1832/1212/1832 1831/2376/1831 1878/2377/1878
f 1929/2378/1929 1835/2346/1835 1752/2379/1752
f 1984/2380/1984 1838/2381/1838 1757/2325/1757
f 1882/2382/1882 1757/2325/1757 1798/2326/1798
f 1984/2380/1984 1757/2325/1757 1882/2382/1882
f 1839/2348/1839 1842/2383/1842 1716/2349/1716
f 1800/2328/1800 1886/2384/1886 1841/2313/1841
f 1800/2328/1800 1887/1343/1887 1886/2384/1886
f 1843/2330/1843 1934/2385/1934 1800/2328/1800
f 1845/2360/1845 1937/2386/1937 1843/2330/1843
f 1803/2387/1803 2042/2388/2042 1721/2359/1721
f 1803/2387/1803 1848/2389/1848 1945/2390/1945
f 1805/2315/1805 1849/2332/1849 1890/2391/1890
f 1814/2392/1814 1852/2393/1852 1851/2394/1851
f 1855/2395/1855 1817/2396/1817 1900/2397/1900
f 1912/2398/1912 1777/2317/1777 1740/2289/1740
f 2010/2399/2010 1778/1203/1778 1859/2368/1859
f 1862/2370/1862 1782/2400/1782 1915/2401/1915
f 1863/2341/1863 1694/1159/1694 1914/1364/1914
f 1781/2320/1781 1823/2402/1823 1916/2403/1916
f 1916/2404/1916 1823/2405/1823 1917/2406/1917
f 1790/2299/1790 1972/2407/1972 1868/2374/1868
f 1980/2408/1980 1837/2347/1837 1836/2345/1836
f 1799/2409/1799 1798/2326/1798 1711/2410/1711
f 1885/2350/1885 1987/2411/1987 1840/2310/1840
f 1841/2313/1841 1886/2384/1886 1885/2350/1885
f 1802/2354/1802 1942/2412/1942 1991/2355/1991
f 1721/2359/1721 2042/2388/2042 2080/2413/2080
f 1893/2414/1893 1950/2415/1950 1948/2416/1948
f 1892/2417/1892 2048/2418/2048 2049/2419/2049
f 1896/2420/1896 2049/2419/2049 1950/2421/1950
f 1858/2422/1858 1690/2268/1690 1961/2423/1961
f 1961/2423/1961 1690/2268/1690 1777/2317/1777
f 1915/2401/1915 1781/2320/1781 1965/2424/1965
f 1916/2403/1916 1965/2424/1965 1781/2320/1781
f 1916/2404/1916 1917/2406/1917 2014/2425/2014
f 1926/2426/1926 1870/2427/1870 1792/2323/1792
f 1979/2428/1979 1879/2429/1879 1928/2430/1928
f 1839/2348/1839 2030/2431/2030 1842/2383/1842
f 1885/2350/1885 2029/2432/2029 1987/2411/1987
f 1885/2350/1885 1886/2384/1886 2029/2432/2029
f 2041/2433/2041 1940/2434/1940 1995/2435/1995
f 1941/2436/1941 1844/2437/1844 2041/2433/2041
f 1993/2438/1993 2040/1349/2040 1890/2439/1890
f 2045/1416/2045 1943/2440/1943 1994/2441/1994
f 2042/2442/2042 1945/2443/1945 2044/1379/2044
f 1848/2389/1848 1946/2444/1946 1997/1413/1997
f 1999/2445/1999 1951/2446/1951 1853/2447/1853
f 1855/1246/1855 1900/2448/1900 2001/1311/2001
f 2006/2449/2006 1958/2450/1958 1909/2451/1909
f 1960/2452/1960 2007/2453/2007 1959/2454/1959
f 1911/2455/1911 1739/2318/1739 2008/2456/2008
f 2010/2399/2010 1859/2368/1859 1962/2457/1962
f 2011/1363/2011 1863/2341/1863 1914/1364/1914
f 2012/2458/2012 1861/2459/1861 1822/2460/1822
f 1964/2461/1964 1915/2401/1915 2013/2462/2013
f 1967/2463/1967 1863/2341/1863 2011/1363/2011
f 1918/1365/1918 2059/2464/2059 1824/2465/1824
f 1920/2466/1920 2061/2467/2061 1968/2468/1968
f 1827/2343/1827 2108/2469/2108 2015/2470/2015
f 2016/2471/2016 2108/2469/2108 1827/2343/1827
f 1868/2374/1868 2017/2472/2017 1921/2375/1921
f 1972/2407/1972 2017/2472/2017 1868/2374/1868
f 2118/2473/2118 1880/2474/1880 1881/2475/1881
f 2069/2476/2069 1929/2378/1929 1838/2381/1838
f 1980/2408/1980 1836/2345/1836 2025/2477/2025
f 2026/2478/2026 1984/2380/1984 1882/2382/1882
f 1887/1343/1887 2124/1345/2124 1886/2384/1886
f 1934/2385/1934 2073/1344/2073 1887/1343/1887
f 1937/2386/1937 2077/2479/2077 1934/2385/1934
f 2138/1305/2138 1996/2480/1996 1897/1306/1897
f 2000/2481/2000 1951/2482/1951 2050/2483/2050
f 2054/2484/2054 1961/2423/1961 1912/2398/1912
f 2054/2484/2054 1912/2398/1912 1963/2485/1963
f 2097/2486/2097 1964/2461/1964 2013/2462/2013
f 2017/2472/2017 2105/2487/2105 1971/2488/1971
f 1925/2489/1925 2111/2490/2111 2110/1493/2110
f 2026/2478/2026 1983/2491/1983 1984/2380/1984
f 2027/2492/2027 2026/2478/2026 1985/2493/1985
f 2121/2494/2121 1985/2495/1985 1986/2496/1986
f 2074/2497/2074 2031/2498/2031 2034/2499/2034
f 1941/2436/1941 2041/2433/2041 2135/2500/2135
f 1942/2412/1942 2133/2501/2133 1991/2355/1991
f 1942/2412/1942 2078/2502/2078 2133/2501/2133
f 2182/2503/2182 1992/2504/1992 2043/2505/2043
f 2081/2506/2081 1992/2504/1992 2182/2503/2182
f 1946/2444/1946 2086/1414/2086 1997/1413/1997
f 2048/2418/2048 1998/2507/1998 2190/2508/2190
f 1950/2421/1950 2049/2419/2049 2191/1544/2191
f 2098/1362/2098 1914/1364/1914 2096/2509/2096
f 2100/2510/2100 2011/1363/2011 2098/1362/2098
f 1967/2511/1967 2011/2512/2011 2100/2513/2100
f 2059/2464/2059 2104/1367/2104 2060/2514/2060
f 2025/2477/2025 1979/1288/1979 1980/2408/1980
f 2030/2515/2030 2123/2516/2123 2032/2517/2032
f 2035/2518/2035 2031/2519/2031 2125/2520/2125
f 2073/1344/2073 2126/2521/2126 2124/1345/2124
f 2127/2522/2127 2031/2498/2031 2074/2497/2074
f 2077/2479/2077 2131/2523/2131 2073/1344/2073
f 2078/2524/2078 2036/2525/2036 2214/2526/2214
f 2080/2413/2080 2134/2527/2134 2079/2528/2079
f 2135/2500/2135 2041/2433/2041 2178/2529/2178
f 2141/2530/2141 1997/1413/1997 2186/1412/2186
f 2009/1423/2009 1911/2531/1911 2094/1424/2094
f 2012/2532/2012 1967/2533/1967 2100/2534/2100
f 2060/2535/2060 2151/1427/2151 2064/1486/2064
f 2108/2536/2108 2154/1485/2154 2202/1488/2202
f 2110/1493/2110 2156/1495/2156 2017/2472/2017
f 2019/1339/2019 2227/1568/2227 2229/2537/2229
f 2019/1339/2019 2066/1338/2066 2227/1568/2227
f 2123/2538/2123 2167/1436/2167 2168/1440/2168
f 2123/2538/2123 2122/1443/2122 2167/1436/2167
f 2172/1448/2172 2125/2539/2125 2171/1449/2171
f 2128/2540/2128 2175/2541/2175 2127/2542/2127
f 2130/2543/2130 2175/1511/2175 2129/2544/2129
f 2134/2527/2134 2131/2523/2131 2077/2479/2077
f 2136/2545/2136 2135/2500/2135 2178/2529/2178
f 2137/1454/2137 2179/1452/2179 2082/1451/2082
f 2048/2418/2048 2218/1545/2218 2191/1544/2191
f 2142/2546/2142 2091/2547/2091 2192/2548/2192
f 2172/2549/2172 2213/2550/2213 2171/2551/2171
f 2177/1408/2177 2240/1453/2240 2179/1452/2179
f 2185/2552/2185 2186/2553/2186 2216/2554/2216
f 2193/1422/2193 2094/1424/2094 2219/1548/2219
f 2159/1531/2159 2113/1390/2113 2230/1574/2230
f 2215/1450/2215 2279/1564/2279 2240/1453/2240
f 2235/1533/2235 2273/1560/2273 2207/1504/2207
f 2243/1546/2243 2244/1518/2244 2255/1588/2255
f 2282/1590/2282 2263/1580/2263 2280/1589/2280
f 29/28/29 14/27/14 27/22/27
f 98/104/98 46/31/46 49/30/49
f 268/148/268 157/177/157 83/2555/83
f 63/2556/63 130/2557/130 190/2558/190
f 65/2559/65 131/168/131 63/2556/63
f 93/170/93 69/1606/69 34/51/34
f 69/1606/69 139/310/139 47/2560/47
f 203/111/203 151/2561/151 73/77/73
f 110/225/110 160/184/160 111/2562/111
f 163/149/163 212/2563/212 113/113/113
f 174/2564/174 172/2565/172 119/2566/119
f 177/95/177 170/2567/170 118/91/118
f 188/2568/188 184/2569/184 126/2570/126
f 188/2571/188 129/2572/129 126/2573/126
f 151/2574/151 259/2575/259 200/2576/200
f 101/108/101 201/2577/201 103/106/103
f 150/82/150 261/1644/261 258/144/258
f 205/1594/205 261/1644/261 150/82/150
f 213/2578/213 162/150/162 116/118/116
f 215/2579/215 213/2580/213 116/2581/116
f 172/2582/172 220/2583/220 120/2584/120
f 220/1651/220 224/1650/224 120/2585/120
f 173/2586/173 220/2587/220 171/2588/171
f 273/2589/273 215/2579/215 175/2590/175
f 124/2591/124 227/2592/227 123/2593/123
f 180/2594/180 228/2595/228 182/2596/182
f 234/235/234 127/159/127 183/161/183
f 202/2597/202 152/2598/152 103/106/103
f 153/1645/153 300/1647/300 207/1666/207
f 276/2599/276 220/2600/220 223/2601/223
f 225/2602/225 277/2603/277 222/2604/222
f 281/2605/281 419/232/419 170/234/170
f 279/2606/279 179/2607/179 176/2608/176
f 287/2609/287 189/199/189 233/201/233
f 239/2610/239 293/2611/293 133/2612/133
f 333/238/333 242/237/242 243/2613/243
f 298/2614/298 253/2615/253 200/2576/200
f 346/2616/346 101/2617/101 149/2618/149
f 261/2619/261 396/1665/396 258/1664/258
f 299/2620/299 348/1745/348 151/2574/151
f 206/2621/206 347/1741/347 261/2619/261
f 315/256/315 271/181/271 272/254/272
f 365/2622/365 213/2580/213 215/2579/215
f 367/2623/367 218/189/218 214/2624/214
f 273/2589/273 365/2622/365 215/2579/215
f 278/2625/278 316/2626/316 277/2603/277
f 131/168/131 376/293/376 130/2557/130
f 329/337/329 292/2627/292 291/2628/291
f 192/1657/192 381/2629/381 240/1658/240
f 243/2630/243 335/2631/335 333/2632/333
f 194/1640/194 343/1771/343 138/132/138
f 398/2633/398 262/2634/262 102/215/102
f 397/2635/397 259/2575/259 151/2574/151
f 348/1745/348 397/2635/397 151/2574/151
f 354/248/354 357/280/357 305/218/305
f 218/2636/218 367/2637/367 276/1649/276
f 368/233/368 455/1783/455 275/2638/275
f 457/2639/457 279/2606/279 219/2640/219
f 323/2641/323 456/2642/456 273/2589/273
f 418/193/418 319/2643/319 226/194/226
f 285/2644/285 461/2645/461 283/2646/283
f 232/2647/232 370/1728/370 233/201/233
f 326/2648/326 190/2558/190 130/2557/130
f 375/1788/375 229/2649/229 124/2591/124
f 377/331/377 289/330/289 182/2650/182
f 330/1794/330 381/1797/381 192/1635/192
f 239/2610/239 481/1816/481 293/2611/293
f 388/304/388 335/303/335 338/2651/338
f 245/2652/245 388/2653/388 337/2654/337
f 394/2655/394 250/2656/250 198/1609/198
f 139/314/139 345/313/345 255/214/255
f 345/313/345 498/388/498 255/214/255
f 498/388/498 398/2633/398 255/214/255
f 299/2620/299 399/1743/399 348/1745/348
f 446/2657/446 403/251/403 310/250/310
f 312/226/312 411/1719/411 270/224/270
f 413/1720/413 363/1780/363 315/256/315
f 161/227/161 415/344/415 214/2624/214
f 214/2624/214 415/344/415 367/2623/367
f 417/2658/417 457/2639/457 219/2640/219
f 457/2639/457 458/2659/458 279/2606/279
f 319/2660/319 422/2661/422 371/2662/371
f 229/2649/229 422/2663/422 371/2664/371
f 233/201/233 467/2665/467 287/2609/287
f 287/2609/287 468/2666/468 237/2667/237
f 379/2668/379 430/2669/430 291/2670/291
f 382/361/382 481/1816/481 239/2610/239
f 386/302/386 435/2671/435 385/300/385
f 247/208/247 392/309/392 195/311/195
f 497/2672/497 344/2673/344 298/2614/298
f 346/2674/346 499/2675/499 201/2676/201
f 445/2677/445 313/229/313 309/252/309
f 452/2678/452 364/2679/364 365/2622/365
f 367/2680/367 512/2681/512 418/2682/418
f 376/293/376 462/2683/462 326/2648/326
f 229/2649/229 520/1790/520 318/2684/318
f 572/2685/572 479/2686/479 378/2687/378
f 479/2686/479 431/2688/431 329/2689/329
f 493/2690/493 249/2691/249 250/2656/250
f 397/2635/397 348/1745/348 442/1744/442
f 502/1803/502 441/1742/441 401/2692/401
f 443/2693/443 503/2694/503 301/1646/301
f 454/2695/454 511/2696/511 365/2622/365
f 516/484/516 456/2642/456 459/2697/459
f 458/2659/458 558/1870/558 423/2698/423
f 376/293/376 519/2699/519 462/2683/462
f 522/2700/522 519/2701/519 471/2702/471
f 484/339/484 530/2703/530 434/338/434
f 394/2655/394 635/2704/635 493/2690/493
f 559/412/559 604/2705/604 562/415/562
f 424/1727/424 521/2706/521 467/2665/467
f 659/2707/659 428/2708/428 469/326/469
f 427/332/427 566/413/566 375/269/375
f 527/418/527 570/420/570 432/1796/432
f 392/309/392 586/542/586 345/2709/345
f 641/552/641 397/2635/397 442/1744/442
f 500/2710/500 543/2711/543 542/2712/542
f 592/558/592 540/1822/540 441/1742/441
f 650/485/650 516/484/516 459/2697/459
f 522/2700/522 657/495/657 519/2701/519
f 668/2713/668 577/456/577 575/2714/575
f 714/460/714 579/462/579 578/2715/578
f 535/466/535 633/468/633 534/2716/534
f 635/2704/635 632/1900/632 493/2690/493
f 639/2717/639 587/1821/587 540/1822/540
f 499/476/499 687/555/687 500/2710/500
f 501/479/501 643/478/643 546/394/546
f 598/433/598 597/1823/597 409/1779/409
f 516/484/516 649/486/649 454/2695/454
f 607/493/607 657/495/657 522/2700/522
f 707/2718/707 573/360/573 529/2719/529
f 530/2720/530 707/2718/707 529/2719/529
f 616/1906/616 795/2721/795 530/2720/530
f 576/2722/576 666/2723/666 575/2724/575
f 667/2725/667 668/2726/668 575/2727/575
f 623/2728/623 671/2729/671 578/2730/578
f 671/2731/671 714/2732/714 578/2733/578
f 673/2734/673 672/2735/672 622/2736/622
f 674/461/674 673/2737/673 579/462/579
f 625/2738/625 675/2739/675 580/2740/580
f 721/500/721 634/2741/634 533/501/533
f 685/2742/685 587/2743/587 639/2744/639
f 591/1847/591 689/480/689 501/479/501
f 577/456/577 807/628/807 576/2745/576
f 675/2746/675 767/2747/767 580/2748/580
f 580/2749/580 767/2750/767 769/2751/769
f 729/543/729 638/472/638 684/508/684
f 778/560/778 686/2752/686 639/2717/639
f 778/560/778 639/2717/639 592/558/592
f 548/392/548 828/2753/828 691/2754/691
f 937/2755/937 505/402/505 692/2756/692
f 415/2757/415 784/481/784 652/2758/652
f 698/2759/698 650/2760/650 653/2761/653
f 749/2762/749 701/2763/701 702/417/702
f 706/2764/706 751/2765/751 609/443/609
f 707/2718/707 983/2766/983 751/2767/751
f 616/1906/616 797/1908/797 795/2721/795
f 799/2768/799 618/2769/618 619/2770/619
f 807/2771/807 758/2772/758 576/2722/576
f 763/2773/763 714/2774/714 671/2775/671
f 812/1931/812 624/2776/624 714/2777/714
f 764/594/764 716/2778/716 674/461/674
f 724/2779/724 772/1901/772 632/1900/632
f 678/1885/678 775/2780/775 591/1847/591
f 741/2781/741 785/2782/785 599/2783/599
f 751/2767/751 871/2784/871 609/2785/609
f 799/2768/799 798/2786/798 618/2769/618
f 753/622/753 755/621/755 711/2787/711
f 755/2788/755 757/2789/757 711/578/711
f 757/2789/757 756/586/756 712/585/712
f 758/2772/758 805/2790/805 666/2723/666
f 624/2791/624 812/634/812 717/534/717
f 723/2792/723 896/722/896 629/2793/629
f 775/2780/775 823/2794/823 689/480/689
f 735/517/735 973/2795/973 780/2796/780
f 779/2797/779 826/2798/826 643/478/643
f 939/2799/939 784/481/784 691/2754/691
f 707/2718/707 840/2032/840 983/2766/983
f 842/2800/842 757/2801/757 755/621/755
f 769/2751/769 888/2802/888 718/2803/718
f 728/2804/728 898/2805/898 775/2780/775
f 828/2753/828 861/2010/861 691/2754/691
f 862/2806/862 692/2807/692 782/2808/782
f 831/672/831 829/2809/829 737/637/737
f 939/2799/939 744/2810/744 784/481/784
f 835/675/835 911/677/911 749/1925/749
f 1013/2079/1013 873/2811/873 709/1877/709
f 872/623/872 753/622/753 796/2812/796
f 875/2813/875 957/2814/957 802/2815/802
f 874/1946/874 803/625/803 801/627/801
f 804/2816/804 875/2813/875 802/2815/802
f 806/2817/806 921/2818/921 759/2819/759
f 846/593/846 924/635/924 884/631/884
f 847/2820/847 926/1956/926 924/635/924
f 725/700/725 933/699/933 728/2804/728
f 826/2798/826 901/2821/901 828/2753/828
f 692/2756/692 938/2822/938 937/2755/937
f 939/2799/939 904/2823/904 744/2810/744
f 744/2810/744 905/1940/905 793/1942/793
f 868/709/868 906/708/906 699/1939/699
f 911/677/911 908/2824/908 560/1858/560
f 912/2825/912 869/2826/869 870/2827/870
f 913/1997/913 870/1969/870 953/1966/953
f 983/2766/983 1040/2029/1040 871/2784/871
f 962/2828/962 916/712/916 804/2829/804
f 878/1948/878 962/1983/962 756/2830/756
f 997/2831/997 926/1956/926 847/2820/847
f 932/740/932 931/695/931 850/698/850
f 1062/2832/1062 826/2798/826 779/2797/779
f 858/2833/858 974/2834/974 735/517/735
f 859/2835/859 974/2834/974 858/2833/858
f 863/2836/863 862/2837/862 829/2809/829
f 1036/2838/1036 977/2839/977 745/2840/745
f 941/2841/941 1036/2838/1036 746/2842/746
f 866/1937/866 942/1974/942 791/2843/791
f 948/2844/948 906/2845/906 909/2846/909
f 869/2847/869 950/2848/950 911/2849/911
f 839/618/839 955/2850/955 796/2812/796
f 958/1998/958 798/2786/798 799/2768/799
f 960/2851/960 957/2814/957 875/2813/875
f 842/2800/842 1014/2852/1014 843/2853/843
f 759/2854/759 883/687/883 881/689/881
f 924/635/924 1025/1957/1025 965/690/965
f 927/2855/927 928/2856/928 888/2802/888
f 928/2856/928 890/2857/890 888/2802/888
f 930/720/930 816/696/816 890/2858/890
f 898/2805/898 968/2859/968 823/2794/823
f 823/2794/823 1062/2832/1062 779/2797/779
f 827/518/827 975/2860/975 781/1903/781
f 979/2861/979 906/2845/906 948/2844/948
f 980/752/980 948/751/948 909/2862/909
f 981/1991/981 1039/2863/1039 838/2864/838
f 986/2000/986 798/2786/798 958/1998/958
f 965/690/965 1053/2865/1053 996/2866/996
f 1025/2867/1025 1053/2014/1053 965/2868/965
f 925/717/925 1024/2869/1024 887/2870/887
f 887/2870/887 928/2856/928 927/2855/927
f 997/770/997 1026/2018/1026 926/2871/926
f 893/1933/893 999/2872/999 932/2873/932
f 933/699/933 1001/2874/1001 898/2805/898
f 967/746/967 1002/745/1002 936/725/936
f 1001/2874/1001 968/2859/968 898/2805/898
f 968/2859/968 1062/2832/1062 823/2794/823
f 1081/2875/1081 974/2834/974 860/1902/860
f 861/2010/861 1009/2009/1009 939/2799/939
f 939/2799/939 1009/2009/1009 904/2823/904
f 911/1992/911 1038/1994/1038 908/2876/908
f 1040/2877/1040 954/2878/954 836/1943/836
f 985/2879/985 984/2880/984 873/2881/873
f 1013/2882/1013 985/2883/985 873/2884/873
f 1012/2885/1012 915/2886/915 796/2812/796
f 1066/2887/1066 1014/2852/1014 842/2800/842
f 961/710/961 1015/782/1015 958/642/958
f 995/739/995 1022/2001/1022 883/737/883
f 923/719/923 1023/2888/1023 925/717/925
f 1025/2867/1025 1073/2889/1073 1053/2014/1053
f 1055/2890/1055 928/2856/928 887/2870/887
f 997/770/997 1027/772/1027 1026/2018/1026
f 928/2856/928 1056/2891/1056 930/2892/930
f 930/2892/930 1028/2893/1028 894/744/894
f 966/2894/966 1060/2895/1060 933/699/933
f 934/723/934 1030/765/1030 852/662/852
f 1031/773/1031 1003/747/1003 1004/726/1004
f 1006/1988/1006 1081/2875/1081 860/1902/860
f 1006/1988/1006 860/1902/860 900/1989/900
f 901/2821/901 1033/2008/1033 861/2010/861
f 1141/2896/1141 975/2860/975 937/2755/937
f 1034/2897/1034 938/2822/938 976/2898/976
f 1008/2899/1008 1034/2897/1034 976/2898/976
f 1064/2900/1064 944/2901/944 1010/2902/1010
f 1087/791/1087 950/1993/950 982/1995/982
f 1042/2903/1042 955/2850/955 1041/2904/1041
f 1115/2030/1115 1040/2029/1040 983/2766/983
f 840/2032/840 1115/2030/1115 983/2766/983
f 1066/2887/1066 1067/2905/1067 1014/2852/1014
f 925/717/925 1054/2906/1054 1024/2869/1024
f 1026/2018/1026 1073/2889/1073 1025/2867/1025
f 928/2856/928 1055/2890/1055 1056/2891/1056
f 899/2907/899 1138/2908/1138 972/704/972
f 1080/2909/1080 1138/2908/1138 973/2795/973
f 974/2834/974 1080/2909/1080 973/2795/973
f 943/2910/943 1083/2911/1083 1110/1990/1110
f 1040/2912/1040 1088/2028/1088 954/1965/954
f 984/2880/984 1116/2033/1116 840/2032/840
f 955/2850/955 1065/2913/1065 796/2812/796
f 1043/2914/1043 1089/2081/1089 985/2879/985
f 1013/2882/1013 1043/2915/1043 985/2883/985
f 1012/2885/1012 1066/2887/1066 915/2886/915
f 1068/2916/1068 988/2917/988 987/2918/987
f 1069/2919/1069 986/2000/986 1015/1999/1015
f 1071/787/1071 1168/2037/1168 1051/2045/1051
f 995/739/995 1070/2920/1070 1022/2001/1022
f 1053/2014/1053 1128/2921/1128 1072/786/1072
f 964/1970/964 1100/2922/1100 1023/2923/1023
f 998/771/998 1074/2017/1074 1027/772/1027
f 1028/2893/1028 1076/2924/1076 1000/742/1000
f 966/2894/966 1077/2925/1077 1060/2895/1060
f 1136/2926/1136 1061/2927/1061 1031/2928/1031
f 1032/2929/1032 1136/2926/1136 1031/2928/1031
f 1140/2930/1140 1007/2931/1007 1005/2932/1005
f 981/1991/981 1151/2933/1151 1039/2863/1039
f 1155/2934/1155 1042/2903/1042 1041/2904/1041
f 1070/2920/1070 1099/2089/1099 1022/2001/1022
f 1072/786/1072 1098/2036/1098 1071/787/1071
f 1022/2001/1022 1100/2088/1100 964/2002/964
f 1100/2088/1100 1101/2090/1101 1023/2888/1023
f 1073/2889/1073 1128/2921/1128 1053/2014/1053
f 1102/2935/1102 1073/2889/1073 1026/2018/1026
f 1074/2017/1074 1102/2935/1102 1026/2018/1026
f 1055/2890/1055 1103/2101/1103 1056/2891/1056
f 1001/2874/1001 1195/2936/1195 968/2859/968
f 1079/2937/1079 1105/2938/1105 1062/2832/1062
f 972/704/972 1196/2939/1196 1032/2929/1032
f 1139/2940/1139 1006/1988/1006 1082/2941/1082
f 1009/2009/1009 1107/2065/1107 1083/2911/1083
f 1065/2913/1065 955/2850/955 1042/2903/1042
f 1066/2887/1066 1118/2942/1118 1067/2905/1067
f 1168/2037/1168 1166/2046/1166 1051/2045/1051
f 1169/2085/1169 1098/2036/1098 1072/786/1072
f 1054/2906/1054 1129/2943/1129 1024/2869/1024
f 1129/2943/1129 1055/2890/1055 1024/2869/1024
f 1028/2893/1028 1132/2100/1132 1076/2924/1076
f 1058/763/1058 1133/2049/1133 892/764/892
f 1061/2927/1061 1135/2944/1135 1078/2945/1078
f 1137/2946/1137 1062/2832/1062 1105/2938/1105
f 1138/2908/1138 1196/2939/1196 972/704/972
f 1137/2946/1137 1005/2932/1005 1062/2832/1062
f 1139/2940/1139 1081/2875/1081 1006/1988/1006
f 1242/2066/1242 1009/2009/1009 1033/2008/1033
f 1176/2947/1176 1106/2948/1106 1034/2897/1034
f 1107/2065/1107 1110/1990/1110 1083/2911/1083
f 1042/2903/1042 1156/2949/1156 1065/2913/1065
f 1118/2950/1118 1119/2951/1119 1068/2916/1068
f 1158/2952/1158 1120/2953/1120 1090/2954/1090
f 1212/2955/1212 1123/2956/1123 1045/2957/1045
f 1163/2958/1163 1125/2959/1125 1094/2960/1094
f 1096/2047/1096 1163/2958/1163 1094/2960/1094
f 1052/2011/1052 1167/2961/1167 1070/2962/1070
f 1132/2100/1132 1172/2963/1172 1076/2924/1076
f 1173/2964/1173 1060/2895/1060 1077/2925/1077
f 1174/2965/1174 1080/2909/1080 1081/2875/1081
f 1197/2966/1197 1063/2007/1063 975/2860/975
f 1155/2934/1155 1156/2949/1156 1042/2903/1042
f 1183/2139/1183 1209/2031/1209 1115/2030/1115
f 1210/2083/1210 1116/2033/1116 1089/2081/1089
f 1185/2967/1185 1157/2968/1157 1013/2882/1013
f 1187/842/1187 1118/2942/1118 1117/2969/1117
f 1166/2046/1166 1165/2970/1165 1096/2047/1096
f 1191/2122/1191 1169/2085/1169 1128/2921/1128
f 1170/2113/1170 1191/2122/1191 1128/2921/1128
f 1193/818/1193 1130/2971/1130 1129/2943/1129
f 1222/2111/1222 1102/2935/1102 1074/2017/1074
f 1130/2971/1130 1193/818/1193 1103/2101/1103
f 1057/2040/1057 1224/2091/1224 1075/2038/1075
f 1194/2114/1194 1059/2972/1059 1134/2973/1134
f 1226/822/1226 1134/2973/1134 1135/2944/1135
f 1079/2937/1079 1195/2936/1195 1105/2938/1105
f 1080/2909/1080 1227/2974/1227 1196/2939/1196
f 1137/2946/1137 1175/838/1175 1005/2932/1005
f 1147/2975/1147 1201/2976/1201 1146/2052/1146
f 1181/2977/1181 1180/2978/1180 1149/2979/1149
f 1152/2980/1152 1207/2981/1207 1150/2982/1150
f 1275/2983/1275 986/2000/986 1069/2919/1069
f 1120/2953/1120 1211/2984/1211 1092/2985/1092
f 1092/2985/1092 1211/2984/1211 1159/2986/1159
f 1160/811/1160 1162/810/1162 1161/2987/1161
f 1163/2988/1163 1215/809/1215 1160/811/1160
f 1218/831/1218 1166/2046/1166 1189/2086/1189
f 1167/2989/1167 1190/2134/1190 1070/2920/1070
f 1169/2085/1169 1219/2124/1219 1189/2086/1189
f 1222/2111/1222 1170/2113/1170 1102/2935/1102
f 1223/2092/1223 1192/858/1192 1131/2990/1131
f 1193/818/1193 1264/817/1264 1103/2101/1103
f 1225/2991/1225 1237/2103/1237 1104/2992/1104
f 1136/2926/1136 1226/822/1226 1135/2944/1135
f 1174/2965/1174 1317/2993/1317 1080/2909/1080
f 1228/2994/1228 1139/2940/1139 1082/2941/1082
f 1175/838/1175 1229/2995/1229 1140/2930/1140
f 1197/2966/1197 1228/2994/1228 1082/2941/1082
f 1229/2995/1229 1033/2008/1033 1140/2930/1140
f 1141/2896/1141 1230/2996/1230 1197/2966/1197
f 1230/2996/1230 1141/2896/1141 1106/2948/1106
f 1299/2997/1299 1176/2947/1176 1108/2998/1108
f 1231/2999/1231 1109/2023/1109 1199/3000/1199
f 1180/3001/1180 1181/3002/1181 1207/3003/1207
f 1251/3004/1251 798/2786/798 986/2000/986
f 1165/2970/1165 1258/3005/1258 1163/2958/1163
f 1234/2136/1234 1220/2087/1220 1099/2089/1099
f 1235/2112/1235 1191/2122/1191 1170/2113/1170
f 1287/860/1287 1222/2111/1222 1192/858/1192
f 1311/3006/1311 1223/2092/1223 1224/2091/1224
f 1225/3007/1225 1104/3008/1104 1194/2114/1194
f 1173/2964/1173 1239/3009/1239 1195/2936/1195
f 1195/2936/1195 1240/3010/1240 1105/2938/1105
f 1270/3011/1270 1242/2066/1242 1198/2093/1198
f 1297/3012/1297 1269/3013/1269 1176/2947/1176
f 1298/2150/1298 1107/2065/1107 1177/2064/1177
f 1299/2997/1299 1108/2998/1108 1142/2125/1142
f 1325/3014/1325 1109/2023/1109 1231/2999/1231
f 1244/2149/1244 1143/3015/1143 1107/2065/1107
f 1245/2116/1245 1231/2104/1231 1178/2068/1178
f 1244/2149/1244 1086/3016/1086 1143/3015/1143
f 1247/3017/1247 1180/2106/1180 1206/2105/1206
f 1246/3018/1246 1205/3019/1205 1086/3016/1086
f 1116/2033/1116 1210/2083/1210 1183/2139/1183
f 618/2769/618 1735/3020/1735 661/3021/661
f 1252/3022/1252 1157/2968/1157 1185/2967/1185
f 1184/3023/1184 1303/871/1303 1187/842/1187
f 1254/3024/1254 1119/2951/1119 1118/2950/1118
f 1119/2951/1119 1255/848/1255 1158/2952/1158
f 1158/2952/1158 1255/848/1255 1120/2953/1120
f 1277/847/1277 1211/2984/1211 1120/2953/1120
f 1261/829/1261 1218/831/1218 1189/2086/1189
f 1286/3025/1286 1236/3026/1236 1129/2943/1129
f 1287/860/1287 1235/2112/1235 1222/2111/1222
f 1129/2943/1129 1236/3026/1236 1193/818/1193
f 1311/3006/1311 1310/880/1310 1223/2092/1223
f 1264/817/1264 1172/2963/1172 1132/2100/1132
f 1225/2991/1225 1292/3027/1292 1237/2103/1237
f 1238/3028/1238 1173/2964/1173 1077/2925/1077
f 1265/861/1265 1225/2991/1225 1194/3029/1194
f 1293/3030/1293 1265/3031/1265 1194/2114/1194
f 1270/3011/1270 1177/2064/1177 1242/2066/1242
f 1244/2149/1244 1107/2065/1107 1298/2150/1298
f 1271/3032/1271 1109/3033/1109 1325/2128/1325
f 1272/2117/1272 1200/2115/1200 1232/3034/1232
f 1210/2083/1210 1331/2192/1331 1183/2139/1183
f 1282/2133/1282 1234/2136/1234 1190/2134/1190
f 1285/2137/1285 1221/3035/1221 1220/2087/1220
f 1289/3036/1289 1264/817/1264 1263/819/1263
f 1291/2172/1291 1172/2963/1172 1264/817/1264
f 1291/3037/1291 1238/3038/1238 1172/3039/1172
f 1240/3010/1240 1344/968/1344 1137/2946/1137
f 1137/2946/1137 1318/839/1318 1175/838/1175
f 1296/933/1296 1197/2966/1197 1230/2996/1230
f 1198/2093/1198 1321/3040/1321 1270/3011/1270
f 1299/2997/1299 1347/3041/1347 1297/3012/1297
f 1300/2130/1300 1272/2117/1272 1204/2054/1204
f 1302/3042/1302 1331/2192/1331 1210/2083/1210
f 1302/3042/1302 1210/2083/1210 1252/3043/1252
f 1305/3044/1305 1275/2983/1275 1276/3045/1276
f 1381/3046/1381 1291/2172/1291 1264/817/1264
f 1312/3047/1312 1292/3027/1292 1225/2991/1225
f 1313/3048/1313 1173/2964/1173 1238/3028/1238
f 1314/3049/1314 1239/3009/1239 1173/2964/1173
f 1241/3050/1241 1295/835/1295 1294/832/1294
f 1344/968/1344 1318/839/1318 1137/2946/1137
f 1174/2965/1174 1319/3051/1319 1317/2993/1317
f 1321/3040/1321 1198/2093/1198 1229/2995/1229
f 1297/3012/1297 1323/3052/1323 1269/3013/1269
f 1356/944/1356 1248/3053/1248 1246/3018/1246
f 1205/3019/1205 1248/3053/1248 1250/3054/1250
f 1254/3055/1254 1365/3056/1365 1255/3057/1255
f 1236/3026/1236 1288/3058/1288 1263/819/1263
f 1345/3059/1345 1295/835/1295 1241/3050/1241
f 1319/3051/1319 1174/2965/1174 1320/3060/1320
f 1346/935/1346 1320/3060/1320 1228/2994/1228
f 1391/905/1391 1322/3061/1322 1323/903/1323
f 1324/3062/1324 1349/2176/1349 1271/3063/1271
f 1356/944/1356 1246/3018/1246 1244/2149/1244
f 1338/920/1338 1283/3064/1283 1282/2159/1282
f 1376/2160/1376 1286/3025/1286 1285/2137/1285
f 1449/3065/1449 1288/3058/1288 1377/3066/1377
f 1288/3067/1288 1412/3068/1412 1289/3069/1289
f 1417/959/1417 1292/3027/1292 1312/3047/1312
f 1239/3009/1239 1387/969/1387 1344/968/1344
f 1393/2166/1393 1298/2150/1298 1270/3011/1270
f 1349/2176/1349 1394/2175/1394 1271/3063/1271
f 1353/3070/1353 1352/3071/1352 1326/3072/1326
f 1398/3073/1398 1472/3074/1472 1358/3075/1358
f 1399/2190/1399 1248/3053/1248 1356/944/1356
f 1433/3076/1433 1360/3077/1360 1250/3054/1250
f 1437/3078/1437 1304/840/1304 1303/871/1303
f 1492/3079/1492 1385/864/1385 1386/866/1386
f 1419/902/1419 1454/998/1454 1386/866/1386
f 1387/969/1387 1239/3009/1239 1314/3049/1314
f 1459/3080/1459 1317/2993/1317 1319/3051/1319
f 1461/1003/1461 1322/3081/1322 1391/3082/1391
f 1426/2189/1426 1348/945/1348 1393/2166/1393
f 1432/1109/1432 1329/3083/1329 1330/2140/1330
f 1360/3077/1360 1572/3084/1572 1362/870/1362
f 1403/3085/1403 1251/3004/1251 1275/2983/1275
f 1445/3086/1445 1408/3087/1408 1374/3088/1374
f 1448/992/1448 1376/991/1376 1375/3089/1375
f 1450/897/1450 1410/993/1410 1340/2161/1340
f 1455/3090/1455 1387/969/1387 1314/3049/1314
f 1346/935/1346 1319/3051/1319 1320/3060/1320
f 1422/3091/1422 1321/3040/1321 1267/837/1267
f 1468/1144/1468 1393/2166/1393 1424/3092/1424
f 1470/3093/1470 1427/2167/1427 1395/2234/1395
f 1399/2190/1399 1433/3076/1433 1248/3053/1248
f 1434/2191/1434 1569/3094/1569 1432/1109/1432
f 1475/3095/1475 1251/3004/1251 1403/3085/1403
f 1443/3096/1443 1445/3086/1445 1372/3097/1372
f 1408/922/1408 1481/1027/1481 1482/1026/1482
f 1520/2227/1520 1375/892/1375 1338/894/1338
f 1526/3098/1526 1528/3099/1528 1378/3100/1378
f 1528/3099/1528 1489/3101/1489 1412/3102/1412
f 1493/1043/1493 1492/3079/1492 1454/998/1454
f 1319/3051/1319 1548/3103/1548 1459/3080/1459
f 1550/1145/1550 1424/3092/1424 1321/3040/1321
f 1570/2193/1570 1569/3094/1569 1434/2191/1434
f 1478/1022/1478 1513/1024/1513 1436/3104/1436
f 1516/983/1516 1580/3105/1580 1480/984/1480
f 1485/3106/1485 1519/3107/1519 1484/3108/1484
f 1529/1075/1529 1527/955/1527 1488/926/1488
f 1455/3090/1455 1542/1000/1542 1387/969/1387
f 1550/1145/1550 1321/3040/1321 1422/3091/1422
f 1550/1145/1550 1468/1144/1468 1424/3092/1424
f 1555/3109/1555 1500/3110/1500 1504/1016/1504
f 1558/3111/1558 1393/2166/1393 1468/1144/1468
f 1558/3111/1558 1426/2189/1426 1393/2166/1393
f 1514/1023/1514 1478/1022/1478 1479/3112/1479
f 1580/3105/1580 1579/3113/1579 1371/3114/1371
f 1515/3115/1515 1680/3116/1680 1443/3096/1443
f 1580/3105/1580 1371/3114/1371 1480/984/1480
f 1582/3117/1582 1519/3107/1519 1485/3106/1485
f 1629/3118/1629 1583/1028/1583 1448/992/1448
f 1539/965/1539 1598/1002/1598 1597/1039/1597
f 1423/3119/1423 1605/3120/1605 1460/934/1460
f 1620/3121/1620 1619/3122/1619 1471/3123/1471
f 1623/3124/1623 1569/3094/1569 1570/2193/1570
f 1670/3125/1670 1571/3126/1571 1433/3076/1433
f 1572/3127/1572 1672/1150/1672 1573/3128/1573
f 1678/3129/1678 1580/3105/1580 1516/983/1516
f 1629/1126/1629 1486/2226/1486 1686/1127/1686
f 1591/3130/1591 1589/2250/1589 1491/963/1491
f 1638/3131/1638 1591/1079/1591 1493/1078/1493
f 1535/3132/1535 1542/1000/1542 1455/3090/1455
f 1604/1001/1604 1649/2255/1649 1600/1049/1600
f 1651/3133/1651 1708/3134/1708 1548/3103/1548
f 1673/3135/1673 1735/3020/1735 1251/3004/1251
f 1678/3129/1678 1579/3113/1579 1580/3105/1580
f 1689/3136/1689 1584/3137/1584 1585/3138/1585
f 1600/1049/1600 1744/2256/1744 1644/1086/1644
f 1650/3139/1650 1547/3140/1547 1457/967/1457
f 1653/3141/1653 1651/3133/1651 1549/1051/1549
f 1711/2410/1711 1659/1094/1659 1610/1093/1610
f 1759/3142/1759 1660/3143/1660 1555/3144/1555
f 1559/3145/1559 1760/3146/1760 1555/3144/1555
f 1470/3093/1470 1721/2359/1721 1427/2167/1427
f 1665/1146/1665 1726/1148/1726 1617/1064/1617
f 1620/2245/1620 1666/3147/1666 1619/2236/1619
f 1771/1250/1771 1669/1186/1669 1566/1062/1566
f 1677/3148/1677 1679/3149/1679 1680/3150/1680
f 1680/3150/1680 1679/3149/1679 1681/1066/1681
f 1683/3151/1683 1682/3152/1682 1684/3153/1684
f 1582/3154/1582 1683/3155/1683 1685/3156/1685
f 1689/3136/1689 1688/3157/1688 1584/3137/1584
f 1635/2251/1635 1588/3158/1588 1531/1031/1531
f 1741/2290/1741 1589/2250/1589 1591/3130/1591
f 1785/3159/1785 1699/3160/1699 1645/3161/1645
f 1647/3162/1647 1785/3159/1785 1645/3161/1645
f 1748/3163/1748 1603/3164/1603 1601/1168/1601
f 1649/2255/1649 1745/3165/1745 1744/2256/1744
f 1542/1000/1542 1789/3166/1789 1650/3139/1650
f 1830/3167/1830 1547/3140/1547 1650/3139/1650
f 1757/2325/1757 1756/2307/1756 1712/1095/1712
f 1762/2353/1762 1760/3146/1760 1559/3145/1559
f 1761/3168/1761 1561/3169/1561 1661/3170/1661
f 1761/3168/1761 1719/3171/1719 1561/3169/1561
f 1786/2372/1786 1701/3172/1701 1700/3173/1700
f 1745/3174/1745 1864/3175/1864 1744/3176/1744
f 1746/3177/1746 1648/3178/1648 1701/3172/1701
f 1748/2342/1748 1788/2344/1788 1603/3179/1603
f 1869/3180/1869 1705/3181/1705 1706/2324/1706
f 1799/3182/1799 1711/3183/1711 1660/3143/1660
f 1655/1143/1655 1883/3184/1883 1758/3185/1758
f 1804/3186/1804 1665/3187/1665 1764/3188/1764
f 1804/3186/1804 1895/2362/1895 1665/3187/1665
f 1726/3189/1726 1895/2362/1895 1813/2361/1813
f 1816/1248/1816 1772/1232/1772 1669/3190/1669
f 1733/1255/1733 1818/1254/1818 1622/1110/1622
f 1857/1201/1857 1819/1188/1819 1671/1149/1671
f 1822/2460/1822 1741/3191/1741 1638/3131/1638
f 1785/3159/1785 1823/2405/1823 1699/3160/1699
f 1824/2465/1824 1746/3177/1746 1701/3172/1701
f 1826/2293/1826 1920/2466/1920 1745/2294/1745
f 1830/3167/1830 1794/3192/1794 1652/3193/1652
f 1793/3194/1793 1750/3195/1750 1709/3196/1709
f 1796/3197/1796 1833/3198/1833 1831/3199/1831
f 1883/1291/1883 1931/1214/1931 1758/1173/1758
f 1842/3200/1842 1761/3168/1761 1661/3170/1661
f 1844/3201/1844 1763/3202/1763 1801/3203/1801
f 1847/3204/1847 1804/3186/1804 1764/3188/1764
f 1860/3205/1860 1588/3158/1588 1635/2251/1635
f 1741/2290/1741 1861/3206/1861 1740/2289/1740
f 1917/2406/1917 1823/2405/1823 1785/3159/1785
f 1746/3177/1746 1969/3207/1969 1648/3178/1648
f 1747/3208/1747 1865/3209/1865 1647/3162/1647
f 1867/3210/1867 1865/3209/1865 1747/3208/1747
f 1866/3211/1866 1748/3163/1748 1825/1167/1825
f 1789/1206/1789 1923/1234/1923 1830/3212/1830
f 1751/3213/1751 1793/3194/1793 1709/3196/1709
f 1833/3198/1833 1877/3214/1877 1831/3199/1831
f 1874/1327/1874 1797/1326/1797 1794/3215/1794
f 1654/2301/1654 1881/2475/1881 1751/2300/1751
f 1884/3216/1884 1799/3182/1799 1759/3142/1759
f 1760/3146/1760 1884/3216/1884 1759/3142/1759
f 1888/1294/1888 1801/3203/1801 1932/1334/1932
f 1941/3217/1941 1847/3218/1847 1763/3219/1763
f 2047/3220/2047 1895/2362/1895 1804/3186/1804
f 1727/1176/1727 1851/3221/1851 1811/3222/1811
f 1901/3223/1901 1853/2447/1853 1771/3224/1771
f 1906/2339/1906 1773/3225/1773 1673/3226/1673
f 1858/3227/1858 1910/3228/1910 1776/3229/1776
f 1860/3230/1860 1592/3231/1592 1588/3232/1588
f 1866/3211/1866 1825/1167/1825 1969/3233/1969
f 1793/3234/1793 1876/1260/1876 1750/1237/1750
f 1980/3235/1980 1833/3198/1833 1837/3236/1837
f 1884/3216/1884 1986/2496/1986 1799/3182/1799
f 2028/3237/2028 1884/3216/1884 1760/3146/1760
f 1887/1343/1887 1800/2328/1800 1934/2385/1934
f 1762/2353/1762 1933/3238/1933 1760/3146/1760
f 1938/3239/1938 1844/3240/1844 1888/3241/1888
f 1890/2391/1890 1946/2444/1946 1805/2315/1805
f 1948/3242/1948 1947/3243/1947 1723/1224/1723
f 1891/1223/1891 1948/3242/1948 1723/1224/1723
f 2046/3244/2046 1892/3245/1892 1850/3246/1850
f 1948/3242/1948 1891/1223/1891 1893/3247/1893
f 1897/3248/1897 1808/3249/1808 1810/3250/1810
f 1896/3251/1896 1950/3252/1950 1894/3253/1894
f 1816/1248/1816 2000/3254/2000 1854/1247/1854
f 1953/3255/1953 1899/3256/1899 1904/3257/1904
f 2057/3258/2057 1787/3259/1787 1784/3260/1784
f 1979/2428/1979 1834/3261/1834 1879/2429/1879
f 1988/3262/1988 1888/1294/1888 1932/1334/1932
f 1957/3263/1957 2006/2449/2006 1909/2451/1909
f 2007/3264/2007 1908/3265/1908 1959/3266/1959
f 1858/3267/1858 2007/3268/2007 1960/3269/1960
f 1969/3233/1969 2107/1370/2107 1866/3211/1866
f 2065/1320/2065 2066/1338/2066 2018/1319/2018
f 1977/1323/1977 2021/3270/2021 1974/1324/1974
f 1931/1214/1931 2072/1399/2072 1932/1213/1932
f 2029/2432/2029 2071/3271/2071 1987/2411/1987
f 2129/2544/2129 1989/1261/1989 2037/1301/2037
f 2038/3272/2038 1933/3238/1933 1991/2352/1991
f 1761/3168/1761 2078/2524/2078 1936/3273/1936
f 1944/3274/1944 2041/3275/2041 1995/3276/1995
f 2040/3277/2040 2086/1414/2086 1890/2391/1890
f 1996/3278/1996 2178/3279/2178 1944/3274/1944
f 1996/3278/1996 1808/3280/1808 1897/3281/1897
f 2051/3282/2051 2050/3283/2050 1999/2445/1999
f 2091/2547/2091 2001/3284/2001 1900/3285/1900
f 2092/3286/2092 1953/3287/1953 1954/1276/1954
f 2052/1357/2052 2008/1361/2008 1958/3288/1958
f 1964/2461/1964 2055/3289/2055 1913/2369/1913
f 2059/2464/2059 2060/2514/2060 1919/3290/1919
f 2063/3291/2063 1917/2406/1917 1865/3209/1865
f 2062/1527/2062 2106/1389/2106 1970/3292/1970
f 2063/3291/2063 1865/3209/1865 1867/3210/1867
f 2105/2487/2105 2061/2467/2061 1971/2488/1971
f 1876/1260/1876 2116/1342/2116 1875/1238/1875
f 1884/3216/1884 2070/3293/2070 1986/2496/1986
f 2028/3237/2028 2070/3293/2070 1884/3216/1884
f 2072/3294/2072 2074/3295/2074 2034/3296/2034
f 2129/3297/2129 2075/3298/2075 1989/3299/1989
f 2083/3300/2083 2042/3301/2042 2044/3302/2044
f 2085/1307/2085 2047/1304/2047 1847/3303/1847
f 2087/1465/2087 1993/3304/1993 1947/3243/1947
f 2046/3244/2046 2188/1415/2188 1998/3305/1998
f 1950/3306/1950 2088/3307/2088 1948/3308/1948
f 2092/3286/2092 2089/3309/2089 1953/3287/1953
f 2096/3310/2096 1914/3311/1914 2010/3312/2010
f 2147/3313/2147 1966/3314/1966 1860/3230/1860
f 2012/2458/2012 2145/3315/2145 1963/3316/1963
f 2102/3317/2102 1917/2406/1917 2063/3291/2063
f 1930/3318/1930 2118/2473/2118 1881/2475/1881
f 2070/3293/2070 2121/2494/2121 1986/2496/1986
f 2072/1399/2072 2239/1538/2239 2033/1346/2033
f 2129/3297/2129 2074/3319/2074 2075/3298/2075
f 2087/1465/2087 2084/1467/2084 1993/3304/1993
f 2191/1544/2191 2217/3320/2217 1950/2421/1950
f 2149/1475/2149 2099/1386/2099 2013/1385/2013
f 2102/3317/2102 2101/3321/2101 2014/2425/2014
f 2154/3322/2154 2107/1370/2107 2064/3323/2064
f 2175/3324/2175 2125/3325/2125 2127/3326/2127
f 2173/3327/2173 2070/3293/2070 2076/3328/2076
f 2032/1446/2032 2174/1445/2174 2036/2525/2036
f 2175/3329/2175 2128/3330/2128 2129/3331/2129
f 2180/3332/2180 2178/3279/2178 1996/3278/1996
f 2187/3333/2187 2184/3334/2184 2140/3335/2140
f 2193/1422/2193 2147/1520/2147 2009/1423/2009
f 2195/1522/2195 2098/1474/2098 2096/1471/2096
f 2238/1578/2238 2169/1507/2169 2126/1541/2126
f 2213/3336/2213 2170/3337/2170 2171/3338/2171
f 2217/3339/2217 2087/1465/2087 2088/3340/2088
f 2242/3341/2242 2087/1465/2087 2217/3339/2217
f 2253/1562/2253 2236/1561/2236 2238/1578/2238
f 2241/1461/2241 2242/1565/2242 2218/3342/2218
f 2275/1586/2275 2276/1587/2276 2277/1577/2277
f 1/2/1 8/7/8 6/3/6
f 2/4/2 1/2/1 5/1/5
f 2/4/2 11/3343/11 1/2/1
f 3/11/3 11/3343/11 2/4/2
f 1/2/1 11/3343/11 10/6/10
f 16/8/16 6/3/6 33/12/33
f 4/5/4 5/1/5 16/8/16
f 6/3/6 18/9/18 33/12/33
f 9/33/9 3/11/3 7/10/7
f 8/7/8 10/6/10 20/14/20
f 3/11/3 12/38/12 11/3343/11
f 11/3343/11 22/18/22 10/6/10
f 12/38/12 13/84/13 11/3343/11
f 13/84/13 22/18/22 11/3343/11
f 15/3344/15 17/3345/17 4/5/4
f 18/9/18 46/31/46 68/13/68
f 18/9/18 8/7/8 36/16/36
f 8/7/8 20/14/20 36/16/36
f 21/17/21 37/15/37 20/14/20
f 19/39/19 12/38/12 3/11/3
f 13/84/13 108/1612/108 22/18/22
f 27/22/27 57/26/57 55/24/55
f 26/54/26 29/28/29 24/23/24
f 24/23/24 29/28/29 28/20/28
f 31/63/31 32/29/32 29/28/29
f 16/8/16 33/12/33 44/3346/44
f 15/3344/15 16/8/16 45/3347/45
f 34/3348/34 47/3349/47 17/3345/17
f 47/3349/47 7/10/7 17/3345/17
f 72/32/72 36/16/36 50/36/50
f 19/39/19 3/11/3 9/33/9
f 79/41/79 74/35/74 37/15/37
f 21/17/21 38/40/38 37/15/37
f 39/37/39 13/84/13 12/38/12
f 22/18/22 107/3350/107 80/42/80
f 22/18/22 108/1612/108 107/3350/107
f 52/3351/52 108/1612/108 13/84/13
f 109/43/109 23/19/23 25/21/25
f 40/44/40 24/23/24 23/19/23
f 53/55/53 24/23/24 40/44/40
f 53/55/53 26/54/26 24/23/24
f 25/21/25 55/24/55 41/45/41
f 42/59/42 29/28/29 26/54/26
f 30/25/30 58/47/58 57/26/57
f 42/59/42 43/64/43 29/28/29
f 43/64/43 31/63/31 29/28/29
f 33/12/33 67/3352/67 44/3346/44
f 33/12/33 68/13/68 67/3352/67
f 47/3349/47 48/53/48 7/10/7
f 70/70/70 50/36/50 97/71/97
f 50/36/50 74/35/74 97/71/97
f 51/80/51 19/39/19 9/33/9
f 74/35/74 79/41/79 104/79/104
f 109/43/109 41/45/41 157/3353/157
f 41/45/41 83/58/83 157/3353/157
f 41/45/41 55/24/55 83/58/83
f 54/56/54 56/60/56 26/54/26
f 55/24/55 85/61/85 111/57/111
f 58/47/58 87/92/87 57/26/57
f 58/47/58 59/46/59 118/91/118
f 93/170/93 34/51/34 45/48/45
f 68/13/68 46/31/46 197/3354/197
f 46/31/46 98/104/98 197/3354/197
f 99/3355/99 75/76/75 71/78/71
f 72/32/72 50/36/50 96/73/96
f 99/3355/99 77/3356/77 75/76/75
f 96/73/96 50/36/50 70/70/70
f 75/76/75 76/110/76 73/77/73
f 77/3356/77 76/110/76 75/76/75
f 78/81/78 39/37/39 19/39/19
f 13/84/13 81/83/81 52/3351/52
f 209/85/209 40/44/40 109/43/109
f 155/176/155 53/55/53 40/44/40
f 54/56/54 53/55/53 156/222/156
f 83/2555/83 112/146/112 268/148/268
f 84/89/84 159/3357/159 82/87/82
f 84/89/84 114/90/114 159/3357/159
f 85/61/85 84/89/84 82/87/82
f 85/61/85 87/92/87 86/88/86
f 90/94/90 61/62/61 43/64/43
f 91/96/91 177/95/177 59/46/59
f 44/50/44 67/3358/67 134/1596/134
f 67/3358/67 135/1638/135 134/1596/134
f 67/3358/67 68/3359/68 135/1638/135
f 136/3360/136 95/72/95 137/131/137
f 136/3360/136 94/74/94 95/72/95
f 137/131/137 95/72/95 142/103/142
f 94/74/94 70/70/70 95/72/95
f 97/71/97 144/102/144 95/72/95
f 97/71/97 146/75/146 144/102/144
f 71/78/71 145/3361/145 99/3355/99
f 100/139/100 99/3355/99 143/140/143
f 71/78/71 200/105/200 145/3361/145
f 101/108/101 77/107/77 100/3362/100
f 48/53/48 102/109/102 35/34/35
f 103/1597/103 76/110/76 77/3356/77
f 80/42/80 107/3350/107 207/3363/207
f 52/3351/52 81/83/81 108/1612/108
f 109/43/109 157/3353/157 310/250/310
f 110/225/110 82/3364/82 159/180/159
f 110/225/110 111/2562/111 82/3364/82
f 112/146/112 111/2562/111 160/184/160
f 159/3357/159 114/90/114 212/2563/212
f 114/90/114 113/113/113 212/2563/212
f 118/91/118 169/3365/169 87/92/87
f 120/3366/120 174/3367/174 119/3368/119
f 121/120/121 175/122/175 88/117/88
f 127/159/127 126/3369/126 184/160/184
f 93/170/93 45/48/45 244/129/244
f 194/1640/194 138/132/138 136/134/136
f 138/132/138 96/1610/96 94/133/94
f 142/103/142 143/140/143 140/130/140
f 144/102/144 256/141/256 147/142/147
f 149/172/149 101/3370/101 100/139/100
f 76/110/76 152/1598/152 203/111/203
f 205/1594/205 105/1595/105 206/1643/206
f 263/244/263 81/83/81 39/37/39
f 108/1612/108 351/316/351 153/3371/153
f 154/86/154 209/85/209 208/219/208
f 209/85/209 109/43/109 310/250/310
f 110/225/110 159/180/159 210/182/210
f 163/149/163 113/113/113 117/121/117
f 117/121/117 115/116/115 163/149/163
f 164/112/164 117/121/117 113/113/113
f 166/114/166 165/187/165 117/121/117
f 165/187/165 167/186/167 117/121/117
f 214/2624/214 89/93/89 56/60/56
f 169/3365/169 170/2567/170 275/3372/275
f 167/186/167 176/3373/176 117/121/117
f 120/3374/120 171/3375/171 172/3376/172
f 121/120/121 179/1680/179 178/154/178
f 176/3373/176 179/1680/179 121/120/121
f 183/161/183 185/3377/185 91/96/91
f 186/127/186 128/98/128 231/3378/231
f 185/3377/185 183/161/183 184/160/184
f 188/3379/188 125/3380/125 187/3381/187
f 189/165/189 62/68/62 186/127/186
f 132/1633/132 191/294/191 328/3382/328
f 137/1603/137 196/1605/196 193/1641/193
f 140/1604/140 252/1661/252 196/1605/196
f 140/1604/140 143/138/143 252/1661/252
f 204/173/204 78/81/78 51/80/51
f 264/145/264 263/244/263 39/37/39
f 308/175/308 208/219/208 307/281/307
f 308/175/308 154/86/154 208/219/208
f 161/227/161 56/60/56 269/228/269
f 272/254/272 163/3383/163 162/1668/162
f 214/2624/214 56/60/56 161/227/161
f 275/3372/275 217/1669/217 168/115/168
f 220/3384/220 222/3385/222 223/3386/223
f 224/1700/224 418/1699/418 174/3387/174
f 226/194/226 225/1620/225 174/195/174
f 177/95/177 283/155/283 281/3388/281
f 227/3389/227 228/3390/228 180/3391/180
f 232/1686/232 186/3392/186 231/1627/231
f 231/1627/231 190/1629/190 286/1685/286
f 187/3393/187 125/3394/125 235/3395/235
f 125/1631/125 127/1630/127 235/1656/235
f 133/207/133 241/206/241 239/3396/239
f 242/237/242 244/3397/244 243/2613/243
f 244/3397/244 245/3398/245 243/2613/243
f 307/281/307 208/219/208 358/221/358
f 156/222/156 155/176/155 305/218/305
f 209/85/209 310/250/310 359/220/359
f 266/253/266 156/222/156 306/223/306
f 310/179/310 267/178/267 446/321/446
f 266/253/266 269/228/269 156/222/156
f 212/1613/212 272/254/272 271/181/271
f 162/1668/162 213/3399/213 364/1749/364
f 218/189/218 277/3400/277 221/188/221
f 278/257/278 89/93/89 221/188/221
f 280/291/280 90/94/90 89/93/89
f 321/264/321 122/123/122 90/94/90
f 321/264/321 282/1674/282 122/123/122
f 281/3388/281 325/3401/325 320/3402/320
f 182/2650/182 288/268/288 124/270/124
f 289/330/289 288/268/288 182/2650/182
f 295/1639/295 193/1641/193 342/1734/342
f 196/1605/196 297/1662/297 296/1735/296
f 260/213/260 346/3403/346 149/172/149
f 255/214/255 398/2633/398 102/215/102
f 303/243/303 263/244/263 264/145/264
f 303/243/303 302/245/302 81/83/81
f 356/249/356 353/279/353 302/245/302
f 354/248/354 305/218/305 265/174/265
f 265/174/265 308/175/308 356/249/356
f 356/249/356 308/175/308 307/281/307
f 276/3404/276 316/3405/316 218/3406/218
f 226/194/226 317/347/317 225/1620/225
f 318/349/318 317/347/317 226/194/226
f 319/2643/319 318/349/318 226/194/226
f 372/1675/372 234/235/234 122/123/122
f 228/3407/228 377/327/377 182/3408/182
f 332/271/332 331/297/331 241/206/241
f 333/3409/333 335/3410/335 334/3411/334
f 337/3412/337 338/3413/338 335/3414/335
f 400/315/400 204/173/204 262/217/262
f 350/278/350 303/243/303 264/145/264
f 304/247/304 352/246/352 351/316/351
f 354/248/354 302/245/302 303/243/303
f 353/279/353 356/249/356 355/282/355
f 355/282/355 307/281/307 358/221/358
f 357/280/357 402/283/402 306/223/306
f 358/221/358 359/220/359 547/284/547
f 402/283/402 309/252/309 266/253/266
f 309/252/309 313/229/313 269/228/269
f 360/285/360 362/3415/362 361/286/361
f 360/285/360 211/3416/211 362/3415/362
f 421/324/421 280/291/280 278/257/278
f 319/3417/319 371/3418/371 318/3419/318
f 282/1674/282 326/3420/326 372/1675/372
f 292/2627/292 380/333/380 379/335/379
f 329/337/329 380/333/380 292/2627/292
f 293/1634/293 481/1795/481 330/1794/330
f 239/3396/239 241/206/241 382/3421/382
f 331/297/331 384/299/384 433/298/433
f 385/300/385 384/299/384 332/271/332
f 385/300/385 436/340/436 384/299/384
f 351/316/351 352/246/352 444/317/444
f 358/221/358 547/284/547 545/319/545
f 404/3422/404 360/285/360 405/287/405
f 370/325/370 369/262/369 280/291/280
f 288/268/288 427/332/427 375/269/375
f 289/330/289 429/1814/429 427/332/427
f 428/329/428 429/1814/429 289/330/289
f 480/334/480 482/358/482 383/301/383
f 482/358/482 386/302/386 383/301/383
f 437/362/437 385/300/385 435/2671/435
f 437/362/437 436/340/436 385/300/385
f 546/3423/546 445/2677/445 402/283/402
f 405/3424/405 447/3425/447 404/3426/404
f 445/2677/445 450/3427/450 313/229/313
f 450/3427/450 453/343/453 313/229/313
f 415/344/415 512/409/512 367/2623/367
f 421/324/421 424/346/424 370/325/370
f 470/3428/470 471/3429/471 519/3430/519
f 473/350/473 472/3431/472 470/351/470
f 473/350/473 474/354/474 472/3431/472
f 476/353/476 477/3432/477 474/354/474
f 480/334/480 380/333/380 482/358/482
f 434/338/434 529/3433/529 433/298/433
f 436/340/436 485/363/485 484/339/484
f 541/3434/541 400/315/400 262/217/262
f 541/3434/541 501/364/501 400/315/400
f 501/364/501 546/3423/546 402/283/402
f 545/319/545 547/284/547 690/430/690
f 547/284/547 550/341/550 596/3435/596
f 513/1825/513 455/1783/455 556/571/556
f 524/3436/524 473/350/473 523/3437/523
f 521/371/521 524/3436/524 523/3437/523
f 480/377/480 432/1796/432 570/420/570
f 431/336/431 386/302/386 482/358/482
f 433/359/433 529/2719/529 573/360/573
f 483/381/483 437/362/437 435/2671/435
f 483/381/483 531/383/531 437/362/437
f 484/339/484 619/382/619 574/3438/574
f 438/1736/438 535/1820/535 534/1798/534
f 495/1774/495 393/1707/393 535/1820/535
f 589/390/589 541/3434/541 262/217/262
f 547/284/547 595/3439/595 690/430/690
f 447/405/447 552/404/552 448/407/448
f 506/3440/506 554/403/554 447/405/447
f 652/408/652 557/435/557 512/409/512
f 559/412/559 562/415/562 567/410/567
f 565/416/565 521/1859/521 424/346/424
f 431/336/431 528/380/528 386/302/386
f 575/2714/575 577/456/577 576/2745/576
f 591/1847/591 501/479/501 541/1848/541
f 643/478/643 548/392/548 546/394/546
f 596/395/596 550/400/550 595/396/595
f 517/3441/517 603/3442/603 654/3443/654
f 518/1784/518 655/3444/655 464/1811/464
f 655/3445/655 561/3446/561 464/3447/464
f 657/3448/657 560/1812/560 373/1730/373
f 563/1855/563 567/3449/567 606/1853/606
f 606/3450/606 567/3451/567 568/3452/568
f 609/443/609 565/416/565 566/413/566
f 526/1792/526 610/1834/610 702/1875/702
f 570/444/570 613/447/613 525/445/525
f 612/448/612 571/378/571 570/420/570
f 615/450/615 614/3453/614 572/449/572
f 615/3454/615 431/2688/431 614/3455/614
f 706/1817/706 573/360/573 751/2767/751
f 617/451/617 483/381/483 528/380/528
f 668/2713/668 669/454/669 577/456/577
f 578/3456/578 622/3457/622 623/3458/623
f 714/460/714 624/2791/624 674/461/674
f 627/463/627 626/540/626 581/464/581
f 534/2716/534 633/468/633 532/3459/532
f 548/392/548 691/2754/691 549/1804/549
f 691/2754/691 784/481/784 450/483/450
f 598/433/598 693/432/693 645/3460/645
f 784/481/784 415/2757/415 453/482/453
f 696/617/696 648/3461/648 695/3462/695
f 652/408/652 655/574/655 518/434/518
f 604/3463/604 605/3464/605 792/3465/792
f 704/576/704 703/3466/703 521/1859/521
f 659/524/659 612/523/612 570/444/570
f 565/416/565 609/443/609 704/576/704
f 705/498/705 660/452/660 528/380/528
f 574/3467/574 618/3468/618 661/3469/661
f 663/1897/663 483/381/483 617/451/617
f 662/525/662 663/1897/663 617/451/617
f 663/1897/663 665/453/665 483/381/483
f 710/582/710 620/584/620 531/383/531
f 665/453/665 710/582/710 531/383/531
f 621/455/621 670/530/670 577/456/577
f 582/385/582 676/1921/676 628/1838/628
f 532/3459/532 677/1884/677 631/502/631
f 532/3459/532 633/468/633 677/1884/677
f 633/468/633 636/467/636 681/1883/681
f 536/469/536 683/546/683 680/503/680
f 684/508/684 681/1883/681 636/467/636
f 537/3470/537 679/3471/679 724/3472/724
f 637/474/637 587/3473/587 726/507/726
f 726/507/726 638/472/638 637/474/637
f 688/556/688 543/513/543 733/512/733
f 693/3474/693 694/567/694 645/569/645
f 555/3475/555 694/567/694 693/3474/693
f 605/1896/605 656/492/656 699/1895/699
f 655/574/655 748/522/748 659/524/659
f 702/1875/702 750/1874/750 749/3476/749
f 748/522/748 615/499/615 612/523/612
f 662/525/662 712/585/712 663/1897/663
f 711/578/711 712/585/712 662/525/662
f 663/1897/663 712/585/712 754/587/754
f 713/592/713 670/530/670 621/455/621
f 673/2737/673 674/461/674 716/2778/716
f 717/534/717 674/461/674 624/2791/624
f 674/461/674 717/534/717 764/594/764
f 717/534/717 766/533/766 764/594/764
f 626/540/626 719/539/719 770/537/770
f 718/538/718 719/539/719 627/463/627
f 486/384/486 720/1882/720 676/1921/676
f 677/1884/677 722/598/722 721/500/721
f 897/541/897 725/3477/725 586/542/586
f 677/1884/677 681/1883/681 722/598/722
f 721/500/721 727/599/727 634/2741/634
f 681/1883/681 726/507/726 722/598/722
f 727/599/727 679/603/679 634/2741/634
f 685/549/685 820/600/820 726/507/726
f 680/503/680 684/508/684 636/467/636
f 678/1885/678 591/1847/591 589/1846/589
f 736/638/736 737/637/737 597/3478/597
f 555/3475/555 785/2782/785 694/567/694
f 785/2782/785 739/568/739 694/567/694
f 740/609/740 695/3462/695 742/611/742
f 740/609/740 696/617/696 695/3462/695
f 556/571/556 697/1869/697 789/572/789
f 601/1852/601 746/3479/746 745/1891/745
f 650/485/650 790/3480/790 649/486/649
f 650/2760/650 698/2759/698 790/3481/790
f 744/2810/744 793/1942/793 652/2758/652
f 794/620/794 708/619/708 660/3482/660
f 753/577/753 662/525/662 708/526/708
f 619/3483/619 664/3484/664 799/3485/799
f 620/584/620 876/583/876 664/641/664
f 665/453/665 754/587/754 800/3486/800
f 757/2789/757 712/585/712 711/578/711
f 760/531/760 670/530/670 762/630/762
f 761/591/761 762/630/762 670/530/670
f 765/595/765 767/652/767 675/535/675
f 722/598/722 726/507/726 820/600/820
f 727/599/727 820/600/820 773/602/773
f 724/1922/724 821/666/821 854/668/854
f 774/601/774 729/543/729 680/503/680
f 679/603/679 773/602/773 724/1922/724
f 683/546/683 730/545/730 774/601/774
f 730/545/730 776/557/776 774/601/774
f 774/601/774 732/550/732 729/543/729
f 686/547/686 778/3487/778 777/604/777
f 826/2798/826 828/2753/828 643/478/643
f 738/3488/738 830/608/830 736/638/736
f 645/569/645 739/568/739 783/607/783
f 740/609/740 787/610/787 783/607/783
f 785/2782/785 786/1905/786 739/568/739
f 739/568/739 786/1905/786 740/609/740
f 740/609/740 742/611/742 787/610/787
f 786/1905/786 834/615/834 696/617/696
f 649/3489/649 790/3481/790 788/3490/788
f 790/3481/790 698/2759/698 834/615/834
f 834/615/834 698/2759/698 651/616/651
f 793/573/793 705/498/705 748/522/748
f 837/1941/837 794/620/794 705/3491/705
f 839/618/839 796/2812/796 708/619/708
f 841/1944/841 801/3492/801 800/1928/800
f 754/3493/754 756/3494/756 804/3495/804
f 667/1879/667 805/1912/805 806/1950/806
f 807/628/807 880/629/880 758/645/758
f 809/632/809 716/2778/716 762/630/762
f 809/3496/809 715/3497/715 716/3498/716
f 716/2778/716 846/593/846 762/630/762
f 766/533/766 847/2820/847 924/635/924
f 766/533/766 813/596/813 847/2820/847
f 813/596/813 768/536/768 889/654/889
f 720/661/720 817/663/817 676/3499/676
f 820/600/820 822/636/822 773/602/773
f 778/3487/778 856/669/856 777/604/777
f 778/3487/778 824/670/824 856/669/856
f 857/3500/857 825/3501/825 971/3502/971
f 830/608/830 783/607/783 864/639/864
f 830/608/830 831/672/831 737/637/737
f 787/610/787 832/612/832 864/639/864
f 785/2782/785 788/3490/788 834/615/834
f 785/2782/785 834/615/834 786/1905/786
f 788/3490/788 790/3481/790 834/615/834
f 838/2864/838 839/618/839 794/620/794
f 991/646/991 758/645/758 922/648/922
f 880/629/880 760/531/760 882/685/882
f 808/688/808 810/650/810 761/591/761
f 884/631/884 882/685/882 760/531/760
f 885/1971/885 886/3503/886 812/3504/812
f 886/718/886 927/2855/927 765/3505/765
f 927/653/927 767/652/767 765/595/765
f 813/596/813 889/654/889 847/2820/847
f 814/597/814 848/694/848 889/654/889
f 815/697/815 848/694/848 814/597/814
f 849/660/849 848/694/848 815/697/815
f 849/655/849 584/1864/584 818/656/818
f 723/2792/723 772/3506/772 853/724/853
f 772/3506/772 854/668/854 853/724/853
f 860/1902/860 781/1903/781 900/1989/900
f 831/672/831 902/706/902 863/2836/863
f 833/640/833 902/706/902 831/672/831
f 697/1869/697 745/1891/745 977/1951/977
f 870/3507/870 869/3508/869 911/3509/911
f 877/3510/877 917/3511/917 803/3512/803
f 883/687/883 810/650/810 808/688/808
f 925/717/925 887/2870/887 886/718/886
f 847/2820/847 889/654/889 997/2831/997
f 889/654/889 931/695/931 929/3513/929
f 850/657/850 851/1932/851 932/2873/932
f 894/3514/894 819/664/819 891/665/891
f 896/722/896 723/2792/723 935/721/935
f 723/2792/723 853/724/853 935/721/935
f 933/699/933 898/2805/898 728/2804/728
f 854/668/854 936/725/936 853/724/853
f 854/668/854 855/667/855 936/725/936
f 745/1891/745 746/3479/746 1036/3515/1036
f 943/2910/943 905/1940/905 744/2810/744
f 907/707/907 909/3516/909 906/708/906
f 868/709/868 910/1954/910 907/707/907
f 956/1955/956 874/3517/874 841/1944/841
f 875/2813/875 804/2816/804 960/2851/960
f 804/2816/804 916/3518/916 960/2851/960
f 876/583/876 918/644/918 961/710/961
f 916/712/916 962/2828/962 919/711/919
f 920/713/920 963/679/963 917/680/917
f 803/624/803 963/679/963 918/644/918
f 993/715/993 879/684/879 992/683/992
f 922/648/922 880/629/880 1021/686/1021
f 1021/686/1021 882/685/882 996/2866/996
f 882/685/882 965/690/965 996/2866/996
f 889/654/889 929/3513/929 997/2831/997
f 930/720/930 894/3519/894 891/658/891
f 856/669/856 1004/726/1004 969/702/969
f 862/2837/862 863/2836/863 976/728/976
f 863/2836/863 902/706/902 976/728/976
f 865/673/865 977/3520/977 940/727/940
f 947/1959/947 946/3521/946 945/1960/945
f 959/732/959 874/734/874 956/731/956
f 960/730/960 959/732/959 956/731/956
f 959/3522/959 917/3511/917 877/3510/877
f 916/3523/916 917/3511/917 959/3522/959
f 918/644/918 1015/782/1015 961/710/961
f 929/3513/929 931/695/931 998/741/998
f 935/721/935 936/725/936 934/723/934
f 936/725/936 855/667/855 967/746/967
f 971/705/971 972/704/972 1032/2929/1032
f 940/727/940 977/3520/977 1008/3524/1008
f 945/3525/945 946/3526/946 1010/3527/1010
f 951/3528/951 952/3529/952 982/3530/982
f 952/1968/952 913/1997/913 982/1995/982
f 962/1983/962 878/1948/878 1044/775/1044
f 920/713/920 989/780/989 963/679/963
f 989/780/989 1016/779/1016 963/679/963
f 963/679/963 1016/779/1016 990/757/990
f 918/644/918 1017/756/1017 1015/782/1015
f 991/646/991 1018/736/1018 1048/759/1048
f 1049/758/1049 992/681/992 991/646/991
f 932/3531/932 999/3532/999 998/771/998
f 1004/726/1004 971/3502/971 1031/773/1031
f 940/3533/940 1008/2899/1008 976/2898/976
f 1018/736/1018 1050/768/1050 1048/759/1048
f 1019/769/1019 993/715/993 1049/760/1049
f 1018/736/1018 1021/686/1021 1051/767/1051
f 967/746/967 1003/747/1003 1061/774/1061
f 971/705/971 1032/2929/1032 1031/2928/1031
f 1045/778/1045 1046/783/1046 1016/779/1016
f 1017/756/1017 1047/784/1047 1069/781/1069
f 1048/759/1048 1050/768/1050 1094/801/1094
f 1052/3534/1052 1070/2920/1070 995/739/995
f 1092/3535/1092 1045/778/1045 989/780/989
f 1126/800/1126 1048/759/1048 1094/801/1094
f 1113/3536/1113 1114/3537/1114 1153/3538/1153
f 1124/3539/1124 1126/800/1126 1125/802/1125
f 1145/2043/1145 1144/3540/1144 1111/2041/1111
f 1148/3541/1148 1147/3542/1147 1146/3543/1146
f 1153/3538/1153 1152/3544/1152 1150/3545/1150
f 1215/3546/1215 1233/3547/1233 1216/3548/1216
f 1215/809/1215 1258/828/1258 1233/825/1233
f 1194/2114/1194 1294/821/1294 1293/3030/1293
f 1080/2909/1080 1317/2993/1317 1227/2974/1227
f 1306/874/1306 1256/3549/1256 1211/3550/1211
f 1256/3551/1256 1257/3552/1257 1212/3553/1212
f 1307/827/1307 1279/823/1279 1233/825/1233
f 1258/828/1258 1307/827/1307 1233/825/1233
f 1259/3554/1259 1281/826/1281 1258/828/1258
f 1279/823/1279 1280/890/1280 1216/824/1216
f 1288/3058/1288 1289/3036/1289 1263/819/1263
f 1225/2991/1225 1265/861/1265 1312/3047/1312
f 1293/3030/1293 1315/3555/1315 1265/3031/1265
f 1294/832/1294 1388/836/1388 1315/833/1315
f 1241/820/1241 1266/3556/1266 1345/3557/1345
f 1333/876/1333 1256/3549/1256 1306/874/1306
f 1276/849/1276 1332/851/1332 1305/3558/1305
f 1333/876/1333 1369/852/1369 1257/854/1257
f 1276/849/1276 1278/853/1278 1368/850/1368
f 1259/3554/1259 1335/891/1335 1281/826/1281
f 1310/3559/1310 1311/3560/1311 1382/3561/1382
f 1312/3047/1312 1265/861/1265 1342/863/1342
f 1307/827/1307 1370/887/1370 1279/823/1279
f 1261/3562/1261 1336/879/1336 1335/891/1335
f 1384/2173/1384 1291/2172/1291 1381/3046/1381
f 1312/3047/1312 1342/863/1342 1417/959/1417
f 1315/833/1315 1386/866/1386 1385/864/1385
f 1295/835/1295 1345/3059/1345 1389/882/1389
f 1297/3563/1297 1347/2184/1347 1392/906/1392
f 1324/3564/1324 1350/3565/1350 1349/3566/1349
f 1326/3072/1326 1354/3567/1354 1353/3070/1353
f 1301/3568/1301 1357/3569/1357 1430/3570/1430
f 1358/3571/1358 1359/3572/1359 1398/3573/1398
f 1275/2983/1275 1364/3574/1364 1403/3085/1403
f 1254/3055/1254 1479/2218/1479 1405/3575/1405
f 1332/851/1332 1368/850/1368 1364/915/1364
f 1441/886/1441 1333/876/1333 1367/873/1367
f 1441/886/1441 1369/852/1369 1333/876/1333
f 1279/823/1279 1371/888/1371 1280/890/1280
f 1336/879/1336 1337/878/1337 1373/918/1373
f 1378/3100/1378 1288/3058/1288 1449/3065/1449
f 1340/2161/1340 1379/895/1379 1450/897/1450
f 1412/3068/1412 1380/929/1380 1289/3069/1289
f 1379/895/1379 1382/956/1382 1411/896/1411
f 1380/929/1380 1381/930/1381 1289/3069/1289
f 1342/898/1342 1418/3576/1418 1453/899/1453
f 1386/866/1386 1388/836/1388 1419/902/1419
f 1389/882/1389 1456/901/1456 1388/836/1388
f 1389/882/1389 1458/2231/1458 1420/3577/1420
f 1345/3557/1345 1266/3556/1266 1458/3578/1458
f 1465/904/1465 1323/903/1323 1425/907/1425
f 1349/3579/1349 1350/3580/1350 1351/3581/1351
f 1398/3582/1398 1397/3583/1397 1472/3584/1472
f 1404/912/1404 1438/946/1438 1363/909/1363
f 1403/2197/1403 1364/915/1364 1476/2196/1476
f 1439/3585/1439 1365/3056/1365 1405/3575/1405
f 1368/850/1368 1441/886/1441 1440/916/1440
f 1335/891/1335 1444/919/1444 1370/887/1370
f 1309/925/1309 1410/993/1410 1409/924/1409
f 1451/3586/1451 1380/929/1380 1412/3068/1412
f 1411/896/1411 1382/956/1382 1414/928/1414
f 1292/3027/1292 1417/959/1417 1416/961/1416
f 1418/3576/1418 1385/864/1385 1491/3587/1491
f 1386/866/1386 1454/998/1454 1492/3079/1492
f 1389/882/1389 1420/3577/1420 1494/932/1494
f 1352/3588/1352 1396/3589/1396 1428/941/1428
f 1428/941/1428 1396/3589/1396 1355/942/1355
f 1402/911/1402 1439/913/1439 1478/3590/1478
f 1364/915/1364 1440/916/1440 1476/2196/1476
f 1441/886/1441 1367/873/1367 1438/946/1438
f 1444/919/1444 1407/917/1407 1370/887/1370
f 1483/987/1483 1484/951/1484 1408/922/1408
f 1486/2226/1486 1448/3591/1448 1375/892/1375
f 1410/993/1410 1450/897/1450 1525/3592/1525
f 1488/926/1488 1413/927/1413 1451/3586/1451
f 1451/3586/1451 1413/927/1413 1380/929/1380
f 1419/902/1419 1538/966/1538 1454/998/1454
f 1467/976/1467 1466/974/1466 1462/973/1462
f 1464/972/1464 1465/904/1465 1467/976/1467
f 1502/939/1502 1467/976/1467 1425/907/1425
f 1502/939/1502 1392/906/1392 1503/1100/1503
f 1430/3593/1430 1472/3594/1472 1509/979/1509
f 1472/3594/1472 1474/980/1474 1509/979/1509
f 1473/977/1473 1510/3595/1510 1508/978/1508
f 1573/3596/1573 1437/3078/1437 1362/870/1362
f 1476/2196/1476 1440/916/1440 1575/981/1575
f 1477/982/1477 1441/886/1441 1438/946/1438
f 1442/2221/1442 1371/3597/1371 1579/2222/1579
f 1407/917/1407 1444/919/1444 1516/986/1516
f 1516/986/1516 1373/918/1373 1581/950/1581
f 1446/923/1446 1485/988/1485 1483/987/1483
f 1483/987/1483 1485/988/1485 1484/951/1484
f 1410/993/1410 1525/3592/1525 1522/994/1522
f 1450/897/1450 1585/1070/1585 1525/3592/1525
f 1585/1070/1585 1450/897/1450 1527/955/1527
f 1538/966/1538 1536/1041/1536 1537/999/1537
f 1539/965/1539 1494/932/1494 1598/1002/1598
f 1494/932/1494 1420/3577/1420 1545/1050/1545
f 1420/3577/1420 1495/2233/1495 1545/1050/1545
f 1498/3598/1498 1464/972/1464 1462/973/1462
f 1551/975/1551 1499/1057/1499 1609/1092/1609
f 1551/975/1551 1466/974/1466 1499/1057/1499
f 1466/974/1466 1557/1098/1557 1499/1057/1499
f 1501/1014/1501 1557/1098/1557 1466/974/1466
f 1467/976/1467 1502/939/1502 1501/1014/1501
f 1502/939/1502 1503/1100/1503 1501/1014/1501
f 1552/1017/1552 1504/1016/1504 1500/3110/1500
f 1392/906/1392 1560/2185/1560 1503/1100/1503
f 1505/1061/1505 1506/1015/1506 1552/1017/1552
f 1670/3125/1670 1433/3076/1433 1399/2190/1399
f 1475/1114/1475 1476/2196/1476 1624/1112/1624
f 1476/2196/1476 1575/981/1575 1624/1112/1624
f 1517/1025/1517 1483/987/1483 1482/1026/1482
f 1485/3106/1485 1521/3599/1521 1628/3600/1628
f 1629/1126/1629 1448/3591/1448 1486/2226/1486
f 1631/1030/1631 1523/1029/1523 1583/1028/1583
f 1525/3592/1525 1585/1070/1585 1522/994/1522
f 1488/3601/1488 1451/3602/1451 1529/3603/1529
f 1529/1075/1529 1451/3586/1451 1489/1072/1489
f 1533/1077/1533 1534/1038/1534 1532/1040/1532
f 1492/3604/1492 1493/1078/1493 1491/1080/1491
f 1535/3132/1535 1455/3090/1455 1313/3048/1313
f 1539/965/1539 1597/1039/1597 1538/966/1538
f 1454/3605/1454 1537/1083/1537 1641/1189/1641
f 1595/1045/1595 1540/1044/1540 1645/3606/1645
f 1596/1132/1596 1541/1048/1541 1540/1044/1540
f 1540/1044/1540 1543/1139/1543 1645/3606/1645
f 1540/1044/1540 1544/1047/1544 1543/1139/1543
f 1459/3080/1459 1707/3607/1707 1496/2205/1496
f 1609/1092/1609 1499/1057/1499 1611/1056/1611
f 1610/1058/1610 1552/1017/1552 1500/3110/1500
f 1553/1055/1553 1552/1017/1552 1611/1056/1611
f 1554/1096/1554 1553/1055/1553 1499/1057/1499
f 1500/3608/1500 1555/3144/1555 1610/3609/1610
f 1556/1059/1556 1505/1061/1505 1552/1017/1552
f 1501/1014/1501 1715/1102/1715 1557/1098/1557
f 1501/1014/1501 1503/1100/1503 1715/1102/1715
f 1555/3109/1555 1504/1016/1504 1559/3610/1559
f 1558/1172/1558 1617/1064/1617 1426/1063/1426
f 1565/2212/1565 1619/2236/1619 1765/2314/1765
f 1576/1117/1576 1626/3611/1626 1574/3612/1574
f 1626/1119/1626 1575/981/1575 1477/982/1477
f 1631/1030/1631 1583/1028/1583 1629/3118/1629
f 1585/3138/1585 1527/3613/1527 1689/3136/1689
f 1527/955/1527 1529/1075/1529 1633/1074/1633
f 1533/1077/1533 1532/1040/1532 1636/2252/1636
f 1532/1040/1532 1640/1082/1640 1636/2252/1636
f 1593/1081/1593 1642/1135/1642 1640/1082/1640
f 1532/1040/1532 1597/1039/1597 1593/1081/1593
f 1597/1039/1597 1643/1087/1643 1593/1081/1593
f 1596/1132/1596 1540/1044/1540 1594/1046/1594
f 1599/2273/1599 1541/1048/1541 1596/1132/1596
f 1599/3614/1599 1601/1168/1601 1541/3615/1541
f 1544/1047/1544 1602/1137/1602 1543/1139/1543
f 1603/1088/1603 1602/1137/1602 1544/1047/1544
f 1609/1052/1609 1712/1095/1712 1658/1053/1658
f 1611/1056/1611 1610/1058/1610 1712/1091/1712
f 1612/1097/1612 1556/1059/1556 1553/1055/1553
f 1758/1173/1758 1558/1172/1558 1468/3616/1468
f 1559/3610/1559 1504/1016/1504 1662/3617/1662
f 1504/1016/1504 1615/1103/1615 1662/3617/1662
f 1561/1060/1561 1615/1103/1615 1506/1015/1506
f 1737/1116/1737 1626/3611/1626 1576/1117/1576
f 1625/3618/1625 1676/1124/1676 1577/3619/1577
f 1676/1124/1676 1578/1123/1578 1577/3619/1577
f 1681/3620/1681 1445/3086/1445 1680/3116/1680
f 1679/3149/1679 1517/1025/1517 1681/1066/1681
f 1678/2247/1678 1517/1025/1517 1679/3149/1679
f 1630/1068/1630 1631/1030/1631 1629/3118/1629
f 1633/1074/1633 1489/1072/1489 1526/1071/1526
f 1693/1160/1693 1533/3621/1533 1636/2269/1636
f 1693/1160/1693 1590/1085/1590 1533/3621/1533
f 1640/1082/1640 1639/1133/1639 1637/2253/1637
f 1695/3622/1695 1535/1166/1535 1343/1036/1343
f 1640/1082/1640 1642/1135/1642 1596/1132/1596
f 1594/1129/1594 1595/3623/1595 1697/1134/1697
f 1639/1133/1639 1596/1132/1596 1594/1046/1594
f 1596/1132/1596 1642/1135/1642 1599/2273/1599
f 1642/1135/1642 1646/1136/1646 1599/2273/1599
f 1648/1169/1648 1601/1168/1601 1599/3614/1599
f 1548/3103/1548 1549/1051/1549 1651/3133/1651
f 1652/3193/1652 1794/3192/1794 1550/1145/1550
f 1653/3141/1653 1605/3120/1605 1709/3196/1709
f 1713/1171/1713 1612/1097/1612 1554/1096/1554
f 1801/1147/1801 1617/1064/1617 1558/1172/1558
f 1765/2314/1765 1619/2236/1619 1666/3147/1666
f 1620/1180/1620 1668/2280/1668 1667/1178/1667
f 1567/3624/1567 1729/1184/1729 1768/1225/1768
f 1671/1149/1671 1571/1151/1571 1734/1202/1734
f 1675/1113/1675 1624/1112/1624 1775/1115/1775
f 1674/1121/1674 1676/1124/1676 1672/1150/1672
f 1672/1150/1672 1676/1124/1676 1625/3618/1625
f 1685/2262/1685 1684/2263/1684 1682/2261/1682
f 1582/3625/1582 1630/1068/1630 1687/3626/1687
f 1689/1157/1689 1633/1074/1633 1526/1071/1526
f 1637/2270/1637 1639/1131/1639 1743/2321/1743
f 1700/2272/1700 1646/1136/1646 1643/1087/1643
f 1546/3627/1546 1705/3181/1705 1791/2298/1791
f 1709/3196/1709 1605/3120/1605 1751/3213/1751
f 1765/3628/1765 1666/3629/1666 1723/3630/1723
f 1722/2277/1722 1725/2276/1725 1767/3631/1767
f 1729/1184/1729 1730/1183/1730 1768/1225/1768
f 1813/1181/1813 1771/1250/1771 1566/1062/1566
f 1730/1183/1730 1622/1182/1622 1731/1228/1731
f 1735/3632/1735 1736/3633/1736 1774/3634/1774
f 1671/1149/1671 1674/1121/1674 1672/1150/1672
f 1819/1188/1819 1737/1152/1737 1674/1121/1674
f 1678/2247/1678 1679/3149/1679 1677/3148/1677
f 1582/3625/1582 1687/3626/1687 1683/3635/1683
f 1784/3636/1784 1702/1164/1702 1535/1166/1535
f 1707/1193/1707 1749/1192/1749 1828/1236/1828
f 1830/3167/1830 1652/3193/1652 1547/3140/1547
f 1663/3637/1663 1664/2241/1664 1843/2330/1843
f 1768/1225/1768 1730/1183/1730 1808/1196/1808
f 1667/1178/1667 1770/2281/1770 1814/1200/1814
f 1769/1195/1769 1771/1250/1771 1813/1181/1813
f 1769/1195/1769 1730/1183/1730 1815/1230/1815
f 1769/1195/1769 1815/1230/1815 1771/1250/1771
f 1730/1183/1730 1731/1228/1731 1815/1230/1815
f 1772/1232/1772 1732/3638/1732 1669/3190/1669
f 1732/1185/1732 1857/1201/1857 1670/1187/1670
f 1570/2193/1570 1773/2364/1773 1733/1255/1733
f 1452/2228/1452 1690/2268/1690 1776/3639/1776
f 1743/2321/1743 1781/2320/1781 1782/2400/1782
f 1784/3636/1784 1787/1207/1787 1702/1164/1702
f 1708/1191/1708 1829/1259/1829 1749/1192/1749
f 1832/1212/1832 1795/1211/1795 1831/2376/1831
f 1797/1326/1797 1883/1291/1883 1655/3640/1655
f 1807/2336/1807 1724/2335/1724 1805/2315/1805
f 1766/1219/1766 1767/3641/1767 1807/1216/1807
f 1807/2336/1807 1767/3642/1767 1725/2334/1725
f 1903/1252/1903 1732/1185/1732 1772/3643/1772
f 1511/2195/1511 1774/3644/1774 1773/2364/1773
f 1906/2339/1906 1775/1115/1775 1819/1188/1819
f 1708/1191/1708 1651/1239/1651 1829/1259/1829
f 1874/1327/1874 1794/3215/1794 1830/3212/1830
f 1811/3645/1811 1898/1266/1898 1809/3646/1809
f 1896/1268/1896 1812/3647/1812 1892/3648/1892
f 1952/1270/1952 1903/1252/1903 1902/1309/1902
f 1955/1256/1955 1819/1188/1819 1857/1201/1857
f 1922/3649/1922 1923/1234/1923 1787/1207/1787
f 1871/1283/1871 1830/3212/1830 1923/1234/1923
f 1829/1259/1829 1651/1239/1651 1873/1287/1873
f 1651/1239/1651 1875/1238/1875 1873/1287/1873
f 1878/3650/1878 1831/3199/1831 1877/3214/1877
f 1990/1297/1990 1994/1296/1994 1989/1261/1989
f 1994/1296/1994 1846/1221/1846 1989/1261/1989
f 1994/1296/1994 1943/1240/1943 1846/1221/1846
f 1891/3651/1891 1894/3652/1894 1893/3653/1893
f 1893/3654/1893 1809/3655/1809 1896/3656/1896
f 1809/3646/1809 1898/1266/1898 1896/1268/1896
f 1773/3225/1773 1956/3657/1956 1856/1313/1856
f 1955/1256/1955 1907/1337/1907 1819/1188/1819
f 1773/3225/1773 1906/2339/1906 1956/3657/1956
f 1966/3314/1966 1784/3260/1784 1695/3658/1695
f 1872/1235/1872 1829/1259/1829 1927/1286/1927
f 1871/1283/1871 1874/1327/1874 1830/3212/1830
f 1877/1330/1877 1928/1329/1928 1878/3659/1878
f 1979/1288/1979 1930/3318/1930 1754/1289/1754
f 1989/1261/1989 1889/1241/1889 2037/1301/2037
f 1938/3239/1938 1940/3660/1940 1844/3240/1844
f 1890/2391/1890 1849/2332/1849 1993/3661/1993
f 2085/1307/2085 1897/1306/1897 1949/1302/1949
f 1855/1246/1855 1903/1252/1903 1901/1249/1901
f 2004/1312/2004 1905/1251/1905 1903/1252/1903
f 1954/3662/1954 1856/1313/1856 2002/1315/2002
f 2004/1312/2004 1955/1256/1955 1905/1251/1905
f 1856/1313/1856 1956/3657/1956 2005/1314/2005
f 1956/3657/1956 1906/2339/1906 1907/1337/1907
f 1957/3663/1957 1909/1279/1909 1908/1278/1908
f 1908/3664/1908 1960/3665/1960 1959/3666/1959
f 2057/3258/2057 1784/3260/1784 1966/3314/1966
f 2059/2464/2059 1919/3290/1919 1824/2465/1824
f 1922/3649/1922 2065/1320/2065 1923/1234/1923
f 2065/1320/2065 1924/1284/1924 1923/1234/1923
f 1828/1236/1828 1973/1285/1973 1926/1257/1926
f 1927/1286/1927 1974/1324/1974 1973/1285/1973
f 1927/1286/1927 1873/1287/1873 1977/1323/1977
f 1873/1287/1873 1875/1238/1875 1977/1323/1977
f 1976/1372/1976 1874/1327/1874 1871/1283/1871
f 1793/3234/1793 1880/3667/1880 1978/3668/1978
f 1980/1328/1980 1981/1331/1981 1928/1329/1928
f 2024/1325/2024 2120/1292/2120 1797/1326/1797
f 1797/1326/1797 2120/1292/2120 1883/1291/1883
f 2075/1347/2075 1990/1297/1990 1989/1261/1989
f 1939/1299/1939 1995/3669/1995 1938/3670/1938
f 2085/1307/2085 1949/1302/1949 2047/1304/2047
f 1999/1308/1999 1952/1270/1952 2051/1351/2051
f 2051/1351/2051 1952/1270/1952 2000/1310/2000
f 1900/2397/1900 1899/1353/1899 2090/1355/2090
f 2003/1383/2003 2004/1312/2004 2001/1311/2001
f 2002/1315/2002 2005/1314/2005 2003/1383/2003
f 2003/1383/2003 2005/1314/2005 2004/1312/2004
f 2005/1314/2005 1907/1337/1907 2004/1312/2004
f 1956/3657/1956 1907/1337/1907 2005/1314/2005
f 1913/2369/1913 2055/3289/2055 1962/2457/1962
f 2060/2514/2060 1969/3207/1969 1919/3290/1919
f 1925/2489/1925 1870/2427/1870 2112/1433/2112
f 2019/1339/2019 1973/1285/1973 2018/1319/2018
f 1973/1285/1973 1974/1324/1974 2018/1319/2018
f 1974/1324/1974 2020/1321/2020 2018/1319/2018
f 1974/1324/1974 2021/3270/2021 2020/1321/2020
f 2020/1321/2020 2021/3270/2021 2022/1391/2022
f 1975/1322/1975 2020/1321/2020 2022/1391/2022
f 1975/1322/1975 1976/1372/1976 1871/1283/1871
f 2068/1371/2068 2024/1325/2024 1976/1372/1976
f 2120/1292/2120 2072/1399/2072 1931/1214/1931
f 2072/3671/2072 2034/3672/2034 2031/3673/2031
f 1935/3674/1935 2037/1301/2037 1938/3670/1938
f 2037/1301/2037 1939/1299/1939 1938/3670/1938
f 2040/1349/2040 1993/2438/1993 2043/1350/2043
f 1945/2390/1945 1997/1413/1997 2141/2530/2141
f 1899/3675/1899 1953/3287/1953 2089/3309/2089
f 1954/3662/1954 2002/1315/2002 2093/1382/2093
f 2093/1382/2093 2002/1315/2002 2003/1383/2003
f 1858/1359/1858 2053/1360/2053 2052/1357/2052
f 1916/2403/1916 2014/3676/2014 2056/3677/2056
f 2015/2470/2015 2108/2469/2108 2155/3678/2155
f 2106/1389/2106 2065/1320/2065 1922/3649/1922
f 2112/1433/2112 1870/2427/1870 1926/2426/1926
f 1977/1323/1977 2067/1497/2067 2021/3270/2021
f 2022/1391/2022 2114/1373/2114 1975/1322/1975
f 1977/1323/1977 2023/1341/2023 2067/1497/2067
f 2114/1373/2114 1976/1372/1976 1975/1322/1975
f 1985/3679/1985 2121/1438/2121 2027/1435/2027
f 2033/1346/2033 2074/3680/2074 2072/1399/2072
f 2033/1346/2033 2132/1374/2132 2075/1347/2075
f 2132/1374/2132 2176/1375/2176 2039/1336/2039
f 2077/3681/2077 2079/3682/2079 2134/3683/2134
f 2176/1375/2176 2177/1408/2177 2040/1349/2040
f 2177/1408/2177 2086/1407/2086 2040/1349/2040
f 2044/1379/2044 2141/3684/2141 2187/1380/2187
f 2095/3685/2095 2053/3686/2053 1858/2422/1858
f 2053/1360/2053 2094/1424/2094 2008/1361/2008
f 2151/1427/2151 2060/2535/2060 2103/1428/2103
f 2103/1428/2103 2060/2535/2060 2104/3687/2104
f 2067/1497/2067 2113/1390/2113 2021/3270/2021
f 2021/3270/2021 2113/1390/2113 2022/1391/2022
f 2023/1341/2023 2116/1342/2116 2115/1496/2115
f 1876/1260/1876 2160/1498/2160 2116/1342/2116
f 2069/2476/2069 2117/3688/2117 1982/3689/1982
f 2068/1371/2068 2162/1395/2162 2024/1325/2024
f 2027/1435/2027 2166/1397/2166 2026/1396/2026
f 2168/1440/2168 2032/3690/2032 2123/2538/2123
f 2239/1538/2239 2132/1374/2132 2033/1346/2033
f 2128/3691/2128 2127/3692/2127 2125/3693/2125
f 2130/2543/2130 1935/3674/1935 2035/3694/2035
f 2130/2543/2130 2129/2544/2129 1935/3674/1935
f 2129/2544/2129 2037/1301/2037 1935/3674/1935
f 2038/3695/2038 2133/1403/2133 2076/3696/2076
f 2179/1452/2179 2181/1406/2181 2177/1408/2177
f 2136/3697/2136 2180/3698/2180 2085/1307/2085
f 2043/3699/2043 2084/1456/2084 2182/1411/2182
f 2182/1411/2182 2045/1410/2045 2081/3700/2081
f 1996/2480/1996 2138/1305/2138 2180/3698/2180
f 2180/3698/2180 2138/1305/2138 2085/1307/2085
f 2141/2530/2141 2186/1412/2186 2187/3701/2187
f 2092/3702/2092 2093/1382/2093 2142/1384/2142
f 2053/1360/2053 2144/1421/2144 2094/1424/2094
f 2055/3703/2055 2146/1426/2146 2096/1471/2096
f 2097/1387/2097 2099/1386/2099 2148/1425/2148
f 2014/3704/2014 2101/1480/2101 2056/3705/2056
f 2151/1427/2151 2150/1430/2150 2148/1425/2148
f 2151/1427/2151 2103/1428/2103 2150/1430/2150
f 2103/1428/2103 2058/3706/2058 2152/1429/2152
f 2058/3706/2058 2153/1491/2153 2152/1429/2152
f 2063/3291/2063 2155/3707/2155 2200/3708/2200
f 2202/1488/2202 2155/1487/2155 2108/2536/2108
f 2109/1388/2109 2157/1556/2157 2065/1320/2065
f 2157/1556/2157 2066/1338/2066 2065/1320/2065
f 2023/1341/2023 2115/1496/2115 2067/1497/2067
f 2159/1531/2159 2114/1373/2114 2113/1390/2113
f 1978/3668/1978 2161/1532/2161 2160/1498/2160
f 2069/1394/2069 2119/1393/2119 2117/1503/2117
f 2025/3709/2025 2163/1502/2163 2118/1505/2118
f 2119/1393/2119 2166/1397/2166 2164/1506/2164
f 2121/1438/2121 2165/1434/2165 2027/1435/2027
f 2166/1397/2166 2209/1437/2209 2164/1506/2164
f 2209/1437/2209 2167/1436/2167 2210/1536/2210
f 2210/1536/2210 2167/1436/2167 2122/1443/2122
f 2208/1398/2208 2239/1538/2239 2072/1399/2072
f 2124/3710/2124 2126/1541/2126 2169/1507/2169
f 2172/3711/2172 2171/3338/2171 2170/3337/2170
f 2175/1511/2175 2130/2543/2130 2035/3694/2035
f 2073/1344/2073 2131/2523/2131 2126/2521/2126
f 2173/1510/2173 2133/1403/2133 2214/1405/2214
f 2179/1452/2179 2137/1454/2137 2181/1406/2181
f 2183/1457/2183 2139/1409/2139 2182/1411/2182
f 2140/3712/2140 2184/3713/2184 2185/3714/2185
f 2139/1409/2139 2241/1461/2241 2188/1469/2188
f 2092/3702/2092 2142/1384/2142 2192/3715/2192
f 2054/3716/2054 2244/1518/2244 2095/1517/2095
f 2054/3716/2054 2145/1549/2145 2244/1518/2244
f 2146/1426/2146 2148/1425/2148 2194/1470/2194
f 2194/1470/2194 2195/1522/2195 2096/1471/2096
f 2220/1519/2220 1966/3717/1966 2147/1520/2147
f 2194/1470/2194 2150/1430/2150 2196/1521/2196
f 2145/1549/2145 2246/1479/2246 2221/1551/2221
f 2195/1522/2195 2223/1472/2223 2098/1474/2098
f 2220/1519/2220 2057/1525/2057 1966/3717/1966
f 2152/1429/2152 2198/1528/2198 2196/1521/2196
f 2012/1477/2012 2223/1472/2223 2225/1478/2225
f 2101/3321/2101 2102/3317/2102 2199/3718/2199
f 2197/1476/2197 2224/1484/2224 2064/1486/2064
f 2153/1491/2153 2226/1490/2226 2152/1429/2152
f 2201/1526/2201 2109/1388/2109 2106/1389/2106
f 2203/1558/2203 2111/3719/2111 2250/1559/2250
f 2258/1572/2258 2158/1340/2158 2229/2537/2229
f 2116/1342/2116 2205/1499/2205 2115/1496/2115
f 2232/1500/2232 2162/1395/2162 2068/1371/2068
f 2118/1505/2118 2207/1504/2207 2161/1532/2161
f 2117/1503/2117 2164/1506/2164 2206/1501/2206
f 2209/1437/2209 2210/1536/2210 2164/1506/2164
f 2122/1443/2122 2237/1442/2237 2210/1536/2210
f 2070/1439/2070 2212/1508/2212 2165/1434/2165
f 2239/1538/2239 2176/1375/2176 2132/1374/2132
f 2212/1508/2212 2214/1405/2214 2174/1509/2174
f 2137/1454/2137 2216/3720/2216 2186/1455/2186
f 2084/1456/2084 2189/1542/2189 2183/1457/2183
f 2144/1421/2144 2219/1548/2219 2094/1424/2094
f 2196/1521/2196 2222/1523/2222 2195/1522/2195
f 2149/1475/2149 2199/1481/2199 2224/1484/2224
f 2149/1475/2149 2224/1484/2224 2197/1476/2197
f 2196/1521/2196 2198/1528/2198 2222/1523/2222
f 2057/1525/2057 2247/1524/2247 2062/1527/2062
f 2199/1481/2199 2200/1483/2200 2224/1484/2224
f 2200/1483/2200 2202/1488/2202 2224/1484/2224
f 2250/1559/2250 2112/3721/2112 2258/1572/2258
f 2230/1574/2230 2204/1530/2204 2159/1531/2159
f 2160/1498/2160 2207/1504/2207 2205/1499/2205
f 2232/1500/2232 2208/1398/2208 2162/1395/2162
f 2206/1501/2206 2233/1534/2233 2234/1535/2234
f 2164/1506/2164 2210/1536/2210 2233/1534/2233
f 2237/1442/2237 2236/1561/2236 2234/1535/2234
f 2237/1442/2237 2169/1507/2169 2236/1561/2236
f 2169/1507/2169 2238/1578/2238 2236/1561/2236
f 2126/1541/2126 2254/1540/2254 2238/1578/2238
f 2239/1538/2239 2261/1576/2261 2176/1375/2176
f 2261/1576/2261 2215/1450/2215 2176/1375/2176
f 2254/1540/2254 2134/3722/2134 2240/1453/2240
f 2145/1549/2145 2221/1551/2221 2245/1550/2245
f 2256/1547/2256 2220/1519/2220 2193/1422/2193
f 2222/1523/2222 2248/1552/2248 2223/1472/2223
f 2225/1478/2225 2248/1552/2248 2246/1479/2246
f 2222/1523/2222 2249/1554/2249 2268/1553/2268
f 2198/1528/2198 2249/1554/2249 2222/1523/2222
f 2201/1526/2201 2269/1555/2269 2109/1388/2109
f 2269/1555/2269 2227/1568/2227 2157/1556/2157
f 2251/1492/2251 2257/1557/2257 2249/1554/2249
f 2251/1492/2251 2228/3723/2228 2257/1557/2257
f 2257/1557/2257 2228/3723/2228 2203/1558/2203
f 2113/1390/2113 2231/1529/2231 2230/1574/2230
f 2252/1537/2252 2208/1398/2208 2232/1500/2232
f 2234/1535/2234 2253/1562/2253 2235/1533/2235
f 2252/1537/2252 2261/1576/2261 2239/1538/2239
f 2279/1564/2279 2215/1450/2215 2261/1576/2261
f 2244/1518/2244 2245/1550/2245 2255/1588/2255
f 2264/1566/2264 2220/1519/2220 2256/1547/2256
f 2245/1550/2245 2246/1479/2246 2265/1581/2265
f 2246/1479/2246 2267/1584/2267 2265/1581/2265
f 2248/1552/2248 2267/1584/2267 2246/1479/2246
f 2268/1553/2268 2267/1584/2267 2248/1552/2248
f 2268/1553/2268 2257/1557/2257 2270/1571/2270
f 2257/1557/2257 2250/1559/2250 2270/1571/2270
f 2272/1569/2272 2229/2537/2229 2227/1568/2227
f 2230/1574/2230 2260/1575/2260 2204/1530/2204
f 2260/1575/2260 2232/1500/2232 2204/1530/2204
f 2205/1499/2205 2273/1560/2273 2259/1573/2259
f 2238/1578/2238 2278/1579/2278 2253/1562/2253
f 2254/1540/2254 2262/1563/2262 2278/1579/2278
f 2263/1580/2263 2256/1547/2256 2219/1548/2219
f 2255/1588/2255 2245/1550/2245 2281/1582/2281
f 2263/1580/2263 2264/1566/2264 2256/1547/2256
f 2284/1583/2284 2272/1569/2272 2269/1555/2269
f 2276/1587/2276 2275/1586/2275 2259/1573/2259
f 2273/1560/2273 2235/1533/2235 2276/1587/2276
f 2253/1562/2253 2276/1587/2276 2235/1533/2235
f 2260/1575/2260 2277/1577/2277 2252/1537/2252
f 2243/1546/2243 2280/1589/2280 2263/1580/2263
f 2282/1590/2282 2266/1567/2266 2264/1566/2264
f 2267/1584/2267 2283/1591/2283 2265/1581/2265
f 2286/1592/2286 2272/1569/2272 2284/1583/2284
f 2286/1592/2286 2271/1570/2271 2272/1569/2272
f 2281/1582/2281 2285/1593/2285 2280/1589/2280
f 2280/1589/2280 2285/1593/2285 2282/1590/2282
f 2281/1582/2281 2265/1581/2265 2285/1593/2285
f 2282/1590/2282 2286/1592/2286 2284/1583/2284
f 2285/1593/2285 2283/1591/2283 2286/1592/2286
f 85/61/85 57/26/57 87/92/87
f 190/3724/190 62/3725/62 63/3726/63
f 65/100/65 92/99/92 132/1633/132
f 105/1595/105 38/40/38 106/3727/106
f 38/40/38 207/3363/207 106/3727/106
f 111/2562/111 112/146/112 83/2555/83
f 135/3728/135 68/13/68 197/3354/197
f 47/3349/47 255/3729/255 48/53/48
f 107/3350/107 108/1612/108 153/3371/153
f 156/222/156 269/228/269 54/56/54
f 168/115/168 87/92/87 169/3365/169
f 188/3379/188 126/3730/126 125/3380/125
f 244/129/244 294/171/294 93/170/93
f 193/1641/193 136/134/136 137/1603/137
f 193/1641/193 194/1640/194 136/134/136
f 138/132/138 254/241/254 96/1610/96
f 256/141/256 146/75/146 258/144/258
f 151/2574/151 203/3731/203 299/2620/299
f 207/3363/207 107/3350/107 153/3371/153
f 81/83/81 304/247/304 108/1612/108
f 407/320/407 268/148/268 158/147/158
f 272/254/272 212/1613/212 163/3383/163
f 166/114/166 217/1669/217 216/185/216
f 169/3365/169 275/3372/275 168/115/168
f 230/1626/230 185/1625/185 184/3732/184
f 92/99/92 64/101/64 238/203/238
f 66/128/66 245/3733/245 244/129/244
f 248/1637/248 134/1596/134 135/1638/135
f 249/211/249 135/1638/135 197/209/197
f 251/277/251 145/136/145 253/275/253
f 206/2621/206 105/3734/105 401/2692/401
f 312/226/312 110/225/110 210/182/210
f 270/224/270 361/1648/361 160/184/160
f 167/186/167 216/185/216 219/231/219
f 217/1669/217 275/3372/275 274/3735/274
f 276/1652/276 223/3736/223 222/1653/222
f 281/3388/281 283/155/283 325/3401/325
f 284/1677/284 228/3737/228 227/1678/227
f 285/3738/285 230/3739/230 184/3740/184
f 181/198/181 234/235/234 183/161/183
f 245/3733/245 66/128/66 248/1637/248
f 296/1735/296 193/1641/193 196/1605/196
f 251/277/251 252/1661/252 141/137/141
f 251/277/251 297/1662/297 252/1661/252
f 257/1711/257 256/1663/256 396/1665/396
f 101/108/101 346/3741/346 201/2577/201
f 105/3734/105 106/1667/106 401/2692/401
f 106/1667/106 300/1647/300 401/2692/401
f 153/1645/153 351/3742/351 301/1646/301
f 267/178/267 268/148/268 407/320/407
f 311/1718/311 407/320/407 158/147/158
f 362/3743/362 211/3744/211 361/3745/361
f 412/322/412 158/147/158 211/183/211
f 275/2638/275 170/234/170 368/233/368
f 277/3746/277 316/3747/316 221/3748/221
f 419/232/419 281/2605/281 420/1786/420
f 90/94/90 280/291/280 321/264/321
f 330/1794/330 192/1635/192 293/1634/293
f 336/1688/336 339/1693/339 294/171/294
f 389/1706/389 245/3733/245 248/1637/248
f 339/1693/339 340/1765/340 246/169/246
f 341/1694/341 343/1771/343 194/1640/194
f 342/1734/342 193/1641/193 296/1735/296
f 343/1771/343 254/241/254 138/132/138
f 152/1695/152 349/1713/349 399/1696/399
f 206/2621/206 401/2692/401 441/1742/441
f 210/182/210 271/181/271 363/1780/363
f 363/1780/363 271/181/271 315/256/315
f 217/3749/217 416/288/416 366/290/366
f 217/3749/217 274/3750/274 416/288/416
f 275/2638/275 455/1783/455 274/3750/274
f 276/1649/276 367/2637/367 224/1650/224
f 179/1680/179 423/3751/423 324/1679/324
f 369/1684/369 370/3752/370 232/1686/232
f 282/1674/282 286/263/286 326/3420/326
f 234/1702/234 372/3753/372 373/1730/373
f 326/2648/326 286/3754/286 190/2558/190
f 236/1655/236 234/1702/234 466/1704/466
f 378/2687/378 329/2689/329 291/3755/291
f 330/1794/330 432/1796/432 381/1797/381
f 388/3756/388 338/274/338 337/273/337
f 389/1706/389 388/386/388 245/3733/245
f 390/1769/390 295/1639/295 342/1734/342
f 390/1769/390 341/1694/341 295/1639/295
f 391/1709/391 254/241/254 343/1771/343
f 393/1707/393 251/277/251 344/276/344
f 394/1708/394 198/242/198 254/241/254
f 260/1738/260 257/1711/257 395/1710/395
f 300/1647/300 301/1646/301 503/2694/503
f 406/3757/406 408/366/408 211/3758/211
f 409/1779/409 312/226/312 210/182/210
f 409/1779/409 410/1805/410 312/226/312
f 410/1805/410 411/1719/411 312/226/312
f 364/1749/364 414/1748/414 314/255/314
f 414/1748/414 413/1720/413 314/255/314
f 320/3759/320 325/1683/325 420/1786/420
f 371/2662/371 422/2661/422 318/3760/318
f 422/3761/422 319/3762/319 322/3763/322
f 236/1655/236 466/1704/466 465/1729/465
f 237/204/237 523/1758/523 290/295/290
f 382/361/382 241/3764/241 433/359/433
f 388/306/388 387/3765/387 336/307/336
f 246/169/246 491/425/491 247/208/247
f 438/1736/438 296/1735/296 297/1662/297
f 260/1738/260 439/1737/439 440/1739/440
f 401/2692/401 544/1802/544 502/1803/502
f 401/2692/401 300/1647/300 544/1802/544
f 300/1647/300 503/2694/503 544/1802/544
f 402/283/402 445/2677/445 309/252/309
f 404/3766/404 448/3767/448 360/3768/360
f 409/1779/409 210/182/210 363/1780/363
f 413/1720/413 451/1781/451 363/1780/363
f 416/288/416 274/3750/274 513/1825/513
f 274/3750/274 455/1783/455 513/1825/513
f 419/232/419 515/1752/515 368/233/368
f 419/232/419 420/1786/420 517/1751/517
f 323/1755/323 460/1754/460 459/1808/459
f 325/1683/325 604/1723/604 420/1786/420
f 464/1811/464 284/1677/284 322/1676/322
f 372/3769/372 462/3770/462 373/3771/373
f 317/347/317 318/349/318 463/345/463
f 374/1703/374 373/1730/373 466/1704/466
f 426/3772/426 471/3773/471 470/3774/470
f 377/331/377 469/3775/469 428/329/428
f 430/1731/430 478/379/478 378/1732/378
f 486/384/486 388/386/388 389/1706/389
f 488/1766/488 389/1706/389 249/211/249
f 490/1768/490 342/1734/342 438/1736/438
f 494/1773/494 391/1709/391 343/1771/343
f 495/1774/495 297/1662/297 393/1707/393
f 497/2672/497 496/3776/496 344/2673/344
f 395/1710/395 396/1665/396 539/1776/539
f 441/1742/441 540/1822/540 539/1776/539
f 542/2712/542 202/2597/202 500/2710/500
f 399/1696/399 349/1713/349 442/427/442
f 448/367/448 408/366/408 406/3757/406
f 408/323/408 508/1807/508 412/322/412
f 510/431/510 413/1720/413 414/1748/414
f 510/431/510 509/1782/509 413/1720/413
f 416/288/416 647/1827/647 417/289/417
f 416/288/416 513/1825/513 647/1827/647
f 515/1752/515 517/1751/517 602/1851/602
f 423/1756/423 558/1810/558 460/1754/460
f 461/1682/461 562/1787/562 604/1723/604
f 461/1682/461 465/1729/465 562/1787/562
f 522/3777/522 471/3778/471 470/3779/470
f 473/350/473 524/3436/524 476/353/476
f 476/1791/476 524/440/524 526/1792/526
f 488/1766/488 486/384/486 389/1706/389
f 535/1820/535 438/1736/438 495/1774/495
f 439/1737/439 395/1710/395 538/1844/538
f 441/1742/441 502/1803/502 592/558/592
f 544/1802/544 503/2694/503 642/561/642
f 550/400/550 446/3780/446 504/398/504
f 505/1778/505 311/1718/311 551/3781/551
f 551/3781/551 311/1718/311 412/322/412
f 553/566/553 506/1747/506 411/1719/411
f 452/1750/452 555/1824/555 414/1748/414
f 417/289/417 647/1827/647 514/1849/514
f 517/1751/517 604/1723/604 603/1894/603
f 466/1704/466 560/1812/560 562/1787/562
f 519/3782/519 657/3783/657 462/3784/462
f 468/372/468 521/371/521 523/3437/523
f 428/329/428 569/446/569 525/445/525
f 427/332/427 429/1814/429 611/442/611
f 524/440/524 610/1834/610 526/1792/526
f 571/378/571 572/449/572 478/379/478
f 582/385/582 387/1705/387 388/386/388
f 583/1839/583 487/1764/487 339/1693/339
f 487/1764/487 630/1863/630 491/425/491
f 533/1770/533 341/1694/341 390/1769/390
f 496/1775/496 536/1819/536 393/1707/393
f 395/1710/395 587/1821/587 538/1844/538
f 439/1737/439 538/1844/538 590/1801/590
f 540/1822/540 592/558/592 639/2717/639
f 503/3785/503 443/318/443 594/391/594
f 551/3781/551 412/322/412 508/1807/508
f 510/431/510 598/433/598 509/1782/509
f 373/3771/373 462/3770/462 657/3786/657
f 605/3787/605 559/3788/559 563/3789/563
f 562/415/562 560/3790/560 564/414/564
f 530/2720/530 574/3791/574 616/1906/616
f 628/1838/628 387/1705/387 582/385/582
f 631/1841/631 533/1770/533 390/1769/390
f 634/3792/634 492/3793/492 533/3794/533
f 502/1803/502 734/605/734 592/558/592
f 593/563/593 544/1802/544 642/561/642
f 553/566/553 554/1890/554 506/1747/506
f 511/2696/511 599/3795/599 452/2678/452
f 514/1849/514 647/1827/647 646/519/646
f 604/1723/604 792/1892/792 603/1894/603
f 610/1834/610 703/439/703 750/1874/750
f 619/382/619 620/584/620 664/641/664
f 672/3796/672 671/2729/671 623/2728/623
f 486/384/486 676/1921/676 582/385/582
f 629/1840/629 486/384/486 488/1766/488
f 584/1864/584 585/424/585 491/425/491
f 632/1900/632 629/1899/629 489/3797/489
f 679/3798/679 494/1773/494 634/1842/634
f 682/511/682 683/3799/683 496/3776/496
f 642/561/642 503/2694/503 780/3800/780
f 508/1807/508 692/1904/692 551/3781/551
f 514/1849/514 646/519/646 695/521/695
f 647/1827/647 743/570/743 646/519/646
f 653/1809/653 558/1810/558 698/3801/698
f 654/3802/654 603/1894/603 747/1893/747
f 568/491/568 564/1828/564 656/492/656
f 616/3803/616 574/1878/574 709/1877/709
f 581/464/581 626/540/626 770/537/770
f 630/1863/630 487/1764/487 583/1839/583
f 677/1884/677 721/500/721 631/502/631
f 780/2796/780 503/3804/503 735/517/735
f 692/1904/692 505/1778/505 551/3781/551
f 782/565/782 554/1890/554 553/566/553
f 782/565/782 508/1807/508 507/1806/507
f 599/2783/599 785/2782/785 555/3475/555
f 646/519/646 743/570/743 742/520/742
f 602/1851/602 791/2843/791 601/1852/601
f 654/3802/654 747/1893/747 791/2843/791
f 703/439/703 704/3805/704 750/1874/750
f 705/498/705 794/3806/794 660/452/660
f 668/3807/668 759/3808/759 669/590/669
f 807/628/807 577/456/577 760/531/760
f 672/3809/672 763/3810/763 671/3811/671
f 771/1920/771 628/1838/628 676/1921/676
f 851/1932/851 630/1863/630 583/1839/583
f 585/424/585 819/664/819 392/309/392
f 733/512/733 687/514/687 732/550/732
f 593/563/593 857/606/857 734/605/734
f 860/1902/860 595/396/595 644/399/644
f 738/3488/738 736/638/736 597/3478/597
f 645/569/645 830/608/830 738/3488/738
f 658/1873/658 560/1812/560 908/2876/908
f 750/3812/750 835/3813/835 749/3814/749
f 750/1874/750 704/3805/704 835/3815/835
f 754/587/754 802/3816/802 800/3486/800
f 806/3817/806 668/2726/668 667/2725/667
f 767/2750/767 888/2802/888 769/2751/769
f 814/597/814 719/539/719 815/697/815
f 593/563/593 825/562/825 857/606/857
f 829/2809/829 782/3818/782 737/637/737
f 658/1873/658 908/2876/908 699/1895/699
f 700/3819/700 701/2763/701 749/2762/749
f 835/675/835 704/576/704 836/1943/836
f 793/1942/793 837/1941/837 705/3491/705
f 837/1941/837 838/2864/838 794/620/794
f 708/619/708 796/2812/796 753/622/753
f 771/3820/771 583/3821/583 628/3822/628
f 771/1920/771 893/1933/893 583/1839/583
f 851/1932/851 818/656/818 630/1863/630
f 825/562/825 780/3800/780 899/3823/899
f 836/1943/836 704/576/704 871/575/871
f 797/1908/797 752/1907/752 984/2880/984
f 958/642/958 664/641/664 876/583/876
f 756/2830/756 757/1949/757 878/1948/878
f 879/684/879 805/1912/805 844/682/844
f 879/684/879 921/714/921 806/1950/806
f 718/2803/718 890/2857/890 816/3824/816
f 850/657/850 818/656/818 851/1932/851
f 817/1919/817 895/762/895 771/1920/771
f 896/722/896 852/662/852 720/661/720
f 857/3500/857 971/3502/971 970/671/970
f 862/3825/862 938/2822/938 692/2756/692
f 746/3479/746 942/1974/942 941/3826/941
f 867/1923/867 792/1892/792 906/1924/906
f 905/1940/905 981/1991/981 837/1941/837
f 870/1969/870 913/1997/913 914/1967/914
f 885/1971/885 923/3827/923 886/3503/886
f 932/2873/932 851/1932/851 893/1933/893
f 895/762/895 892/764/892 771/1920/771
f 866/1958/866 867/3828/867 947/1959/947
f 910/1975/910 908/2876/908 949/1976/949
f 907/3829/907 910/1975/910 909/1979/909
f 951/3830/951 869/2826/869 912/2825/912
f 836/1943/836 871/575/871 1040/2877/1040
f 991/646/991 922/648/922 1018/736/1018
f 883/737/883 964/2002/964 845/3831/845
f 964/1970/964 923/3827/923 885/1971/885
f 867/1923/867 978/1953/978 947/749/947
f 878/1948/878 1014/776/1014 1044/775/1044
f 994/2013/994 995/2012/995 921/714/921
f 997/2831/997 929/3513/929 998/741/998
f 1000/1987/1000 966/2020/966 897/541/897
f 978/1953/978 1064/2024/1064 1010/750/1010
f 906/1924/906 979/3832/979 978/1953/978
f 910/1975/910 1011/1977/1011 980/1978/980
f 949/1976/949 908/2876/908 1038/1994/1038
f 913/1997/913 953/1966/953 1087/791/1087
f 1020/761/1020 994/2013/994 921/714/921
f 964/1970/964 1023/2923/1023 923/3827/923
f 978/1953/978 1037/2025/1037 1064/2024/1064
f 978/1953/978 979/3832/979 1037/2025/1037
f 1008/2899/1008 1035/3833/1035 1034/2897/1034
f 942/1974/942 944/1973/944 1109/3033/1109
f 1011/1977/1011 949/1976/949 1085/3834/1085
f 1075/3835/1075 999/2872/999 893/1933/893
f 944/1973/944 1064/2024/1064 1111/2026/1111
f 979/3832/979 1084/3836/1084 1037/2025/1037
f 979/3832/979 1011/1977/1011 1084/3836/1084
f 1085/3834/1085 1038/1994/1038 1112/3837/1112
f 1038/1994/1038 950/1993/950 1149/2027/1149
f 1087/791/1087 954/1965/954 1088/2028/1088
f 1069/781/1069 1047/784/1047 1122/2034/1122
f 1046/783/1046 1123/2044/1123 1122/2034/1122
f 1093/792/1093 1095/2035/1095 1049/760/1049
f 1095/2035/1095 1020/761/1020 1019/769/1019
f 1097/2060/1097 994/2013/994 1020/761/1020
f 1099/2089/1099 1100/2088/1100 1022/2001/1022
f 1074/2017/1074 998/771/998 1131/2990/1131
f 1104/2992/1104 1058/763/1058 1059/2015/1059
f 1076/2924/1076 1077/2925/1077 1000/742/1000
f 1149/3838/1149 1087/3839/1087 1113/3536/1113
f 1044/775/1044 1067/777/1067 1118/3840/1118
f 1095/2035/1095 1097/2060/1097 1020/761/1020
f 1097/2060/1097 1127/2048/1127 994/2013/994
f 1134/2973/1134 1059/2972/1059 1029/2004/1029
f 1078/2945/1078 1134/2973/1134 1029/2004/1029
f 1037/2025/1037 1084/3836/1084 1178/2068/1178
f 1143/3015/1143 1086/3016/1086 1110/1990/1110
f 1038/1994/1038 1204/2054/1204 1112/3837/1112
f 1088/2028/1088 1154/2076/1154 1114/789/1114
f 1069/3841/1069 1122/2096/1122 1121/2098/1121
f 1160/3842/1160 1161/798/1161 1124/799/1124
f 1161/798/1161 1162/2058/1162 1093/792/1093
f 1162/2058/1162 1164/2059/1164 1095/2035/1095
f 1167/2961/1167 1052/2011/1052 1127/2048/1127
f 1144/3843/1144 1145/2067/1145 1199/2069/1199
f 1145/2067/1145 1037/2025/1037 1178/2068/1178
f 1148/2070/1148 1112/3837/1112 1179/2071/1179
f 1112/3837/1112 1204/2054/1204 1179/2071/1179
f 1204/2054/1204 1149/2027/1149 1180/2129/1180
f 1114/789/1114 1182/2077/1182 1208/806/1208
f 1151/2933/1151 1205/3019/1205 1155/2934/1155
f 1188/2084/1188 1097/2060/1097 1164/2059/1164
f 1084/3836/1084 1200/2115/1200 1178/2068/1178
f 1123/3844/1123 1212/816/1212 1213/815/1213
f 1122/2096/1122 1123/3844/1123 1213/815/1213
f 1216/2099/1216 1164/2059/1164 1162/2058/1162
f 1217/857/1217 1188/2084/1188 1164/2059/1164
f 1221/3035/1221 1101/2090/1101 1220/2087/1220
f 1203/804/1203 1232/812/1232 1201/805/1201
f 1203/2072/1203 1179/2071/1179 1232/3034/1232
f 1182/2077/1182 1247/2108/1247 1206/807/1206
f 1209/2095/1209 1249/3845/1249 1154/2076/1154
f 661/1876/661 1435/2110/1435 709/1877/709
f 1212/2118/1212 1159/2056/1159 1211/2119/1211
f 1234/2136/1234 1099/2089/1099 1190/2134/1190
f 1238/3028/1238 1077/2925/1077 1172/2963/1172
f 1179/2071/1179 1272/2117/1272 1232/3034/1232
f 1154/2076/1154 1273/2143/1273 1247/2108/1247
f 1118/3846/1118 1253/3847/1253 1254/3848/1254
f 1260/856/1260 1127/2048/1127 1188/2084/1188
f 1260/856/1260 1167/2961/1167 1127/2048/1127
f 1260/3849/1260 1190/2134/1190 1167/2989/1167
f 1109/3033/1109 1271/3032/1271 1614/2210/1614
f 1180/2129/1180 1301/2131/1301 1300/2130/1300
f 1118/2942/1118 1187/842/1187 1253/841/1253
f 1214/2097/1214 1278/2132/1278 1276/2121/1276
f 1214/2097/1214 1213/815/1213 1257/814/1257
f 1191/2122/1191 1284/2145/1284 1262/2123/1262
f 1285/2137/1285 1171/3850/1171 1221/3035/1221
f 1223/2092/1223 1310/880/1310 1192/858/1192
f 1296/933/1296 1228/2994/1228 1197/2966/1197
f 1247/2108/1247 1327/2152/1327 1301/2131/1301
f 1249/3845/1249 1329/1020/1329 1273/2143/1273
f 1261/3562/1261 1335/891/1335 1259/3554/1259
f 1235/2112/1235 1309/2142/1309 1284/2145/1284
f 1299/2997/1299 1243/2127/1243 1347/3041/1347
f 1247/2108/1247 1328/2144/1328 1327/2152/1327
f 1334/3851/1334 1260/856/1260 1280/855/1280
f 1262/2123/1262 1336/2146/1336 1261/829/1261
f 1133/2049/1133 1341/2165/1341 1224/2164/1224
f 1296/933/1296 1346/935/1346 1228/2994/1228
f 1347/3041/1347 1243/2127/1243 1469/3852/1469
f 1324/3853/1324 1325/2128/1325 1351/2151/1351
f 1245/2116/1245 1326/2138/1326 1395/2234/1395
f 1326/3072/1326 1352/3071/1352 1395/3854/1395
f 1354/2170/1354 1272/2117/1272 1355/2168/1355
f 1301/3855/1301 1327/3856/1327 1358/3857/1358
f 1327/2152/1327 1473/2155/1473 1359/2153/1359
f 1365/3056/1365 1254/3055/1254 1405/3575/1405
f 1304/3858/1304 1406/2216/1406 1254/3055/1254
f 1305/3044/1305 1364/3574/1364 1275/2983/1275
f 1372/2156/1372 1308/3859/1308 1260/2157/1260
f 1376/2160/1376 1285/2137/1285 1283/893/1283
f 1341/2165/1341 1133/2049/1133 1290/2102/1290
f 1237/2103/1237 1383/2229/1383 1290/2102/1290
f 1416/961/1416 1237/2103/1237 1292/3027/1292
f 1343/2171/1343 1238/3028/1238 1291/2172/1291
f 1418/3576/1418 1342/898/1342 1385/864/1385
f 1245/2116/1245 1395/2234/1395 1427/2167/1427
f 1272/2117/1272 1429/2188/1429 1355/2168/1355
f 1272/2117/1272 1300/2130/1300 1429/2188/1429
f 1249/2141/1249 1330/2140/1330 1329/3083/1329
f 1254/3055/1254 1406/2216/1406 1479/2218/1479
f 1383/2229/1383 1341/2165/1341 1290/2102/1290
f 1416/961/1416 1383/2229/1383 1237/2103/1237
f 1605/3120/1605 1268/3860/1268 1390/1005/1390
f 1351/3861/1351 1427/3862/1427 1394/3863/1394
f 1301/2131/1301 1430/2211/1430 1300/2130/1300
f 1512/2080/1512 709/1877/709 1435/2110/1435
f 1405/3575/1405 1478/3864/1478 1439/3585/1439
f 1442/2221/1442 1334/3865/1334 1371/3597/1371
f 1443/3866/1443 1372/3867/1372 1334/3868/1334
f 1341/2165/1341 1382/3869/1382 1311/2163/1311
f 1491/3587/1491 1385/864/1385 1492/3079/1492
f 1398/2178/1398 1359/2153/1359 1474/2179/1474
f 1400/3870/1400 1401/2182/1401 1574/3612/1574
f 1406/3871/1406 1304/840/1304 1577/3872/1577
f 1442/2221/1442 1515/2220/1515 1334/3865/1334
f 1447/953/1447 1520/2225/1520 1338/954/1338
f 1451/3873/1451 1412/3874/1412 1489/3875/1489
f 1634/2267/1634 1341/2165/1341 1383/2229/1383
f 1490/958/1490 1414/928/1414 1415/957/1415
f 1420/3577/1420 1458/2231/1458 1495/2233/1495
f 1428/3876/1428 1507/3877/1507 1395/3878/1395
f 1300/2130/1300 1565/2212/1565 1507/2186/1507
f 1568/3879/1568 1399/2190/1399 1431/943/1431
f 1361/3880/1361 1512/2080/1512 1511/3881/1511
f 1401/2182/1401 1576/1117/1576 1574/3612/1574
f 1519/2224/1519 1447/953/1447 1484/952/1484
f 1587/2248/1587 1586/960/1586 1453/964/1453
f 1499/1057/1499 1557/1098/1557 1554/1096/1554
f 1614/2210/1614 1427/2167/1427 1562/2242/1562
f 1395/2234/1395 1563/1106/1563 1470/3093/1470
f 1507/2186/1507 1565/2212/1565 1564/2243/1564
f 1430/2211/1430 1619/2236/1619 1565/2212/1565
f 1329/3882/1329 1729/1184/1729 1567/3624/1567
f 1670/3125/1670 1399/2190/1399 1568/3879/1568
f 1479/3112/1479 1578/3883/1578 1514/1023/1514
f 1634/2267/1634 1530/2230/1530 1341/2165/1341
f 1588/3158/1588 1384/1034/1384 1531/1031/1531
f 1589/2250/1589 1587/2248/1587 1491/963/1491
f 1535/3132/1535 1313/3048/1313 1343/2171/1343
f 1541/1048/1541 1601/1089/1601 1544/1047/1544
f 1606/1012/1606 1551/1054/1551 1658/1053/1658
f 1503/1100/1503 1560/2185/1560 1717/1101/1717
f 1560/3884/1560 1469/3885/1469 1614/2210/1614
f 1563/1106/1563 1507/2186/1507 1618/1104/1618
f 1471/2235/1471 1508/2237/1508 1620/2245/1620
f 1508/2237/1508 1567/1021/1567 1668/2244/1668
f 1576/3886/1576 1513/1120/1513 1627/1122/1627
f 1518/2223/1518 1686/3887/1686 1520/2225/1520
f 1523/2265/1523 1632/2264/1632 1524/3888/1524
f 1527/955/1527 1633/1074/1633 1689/1157/1689
f 1635/2251/1635 1531/1031/1531 1415/1033/1415
f 1604/1001/1604 1545/1050/1545 1649/2255/1649
f 1705/3181/1705 1496/3889/1496 1706/2324/1706
f 1560/3884/1560 1614/2210/1614 1718/2329/1718
f 1561/1060/1561 1719/3890/1719 1615/1103/1615
f 1616/3891/1616 1562/3892/1562 1663/3893/1663
f 1663/3637/1663 1562/2242/1562 1664/2241/1664
f 1567/1021/1567 1728/2279/1728 1668/2244/1668
f 1514/1125/1514 1676/1124/1676 1674/1121/1674
f 1685/2262/1685 1518/2223/1518 1519/2224/1519
f 1590/1085/1590 1698/1161/1698 1537/1083/1537
f 1649/2255/1649 1545/1050/1545 1704/2240/1704
f 1495/2297/1495 1546/3627/1546 1791/2298/1791
f 1750/3195/1750 1651/3133/1651 1653/3141/1653
f 1710/2302/1710 1605/2207/1605 1657/1142/1657
f 1656/2274/1656 1497/1010/1497 1606/1012/1606
f 1656/2274/1656 1607/1090/1607 1497/1010/1497
f 1796/1141/1796 1608/1008/1608 1607/1090/1607
f 1711/2410/1711 1610/1093/1610 1660/3894/1660
f 1612/1097/1612 1714/1170/1714 1716/3895/1716
f 1717/2312/1717 1560/3884/1560 1718/2329/1718
f 1615/1103/1615 1719/3890/1719 1720/3896/1720
f 1427/2167/1427 1721/2359/1721 1664/2241/1664
f 1618/1104/1618 1724/2335/1724 1725/2334/1725
f 1512/2080/1512 1774/2282/1774 1511/3881/1511
f 1690/2268/1690 1452/2228/1452 1586/960/1586
f 1692/1204/1692 1778/1203/1778 1693/1160/1693
f 1743/2321/1743 1639/1131/1639 1696/1130/1696
f 1700/3173/1700 1644/3897/1644 1786/2372/1786
f 1789/3166/1789 1542/1000/1542 1702/3898/1702
f 1703/1138/1703 1602/1137/1602 1788/2295/1788
f 1704/2296/1704 1495/2297/1495 1790/2299/1790
f 1659/1094/1659 1757/2325/1757 1712/1095/1712
f 1613/2309/1613 1715/2311/1715 1841/2313/1841
f 1556/3899/1556 1716/3900/1716 1661/3170/1661
f 1564/2243/1564 1565/2212/1565 1805/2315/1805
f 1618/1104/1618 1805/2315/1805 1724/2335/1724
f 1668/2244/1668 1812/2316/1812 1770/3901/1770
f 1775/1115/1775 1737/1152/1737 1819/1188/1819
f 1776/3639/1776 1738/3902/1738 1452/2228/1452
f 1738/3902/1738 1634/2267/1634 1452/2228/1452
f 1738/3902/1738 1530/2230/1530 1634/2267/1634
f 1778/1203/1778 1779/3903/1779 1693/1160/1693
f 1783/2340/1783 1638/1190/1638 1698/1161/1698
f 1786/2372/1786 1744/3904/1744 1864/2371/1864
f 1755/2306/1755 1752/2379/1752 1656/2274/1656
f 1753/1140/1753 1754/1289/1754 1657/1142/1657
f 1757/2325/1757 1755/2306/1755 1756/2307/1756
f 1798/2326/1798 1659/1094/1659 1711/2410/1711
f 1717/2312/1717 1718/2329/1718 1800/2328/1800
f 1718/2329/1718 1616/3905/1616 1843/2330/1843
f 1662/2356/1662 1720/2357/1720 1802/2354/1802
f 1664/2241/1664 1721/2359/1721 1843/2330/1843
f 1765/2314/1765 1849/2332/1849 1805/2315/1805
f 1766/3906/1766 1721/3907/1721 1722/3908/1722
f 1811/3909/1811 1809/3910/1809 1666/3911/1666
f 1814/2392/1814 1770/3901/1770 1852/2393/1852
f 1816/3912/1816 1669/3913/1669 1771/3914/1771
f 1736/3915/1736 1673/2365/1673 1774/2367/1774
f 1675/2283/1675 1906/3916/1906 1673/2284/1673
f 1776/3639/1776 1820/3917/1820 1738/3902/1738
f 1738/3902/1738 1739/2318/1739 1530/2230/1530
f 1822/3918/1822 1638/1190/1638 1783/2340/1783
f 1780/3919/1780 1863/3920/1863 1698/3921/1698
f 1701/3172/1701 1786/2372/1786 1824/2465/1824
f 1703/3922/1703 1788/3923/1788 1867/3210/1867
f 1705/3181/1705 1869/3180/1869 1791/2298/1791
f 1832/1212/1832 1834/1290/1834 1753/1140/1753
f 1752/2379/1752 1835/2346/1835 1656/2274/1656
f 1836/2345/1836 1837/2347/1837 1607/1090/1607
f 1757/2325/1757 1838/2381/1838 1755/2306/1755
f 1714/2327/1714 1840/2310/1840 1839/2348/1839
f 1613/2309/1613 1885/2350/1885 1840/2310/1840
f 1805/2315/1805 1848/2389/1848 1803/2387/1803
f 1769/1243/1769 1813/3924/1813 1949/1244/1949
f 1769/1243/1769 1897/1242/1897 1810/3925/1810
f 1852/2393/1852 1770/3901/1770 1812/2316/1812
f 1815/1230/1815 1855/1246/1855 1771/1250/1771
f 1853/3926/1853 1816/3912/1816 1771/3914/1771
f 1904/3927/1904 1817/1229/1817 1731/1228/1731
f 1906/2339/1906 1819/1188/1819 1907/1337/1907
f 1911/2455/1911 1635/2251/1635 1739/2318/1739
f 1859/2368/1859 1778/1203/1778 1821/1205/1821
f 1860/3205/1860 1635/2251/1635 1911/2455/1911
f 1778/1203/1778 1694/1159/1694 1779/3903/1779
f 1782/2400/1782 1862/2370/1862 1742/2271/1742
f 1746/3177/1746 1824/2465/1824 1919/3290/1919
f 1748/2342/1748 2016/2471/2016 1827/2343/1827
f 1826/2293/1826 1790/2299/1790 1868/2374/1868
f 1791/2298/1791 1869/3180/1869 1925/2489/1925
f 1792/2323/1792 1870/2427/1870 1869/3180/1869
f 1879/2429/1879 1834/3261/1834 1832/3928/1832
f 1881/2475/1881 1654/2301/1654 1710/2302/1710
f 1802/2354/1802 1719/2358/1719 1942/2412/1942
f 1719/2358/1719 1936/3929/1936 1942/2412/1942
f 1803/2387/1803 1945/2390/1945 2042/2388/2042
f 1848/2389/1848 1805/2315/1805 1946/2444/1946
f 1893/3930/1893 1894/3931/1894 1809/3932/1809
f 1892/2417/1892 2049/2419/2049 1896/2420/1896
f 1852/1267/1852 1812/3647/1812 1896/1268/1896
f 1851/3221/1851 1898/3933/1898 1811/3222/1811
f 1899/1353/1899 1900/2397/1900 1817/2396/1817
f 1909/2451/1909 1776/3639/1776 1910/3934/1910
f 1858/2422/1858 1776/3639/1776 1690/2268/1690
f 1861/3206/1861 1912/2398/1912 1740/2289/1740
f 1862/2370/1862 1913/2369/1913 1821/1205/1821
f 2010/2399/2010 1694/1159/1694 1778/1203/1778
f 2010/2399/2010 1914/1364/1914 1694/1159/1694
f 1863/2341/1863 1780/2319/1780 1694/1159/1694
f 1781/2320/1781 1915/2401/1915 1782/2400/1782
f 1824/2465/1824 1786/2372/1786 1918/1365/1918
f 1864/2371/1864 1968/2468/1968 1918/1365/1918
f 1864/2371/1864 1920/2466/1920 1968/2468/1968
f 1790/2299/1790 1791/2298/1791 1972/2407/1972
f 1791/2298/1791 1925/2489/1925 1972/2407/1972
f 1928/3935/1928 1832/3936/1832 1878/3937/1878
f 1928/3938/1928 1879/3939/1879 1832/3940/1832
f 1838/2381/1838 1929/2378/1929 1752/2379/1752
f 1840/2310/1840 1987/2411/1987 1839/2348/1839
f 1843/2330/1843 1937/2386/1937 1934/2385/1934
f 1845/2360/1845 1721/2359/1721 2080/2413/2080
f 1844/2437/1844 1941/2436/1941 1763/3941/1763
f 1889/1241/1889 1944/1262/1944 2037/1301/2037
f 1945/2390/1945 1848/2389/1848 1997/1413/1997
f 1893/3653/1893 1894/3652/1894 1950/3942/1950
f 1951/2482/1951 1816/3912/1816 1853/3926/1853
f 1951/2482/1951 2000/2481/2000 1816/3912/1816
f 1959/3943/1959 1960/3944/1960 1910/3945/1910
f 1820/3917/1820 1739/2318/1739 1738/3902/1738
f 1912/2398/1912 1961/2423/1961 1777/2317/1777
f 1913/2369/1913 1962/2457/1962 1859/2368/1859
f 1964/2461/1964 1913/2369/1913 1862/2370/1862
f 1964/2461/1964 1862/2370/1862 1915/2401/1915
f 1863/2341/1863 1967/2463/1967 1783/2340/1783
f 1921/2375/1921 1971/2488/1971 1920/2466/1920
f 1867/2373/1867 1827/2343/1827 2015/2470/2015
f 1869/3180/1869 1870/2427/1870 1925/2489/1925
f 1881/2475/1881 1880/2474/1880 1751/2300/1751
f 1929/2378/1929 1982/3689/1982 1835/2346/1835
f 1982/3689/1982 1836/2345/1836 1835/2346/1835
f 1754/1289/1754 1881/2475/1881 1710/2302/1710
f 1983/2491/1983 1838/2381/1838 1984/2380/1984
f 1799/2409/1799 1985/2493/1985 1798/2326/1798
f 1985/2493/1985 1882/2382/1882 1798/2326/1798
f 1839/2348/1839 1987/2411/1987 2030/2431/2030
f 1988/3262/1988 1932/1334/1932 2031/1333/2031
f 1845/2360/1845 2080/2413/2080 2079/2528/2079
f 1939/3946/1939 1940/3947/1940 1995/3948/1995
f 2041/2433/2041 1844/2437/1844 1940/2434/1940
f 1892/2417/1892 1998/2507/1998 2048/2418/2048
f 2008/2456/2008 1739/2318/1739 1820/3917/1820
f 2009/3949/2009 1860/3205/1860 1911/2455/1911
f 2013/2462/2013 1915/2401/1915 1965/2424/1965
f 1967/2533/1967 2012/2532/2012 1822/3950/1822
f 1968/2468/1968 2061/2467/2061 2058/3951/2058
f 1921/2375/1921 2017/2472/2017 1971/2488/1971
f 2025/2477/2025 1836/2345/1836 1982/3689/1982
f 1930/3318/1930 1881/2475/1881 1754/1289/1754
f 1983/2491/1983 2069/2476/2069 1838/2381/1838
f 2026/2478/2026 1882/2382/1882 1985/2493/1985
f 2030/2431/2030 1987/2411/1987 2071/3271/2071
f 1942/2412/1942 1936/3929/1936 2078/2502/2078
f 1845/2360/1845 2079/2528/2079 1937/2386/1937
f 2081/2506/2081 1994/3952/1994 1992/2504/1992
f 1946/2444/1946 1890/2391/1890 2086/1414/2086
f 2044/1379/2044 1945/2443/1945 2141/3684/2141
f 2052/3953/2052 1958/3954/1958 2006/3955/2006
f 2095/3685/2095 1858/2422/1858 1961/2423/1961
f 2097/2486/2097 2055/3289/2055 1964/2461/1964
f 1916/2403/1916 2056/3677/2056 1965/2424/1965
f 2056/3677/2056 2013/2462/2013 1965/2424/1965
f 1968/2468/1968 2103/1366/2103 1918/1365/1918
f 1968/2468/1968 2058/3951/2058 2103/1366/2103
f 1972/2407/1972 1925/2489/1925 2110/1493/2110
f 2118/2473/2118 1978/3956/1978 1880/2474/1880
f 1980/3957/1980 1979/3958/1979 1981/3959/1981
f 2030/2431/2030 2071/3271/2071 2123/3960/2123
f 2029/2432/2029 2211/3961/2211 2071/3271/2071
f 2029/2432/2029 1886/2384/1886 2124/1345/2124
f 2033/3962/2033 2034/3963/2034 2074/3964/2074
f 1991/2355/1991 2133/2501/2133 2038/3965/2038
f 2042/2388/2042 2134/2527/2134 2080/2413/2080
f 2090/1355/2090 2091/1418/2091 1900/2397/1900
f 1954/3662/1954 2093/1382/2093 2092/3702/2092
f 2094/3966/2094 1911/2455/1911 2008/2456/2008
f 2054/2484/2054 2095/3685/2095 1961/2423/1961
f 2096/2509/2096 2010/2399/2010 1962/2457/1962
f 2145/1549/2145 2054/3716/2054 1963/3967/1963
f 1972/2407/1972 2110/1493/2110 2017/2472/2017
f 1926/2426/1926 2158/1431/2158 2112/1433/2112
f 2069/2476/2069 1982/3689/1982 1929/2378/1929
f 2025/2477/2025 2118/2473/2118 1979/1288/1979
f 2118/2473/2118 1930/3318/1930 1979/1288/1979
f 2026/1396/2026 2119/1393/2119 1983/1392/1983
f 2123/3960/2123 2071/3271/2071 2122/3968/2122
f 2071/3271/2071 2211/3961/2211 2122/3968/2122
f 2029/2432/2029 2124/1345/2124 2211/3961/2211
f 2127/2522/2127 2128/3969/2128 2031/2498/2031
f 2135/2500/2135 2136/2545/2136 1941/2436/1941
f 2042/2388/2042 2082/3970/2082 2134/2527/2134
f 2190/2508/2190 1998/2507/1998 2188/3971/2188
f 2088/3307/2088 1950/3306/1950 2217/3972/2217
f 2049/2419/2049 2048/2418/2048 2191/1544/2191
f 2192/1419/2192 2090/1355/2090 2089/1354/2089
f 2095/1517/2095 2143/1420/2143 2053/1360/2053
f 2096/1471/2096 1962/3973/1962 2055/3703/2055
f 2097/1387/2097 2146/1426/2146 2055/3703/2055
f 2149/1475/2149 2013/1385/2013 2056/3705/2056
f 2015/3974/2015 2155/3707/2155 2063/3291/2063
f 2108/2536/2108 2107/3975/2107 2154/1485/2154
f 2227/1568/2227 2066/1338/2066 2157/1556/2157
f 2111/2490/2111 2203/3976/2203 2110/1493/2110
f 2158/1340/2158 2019/1339/2019 2229/2537/2229
f 2118/1505/2118 2161/1532/2161 1978/3668/1978
f 2117/3688/2117 2025/2477/2025 1982/3689/1982
f 2211/3961/2211 2124/1345/2124 2169/3977/2169
f 2186/1455/2186 2086/1407/2086 2181/1406/2181
f 2048/2418/2048 2190/2508/2190 2218/1545/2218
f 2152/1429/2152 2196/1521/2196 2150/1430/2150
f 2110/1493/2110 2203/3976/2203 2228/1494/2228
f 2082/1451/2082 2240/1453/2240 2134/3722/2134
f 2184/3713/2184 2216/3978/2216 2185/3714/2185
f 2202/1488/2202 2154/1485/2154 2224/1484/2224
f 2111/3719/2111 2112/3721/2112 2250/1559/2250
f 2131/1539/2131 2134/3722/2134 2254/1540/2254
f 2217/3320/2217 2191/1544/2191 2242/1543/2242
f 2243/1546/2243 2144/1421/2144 2143/1420/2143
f 2229/2537/2229 2272/1569/2272 2271/1570/2271
f 16/8/16 15/3344/15 4/5/4
f 4/5/4 17/3345/17 7/10/7
f 28/20/28 29/28/29 27/22/27
f 15/3344/15 34/3348/34 17/3345/17
f 34/51/34 69/1606/69 47/2560/47
f 38/40/38 105/1595/105 79/41/79
f 99/3355/99 100/139/100 77/3356/77
f 80/42/80 207/3363/207 38/40/38
f 86/88/86 164/112/164 114/90/114
f 63/2556/63 131/168/131 130/2557/130
f 132/166/132 131/168/131 65/2559/65
f 47/3979/47 139/314/139 255/214/255
f 73/3980/73 151/2574/151 200/2576/200
f 54/56/54 269/228/269 56/60/56
f 116/118/116 162/150/162 115/116/115
f 118/91/118 170/2567/170 169/3365/169
f 117/121/117 176/3373/176 121/120/121
f 119/3981/119 171/3982/171 120/3983/120
f 120/3366/120 224/3984/224 174/3367/174
f 174/195/174 173/152/173 172/151/172
f 123/3985/123 182/2650/182 124/270/124
f 188/2568/188 187/3986/187 184/2569/184
f 141/137/141 252/1661/252 143/138/143
f 201/2577/201 202/2597/202 103/106/103
f 168/115/168 217/1669/217 166/114/166
f 173/3987/173 222/3988/222 220/3989/220
f 167/3990/167 219/2640/219 176/2608/176
f 173/3991/173 225/3992/225 223/3993/223
f 177/95/177 281/3388/281 170/2567/170
f 124/2591/124 229/2649/229 227/2592/227
f 186/200/186 232/2647/232 233/201/233
f 234/1702/234 236/1655/236 127/1630/127
f 238/203/238 191/294/191 92/99/92
f 69/1606/69 247/208/247 195/311/195
f 199/240/199 198/242/198 98/1611/98
f 200/2576/200 253/2615/253 145/3994/145
f 147/142/147 260/213/260 149/172/149
f 102/109/102 262/217/262 51/80/51
f 214/2624/214 218/189/218 89/93/89
f 225/2602/225 278/2625/278 277/2603/277
f 219/2640/219 279/2606/279 176/2608/176
f 175/2590/175 323/2641/323 273/2589/273
f 187/3995/187 285/3996/285 184/3997/184
f 242/1660/242 336/1688/336 294/171/294
f 198/1609/198 250/2656/250 197/1607/197
f 259/2575/259 298/2614/298 200/2576/200
f 364/1749/364 314/255/314 162/1668/162
f 365/2622/365 364/2679/364 213/2580/213
f 218/3998/218 316/3999/316 277/4000/277
f 278/257/278 280/291/280 89/93/89
f 225/2602/225 421/4001/421 278/2625/278
f 187/3393/187 235/3395/235 285/4002/285
f 287/2609/287 237/2667/237 189/199/189
f 131/168/131 328/167/328 376/293/376
f 243/2630/243 337/4003/337 335/2631/335
f 245/4004/245 338/4005/338 243/4006/243
f 261/2619/261 347/1741/347 396/1665/396
f 202/2597/202 542/2712/542 152/2598/152
f 206/2621/206 441/1742/441 347/1741/347
f 323/2641/323 459/2697/459 456/2642/456
f 458/2659/458 423/2698/423 279/2606/279
f 279/2606/279 423/2698/423 179/2607/179
f 229/2649/229 371/2664/371 227/2592/227
f 228/3407/228 284/4007/284 425/328/425
f 327/4008/327 461/2645/461 285/2644/285
f 228/3407/228 425/328/425 377/327/377
f 130/2557/130 376/293/376 326/2648/326
f 191/294/191 426/296/426 328/3382/328
f 292/4009/292 379/2668/379 291/2670/291
f 381/2629/381 383/4010/383 240/1658/240
f 240/205/240 383/301/383 332/271/332
f 298/2614/298 344/2673/344 253/2615/253
f 259/2575/259 397/2635/397 298/2614/298
f 499/476/499 202/2597/202 201/2577/201
f 204/173/204 350/278/350 264/145/264
f 353/279/353 444/317/444 352/246/352
f 361/4011/361 449/4012/449 405/3424/405
f 418/4013/418 557/368/557 319/370/319
f 229/4014/229 318/4015/318 422/4016/422
f 284/4007/284 464/4017/464 425/328/425
f 233/201/233 424/1727/424 467/2665/467
f 378/2687/378 479/2686/479 329/2689/329
f 247/208/247 491/425/491 392/309/392
f 346/4018/346 440/4019/440 499/4020/499
f 446/4021/446 550/4022/550 403/4023/403
f 361/4011/361 506/4024/506 449/4012/449
f 273/2589/273 454/2695/454 365/2622/365
f 273/2589/273 456/2642/456 454/2695/454
f 418/4013/418 512/4025/512 557/368/557
f 375/1788/375 520/1790/520 229/2649/229
f 426/292/426 519/2699/519 376/293/376
f 287/2609/287 467/2665/467 468/2666/468
f 426/292/426 470/4026/470 519/2699/519
f 473/4027/473 471/4028/471 426/4029/426
f 379/2668/379 480/4030/480 430/2669/430
f 386/302/386 483/381/483 435/2671/435
f 493/4031/493 489/1767/489 249/211/249
f 394/2655/394 493/2690/493 250/2656/250
f 499/476/499 500/2710/500 202/2597/202
f 449/4012/449 447/3425/447 405/3424/405
f 365/2622/365 511/2696/511 452/2678/452
f 417/2658/417 514/4032/514 457/2639/457
f 516/484/516 454/2695/454 456/2642/456
f 472/4033/472 522/4034/522 470/4035/470
f 474/1831/474 522/1830/522 472/4036/472
f 480/4030/480 478/4037/478 430/2669/430
f 573/360/573 481/1816/481 382/361/382
f 434/4038/434 530/2720/530 529/2719/529
f 298/2614/298 588/509/588 497/2672/497
f 397/2635/397 588/509/588 298/2614/298
f 444/317/444 594/391/594 443/318/443
f 445/393/445 549/1804/549 450/483/450
f 506/4024/506 447/3425/447 449/4012/449
f 514/1849/514 648/1850/648 457/4039/457
f 425/4040/425 464/4041/464 561/4042/561
f 659/2707/659 569/4043/569 428/2708/428
f 572/449/572 614/3453/614 479/4044/479
f 479/2686/479 614/3455/614 431/2688/431
f 573/360/573 706/1817/706 481/1816/481
f 484/339/484 574/3438/574 530/2703/530
f 397/2635/397 641/552/641 588/509/588
f 688/4045/688 641/552/641 442/1744/442
f 505/402/505 644/399/644 504/398/504
f 451/1781/451 598/433/598 409/1779/409
f 648/4046/648 458/2659/458 457/2639/457
f 653/1809/653 650/4047/650 459/1808/459
f 559/4048/559 605/3464/605 604/3463/604
f 469/326/469 561/1813/561 659/2707/659
f 608/496/608 607/493/607 474/357/474
f 579/462/579 622/4049/622 578/2715/578
f 673/4050/673 623/4051/623 579/4052/579
f 581/4053/581 625/2738/625 580/2740/580
f 580/4054/580 769/465/769 581/464/581
f 493/2690/493 632/1900/632 489/3797/489
f 497/2672/497 682/511/682 496/3776/496
f 588/509/588 682/511/682 497/2672/497
f 538/1844/538 637/1843/637 590/1801/590
f 498/426/498 678/470/678 589/390/589
f 440/4055/440 638/4056/638 499/4057/499
f 499/476/499 640/475/640 687/555/687
f 500/2710/500 687/555/687 543/2711/543
f 594/4058/594 735/4059/735 503/4060/503
f 644/399/644 595/396/595 550/400/550
f 549/1804/549 691/2754/691 450/483/450
f 452/2678/452 599/3795/599 555/4061/555
f 648/4046/648 651/1871/651 458/2659/458
f 458/2659/458 651/1871/651 558/1870/558
f 569/4043/569 659/2707/659 570/4062/570
f 706/2764/706 609/443/609 613/447/613
f 530/2720/530 795/2721/795 707/2718/707
f 635/2704/635 724/2779/724 632/1900/632
f 496/4063/496 683/546/683 536/469/536
f 686/2752/686 685/4064/685 639/2717/639
f 859/2835/859 858/2833/858 690/516/690
f 595/396/595 859/2835/859 690/516/690
f 598/433/598 645/3460/645 738/1868/738
f 454/2695/454 741/4065/741 511/2696/511
f 454/2695/454 649/486/649 741/4065/741
f 648/4046/648 696/4066/696 651/1871/651
f 654/437/654 791/4067/791 602/438/602
f 607/493/607 701/497/701 700/494/700
f 561/1813/561 655/4068/655 659/2707/659
f 702/417/702 701/2763/701 608/1833/608
f 573/360/573 707/2718/707 751/2767/751
f 660/452/660 708/526/708 617/451/617
f 669/454/669 713/592/713 621/455/621
f 673/2734/673 715/3497/715 672/2735/672
f 673/2734/673 716/3498/716 715/3497/715
f 581/4053/581 768/4069/768 625/2738/625
f 638/472/638 729/543/729 640/551/640
f 641/552/641 730/510/730 588/509/588
f 688/556/688 776/557/776 641/4070/641
f 690/516/690 858/2833/858 735/517/735
f 548/392/548 643/478/643 828/2753/828
f 937/2755/937 827/518/827 505/402/505
f 511/2696/511 741/4065/741 599/3795/599
f 652/2758/652 784/481/784 744/2810/744
f 576/2722/576 758/2772/758 666/2723/666
f 714/2777/714 811/692/811 812/1931/812
f 392/309/392 819/664/819 897/541/897
f 678/1885/678 725/700/725 728/2804/728
f 591/1847/591 775/2780/775 689/480/689
f 780/3800/780 825/562/825 642/561/642
f 779/2797/779 643/478/643 689/480/689
f 860/1902/860 859/2835/859 595/396/595
f 741/2781/741 788/3490/788 785/2782/785
f 649/486/649 788/4071/788 741/4065/741
f 791/2843/791 746/3479/746 601/1852/601
f 709/1877/709 873/2811/873 752/4072/752
f 754/587/754 804/2829/804 802/3816/802
f 668/4073/668 806/4074/806 759/4075/759
f 715/3497/715 809/3496/809 672/2735/672
f 764/594/764 846/593/846 716/2778/716
f 718/538/718 816/696/816 719/539/719
f 630/1863/630 818/656/818 584/1864/584
f 629/2793/629 896/722/896 720/661/720
f 724/1922/724 854/668/854 772/3506/772
f 678/1885/678 728/2804/728 775/2780/775
f 689/480/689 823/2794/823 779/2797/779
f 827/518/827 781/1903/781 644/399/644
f 691/2754/691 861/2010/861 939/2799/939
f 697/4076/697 865/673/865 789/614/789
f 983/2766/983 871/2784/871 751/2767/751
f 795/2721/795 840/2032/840 707/2718/707
f 755/621/755 872/623/872 842/2800/842
f 842/2800/842 843/2853/843 757/2801/757
f 669/590/669 759/3808/759 881/588/881
f 808/688/808 761/591/761 713/592/713
f 857/3500/857 970/671/970 824/670/824
f 973/2795/973 899/2907/899 780/2796/780
f 860/1902/860 974/2834/974 859/2835/859
f 831/672/831 863/2836/863 829/2809/829
f 866/1937/866 791/2843/791 747/1893/747
f 873/2881/873 984/2880/984 752/1907/752
f 874/1946/874 877/4077/877 803/625/803
f 756/3494/756 962/4078/962 804/3495/804
f 763/1914/763 810/1913/810 845/1930/845
f 886/718/886 887/2870/887 927/2855/927
f 888/2802/888 890/2857/890 718/2803/718
f 775/2780/775 898/2805/898 823/2794/823
f 899/2907/899 972/704/972 825/703/825
f 828/2753/828 901/2821/901 861/2010/861
f 744/2810/744 904/2823/904 943/2910/943
f 791/2843/791 942/1974/942 746/3479/746
f 838/2864/838 1041/2904/1041 839/618/839
f 797/1908/797 840/2032/840 795/2721/795
f 872/623/872 915/2886/915 842/2800/842
f 735/517/735 974/2834/974 973/2795/973
f 862/3825/862 976/2898/976 938/2822/938
f 869/2847/869 951/4079/951 950/2848/950
f 837/1941/837 981/1991/981 838/2864/838
f 984/2880/984 840/2032/840 797/1908/797
f 796/2812/796 915/2886/915 872/623/872
f 921/714/921 995/2012/995 759/4080/759
f 926/2871/926 1026/2018/1026 1025/2867/1025
f 897/541/897 966/2020/966 933/4081/933
f 971/3502/971 1004/726/1004 970/671/970
f 937/2755/937 975/2860/975 827/518/827
f 941/2841/941 1035/3833/1035 1036/2838/1036
f 945/4082/945 944/2901/944 866/4083/866
f 912/1962/912 952/1961/952 951/4084/951
f 838/2864/838 1039/2863/1039 1041/2904/1041
f 1041/2904/1041 955/2850/955 839/618/839
f 842/2800/842 915/2886/915 1066/2887/1066
f 919/711/919 988/754/988 920/713/920
f 890/2857/890 928/2856/928 930/2892/930
f 973/2795/973 1138/2908/1138 899/2907/899
f 826/2798/826 1062/2832/1062 1005/2932/1005
f 826/2798/826 1005/2932/1005 901/2821/901
f 1005/2932/1005 1007/2931/1007 901/2821/901
f 938/2822/938 1141/2896/1141 937/2755/937
f 1009/2009/1009 1083/2911/1083 904/2823/904
f 904/2823/904 1083/2911/1083 943/2910/943
f 1010/2902/1010 944/2901/944 945/4082/945
f 988/754/988 989/780/989 920/713/920
f 1021/686/1021 1071/4085/1071 1051/767/1051
f 930/2892/930 1056/2891/1056 1028/2893/1028
f 894/744/894 1028/2893/1028 1000/742/1000
f 933/699/933 1060/2895/1060 1001/2874/1001
f 901/2821/901 1007/2931/1007 1033/2008/1033
f 975/2860/975 1063/2007/1063 781/1903/781
f 1035/3833/1035 1008/2899/1008 977/2839/977
f 1036/2838/1036 1035/3833/1035 977/2839/977
f 905/1940/905 943/2910/943 1110/1990/1110
f 1016/779/1016 1046/783/1046 990/757/990
f 925/717/925 1023/2888/1023 1054/2906/1054
f 887/2870/887 1024/2869/1024 1055/2890/1055
f 817/2005/817 1029/2004/1029 1059/2972/1059
f 1142/2125/1142 941/2841/941 942/4086/942
f 949/1976/949 1038/1994/1038 1085/3834/1085
f 1039/2863/1039 1155/2934/1155 1041/2904/1041
f 796/2812/796 1065/2913/1065 1012/2885/1012
f 985/2879/985 1089/2081/1089 984/2880/984
f 1068/2916/1068 1090/2954/1090 988/2917/988
f 988/2917/988 1091/4087/1091 989/4088/989
f 1050/4089/1050 1051/2045/1051 1096/2047/1096
f 999/3532/999 1075/2038/1075 998/771/998
f 1002/745/1002 1078/788/1078 1030/765/1030
f 967/4090/967 1078/4091/1078 1002/4092/1002
f 968/2859/968 1079/2937/1079 1062/2832/1062
f 974/2834/974 1081/2875/1081 1080/2909/1080
f 1063/2007/1063 1082/2941/1082 1006/1988/1006
f 938/2822/938 1106/2948/1106 1141/2896/1141
f 1034/2897/1034 1106/2948/1106 938/2822/938
f 1011/1977/1011 1085/3834/1085 1084/3836/1084
f 981/1991/981 1110/1990/1110 1086/3016/1086
f 981/1991/981 1086/3016/1086 1151/2933/1151
f 1039/2863/1039 1151/2933/1151 1155/2934/1155
f 1040/2912/1040 1209/2095/1209 1088/2028/1088
f 984/2880/984 1089/2081/1089 1116/2033/1116
f 1090/2954/1090 1091/4087/1091 988/2917/988
f 1091/4093/1091 1092/3535/1092 989/780/989
f 1096/2047/1096 1094/2960/1094 1050/4089/1050
f 1023/2888/1023 1101/2090/1101 1054/2906/1054
f 1073/2889/1073 1170/2113/1170 1128/2921/1128
f 1102/2935/1102 1170/2113/1170 1073/2889/1073
f 1075/2038/1075 1131/2990/1131 998/771/998
f 1056/2891/1056 1103/2101/1103 1028/2893/1028
f 1030/2006/1030 1078/2945/1078 1029/2004/1029
f 968/2859/968 1195/2936/1195 1079/2937/1079
f 1035/3833/1035 1176/2947/1176 1034/2897/1034
f 1035/3833/1035 1108/2998/1108 1176/2947/1176
f 941/2841/941 1108/2998/1108 1035/3833/1035
f 942/4086/942 1109/4094/1109 1142/2125/1142
f 1013/2882/1013 1186/4095/1186 1043/2915/1043
f 1012/2885/1012 1117/2969/1117 1066/2887/1066
f 1044/4096/1044 1118/2950/1118 1068/2916/1068
f 1119/2951/1119 1090/2954/1090 1068/2916/1068
f 1090/2954/1090 1120/2953/1120 1091/4087/1091
f 1072/786/1072 1128/2921/1128 1169/2085/1169
f 1129/2943/1129 1130/2971/1130 1055/2890/1055
f 1130/2971/1130 1103/2101/1103 1055/2890/1055
f 1028/2893/1028 1103/2101/1103 1132/2100/1132
f 1058/763/1058 1237/2103/1237 1133/2049/1133
f 1060/2895/1060 1173/2964/1173 1001/2874/1001
f 1078/2945/1078 1135/2944/1135 1134/2973/1134
f 1136/2926/1136 1135/2944/1135 1061/2927/1061
f 1196/2939/1196 1136/2926/1136 1032/2929/1032
f 1081/2875/1081 1139/2940/1139 1174/2965/1174
f 1175/838/1175 1140/2930/1140 1005/2932/1005
f 1007/2931/1007 1140/2930/1140 1033/2008/1033
f 1009/2009/1009 1242/2066/1242 1107/2065/1107
f 941/2841/941 1142/2125/1142 1108/2998/1108
f 1110/1990/1110 1107/2065/1107 1143/3015/1143
f 1113/3536/1113 1150/3545/1150 1149/3838/1149
f 1113/3536/1113 1153/3538/1153 1150/3545/1150
f 1186/2082/1186 1089/2081/1089 1043/2914/1043
f 1013/2882/1013 1157/2968/1157 1186/4095/1186
f 1117/2969/1117 1118/2942/1118 1066/2887/1066
f 1120/2953/1120 1092/2985/1092 1091/4087/1091
f 1159/2056/1159 1212/2118/1212 1045/2057/1045
f 1125/2959/1125 1160/4097/1160 1124/4098/1124
f 1096/2047/1096 1165/2970/1165 1163/2958/1163
f 1098/2036/1098 1189/2086/1189 1168/2037/1168
f 1054/2906/1054 1101/2090/1101 1171/3850/1171
f 1171/3850/1171 1129/2943/1129 1054/2906/1054
f 1223/2092/1223 1131/2990/1131 1075/2038/1075
f 1104/2992/1104 1237/2103/1237 1058/763/1058
f 1173/2964/1173 1195/2936/1195 1001/2874/1001
f 1080/2909/1080 1196/2939/1196 1138/2908/1138
f 1141/2896/1141 1197/2966/1197 975/2860/975
f 1144/4099/1144 1109/2023/1109 1111/2022/1111
f 1150/2982/1150 1181/2977/1181 1149/2979/1149
f 1115/2030/1115 1116/2033/1116 1183/2139/1183
f 1013/2882/1013 1512/4100/1512 1185/2967/1185
f 1065/2913/1065 1184/3023/1184 1012/2885/1012
f 1184/3023/1184 1117/2969/1117 1012/2885/1012
f 1090/2954/1090 1119/2951/1119 1158/2952/1158
f 1125/2959/1125 1163/2958/1163 1160/4097/1160
f 1189/2086/1189 1166/2046/1166 1168/2037/1168
f 1070/2920/1070 1190/2134/1190 1099/2089/1099
f 1191/2122/1191 1219/2124/1219 1169/2085/1169
f 1192/858/1192 1222/2111/1222 1074/2017/1074
f 1131/2990/1131 1192/858/1192 1074/2017/1074
f 1057/2003/1057 1133/2049/1133 1224/2164/1224
f 1194/2114/1194 1104/3008/1104 1059/2972/1059
f 1134/2973/1134 1226/822/1226 1194/2114/1194
f 1063/2007/1063 1197/2966/1197 1082/2941/1082
f 1144/4099/1144 1199/3000/1199 1109/2023/1109
f 1146/2052/1146 1201/2976/1201 1200/2094/1200
f 1147/4101/1147 1202/4102/1202 1201/4103/1201
f 1086/3016/1086 1205/3019/1205 1151/2933/1151
f 1150/2982/1150 1207/2981/1207 1181/2977/1181
f 1155/2934/1155 1205/3019/1205 1156/2949/1156
f 1157/4104/1157 1210/2083/1210 1186/2082/1186
f 1121/4105/1121 1276/3045/1276 1069/2919/1069
f 1218/831/1218 1165/2970/1165 1166/2046/1166
f 1221/3035/1221 1171/3850/1171 1101/2090/1101
f 1196/2939/1196 1226/822/1226 1136/2926/1136
f 1139/2940/1139 1228/2994/1228 1320/3060/1320
f 1033/2008/1033 1229/2995/1229 1198/2093/1198
f 1176/2947/1176 1269/3013/1269 1106/2948/1106
f 1299/2997/1299 1297/3012/1297 1176/2947/1176
f 1156/2949/1156 1274/872/1274 1065/2913/1065
f 1065/2913/1065 1274/872/1274 1184/3023/1184
f 1117/2969/1117 1184/3023/1184 1187/842/1187
f 1069/2919/1069 1276/3045/1276 1275/2983/1275
f 1163/2988/1163 1258/828/1258 1215/809/1215
f 1218/831/1218 1259/830/1259 1165/2970/1165
f 1196/2939/1196 1241/820/1241 1226/822/1226
f 1240/3010/1240 1137/2946/1137 1105/2938/1105
f 1227/2974/1227 1241/820/1241 1196/2939/1196
f 1139/2940/1139 1320/3060/1320 1174/2965/1174
f 1109/4094/1109 1614/2126/1614 1142/2125/1142
f 1244/2149/1244 1246/3018/1246 1086/3016/1086
f 1154/2076/1154 1249/3845/1249 1273/2143/1273
f 1183/2139/1183 1249/2141/1249 1209/2031/1209
f 1156/2949/1156 1250/3054/1250 1274/872/1274
f 1251/3004/1251 1735/3020/1735 618/2769/618
f 798/2786/798 1251/3004/1251 618/2769/618
f 1157/4104/1157 1252/3043/1252 1210/2083/1210
f 986/2000/986 1275/2983/1275 1251/3004/1251
f 1119/4106/1119 1254/3055/1254 1255/3057/1255
f 1255/848/1255 1277/847/1277 1120/2953/1120
f 1211/2984/1211 1277/847/1277 1306/4107/1306
f 1165/2970/1165 1259/830/1259 1258/3005/1258
f 1262/2123/1262 1261/829/1261 1189/2086/1189
f 1219/2124/1219 1262/2123/1262 1189/2086/1189
f 1171/3850/1171 1286/3025/1286 1129/2943/1129
f 1193/818/1193 1236/3026/1236 1263/819/1263
f 1195/2936/1195 1239/3009/1239 1240/3010/1240
f 1227/2974/1227 1266/3556/1266 1241/820/1241
f 1317/2993/1317 1316/4108/1316 1227/2974/1227
f 1175/838/1175 1267/837/1267 1229/2995/1229
f 1268/3860/1268 1230/2996/1230 1106/2948/1106
f 1106/2948/1106 1269/3013/1269 1268/3860/1268
f 1243/2127/1243 1299/2997/1299 1142/2125/1142
f 1246/3018/1246 1248/3053/1248 1205/3019/1205
f 1156/2949/1156 1205/3019/1205 1250/3054/1250
f 1274/872/1274 1303/871/1303 1184/3023/1184
f 1260/3849/1260 1308/2135/1308 1190/2134/1190
f 1235/2112/1235 1284/2145/1284 1191/2122/1191
f 1227/2974/1227 1421/2204/1421 1266/3556/1266
f 1177/2064/1177 1270/3011/1270 1298/2150/1298
f 1185/2967/1185 1302/4109/1302 1252/3022/1252
f 1277/847/1277 1366/846/1366 1306/4107/1306
f 1256/3549/1256 1333/876/1333 1257/854/1257
f 1285/2137/1285 1286/3025/1286 1171/3850/1171
f 1310/880/1310 1340/859/1340 1192/858/1192
f 1264/817/1264 1289/3036/1289 1381/3046/1381
f 1313/3048/1313 1314/3049/1314 1173/2964/1173
f 1227/2974/1227 1316/4108/1316 1421/2204/1421
f 1229/2995/1229 1267/837/1267 1321/3040/1321
f 1322/3081/1322 1268/3860/1268 1269/3013/1269
f 1323/3052/1323 1322/3081/1322 1269/3013/1269
f 1325/4110/1325 1324/4111/1324 1271/4112/1271
f 1250/3054/1250 1360/3077/1360 1274/872/1274
f 1331/2192/1331 1330/2140/1330 1183/2139/1183
f 1303/871/1303 1304/840/1304 1187/842/1187
f 1255/848/1255 1365/4113/1365 1366/846/1366
f 1308/2135/1308 1372/4114/1372 1282/2133/1282
f 1286/3025/1286 1377/3066/1377 1236/3026/1236
f 1236/3026/1236 1377/3066/1377 1288/3058/1288
f 1340/859/1340 1339/2148/1339 1287/860/1287
f 1310/880/1310 1382/4115/1382 1379/881/1379
f 1239/3009/1239 1344/968/1344 1240/3010/1240
f 1423/3119/1423 1296/933/1296 1230/2996/1230
f 1268/3860/1268 1423/3119/1423 1230/2996/1230
f 1297/3012/1297 1392/4116/1392 1323/3052/1323
f 1358/3075/1358 1357/3569/1357 1301/3568/1301
f 1512/2080/1512 1361/3880/1361 1185/4117/1185
f 1302/3042/1302 1361/2194/1361 1331/2192/1331
f 1185/2967/1185 1361/4118/1361 1302/4109/1302
f 1274/872/1274 1360/3077/1360 1362/870/1362
f 1305/3558/1305 1332/851/1332 1364/915/1364
f 1372/4119/1372 1374/921/1374 1282/2159/1282
f 1336/879/1336 1373/918/1373 1335/891/1335
f 1288/3058/1288 1378/3100/1378 1412/3102/1412
f 1343/2171/1343 1313/3048/1313 1238/3028/1238
f 1345/3059/1345 1458/2231/1458 1389/882/1389
f 1267/837/1267 1318/839/1318 1422/3091/1422
f 1322/3081/1322 1390/1005/1390 1268/3860/1268
f 1424/3092/1424 1393/2166/1393 1270/3011/1270
f 1271/3032/1271 1394/2209/1394 1614/2210/1614
f 1354/4120/1354 1396/4121/1396 1353/4122/1353
f 1472/3074/1472 1357/3569/1357 1358/3075/1358
f 1248/3053/1248 1433/3076/1433 1250/3054/1250
f 1331/2192/1331 1434/2191/1434 1330/2140/1330
f 1376/2160/1376 1377/3066/1377 1286/3025/1286
f 1339/2162/1339 1410/993/1410 1309/925/1309
f 1266/4123/1266 1421/4124/1421 1458/4125/1458
f 1317/2993/1317 1496/2205/1496 1316/4108/1316
f 1296/933/1296 1423/3119/1423 1460/934/1460
f 1605/3120/1605 1423/3119/1423 1268/3860/1268
f 1461/1003/1461 1390/1005/1390 1322/3081/1322
f 1469/4126/1469 1560/2185/1560 1347/2184/1347
f 1353/3070/1353 1396/4127/1396 1352/3071/1352
f 1434/2191/1434 1432/1109/1432 1330/2140/1330
f 1362/870/1362 1437/3078/1437 1303/871/1303
f 1365/914/1365 1439/913/1439 1367/873/1367
f 1405/4128/1405 1479/3112/1479 1478/1022/1478
f 1372/3097/1372 1445/3086/1445 1374/3088/1374
f 1376/991/1376 1487/990/1487 1377/996/1377
f 1378/3100/1378 1528/3099/1528 1412/3102/1412
f 1453/964/1453 1586/960/1586 1417/959/1417
f 1496/2205/1496 1421/2204/1421 1316/4108/1316
f 1317/2993/1317 1459/3080/1459 1496/2205/1496
f 1321/3040/1321 1424/3092/1424 1270/3011/1270
f 1243/4129/1243 1614/2210/1614 1469/3885/1469
f 1428/4130/1428 1395/4131/1395 1352/4132/1352
f 1357/4133/1357 1472/4134/1472 1430/4135/1430
f 1397/4136/1397 1474/4137/1474 1472/4138/1472
f 1359/2153/1359 1473/2155/1473 1474/2179/1474
f 1360/3077/1360 1571/3126/1571 1572/3084/1572
f 1400/2213/1400 1477/2200/1477 1404/2199/1404
f 1402/4139/1402 1478/1022/1478 1436/3104/1436
f 1304/840/1304 1437/3078/1437 1577/3872/1577
f 1334/4140/1334 1515/3115/1515 1443/3096/1443
f 1445/3086/1445 1481/4141/1481 1408/3087/1408
f 1449/3065/1449 1526/3098/1526 1378/3100/1378
f 1313/3048/1313 1455/3090/1455 1314/3049/1314
f 1421/2204/1421 1546/2206/1546 1458/3578/1458
f 1457/967/1457 1318/839/1318 1344/968/1344
f 1346/935/1346 1549/1051/1549 1319/3051/1319
f 1464/4142/1464 1498/1013/1498 1463/1007/1463
f 1509/979/1509 1471/1018/1471 1430/3593/1430
f 1360/3077/1360 1433/3076/1433 1571/3126/1571
f 1331/2192/1331 1511/2195/1511 1570/2193/1570
f 1400/2213/1400 1626/2215/1626 1477/2200/1477
f 1522/994/1522 1521/989/1521 1409/924/1409
f 1524/4143/1524 1526/3098/1526 1449/3065/1449
f 1491/963/1491 1587/2248/1587 1453/964/1453
f 1496/3889/1496 1705/3181/1705 1546/3627/1546
f 1457/967/1457 1547/3140/1547 1318/839/1318
f 1319/3051/1319 1549/1051/1549 1548/3103/1548
f 1547/3140/1547 1422/3091/1422 1318/839/1318
f 1432/1109/1432 1729/1111/1729 1329/3083/1329
f 1572/3084/1572 1573/3596/1573 1362/870/1362
f 1437/3078/1437 1573/3596/1573 1577/3872/1577
f 1680/3116/1680 1445/3086/1445 1443/3096/1443
f 1686/1127/1686 1486/2226/1486 1520/2227/1520
f 1485/3106/1485 1628/3600/1628 1582/3117/1582
f 1521/989/1521 1630/1068/1630 1628/4144/1628
f 1460/934/1460 1653/3141/1653 1549/1051/1549
f 1460/934/1460 1605/3120/1605 1653/3141/1653
f 1555/3144/1555 1660/3143/1660 1610/3609/1610
f 1562/2242/1562 1616/3905/1616 1614/2210/1614
f 1569/3094/1569 1622/1110/1622 1432/1109/1432
f 1572/3127/1572 1571/1151/1571 1672/1150/1672
f 1672/4145/1672 1625/4146/1625 1573/4147/1573
f 1573/3128/1573 1625/3618/1625 1577/3619/1577
f 1632/4148/1632 1526/3098/1526 1524/4143/1524
f 1592/1035/1592 1695/3622/1695 1343/1036/1343
f 1543/4149/1543 1647/3162/1647 1645/3161/1645
f 1548/3103/1548 1708/3134/1708 1459/3080/1459
f 1422/3091/1422 1652/3193/1652 1550/1145/1550
f 1556/3899/1556 1661/3170/1661 1561/3169/1561
f 1615/1103/1615 1720/3896/1720 1662/3617/1662
f 1614/2210/1614 1616/3905/1616 1718/2329/1718
f 1621/1107/1621 1670/1187/1670 1568/1108/1568
f 1623/3124/1623 1733/1255/1733 1569/3094/1569
f 1475/3095/1475 1673/3135/1673 1251/3004/1251
f 1678/3129/1678 1677/4150/1677 1579/3113/1579
f 1515/3115/1515 1677/4151/1677 1680/3116/1680
f 1685/4152/1685 1682/4153/1682 1518/4154/1518
f 1518/2223/1518 1683/2260/1683 1686/3887/1686
f 1582/3117/1582 1684/4155/1684 1519/3107/1519
f 1687/3626/1687 1630/1068/1630 1629/3118/1629
f 1630/1068/1630 1582/3625/1582 1628/4144/1628
f 1584/3137/1584 1688/3157/1688 1523/4156/1523
f 1699/3160/1699 1697/4157/1697 1595/4158/1595
f 1645/3161/1645 1699/3160/1699 1595/4158/1595
f 1543/4149/1543 1747/3208/1747 1647/3162/1647
f 1543/4149/1543 1703/3922/1703 1747/3208/1747
f 1542/1000/1542 1650/3139/1650 1457/967/1457
f 1707/3607/1707 1706/4159/1706 1496/2205/1496
f 1422/3091/1422 1547/3140/1547 1652/3193/1652
f 1653/3141/1653 1709/3196/1709 1750/3195/1750
f 1550/1145/1550 1794/3192/1794 1655/1143/1655
f 1710/2302/1710 1654/2301/1654 1605/2207/1605
f 1712/1095/1712 1756/2307/1756 1658/1053/1658
f 1612/1097/1612 1716/3895/1716 1556/1059/1556
f 1662/2351/1662 1762/2353/1762 1559/3145/1559
f 1733/1255/1733 1622/1110/1622 1569/3094/1569
f 1570/2193/1570 1733/1255/1733 1623/3124/1623
f 1571/1151/1571 1670/1187/1670 1734/1202/1734
f 1673/4160/1673 1736/3633/1736 1735/3632/1735
f 1632/1158/1632 1688/4161/1688 1689/1157/1689
f 1693/1160/1693 1779/3903/1779 1694/1159/1694
f 1743/2321/1743 1742/2271/1742 1637/2270/1637
f 1638/3131/1638 1741/3191/1741 1591/1079/1591
f 1695/3622/1695 1784/3636/1784 1535/1166/1535
f 1825/1167/1825 1748/3163/1748 1601/1168/1601
f 1708/3134/1708 1707/3607/1707 1459/3080/1459
f 1468/1144/1468 1655/1143/1655 1758/3185/1758
f 1555/3144/1555 1760/3146/1760 1759/3142/1759
f 1663/4162/1663 1843/4163/1843 1616/4164/1616
f 1722/3908/1722 1721/3907/1721 1470/4165/1470
f 1767/4166/1767 1766/3906/1766 1722/3908/1722
f 1665/3187/1665 1895/2362/1895 1726/3189/1726
f 1511/2195/1511 1773/2364/1773 1570/2193/1570
f 1699/3160/1699 1823/2405/1823 1697/4157/1697
f 1650/4167/1650 1789/1206/1789 1830/3212/1830
f 1794/3215/1794 1797/1326/1797 1655/3640/1655
f 1761/3168/1761 1936/3273/1936 1719/3171/1719
f 1727/1176/1727 1811/3222/1811 1666/1177/1666
f 1728/2279/1728 1892/2337/1892 1812/2316/1812
f 1782/2400/1782 1742/2271/1742 1743/2321/1743
f 1823/2402/1823 1781/2320/1781 1697/1134/1697
f 1745/2294/1745 1920/2466/1920 1864/2371/1864
f 1703/3922/1703 1867/3210/1867 1747/3208/1747
f 1792/2323/1792 1869/3180/1869 1706/2324/1706
f 1828/4168/1828 1792/2323/1792 1707/2322/1707
f 1796/3197/1796 1837/3236/1837 1833/3198/1833
f 1838/2381/1838 1752/2379/1752 1755/2306/1755
f 1759/3142/1759 1799/3182/1799 1660/3143/1660
f 1888/1294/1888 1844/3201/1844 1801/3203/1801
f 1763/4169/1763 1847/4170/1847 1764/4171/1764
f 1818/1254/1818 1904/4172/1904 1731/2338/1731
f 1741/3191/1741 1822/2460/1822 1861/2459/1861
f 1865/3209/1865 1785/3159/1785 1647/3162/1647
f 1648/1169/1648 1969/3233/1969 1825/1167/1825
f 1866/3211/1866 2016/1369/2016 1748/3163/1748
f 1826/2293/1826 1921/2375/1921 1920/2466/1920
f 1751/3213/1751 1880/4173/1880 1793/3194/1793
f 1716/3900/1716 1842/3200/1842 1661/3170/1661
f 1723/1224/1723 1947/3243/1947 1849/4174/1849
f 1808/3280/1808 1944/3274/1944 1806/4175/1806
f 1809/4176/1809 1894/4177/1894 1891/4178/1891
f 1854/1247/1854 1902/1233/1902 1772/1232/1772
f 1817/4179/1817 1904/4180/1904 1899/4181/1899
f 1776/3639/1776 1909/2451/1909 1820/3917/1820
f 1785/3159/1785 1865/3209/1865 1917/2406/1917
f 1919/3290/1919 1969/3207/1969 1746/3177/1746
f 1933/3238/1933 2028/3237/2028 1760/3146/1760
f 1991/2352/1991 1933/3238/1933 1762/2353/1762
f 1943/2440/1943 2046/3244/2046 1850/3246/1850
f 1847/3204/1847 2047/3220/2047 1804/3186/1804
f 1808/3280/1808 1996/3278/1996 1944/3274/1944
f 1901/3223/1901 1999/2445/1999 1853/2447/1853
f 1854/1247/1854 2000/3254/2000 1902/1233/1902
f 1904/1274/1904 1954/1276/1954 1953/3287/1953
f 1909/2451/1909 1958/2450/1958 1820/3917/1820
f 1910/4182/1910 1960/4183/1960 1908/4184/1908
f 1858/4185/1858 1959/4186/1959 1910/4187/1910
f 1861/2459/1861 1963/3316/1963 1912/4188/1912
f 1592/3231/1592 1966/3314/1966 1695/3658/1695
f 1783/4189/1783 1967/4190/1967 1822/4191/1822
f 1793/3234/1793 1978/3668/1978 1876/1260/1876
f 1833/3198/1833 1980/3235/1980 1877/3214/1877
f 1988/3262/1988 1935/1295/1935 1888/1294/1888
f 1938/4192/1938 1995/4193/1995 1940/4194/1940
f 1944/3274/1944 1995/3276/1995 1940/4195/1940
f 1947/3243/1947 1993/3304/1993 1849/4174/1849
f 2046/3244/2046 1998/3305/1998 1892/3245/1892
f 1999/2445/1999 2050/3283/2050 1951/2446/1951
f 2007/3264/2007 1957/4196/1957 1908/3265/1908
f 1958/2450/1958 2008/2456/2008 1820/3917/1820
f 1861/2459/1861 2012/2458/2012 1963/3316/1963
f 1860/3230/1860 1966/3314/1966 1592/3231/1592
f 1787/1207/1787 2062/1527/2062 1970/3292/1970
f 1971/2488/1971 2061/2467/2061 1920/2466/1920
f 1874/1327/1874 1976/1372/1976 2024/1325/2024
f 1799/3182/1799 1986/2496/1986 1985/2495/1985
f 1842/2383/1842 2030/2431/2030 2032/4197/2032
f 2031/2519/2031 2035/2518/2035 1988/4198/1988
f 1933/3238/1933 2076/3328/2076 2028/3237/2028
f 1761/3168/1761 1842/3200/1842 2036/2525/2036
f 2038/3272/2038 2076/3328/2076 1933/3238/1933
f 1761/3168/1761 2036/2525/2036 2078/2524/2078
f 2077/2479/2077 2073/1344/2073 1934/2385/1934
f 1944/3274/1944 2178/3279/2178 2041/3275/2041
f 2081/4199/2081 2045/1416/2045 1994/2441/1994
f 2045/1416/2045 2046/3244/2046 1943/2440/1943
f 1948/3242/1948 2088/3340/2088 1947/3243/1947
f 2001/3284/2001 2142/2546/2142 2003/4200/2003
f 1957/4201/1957 2007/1356/2007 2006/1358/2006
f 1918/1365/1918 2104/1367/2104 2059/2464/2059
f 2057/3258/2057 2062/4202/2062 1787/3259/1787
f 1969/3233/1969 2060/4203/2060 2064/3323/2064
f 1969/3233/1969 2064/3323/2064 2107/1370/2107
f 2015/3974/2015 2063/3291/2063 1867/3210/1867
f 1970/3292/1970 2106/1389/2106 1922/3649/1922
f 1866/3211/1866 2107/1370/2107 2016/1369/2016
f 2075/3298/2075 2074/3319/2074 2034/4204/2034
f 2032/1446/2032 2036/2525/2036 1842/3200/1842
f 2079/4205/2079 2077/4206/2077 1937/4207/1937
f 1941/3217/1941 2136/4208/2136 1847/3218/1847
f 2044/4209/2044 2140/1458/2140 2083/1377/2083
f 2088/3340/2088 2087/1465/2087 1947/3243/1947
f 2091/2547/2091 2142/2546/2142 2001/3284/2001
f 2009/1423/2009 2147/1520/2147 1860/4210/1860
f 1917/2406/1917 2102/3317/2102 2014/2425/2014
f 2105/2487/2105 2058/3951/2058 2061/2467/2061
f 2156/1495/2156 2105/2487/2105 2017/2472/2017
f 2112/1433/2112 2111/2490/2111 1925/2489/1925
f 1978/3668/1978 2160/1498/2160 1876/1260/1876
f 2031/4211/2031 2128/4212/2128 2125/4213/2125
f 2076/3328/2076 2070/3293/2070 2028/3237/2028
f 2129/3297/2129 2127/4214/2127 2074/3319/2074
f 2035/4215/2035 1935/1295/1935 1988/3262/1988
f 2136/4208/2136 2085/4216/2085 1847/3218/1847
f 2083/1377/2083 2137/1460/2137 2082/1378/2082
f 1993/3304/1993 2084/1467/2084 2043/4217/2043
f 2046/3244/2046 2045/1416/2045 2188/1415/2188
f 2153/4218/2153 2058/3951/2058 2105/2487/2105
f 2156/1495/2156 2153/4218/2153 2105/2487/2105
f 2117/1503/2117 2163/1502/2163 2025/3709/2025
f 2172/4219/2172 2170/4220/2170 2125/4221/2125
f 2125/2520/2125 2170/4222/2170 2035/2518/2035
f 2175/4223/2175 2171/4224/2171 2125/4225/2125
f 2036/4226/2036 2174/1509/2174 2214/1405/2214
f 2133/1403/2133 2173/1510/2173 2076/3696/2076
f 2140/1458/2140 2137/1460/2137 2083/1377/2083
f 2092/3286/2092 2192/4227/2192 2089/3309/2089
f 2012/1477/2012 2246/1479/2246 2145/1549/2145
f 2101/1480/2101 2149/1475/2149 2056/3705/2056
f 2099/1386/2099 2197/1476/2197 2151/1427/2151
f 2151/1427/2151 2197/1476/2197 2064/1486/2064
f 2063/3291/2063 2200/3708/2200 2102/3317/2102
f 2062/1527/2062 2201/1526/2201 2106/1389/2106
f 2175/4228/2175 2213/4229/2213 2172/4230/2172
f 2035/3694/2035 2170/1512/2170 2175/1511/2175
f 2178/4231/2178 2180/3698/2180 2136/3697/2136
f 2185/1459/2185 2216/4232/2216 2137/1460/2137
f 2185/4233/2185 2216/4234/2216 2187/4235/2187
f 2228/1494/2228 2251/4236/2251 2156/1495/2156
f 2190/1468/2190 2241/1461/2241 2218/3342/2218
f 2242/3341/2242 2189/1466/2189 2087/1465/2087
f 2229/2537/2229 2271/1570/2271 2258/1572/2258
f 2277/1577/2277 2276/1587/2276 2278/1579/2278
f 2289/4237/2289 2290/4238/2290 2287/4239/2287
f 2290/4238/2290 2292/4240/2292 2288/4241/2288
f 2293/4242/2293 2289/4237/2289 2291/4243/2291
f 2293/4242/2293 2294/4244/2294 2289/4237/2289
f 2287/4239/2287 2296/4245/2296 2305/4246/2305
f 2295/4247/2295 2287/4239/2287 2305/4246/2305
f 2300/4248/2300 2298/4249/2298 2288/4241/2288
f 2311/4250/2311 2304/4251/2304 2302/4252/2302
f 2307/4253/2307 2295/4254/2295 2314/4255/2314
f 2303/4256/2303 2320/4257/2320 2300/4248/2300
f 2323/4258/2323 2320/4257/2320 2303/4256/2303
f 2312/4259/2312 2304/4251/2304 2311/4250/2311
f 2313/4260/2313 2323/4258/2323 2303/4256/2303
f 2313/4260/2313 2303/4256/2303 2304/4251/2304
f 2305/4261/2305 2327/4262/2327 2314/4255/2314
f 2305/4261/2305 2306/4263/2306 2327/4262/2327
f 2316/4264/2316 2328/4265/2328 2306/4263/2306
f 2309/4266/2309 2330/4267/2330 2308/4268/2308
f 2324/4269/2324 2323/4258/2323 2313/4260/2313
f 2325/4270/2325 2312/4259/2312 2321/4271/2321
f 2326/4272/2326 2313/4260/2313 2312/4259/2312
f 2316/4264/2316 2339/4273/2339 2328/4265/2328
f 2336/4274/2336 2323/4258/2323 2324/4269/2324
f 2334/4275/2334 2326/4272/2326 2325/4270/2325
f 2335/4276/2335 2336/4274/2336 2324/4269/2324
f 2326/4272/2326 2335/4276/2335 2324/4269/2324
f 2342/4277/2342 2335/4276/2335 2334/4275/2334
f 2345/4278/2345 2335/4276/2335 2342/4277/2342
f 2351/4279/2351 2361/4280/2361 2350/4281/2350
f 2336/4274/2336 2353/4282/2353 2343/4283/2343
f 2355/4284/2355 2336/4274/2336 2344/4285/2344
f 2363/4286/2363 2361/4280/2361 2351/4279/2351
f 2382/4287/2382 2365/4288/2365 2352/4289/2352
f 2388/4290/2388 2417/4291/2417 2409/4292/2409
f 2424/4293/2424 2402/4294/2402 2400/4295/2400
f 2416/4296/2416 2422/4297/2422 2421/4298/2421
f 2431/4299/2431 2399/4300/2399 2415/4301/2415
f 2422/4297/2422 2435/4302/2435 2432/4303/2432
f 2424/4304/2424 2436/4305/2436 2435/4302/2435
f 2440/4306/2440 2423/4307/2423 2431/4308/2431
f 2432/4303/2432 2435/4302/2435 2433/4309/2433
f 2435/4302/2435 2434/4310/2434 2433/4309/2433
f 2436/4305/2436 2423/4307/2423 2434/4310/2434
f 2432/4303/2432 2448/4311/2448 2447/4312/2447
f 2433/4309/2433 2434/4310/2434 2450/4313/2450
f 2425/4314/2425 2453/4315/2453 2452/4316/2452
f 2461/4317/2461 2449/4318/2449 2460/4319/2460
f 2448/4311/2448 2450/4313/2450 2461/4317/2461
f 2438/4320/2438 2454/4321/2454 2453/4315/2453
f 2471/4322/2471 2460/4319/2460 2458/4323/2458
f 2457/4324/2457 2448/4311/2448 2459/4325/2459
f 2452/4316/2452 2463/4326/2463 2442/4327/2442
f 2452/4316/2452 2465/4328/2465 2463/4326/2463
f 2453/4315/2453 2465/4328/2465 2452/4316/2452
f 2454/4321/2454 2466/4329/2466 2465/4328/2465
f 2469/4330/2469 2471/4322/2471 2470/4331/2470
f 2457/4324/2457 2459/4325/2459 2469/4330/2469
f 2471/4322/2471 2458/4323/2458 2470/4331/2470
f 2472/4332/2472 2463/4326/2463 2465/4328/2465
f 2472/4332/2472 2462/4333/2462 2463/4326/2463
f 2474/4334/2474 2464/4335/2464 2473/4336/2473
f 2467/4337/2467 2472/4332/2472 2465/4328/2465
f 2469/4330/2469 2477/4338/2477 2476/4339/2476
f 2467/4337/2467 2469/4330/2469 2476/4339/2476
f 2477/4338/2477 2470/4331/2470 2478/4340/2478
f 2472/4332/2472 2476/4339/2476 2473/4336/2473
f 2310/4341/2310 2321/4271/2321 2311/4250/2311
f 2327/4262/2327 2306/4263/2306 2328/4265/2328
f 2346/4342/2346 2327/4262/2327 2328/4265/2328
f 2337/4343/2337 2315/4344/2315 2314/4255/2314
f 2319/4345/2319 2332/4346/2332 2331/4347/2331
f 2346/4342/2346 2328/4265/2328 2347/4348/2347
f 2340/4349/2340 2351/4279/2351 2350/4281/2350
f 2337/4343/2337 2346/4342/2346 2356/4350/2356
f 2347/4348/2347 2339/4273/2339 2358/4351/2358
f 2358/4351/2358 2339/4273/2339 2359/4352/2359
f 2353/4282/2353 2354/4353/2354 2364/4354/2364
f 2356/4350/2356 2346/4342/2346 2347/4348/2347
f 2374/4355/2374 2338/4356/2338 2357/4357/2357
f 2363/4286/2363 2353/4358/2353 2370/4359/2370
f 2354/4353/2354 2372/4360/2372 2371/4361/2371
f 2373/4362/2373 2357/4357/2357 2337/4343/2337
f 2356/4350/2356 2347/4348/2347 2375/4363/2375
f 2375/4363/2375 2358/4351/2358 2376/4364/2376
f 2374/4355/2374 2357/4357/2357 2391/4365/2391
f 2366/4366/2366 2389/4367/2389 2372/4368/2372
f 2366/4366/2366 2387/4369/2387 2389/4367/2389
f 2390/4370/2390 2373/4362/2373 2356/4350/2356
f 2377/4371/2377 2378/4372/2378 2396/4373/2396
f 2382/4287/2382 2400/4374/2400 2387/4375/2387
f 2387/4369/2387 2402/4294/2402 2389/4367/2389
f 2403/4376/2403 2390/4370/2390 2375/4363/2375
f 2388/4290/2388 2401/4377/2401 2417/4291/2417
f 2402/4294/2402 2424/4293/2424 2401/4377/2401
f 2424/4293/2424 2417/4291/2417 2401/4377/2401
f 2410/4378/2410 2411/4379/2411 2391/4365/2391
f 2418/4380/2418 2390/4370/2390 2403/4376/2403
f 2418/4380/2418 2410/4378/2410 2390/4370/2390
f 2400/4374/2400 2399/4300/2399 2423/4381/2423
f 2425/4382/2425 2404/4383/2404 2412/4384/2412
f 2443/4385/2443 2410/4378/2410 2418/4380/2418
f 2441/4386/2441 2410/4378/2410 2443/4385/2443
f 2449/4387/2449 2439/4388/2439 2460/4389/2460
f 2447/4312/2447 2466/4329/2466 2446/4390/2446
f 2460/4319/2460 2456/4391/2456 2458/4323/2458
f 2476/4339/2476 2472/4332/2472 2467/4337/2467
f 2291/4392/2291 2299/4393/2299 2293/4394/2293
f 2297/4395/2297 2299/4393/2299 2291/4392/2291
f 2299/4393/2299 2302/4396/2302 2293/4394/2293
f 2307/4397/2307 2329/4398/2329 2297/4395/2297
f 2329/4398/2329 2299/4393/2299 2297/4395/2297
f 2299/4393/2299 2317/4399/2317 2310/4400/2310
f 2321/4271/2321 2312/4259/2312 2311/4250/2311
f 2315/4401/2315 2329/4398/2329 2307/4397/2307
f 2330/4267/2330 2316/4402/2316 2308/4268/2308
f 2340/4349/2340 2309/4266/2309 2318/4403/2318
f 2317/4399/2317 2341/4404/2341 2322/4405/2322
f 2322/4405/2322 2325/4406/2325 2321/4407/2321
f 2340/4349/2340 2330/4267/2330 2309/4266/2309
f 2331/4408/2331 2340/4349/2340 2318/4403/2318
f 2341/4404/2341 2333/4409/2333 2322/4405/2322
f 2333/4409/2333 2334/4410/2334 2325/4406/2325
f 2336/4274/2336 2332/4346/2332 2323/4258/2323
f 2337/4343/2337 2338/4356/2338 2315/4344/2315
f 2338/4411/2338 2348/4412/2348 2329/4398/2329
f 2348/4412/2348 2317/4399/2317 2329/4398/2329
f 2349/4413/2349 2339/4414/2339 2330/4267/2330
f 2367/4415/2367 2349/4413/2349 2340/4349/2340
f 2341/4404/2341 2342/4416/2342 2333/4409/2333
f 2341/4404/2341 2317/4399/2317 2362/4417/2362
f 2341/4404/2341 2362/4417/2362 2352/4289/2352
f 2353/4282/2353 2363/4418/2363 2343/4283/2343
f 2368/4419/2368 2350/4281/2350 2361/4280/2361
f 2369/4420/2369 2361/4280/2361 2363/4286/2363
f 2376/4364/2376 2358/4351/2358 2359/4352/2359
f 2378/4372/2378 2359/4421/2359 2367/4415/2367
f 2360/4422/2360 2379/4423/2379 2367/4415/2367
f 2380/4424/2380 2368/4419/2368 2361/4280/2361
f 2381/4425/2381 2361/4280/2361 2369/4420/2369
f 2382/4287/2382 2366/4426/2366 2365/4288/2365
f 2379/4423/2379 2378/4372/2378 2367/4415/2367
f 2384/4427/2384 2380/4424/2380 2381/4425/2381
f 2370/4359/2370 2385/4428/2385 2369/4420/2369
f 2387/4375/2387 2366/4426/2366 2382/4287/2382
f 2394/4429/2394 2379/4423/2379 2383/4430/2383
f 2368/4419/2368 2397/4431/2397 2383/4430/2383
f 2395/4432/2395 2384/4427/2384 2381/4425/2381
f 2395/4432/2395 2381/4425/2381 2385/4428/2385
f 2415/4301/2415 2382/4287/2382 2362/4417/2362
f 2398/4433/2398 2384/4427/2384 2395/4432/2395
f 2408/4434/2408 2395/4432/2395 2385/4428/2385
f 2409/4435/2409 2385/4428/2385 2386/4436/2386
f 2415/4301/2415 2399/4300/2399 2382/4287/2382
f 2397/4431/2397 2406/4437/2406 2394/4429/2394
f 2398/4433/2398 2407/4438/2407 2397/4431/2397
f 2409/4435/2409 2408/4434/2408 2385/4428/2385
f 2396/4373/2396 2413/4439/2413 2412/4384/2412
f 2416/4440/2416 2408/4434/2408 2409/4435/2409
f 2419/4441/2419 2405/4442/2405 2392/4443/2392
f 2414/4444/2414 2413/4439/2413 2396/4373/2396
f 2420/4445/2420 2414/4444/2414 2406/4437/2406
f 2420/4445/2420 2406/4437/2406 2407/4438/2407
f 2428/4446/2428 2420/4445/2420 2407/4438/2407
f 2428/4446/2428 2407/4438/2407 2408/4434/2408
f 2421/4447/2421 2428/4446/2428 2416/4440/2416
f 2427/4448/2427 2414/4444/2414 2420/4445/2420
f 2429/4449/2429 2430/4450/2430 2415/4301/2415
f 2430/4450/2430 2431/4299/2431 2415/4301/2415
f 2438/4451/2438 2426/4452/2426 2413/4439/2413
f 2444/4453/2444 2429/4449/2429 2405/4442/2405
f 2445/4454/2445 2427/4448/2427 2428/4446/2428
f 2430/4450/2430 2439/4388/2439 2431/4299/2431
f 2439/4455/2439 2440/4306/2440 2431/4308/2431
f 2419/4441/2419 2444/4453/2444 2405/4442/2405
f 2446/4390/2446 2445/4456/2445 2421/4298/2421
f 2429/4449/2429 2439/4388/2439 2430/4450/2430
f 2451/4457/2451 2444/4453/2444 2419/4441/2419
f 2455/4458/2455 2429/4449/2429 2444/4453/2444
f 2455/4458/2455 2456/4459/2456 2429/4449/2429
f 2429/4449/2429 2456/4459/2456 2439/4388/2439
f 2455/4458/2455 2468/4460/2468 2456/4459/2456
f 2464/4461/2464 2444/4453/2444 2451/4457/2451
f 2475/4462/2475 2455/4458/2455 2444/4453/2444
f 2455/4458/2455 2478/4463/2478 2468/4460/2468
f 2475/4464/2475 2477/4338/2477 2478/4340/2478
f 2295/4247/2295 2289/4237/2289 2287/4239/2287
f 2290/4238/2290 2288/4241/2288 2287/4239/2287
f 2295/4247/2295 2291/4243/2291 2289/4237/2289
f 2289/4237/2289 2294/4244/2294 2290/4238/2290
f 2290/4238/2290 2301/4465/2301 2292/4240/2292
f 2294/4244/2294 2301/4465/2301 2290/4238/2290
f 2288/4241/2288 2308/4466/2308 2296/4245/2296
f 2287/4239/2287 2288/4241/2288 2296/4245/2296
f 2288/4241/2288 2298/4249/2298 2308/4466/2308
f 2301/4465/2301 2300/4248/2300 2292/4240/2292
f 2294/4244/2294 2304/4251/2304 2301/4465/2301
f 2302/4252/2302 2304/4251/2304 2294/4244/2294
f 2301/4465/2301 2303/4256/2303 2300/4248/2300
f 2304/4251/2304 2303/4256/2303 2301/4465/2301
f 2296/4467/2296 2316/4264/2316 2306/4263/2306
f 2305/4261/2305 2296/4467/2296 2306/4263/2306
f 2314/4255/2314 2295/4254/2295 2305/4261/2305
f 2298/4249/2298 2309/4468/2309 2308/4466/2308
f 2298/4249/2298 2318/4469/2318 2309/4468/2309
f 2310/4400/2310 2311/4470/2311 2302/4396/2302
f 2312/4259/2312 2313/4260/2313 2304/4251/2304
f 2326/4272/2326 2324/4269/2324 2313/4260/2313
f 2325/4270/2325 2326/4272/2326 2312/4259/2312
f 2322/4405/2322 2333/4409/2333 2325/4406/2325
f 2334/4275/2334 2335/4276/2335 2326/4272/2326
f 2335/4276/2335 2344/4285/2344 2336/4274/2336
f 2345/4278/2345 2344/4285/2344 2335/4276/2335
f 2336/4274/2336 2354/4353/2354 2353/4282/2353
f 2355/4284/2355 2354/4353/2354 2336/4274/2336
f 2345/4278/2345 2355/4284/2355 2344/4285/2344
f 2352/4471/2352 2365/4472/2365 2342/4473/2342
f 2365/4474/2365 2366/4475/2366 2355/4284/2355
f 2353/4358/2353 2364/4476/2364 2370/4359/2370
f 2431/4299/2431 2423/4381/2423 2399/4300/2399
f 2417/4291/2417 2424/4293/2424 2435/4477/2435
f 2436/4478/2436 2424/4293/2424 2423/4479/2423
f 2446/4390/2446 2422/4297/2422 2432/4303/2432
f 2440/4306/2440 2434/4310/2434 2423/4307/2423
f 2435/4302/2435 2436/4305/2436 2434/4310/2434
f 2404/4480/2404 2425/4481/2425 2418/4380/2418
f 2428/4446/2428 2421/4447/2421 2445/4454/2445
f 2432/4303/2432 2433/4309/2433 2448/4311/2448
f 2448/4311/2448 2433/4309/2433 2450/4313/2450
f 2450/4313/2450 2440/4306/2440 2449/4318/2449
f 2434/4310/2434 2440/4306/2440 2450/4313/2450
f 2418/4482/2418 2452/4316/2452 2442/4327/2442
f 2426/4452/2426 2438/4451/2438 2453/4483/2453
f 2461/4317/2461 2450/4313/2450 2449/4318/2449
f 2443/4484/2443 2462/4333/2462 2441/4485/2441
f 2462/4333/2462 2451/4486/2451 2441/4485/2441
f 2445/4456/2445 2466/4329/2466 2454/4321/2454
f 2466/4329/2466 2457/4324/2457 2467/4337/2467
f 2468/4460/2468 2458/4487/2458 2456/4459/2456
f 2459/4325/2459 2461/4317/2461 2471/4322/2471
f 2471/4322/2471 2461/4317/2461 2460/4319/2460
f 2459/4325/2459 2448/4311/2448 2461/4317/2461
f 2442/4327/2442 2463/4326/2463 2462/4333/2462
f 2453/4315/2453 2454/4321/2454 2465/4328/2465
f 2465/4328/2465 2466/4329/2466 2467/4337/2467
f 2478/4340/2478 2470/4331/2470 2468/4488/2468
f 2469/4330/2469 2459/4325/2459 2471/4322/2471
f 2472/4332/2472 2473/4336/2473 2462/4333/2462
f 2462/4333/2462 2473/4336/2473 2464/4335/2464
f 2464/4335/2464 2474/4334/2474 2475/4464/2475
f 2467/4337/2467 2457/4324/2457 2469/4330/2469
f 2469/4330/2469 2470/4331/2470 2477/4338/2477
f 2473/4336/2473 2476/4339/2476 2474/4334/2474
f 2476/4339/2476 2477/4338/2477 2474/4334/2474
f 2319/4345/2319 2300/4248/2300 2320/4257/2320
f 2310/4400/2310 2322/4405/2322 2321/4407/2321
f 2319/4345/2319 2320/4257/2320 2332/4346/2332
f 2327/4262/2327 2337/4343/2337 2314/4255/2314
f 2339/4273/2339 2316/4264/2316 2330/4489/2330
f 2337/4343/2337 2327/4262/2327 2346/4342/2346
f 2347/4348/2347 2328/4265/2328 2339/4273/2339
f 2359/4421/2359 2339/4414/2339 2349/4413/2349
f 2351/4279/2351 2331/4408/2331 2363/4286/2363
f 2345/4278/2345 2365/4474/2365 2355/4284/2355
f 2355/4284/2355 2366/4475/2366 2372/4360/2372
f 2360/4422/2360 2350/4281/2350 2383/4430/2383
f 2364/4354/2364 2354/4353/2354 2371/4361/2371
f 2373/4362/2373 2337/4343/2337 2356/4350/2356
f 2375/4363/2375 2347/4348/2347 2358/4351/2358
f 2391/4365/2391 2357/4357/2357 2373/4362/2373
f 2370/4359/2370 2364/4476/2364 2386/4436/2386
f 2364/4490/2364 2371/4491/2371 2386/4492/2386
f 2371/4491/2371 2389/4367/2389 2388/4290/2388
f 2371/4491/2371 2372/4368/2372 2389/4367/2389
f 2390/4370/2390 2391/4365/2391 2373/4362/2373
f 2392/4493/2392 2374/4355/2374 2391/4365/2391
f 2390/4370/2390 2356/4350/2356 2375/4363/2375
f 2382/4287/2382 2399/4300/2399 2400/4374/2400
f 2388/4290/2388 2389/4367/2389 2401/4377/2401
f 2401/4377/2401 2389/4367/2389 2402/4294/2402
f 2404/4480/2404 2403/4376/2403 2375/4363/2375
f 2393/4494/2393 2404/4480/2404 2375/4363/2375
f 2390/4370/2390 2410/4378/2410 2391/4365/2391
f 2411/4379/2411 2392/4493/2392 2391/4365/2391
f 2408/4434/2408 2416/4440/2416 2428/4446/2428
f 2409/4435/2409 2422/4495/2422 2416/4440/2416
f 2409/4292/2409 2417/4291/2417 2422/4496/2422
f 2404/4480/2404 2418/4380/2418 2403/4376/2403
f 2417/4497/2417 2435/4302/2435 2422/4297/2422
f 2424/4293/2424 2400/4295/2400 2423/4479/2423
f 2437/4498/2437 2419/4499/2419 2411/4379/2411
f 2420/4445/2420 2428/4446/2428 2427/4448/2427
f 2410/4378/2410 2437/4498/2437 2411/4379/2411
f 2441/4386/2441 2437/4498/2437 2410/4378/2410
f 2425/4314/2425 2452/4316/2452 2418/4482/2418
f 2451/4457/2451 2419/4441/2419 2437/4500/2437
f 2447/4312/2447 2457/4324/2457 2466/4329/2466
f 2460/4389/2460 2439/4388/2439 2456/4459/2456
f 2442/4327/2442 2462/4333/2462 2443/4484/2443
f 2464/4335/2464 2451/4486/2451 2462/4333/2462
f 2295/4247/2295 2297/4501/2297 2291/4243/2291
f 2292/4240/2292 2300/4248/2300 2288/4241/2288
f 2293/4242/2293 2302/4252/2302 2294/4244/2294
f 2295/4254/2295 2307/4253/2307 2297/4502/2297
f 2308/4466/2308 2316/4503/2316 2296/4245/2296
f 2300/4248/2300 2319/4345/2319 2298/4249/2298
f 2299/4393/2299 2310/4400/2310 2302/4396/2302
f 2314/4255/2314 2315/4344/2315 2307/4253/2307
f 2329/4398/2329 2317/4399/2317 2299/4393/2299
f 2319/4345/2319 2318/4469/2318 2298/4249/2298
f 2317/4399/2317 2322/4405/2322 2310/4400/2310
f 2319/4345/2319 2331/4347/2331 2318/4469/2318
f 2323/4258/2323 2332/4346/2332 2320/4257/2320
f 2315/4401/2315 2338/4411/2338 2329/4398/2329
f 2340/4349/2340 2349/4413/2349 2330/4267/2330
f 2331/4408/2331 2351/4279/2351 2340/4349/2340
f 2333/4504/2333 2342/4277/2342 2334/4275/2334
f 2343/4283/2343 2332/4346/2332 2336/4274/2336
f 2337/4343/2337 2357/4357/2357 2338/4356/2338
f 2360/4422/2360 2367/4415/2367 2340/4349/2340
f 2340/4349/2340 2350/4281/2350 2360/4422/2360
f 2341/4404/2341 2352/4289/2352 2342/4416/2342
f 2332/4346/2332 2343/4283/2343 2331/4347/2331
f 2343/4283/2343 2363/4418/2363 2331/4347/2331
f 2342/4505/2342 2365/4506/2365 2345/4507/2345
f 2355/4284/2355 2372/4360/2372 2354/4353/2354
f 2338/4411/2338 2374/4508/2374 2348/4412/2348
f 2367/4415/2367 2359/4421/2359 2349/4413/2349
f 2350/4281/2350 2368/4419/2368 2383/4430/2383
f 2363/4286/2363 2370/4359/2370 2369/4420/2369
f 2377/4371/2377 2376/4509/2376 2359/4421/2359
f 2348/4412/2348 2405/4442/2405 2317/4399/2317
f 2378/4372/2378 2377/4371/2377 2359/4421/2359
f 2405/4442/2405 2362/4417/2362 2317/4399/2317
f 2360/4422/2360 2383/4430/2383 2379/4423/2379
f 2381/4425/2381 2380/4424/2380 2361/4280/2361
f 2362/4417/2362 2382/4287/2382 2352/4289/2352
f 2384/4427/2384 2368/4419/2368 2380/4424/2380
f 2385/4428/2385 2381/4425/2381 2369/4420/2369
f 2370/4359/2370 2386/4436/2386 2385/4428/2385
f 2371/4491/2371 2388/4290/2388 2386/4492/2386
f 2393/4494/2393 2375/4363/2375 2376/4364/2376
f 2377/4371/2377 2393/4510/2393 2376/4509/2376
f 2379/4423/2379 2394/4429/2394 2378/4372/2378
f 2397/4431/2397 2394/4429/2394 2383/4430/2383
f 2384/4427/2384 2397/4431/2397 2368/4419/2368
f 2374/4508/2374 2405/4442/2405 2348/4412/2348
f 2394/4429/2394 2396/4373/2396 2378/4372/2378
f 2384/4427/2384 2398/4433/2398 2397/4431/2397
f 2388/4290/2388 2409/4292/2409 2386/4492/2386
f 2387/4369/2387 2400/4295/2400 2402/4294/2402
f 2374/4508/2374 2392/4443/2392 2405/4442/2405
f 2377/4371/2377 2412/4384/2412 2393/4510/2393
f 2377/4371/2377 2396/4373/2396 2412/4384/2412
f 2414/4444/2414 2396/4373/2396 2394/4429/2394
f 2406/4437/2406 2414/4444/2414 2394/4429/2394
f 2397/4431/2397 2407/4438/2407 2406/4437/2406
f 2395/4432/2395 2408/4434/2408 2398/4433/2398
f 2393/4510/2393 2412/4384/2412 2404/4383/2404
f 2405/4442/2405 2429/4449/2429 2362/4417/2362
f 2398/4433/2398 2408/4434/2408 2407/4438/2407
f 2362/4417/2362 2429/4449/2429 2415/4301/2415
f 2411/4379/2411 2419/4499/2419 2392/4493/2392
f 2412/4384/2412 2426/4452/2426 2425/4382/2425
f 2413/4439/2413 2426/4452/2426 2412/4384/2412
f 2414/4444/2414 2438/4451/2438 2413/4439/2413
f 2414/4444/2414 2427/4448/2427 2438/4451/2438
f 2422/4297/2422 2446/4390/2446 2421/4298/2421
f 2432/4303/2432 2447/4312/2447 2446/4390/2446
f 2439/4388/2439 2449/4387/2449 2440/4511/2440
f 2418/4482/2418 2442/4327/2442 2443/4484/2443
f 2426/4512/2426 2453/4315/2453 2425/4314/2425
f 2427/4448/2427 2445/4454/2445 2438/4451/2438
f 2441/4485/2441 2451/4486/2451 2437/4513/2437
f 2445/4454/2445 2454/4514/2454 2438/4451/2438
f 2446/4390/2446 2466/4329/2466 2445/4456/2445
f 2448/4311/2448 2457/4324/2457 2447/4312/2447
f 2468/4488/2468 2470/4331/2470 2458/4323/2458
f 2464/4461/2464 2475/4462/2475 2444/4453/2444
f 2455/4458/2455 2475/4462/2475 2478/4463/2478
f 2474/4334/2474 2477/4338/2477 2475/4464/2475
f 2483/4515/2483 2482/4516/2482 2479/4517/2479
f 2482/4518/2482 2485/4519/2485 2479/4520/2479
f 2485/4521/2485 2483/4522/2483 2479/4523/2479
f 2485/4524/2485 2481/4525/2481 2483/4526/2483
f 2481/4527/2481 2482/4516/2482 2483/4515/2483
f 2481/4527/2481 2484/4528/2484 2482/4516/2482
f 2484/4528/2484 2480/4529/2480 2482/4516/2482
f 2480/4530/2480 2485/4519/2485 2482/4518/2482
f 2480/4531/2480 2484/4532/2484 2485/4533/2485
f 2484/4534/2484 2481/4525/2481 2485/4524/2485
f 2489/4535/2489 2488/4536/2488 2486/4537/2486
f 2488/4538/2488 2487/4539/2487 2486/4540/2486
f 2487/4539/2487 2489/4541/2489 2486/4540/2486
f 2487/4542/2487 2488/4536/2488 2489/4535/2489
f 2490/4543/2490 2498/4544/2498 2497/4545/2497
f 2491/4546/2491 2499/4547/2499 2498/4548/2498
f 2492/4549/2492 2500/4550/2500 2499/4547/2499
f 2493/4551/2493 2501/4552/2501 2500/4553/2500
f 2495/4554/2495 2501/4552/2501 2494/4555/2494
f 2496/4556/2496 2502/4557/2502 2495/4558/2495
f 2490/4543/2490 2503/4559/2503 2496/4560/2496
f 2497/4545/2497 2498/4544/2498 2504/4561/2504
f 2498/4548/2498 2499/4547/2499 2504/4562/2504
f 2499/4547/2499 2500/4550/2500 2504/4562/2504
f 2500/4553/2500 2501/4552/2501 2504/4563/2504
f 2501/4552/2501 2502/4564/2502 2504/4563/2504
f 2502/4557/2502 2503/4565/2503 2504/4566/2504
f 2503/4559/2503 2497/4545/2497 2504/4561/2504
f 2490/4567/2490 2495/4568/2495 2493/4569/2493
f 2505/4570/2505 2513/4571/2513 2512/4572/2512
f 2506/4573/2506 2514/4574/2514 2513/4575/2513
f 2507/4576/2507 2515/4577/2515 2514/4578/2514
f 2509/4579/2509 2515/4577/2515 2508/4580/2508
f 2510/4581/2510 2516/4582/2516 2509/4583/2509
f 2511/4584/2511 2517/4585/2517 2510/4581/2510
f 2505/4570/2505 2518/4586/2518 2511/4587/2511
f 2512/4572/2512 2513/4571/2513 2519/4588/2519
f 2513/4575/2513 2514/4574/2514 2519/4589/2519
f 2514/4578/2514 2515/4577/2515 2519/4590/2519
f 2515/4577/2515 2516/4591/2516 2519/4590/2519
f 2516/4582/2516 2517/4585/2517 2519/4592/2519
f 2517/4585/2517 2518/4593/2518 2519/4592/2519
f 2518/4586/2518 2512/4572/2512 2519/4588/2519
f 2506/4594/2506 2505/4595/2505 2510/4596/2510
f 2520/4597/2520 2527/4598/2527 2526/4599/2526
f 2521/4600/2521 2528/4601/2528 2527/4602/2527
f 2522/4603/2522 2529/4604/2529 2528/4605/2528
f 2524/4606/2524 2529/4604/2529 2523/4607/2523
f 2525/4608/2525 2530/4609/2530 2524/4610/2524
f 2520/4597/2520 2531/4611/2531 2525/4612/2525
f 2526/4613/2526 2527/4614/2527 2532/4615/2532
f 2527/4602/2527 2528/4601/2528 2532/4616/2532
f 2528/4605/2528 2529/4604/2529 2532/4617/2532
f 2529/4604/2529 2530/4618/2530 2532/4617/2532
f 2530/4609/2530 2531/4619/2531 2532/4620/2532
f 2531/4621/2531 2526/4613/2526 2532/4615/2532
f 2522/4622/2522 2521/4623/2521 2520/4624/2520
f 2533/4625/2520 2540/4626/2527 2539/4627/2526
f 2534/4628/2521 2541/4629/2528 2540/4630/2527
f 2535/4631/2522 2542/4632/2529 2541/4633/2528
f 2537/4634/2524 2542/4632/2529 2536/4635/2523
f 2538/4636/2525 2543/4637/2530 2537/4638/2524
f 2533/4625/2520 2544/4639/2531 2538/4640/2525
f 2539/4641/2526 2540/4642/2527 2545/4643/2532
f 2540/4630/2527 2541/4629/2528 2545/4644/2532
f 2541/4633/2528 2542/4632/2529 2545/4645/2532
f 2542/4632/2529 2543/4646/2530 2545/4645/2532
f 2543/4637/2530 2544/4647/2531 2545/4648/2532
f 2544/4649/2531 2539/4641/2526 2545/4643/2532
f 2535/4650/2522 2534/4651/2521 2533/4652/2520
f 2546/4653/2520 2553/4654/2527 2552/4655/2526
f 2547/4656/2521 2554/4657/2528 2553/4658/2527
f 2548/4659/2522 2555/4660/2529 2554/4661/2528
f 2550/4662/2524 2555/4660/2529 2549/4663/2523
f 2551/4664/2525 2556/4665/2530 2550/4666/2524
f 2546/4653/2520 2557/4667/2531 2551/4668/2525
f 2552/4669/2526 2553/4670/2527 2558/4671/2532
f 2553/4658/2527 2554/4657/2528 2558/4672/2532
f 2554/4661/2528 2555/4660/2529 2558/4673/2532
f 2555/4660/2529 2556/4674/2530 2558/4673/2532
f 2556/4665/2530 2557/4675/2531 2558/4676/2532
f 2557/4677/2531 2552/4669/2526 2558/4671/2532
f 2548/4678/2522 2547/4679/2521 2546/4680/2520
f 2559/4681/2520 2566/4682/2527 2565/4683/2526
f 2560/4684/2521 2567/4685/2528 2566/4686/2527
f 2561/4687/2522 2568/4688/2529 2567/4689/2528
f 2563/4690/2524 2568/4688/2529 2562/4691/2533
f 2564/4692/2525 2569/4693/2530 2563/4694/2524
f 2559/4681/2520 2570/4695/2531 2564/4696/2525
f 2565/4697/2526 2566/4698/2527 2571/4699/2532
f 2566/4686/2527 2567/4685/2528 2571/4700/2532
f 2567/4689/2528 2568/4688/2529 2571/4701/2532
f 2568/4688/2529 2569/4702/2530 2571/4701/2532
f 2569/4693/2530 2570/4703/2531 2571/4704/2532
f 2570/4705/2531 2565/4697/2526 2571/4699/2532
f 2561/4706/2522 2560/4707/2521 2559/4708/2520
f 2572/4709/2520 2579/4710/2527 2578/4711/2526
f 2573/4712/2521 2580/4713/2528 2579/4714/2527
f 2574/4715/2522 2581/4716/2529 2580/4717/2528
f 2576/4718/2524 2581/4716/2529 2575/4719/2523
f 2577/4720/2525 2582/4721/2530 2576/4722/2524
f 2572/4709/2520 2583/4723/2531 2577/4724/2525
f 2578/4725/2526 2579/4726/2527 2584/4727/2532
f 2579/4714/2527 2580/4713/2528 2584/4728/2532
f 2580/4717/2528 2581/4716/2529 2584/4729/2532
f 2581/4716/2529 2582/4730/2530 2584/4729/2532
f 2582/4721/2530 2583/4731/2531 2584/4732/2532
f 2583/4733/2531 2578/4725/2526 2584/4727/2532
f 2574/4734/2522 2573/4735/2521 2572/4736/2520
f 2585/4737/2520 2592/4738/2527 2591/4739/2526
f 2586/4740/2521 2593/4741/2528 2592/4742/2527
f 2587/4743/2522 2594/4744/2529 2593/4745/2528
f 2589/4746/2524 2594/4744/2529 2588/4747/2523
f 2590/4748/2525 2595/4749/2530 2589/4750/2524
f 2585/4737/2520 2596/4751/2531 2590/4752/2525
f 2591/4753/2526 2592/4754/2527 2597/4755/2532
f 2592/4742/2527 2593/4741/2528 2597/4756/2532
f 2593/4745/2528 2594/4744/2529 2597/4757/2532
f 2594/4744/2529 2595/4758/2530 2597/4757/2532
f 2595/4749/2530 2596/4759/2531 2597/4760/2532
f 2596/4761/2531 2591/4753/2526 2597/4755/2532
f 2587/4762/2522 2586/4763/2521 2585/4764/2520
f 2603/4765/2539 2601/4766/2537 2599/4767/2535
f 2601/4768/2537 2604/4769/2540 2599/4770/2535
f 2604/4771/2540 2603/4772/2539 2599/4773/2535
f 2604/4774/2540 2600/4775/2536 2603/4776/2539
f 2600/4777/2536 2601/4766/2537 2603/4765/2539
f 2600/4777/2536 2602/4778/2538 2601/4766/2537
f 2602/4778/2538 2598/4779/2534 2601/4766/2537
f 2598/4780/2534 2604/4769/2540 2601/4768/2537
f 2598/4781/2534 2602/4782/2538 2604/4783/2540
f 2602/4784/2538 2600/4775/2536 2604/4774/2540
f 2608/4785/2544 2607/4786/2543 2606/4787/2542
f 2607/4788/2543 2605/4789/2541 2606/4790/2542
f 2605/4789/2541 2608/4791/2544 2606/4790/2542
f 2605/4792/2541 2607/4786/2543 2608/4785/2544
f 2610/4793/2546 2616/4794/2552 2609/4795/2545
f 2611/4796/2547 2617/4797/2553 2610/4798/2546
f 2612/4799/2548 2618/4800/2554 2611/4796/2547
f 2612/4801/2548 2620/4802/2556 2619/4803/2555
f 2613/4804/2549 2621/4805/2557 2620/4802/2556
f 2614/4806/2550 2622/4807/2558 2621/4808/2557
f 2615/4809/2551 2616/4794/2552 2622/4810/2558
f 2616/4794/2552 2617/4811/2553 2623/4812/2559
f 2617/4797/2553 2618/4800/2554 2623/4813/2559
f 2618/4800/2554 2619/4814/2555 2623/4813/2559
f 2619/4803/2555 2620/4802/2556 2623/4815/2559
f 2620/4802/2556 2621/4805/2557 2623/4815/2559
f 2621/4808/2557 2622/4807/2558 2623/4816/2559
f 2622/4810/2558 2616/4794/2552 2623/4812/2559
f 2609/4817/2545 2614/4818/2550 2612/4819/2548
f 2625/4820/2561 2631/4821/2567 2624/4822/2560
f 2626/4823/2562 2632/4824/2568 2625/4825/2561
f 2627/4826/2563 2633/4827/2569 2626/4828/2562
f 2628/4829/2564 2634/4830/2570 2627/4826/2563
f 2628/4831/2564 2636/4832/2572 2635/4833/2571
f 2629/4834/2565 2637/4835/2573 2636/4832/2572
f 2630/4836/2566 2631/4821/2567 2637/4837/2573
f 2631/4821/2567 2632/4838/2568 2638/4839/2574
f 2632/4824/2568 2633/4840/2569 2638/4841/2574
f 2633/4827/2569 2634/4830/2570 2638/4842/2574
f 2634/4830/2570 2635/4843/2571 2638/4842/2574
f 2635/4833/2571 2636/4832/2572 2638/4844/2574
f 2636/4832/2572 2637/4835/2573 2638/4844/2574
f 2637/4837/2573 2631/4821/2567 2638/4839/2574
f 2624/4845/2560 2629/4846/2565 2627/4847/2563
f 2639/4848/2520 2646/4849/2527 2645/4850/2526
f 2640/4851/2521 2647/4852/2528 2646/4853/2527
f 2641/4854/2522 2648/4855/2529 2647/4856/2528
f 2643/4857/2524 2648/4855/2529 2642/4858/2523
f 2644/4859/2525 2649/4860/2530 2643/4861/2524
f 2639/4848/2520 2650/4862/2531 2644/4863/2525
f 2645/4864/2526 2646/4865/2527 2651/4866/2532
f 2646/4853/2527 2647/4852/2528 2651/4867/2532
f 2647/4856/2528 2648/4855/2529 2651/4868/2532
f 2648/4855/2529 2649/4869/2530 2651/4868/2532
f 2649/4860/2530 2650/4870/2531 2651/4871/2532
f 2650/4872/2531 2645/4864/2526 2651/4866/2532
f 2641/4873/2522 2640/4874/2521 2639/4875/2520
f 2652/4876/2520 2659/4877/2527 2658/4878/2526
f 2653/4879/2521 2660/4880/2528 2659/4881/2527
f 2654/4882/2522 2661/4883/2529 2660/4884/2528
f 2656/4885/2524 2661/4883/2529 2655/4886/2523
f 2657/4887/2525 2662/4888/2530 2656/4889/2524
f 2652/4876/2520 2663/4890/2531 2657/4891/2525
f 2658/4892/2526 2659/4893/2527 2664/4894/2532
f 2659/4881/2527 2660/4880/2528 2664/4895/2532
f 2660/4884/2528 2661/4883/2529 2664/4896/2532
f 2661/4883/2529 2662/4897/2530 2664/4896/2532
f 2662/4888/2530 2663/4898/2531 2664/4899/2532
f 2663/4900/2531 2658/4892/2526 2664/4894/2532
f 2654/4901/2522 2653/4902/2521 2652/4903/2520
f 2665/4904/2520 2672/4905/2527 2671/4906/2526
f 2666/4907/2575 2673/4908/2528 2672/4909/2527
f 2667/4910/2522 2674/4911/2529 2673/4912/2528
f 2669/4913/2524 2674/4911/2529 2668/4914/2523
f 2670/4915/2576 2675/4916/2530 2669/4917/2524
f 2665/4904/2520 2676/4918/2531 2670/4919/2576
f 2671/4920/2526 2672/4921/2527 2677/4922/2532
f 2672/4909/2527 2673/4908/2528 2677/4923/2532
f 2673/4912/2528 2674/4911/2529 2677/4924/2532
f 2674/4911/2529 2675/4925/2530 2677/4924/2532
f 2675/4916/2530 2676/4926/2531 2677/4927/2532
f 2676/4928/2531 2671/4920/2526 2677/4922/2532
f 2666/4929/2575 2665/4930/2520 2669/4931/2524
f 2678/4932/2520 2685/4933/2527 2684/4934/2526
f 2679/4935/2521 2686/4936/2528 2685/4937/2527
f 2680/4938/2522 2687/4939/2529 2686/4940/2528
f 2682/4941/2524 2687/4939/2529 2681/4942/2523
f 2683/4943/2525 2688/4944/2530 2682/4945/2524
f 2678/4932/2520 2689/4946/2531 2683/4947/2525
f 2684/4948/2526 2685/4949/2527 2690/4950/2532
f 2685/4937/2527 2686/4936/2528 2690/4951/2532
f 2686/4940/2528 2687/4939/2529 2690/4952/2532
f 2687/4939/2529 2688/4953/2530 2690/4952/2532
f 2688/4944/2530 2689/4954/2531 2690/4955/2532
f 2689/4956/2531 2684/4948/2526 2690/4950/2532
f 2680/4957/2522 2679/4958/2521 2678/4959/2520
f 2691/4960/2520 2698/4961/2527 2697/4962/2526
f 2692/4963/2521 2699/4964/2528 2698/4965/2527
f 2693/4966/2522 2700/4967/2529 2699/4968/2528
f 2695/4969/2524 2700/4967/2529 2694/4970/2523
f 2696/4971/2525 2701/4972/2530 2695/4973/2524
f 2691/4960/2520 2702/4974/2531 2696/4975/2525
f 2697/4976/2526 2698/4977/2527 2703/4978/2532
f 2698/4965/2527 2699/4964/2528 2703/4979/2532
f 2699/4968/2528 2700/4967/2529 2703/4980/2532
f 2700/4967/2529 2701/4981/2530 2703/4980/2532
f 2701/4972/2530 2702/4982/2531 2703/4983/2532
f 2702/4984/2531 2697/4976/2526 2703/4978/2532
f 2693/4985/2522 2692/4986/2521 2691/4987/2520
f 2704/4988/2520 2711/4989/2527 2710/4990/2526
f 2705/4991/2575 2712/4992/2528 2711/4993/2527
f 2706/4994/2522 2713/4995/2529 2712/4996/2528
f 2708/4997/2524 2713/4995/2529 2707/4998/2533
f 2709/4999/2576 2714/5000/2530 2708/5001/2524
f 2704/4988/2520 2715/5002/2531 2709/5003/2576
f 2710/5004/2526 2711/5005/2527 2716/5006/2532
f 2711/4993/2527 2712/4992/2528 2716/5007/2532
f 2712/4996/2528 2713/4995/2529 2716/5008/2532
f 2713/4995/2529 2714/5009/2530 2716/5008/2532
f 2714/5000/2530 2715/5010/2531 2716/5011/2532
f 2715/5012/2531 2710/5004/2526 2716/5006/2532
f 2705/5013/2575 2704/5014/2520 2708/5015/2524
f 2860/5016/2720 2724/5017/2584 2725/5018/2585
f 2862/5019/2722 2732/5020/2592 2722/5021/2582
f 2719/5022/2579 2729/5023/2589 2720/5024/2580
f 2718/5025/2578 2725/5018/2585 2726/5026/2586
f 2723/5027/2583 2722/5021/2582 2732/5020/2592
f 2720/5024/2580 2730/5028/2590 2721/5029/2581
f 2861/5030/2721 2726/5031/2586 2727/5032/2587
f 2859/5033/2719 2717/5034/2577 2724/5017/2584
f 2721/5035/2581 2731/5036/2591 2862/5019/2722
f 2719/5022/2579 2727/5032/2587 2728/5037/2588
f 2725/5018/2585 2733/5038/2593 2734/5039/2594
f 2731/5036/2591 2741/5040/2601 2732/5020/2592
f 2728/5037/2588 2738/5041/2598 2729/5023/2589
f 2726/5026/2586 2734/5039/2594 2735/5042/2595
f 2723/5027/2583 2732/5020/2592 2741/5040/2601
f 2729/5023/2589 2739/5043/2599 2730/5028/2590
f 2727/5032/2587 2735/5044/2595 2736/5045/2596
f 2724/5017/2584 2717/5034/2577 2733/5038/2593
f 2730/5046/2590 2740/5047/2600 2731/5036/2591
f 2728/5037/2588 2736/5045/2596 2737/5048/2597
f 2737/5049/2597 2745/5050/2605 2746/5051/2606
f 2734/5039/2594 2742/5052/2602 2743/5053/2603
f 2740/5047/2600 2750/5054/2610 2741/5040/2601
f 2737/5049/2597 2747/5055/2607 2738/5056/2598
f 2735/5042/2595 2743/5053/2603 2744/5057/2604
f 2723/5027/2583 2741/5040/2601 2750/5054/2610
f 2738/5056/2598 2748/5058/2608 2739/5059/2599
f 2736/5060/2596 2744/5061/2604 2745/5050/2605
f 2733/5038/2593 2717/5034/2577 2742/5052/2602
f 2739/5062/2599 2749/5063/2609 2740/5047/2600
f 2742/5052/2602 2717/5034/2577 2751/5064/2611
f 2748/5065/2608 2758/5066/2618 2749/5063/2609
f 2746/5051/2606 2754/5067/2614 2755/5068/2615
f 2743/5053/2603 2751/5064/2611 2752/5069/2612
f 2749/5063/2609 2759/5070/2619 2750/5054/2610
f 2746/5051/2606 2756/5071/2616 2747/5055/2607
f 2744/5057/2604 2752/5069/2612 2753/5072/2613
f 2723/5027/2583 2750/5054/2610 2759/5070/2619
f 2747/5055/2607 2757/5073/2617 2748/5058/2608
f 2745/5050/2605 2753/5074/2613 2754/5067/2614
f 2757/5073/2617 2765/5075/2625 2766/5076/2626
f 2753/5074/2613 2763/5077/2623 2754/5067/2614
f 2751/5064/2611 2717/5034/2577 2760/5078/2620
f 2758/5066/2618 2766/5079/2626 2767/5080/2627
f 2754/5067/2614 2764/5081/2624 2755/5068/2615
f 2751/5064/2611 2761/5082/2621 2752/5069/2612
f 2759/5070/2619 2767/5080/2627 2768/5083/2628
f 2756/5071/2616 2764/5081/2624 2765/5075/2625
f 2752/5069/2612 2762/5084/2622 2753/5072/2613
f 2723/5027/2583 2759/5070/2619 2768/5083/2628
f 2761/5082/2621 2771/5085/2631 2762/5084/2622
f 2723/5027/2583 2768/5083/2628 2777/5086/2637
f 2766/5076/2626 2774/5087/2634 2775/5088/2635
f 2762/5089/2622 2772/5090/2632 2763/5077/2623
f 2760/5078/2620 2717/5034/2577 2769/5091/2629
f 2767/5080/2627 2775/5092/2635 2776/5093/2636
f 2763/5077/2623 2773/5094/2633 2764/5081/2624
f 2760/5078/2620 2770/5095/2630 2761/5082/2621
f 2768/5083/2628 2776/5093/2636 2777/5086/2637
f 2765/5075/2625 2773/5094/2633 2774/5087/2634
f 2774/5096/2634 2782/5097/2642 2783/5098/2643
f 2770/5095/2630 2780/5099/2640 2771/5085/2631
f 2723/5027/2583 2777/5086/2637 2786/5100/2646
f 2775/5101/2635 2783/5098/2643 2784/5102/2644
f 2771/5103/2631 2781/5104/2641 2772/5105/2632
f 2769/5091/2629 2717/5034/2577 2778/5106/2638
f 2776/5093/2636 2784/5107/2644 2785/5108/2645
f 2772/5105/2632 2782/5097/2642 2773/5109/2633
f 2769/5091/2629 2779/5110/2639 2770/5095/2630
f 2777/5086/2637 2785/5108/2645 2786/5100/2646
f 2778/5106/2638 2788/5111/2648 2779/5110/2639
f 2786/5100/2646 2794/5112/2654 2795/5113/2655
f 2783/5098/2643 2791/5114/2651 2792/5115/2652
f 2779/5110/2639 2789/5116/2649 2780/5099/2640
f 2723/5027/2583 2786/5100/2646 2795/5113/2655
f 2784/5102/2644 2792/5115/2652 2793/5117/2653
f 2780/5118/2640 2790/5119/2650 2781/5104/2641
f 2778/5106/2638 2717/5034/2577 2787/5120/2647
f 2785/5108/2645 2793/5121/2653 2794/5112/2654
f 2781/5104/2641 2791/5114/2651 2782/5097/2642
f 2793/5121/2653 2803/5122/2663 2794/5112/2654
f 2791/5114/2651 2799/5123/2659 2800/5124/2660
f 2788/5111/2648 2796/5125/2656 2797/5126/2657
f 2794/5112/2654 2804/5127/2664 2795/5113/2655
f 2791/5114/2651 2801/5128/2661 2792/5115/2652
f 2789/5116/2649 2797/5126/2657 2798/5129/2658
f 2723/5027/2583 2795/5113/2655 2804/5127/2664
f 2792/5115/2652 2802/5130/2662 2793/5117/2653
f 2790/5119/2650 2798/5131/2658 2799/5123/2659
f 2787/5120/2647 2717/5034/2577 2796/5125/2656
f 2799/5123/2659 2807/5132/2667 2808/5133/2668
f 2796/5125/2656 2717/5034/2577 2805/5134/2665
f 2802/5135/2662 2812/5136/2672 2803/5122/2663
f 2800/5124/2660 2808/5133/2668 2809/5137/2669
f 2797/5126/2657 2805/5134/2665 2806/5138/2666
f 2803/5122/2663 2813/5139/2673 2804/5127/2664
f 2800/5124/2660 2810/5140/2670 2801/5128/2661
f 2798/5129/2658 2806/5138/2666 2807/5141/2667
f 2723/5027/2583 2804/5127/2664 2813/5139/2673
f 2801/5128/2661 2811/5142/2671 2802/5130/2662
f 2810/5140/2670 2820/5143/2680 2811/5142/2671
f 2808/5133/2668 2816/5144/2676 2817/5145/2677
f 2805/5134/2665 2717/5034/2577 2814/5146/2674
f 2811/5147/2671 2821/5148/2681 2812/5136/2672
f 2809/5137/2669 2817/5145/2677 2818/5149/2678
f 2806/5138/2666 2814/5146/2674 2815/5150/2675
f 2812/5136/2672 2822/5151/2682 2813/5139/2673
f 2809/5137/2669 2819/5152/2679 2810/5140/2670
f 2807/5141/2667 2815/5150/2675 2816/5153/2676
f 2723/5027/2583 2813/5139/2673 2822/5151/2682
f 2816/5153/2676 2824/5154/2684 2825/5155/2685
f 2723/5027/2583 2822/5151/2682 2831/5156/2691
f 2819/5157/2679 2829/5158/2689 2820/5159/2680
f 2817/5160/2677 2825/5161/2685 2826/5162/2686
f 2814/5146/2674 2717/5034/2577 2823/5163/2683
f 2820/5164/2680 2830/5165/2690 2821/5148/2681
f 2818/5166/2678 2826/5162/2686 2827/5167/2687
f 2815/5150/2675 2823/5163/2683 2824/5154/2684
f 2821/5148/2681 2831/5156/2691 2822/5151/2682
f 2818/5166/2678 2828/5168/2688 2819/5157/2679
f 2831/5156/2691 2839/5169/2699 2840/5170/2700
f 2828/5168/2688 2836/5171/2696 2837/5172/2697
f 2824/5154/2684 2834/5173/2694 2825/5155/2685
f 2723/5027/2583 2831/5156/2691 2840/5170/2700
f 2829/5158/2689 2837/5172/2697 2838/5174/2698
f 2825/5161/2685 2835/5175/2695 2826/5162/2686
f 2823/5163/2683 2717/5034/2577 2832/5176/2692
f 2830/5165/2690 2838/5177/2698 2839/5169/2699
f 2826/5162/2686 2836/5171/2696 2827/5167/2687
f 2823/5163/2683 2833/5178/2693 2824/5154/2684
f 2835/5175/2695 2845/5179/2705 2836/5171/2696
f 2832/5176/2692 2842/5180/2702 2833/5178/2693
f 2840/5170/2700 2848/5181/2708 2849/5182/2709
f 2837/5172/2697 2845/5179/2705 2846/5183/2706
f 2833/5178/2693 2843/5184/2703 2834/5173/2694
f 2723/5027/2583 2840/5170/2700 2849/5182/2709
f 2838/5174/2698 2846/5183/2706 2847/5185/2707
f 2834/5186/2694 2844/5187/2704 2835/5175/2695
f 2832/5176/2692 2717/5034/2577 2841/5188/2701
f 2839/5169/2699 2847/5189/2707 2848/5181/2708
f 2841/5188/2701 2717/5034/2577 2850/5190/2710
f 2848/5181/2708 2856/5191/2716 2857/5192/2717
f 2844/5193/2704 2854/5194/2714 2845/5195/2705
f 2841/5188/2701 2851/5196/2711 2842/5180/2702
f 2849/5182/2709 2857/5192/2717 2858/5197/2718
f 2846/5198/2706 2854/5194/2714 2855/5199/2715
f 2842/5180/2702 2852/5200/2712 2843/5184/2703
f 2723/5027/2583 2849/5182/2709 2858/5197/2718
f 2847/5201/2707 2855/5199/2715 2856/5202/2716
f 2843/5203/2703 2853/5204/2713 2844/5193/2704
f 2852/5205/2712 2861/5030/2721 2853/5204/2713
f 2850/5190/2710 2717/5034/2577 2859/5033/2719
f 2857/5192/2717 2721/5035/2581 2862/5019/2722
f 2853/5204/2713 2719/5022/2579 2854/5194/2714
f 2850/5190/2710 2860/5016/2720 2851/5196/2711
f 2858/5197/2718 2862/5019/2722 2722/5021/2582
f 2855/5199/2715 2719/5022/2579 2720/5024/2580
f 2851/5196/2711 2718/5025/2578 2852/5200/2712
f 2723/5027/2583 2858/5197/2718 2722/5021/2582
f 2856/5202/2716 2720/5024/2580 2721/5029/2581
f 2490/4543/2490 2491/5206/2491 2498/4544/2498
f 2491/4546/2491 2492/4549/2492 2499/4547/2499
f 2492/4549/2492 2493/5207/2493 2500/4550/2500
f 2493/4551/2493 2494/4555/2494 2501/4552/2501
f 2495/4554/2495 2502/4564/2502 2501/4552/2501
f 2496/4556/2496 2503/4565/2503 2502/4557/2502
f 2490/4543/2490 2497/4545/2497 2503/4559/2503
f 2490/4567/2490 2496/5208/2496 2495/4568/2495
f 2495/4568/2495 2494/5209/2494 2493/4569/2493
f 2493/4569/2493 2492/5210/2492 2491/5211/2491
f 2491/5211/2491 2490/4567/2490 2493/4569/2493
f 2505/4570/2505 2506/5212/2506 2513/4571/2513
f 2506/4573/2506 2507/5213/2507 2514/4574/2514
f 2507/4576/2507 2508/4580/2508 2515/4577/2515
f 2509/4579/2509 2516/4591/2516 2515/4577/2515
f 2510/4581/2510 2517/4585/2517 2516/4582/2516
f 2511/4584/2511 2518/4593/2518 2517/4585/2517
f 2505/4570/2505 2512/4572/2512 2518/4586/2518
f 2505/4595/2505 2511/5214/2511 2510/4596/2510
f 2510/4596/2510 2509/5215/2509 2506/4594/2506
f 2509/5215/2509 2508/5216/2508 2506/4594/2506
f 2508/5216/2508 2507/5217/2507 2506/4594/2506
f 2520/4597/2520 2521/5218/2521 2527/4598/2527
f 2521/4600/2521 2522/5219/2522 2528/4601/2528
f 2522/4603/2522 2523/4607/2523 2529/4604/2529
f 2524/4606/2524 2530/4618/2530 2529/4604/2529
f 2525/4608/2525 2531/4619/2531 2530/4609/2530
f 2520/4597/2520 2526/4599/2526 2531/4611/2531
f 2520/4624/2520 2525/5220/2525 2522/4622/2522
f 2525/5220/2525 2524/5221/2524 2522/4622/2522
f 2524/5221/2524 2523/5222/2523 2522/4622/2522
f 2533/4625/2520 2534/5223/2521 2540/4626/2527
f 2534/4628/2521 2535/5224/2522 2541/4629/2528
f 2535/4631/2522 2536/4635/2523 2542/4632/2529
f 2537/4634/2524 2543/4646/2530 2542/4632/2529
f 2538/4636/2525 2544/4647/2531 2543/4637/2530
f 2533/4625/2520 2539/4627/2526 2544/4639/2531
f 2533/4652/2520 2538/5225/2525 2535/4650/2522
f 2538/5225/2525 2537/5226/2524 2535/4650/2522
f 2537/5226/2524 2536/5227/2523 2535/4650/2522
f 2546/4653/2520 2547/5228/2521 2553/4654/2527
f 2547/4656/2521 2548/5229/2522 2554/4657/2528
f 2548/4659/2522 2549/4663/2523 2555/4660/2529
f 2550/4662/2524 2556/4674/2530 2555/4660/2529
f 2551/4664/2525 2557/4675/2531 2556/4665/2530
f 2546/4653/2520 2552/4655/2526 2557/4667/2531
f 2546/4680/2520 2551/5230/2525 2548/4678/2522
f 2551/5230/2525 2550/5231/2524 2548/4678/2522
f 2550/5231/2524 2549/5232/2523 2548/4678/2522
f 2559/4681/2520 2560/5233/2521 2566/4682/2527
f 2560/4684/2521 2561/5234/2522 2567/4685/2528
f 2561/4687/2522 2562/4691/2533 2568/4688/2529
f 2563/4690/2524 2569/4702/2530 2568/4688/2529
f 2564/4692/2525 2570/4703/2531 2569/4693/2530
f 2559/4681/2520 2565/4683/2526 2570/4695/2531
f 2559/4708/2520 2564/5235/2525 2561/4706/2522
f 2564/5235/2525 2563/5236/2524 2561/4706/2522
f 2563/5236/2524 2562/5237/2533 2561/4706/2522
f 2572/4709/2520 2573/5238/2521 2579/4710/2527
f 2573/4712/2521 2574/5239/2522 2580/4713/2528
f 2574/4715/2522 2575/4719/2523 2581/4716/2529
f 2576/4718/2524 2582/4730/2530 2581/4716/2529
f 2577/4720/2525 2583/4731/2531 2582/4721/2530
f 2572/4709/2520 2578/4711/2526 2583/4723/2531
f 2572/4736/2520 2577/5240/2525 2574/4734/2522
f 2577/5240/2525 2576/5241/2524 2574/4734/2522
f 2576/5241/2524 2575/5242/2523 2574/4734/2522
f 2585/4737/2520 2586/5243/2521 2592/4738/2527
f 2586/4740/2521 2587/5244/2522 2593/4741/2528
f 2587/4743/2522 2588/4747/2523 2594/4744/2529
f 2589/4746/2524 2595/4758/2530 2594/4744/2529
f 2590/4748/2525 2596/4759/2531 2595/4749/2530
f 2585/4737/2520 2591/4739/2526 2596/4751/2531
f 2585/4764/2520 2590/5245/2525 2587/4762/2522
f 2590/5245/2525 2589/5246/2524 2587/4762/2522
f 2589/5246/2524 2588/5247/2523 2587/4762/2522
f 2610/4793/2546 2617/4811/2553 2616/4794/2552
f 2611/4796/2547 2618/4800/2554 2617/4797/2553
f 2612/4799/2548 2619/4814/2555 2618/4800/2554
f 2612/4801/2548 2613/4804/2549 2620/4802/2556
f 2613/4804/2549 2614/5248/2550 2621/4805/2557
f 2614/4806/2550 2615/5249/2551 2622/4807/2558
f 2615/4809/2551 2609/4795/2545 2616/4794/2552
f 2609/4817/2545 2615/5250/2551 2614/4818/2550
f 2614/4818/2550 2613/5251/2549 2612/4819/2548
f 2612/4819/2548 2611/5252/2547 2610/5253/2546
f 2610/5253/2546 2609/4817/2545 2612/4819/2548
f 2625/4820/2561 2632/4838/2568 2631/4821/2567
f 2626/4823/2562 2633/4840/2569 2632/4824/2568
f 2627/4826/2563 2634/4830/2570 2633/4827/2569
f 2628/4829/2564 2635/4843/2571 2634/4830/2570
f 2628/4831/2564 2629/4834/2565 2636/4832/2572
f 2629/4834/2565 2630/5254/2566 2637/4835/2573
f 2630/4836/2566 2624/4822/2560 2631/4821/2567
f 2624/4845/2560 2630/5255/2566 2629/4846/2565
f 2629/4846/2565 2628/5256/2564 2627/4847/2563
f 2627/4847/2563 2626/5257/2562 2625/5258/2561
f 2625/5258/2561 2624/4845/2560 2627/4847/2563
f 2639/4848/2520 2640/5259/2521 2646/4849/2527
f 2640/4851/2521 2641/5260/2522 2647/4852/2528
f 2641/4854/2522 2642/4858/2523 2648/4855/2529
f 2643/4857/2524 2649/4869/2530 2648/4855/2529
f 2644/4859/2525 2650/4870/2531 2649/4860/2530
f 2639/4848/2520 2645/4850/2526 2650/4862/2531
f 2639/4875/2520 2644/5261/2525 2641/4873/2522
f 2644/5261/2525 2643/5262/2524 2641/4873/2522
f 2643/5262/2524 2642/5263/2523 2641/4873/2522
f 2652/4876/2520 2653/5264/2521 2659/4877/2527
f 2653/4879/2521 2654/5265/2522 2660/4880/2528
f 2654/4882/2522 2655/4886/2523 2661/4883/2529
f 2656/4885/2524 2662/4897/2530 2661/4883/2529
f 2657/4887/2525 2663/4898/2531 2662/4888/2530
f 2652/4876/2520 2658/4878/2526 2663/4890/2531
f 2652/4903/2520 2657/5266/2525 2654/4901/2522
f 2657/5266/2525 2656/5267/2524 2654/4901/2522
f 2656/5267/2524 2655/5268/2523 2654/4901/2522
f 2665/4904/2520 2666/5269/2575 2672/4905/2527
f 2666/4907/2575 2667/5270/2522 2673/4908/2528
f 2667/4910/2522 2668/4914/2523 2674/4911/2529
f 2669/4913/2524 2675/4925/2530 2674/4911/2529
f 2670/4915/2576 2676/4926/2531 2675/4916/2530
f 2665/4904/2520 2671/4906/2526 2676/4918/2531
f 2665/4930/2520 2670/5271/2576 2669/4931/2524
f 2669/4931/2524 2668/5272/2523 2667/5273/2522
f 2667/5273/2522 2666/4929/2575 2669/4931/2524
f 2678/4932/2520 2679/5274/2521 2685/4933/2527
f 2679/4935/2521 2680/5275/2522 2686/4936/2528
f 2680/4938/2522 2681/4942/2523 2687/4939/2529
f 2682/4941/2524 2688/4953/2530 2687/4939/2529
f 2683/4943/2525 2689/4954/2531 2688/4944/2530
f 2678/4932/2520 2684/4934/2526 2689/4946/2531
f 2678/4959/2520 2683/5276/2525 2680/4957/2522
f 2683/5276/2525 2682/5277/2524 2680/4957/2522
f 2682/5277/2524 2681/5278/2523 2680/4957/2522
f 2691/4960/2520 2692/5279/2521 2698/4961/2527
f 2692/4963/2521 2693/5280/2522 2699/4964/2528
f 2693/4966/2522 2694/4970/2523 2700/4967/2529
f 2695/4969/2524 2701/4981/2530 2700/4967/2529
f 2696/4971/2525 2702/4982/2531 2701/4972/2530
f 2691/4960/2520 2697/4962/2526 2702/4974/2531
f 2691/4987/2520 2696/5281/2525 2693/4985/2522
f 2696/5281/2525 2695/5282/2524 2693/4985/2522
f 2695/5282/2524 2694/5283/2523 2693/4985/2522
f 2704/4988/2520 2705/5284/2575 2711/4989/2527
f 2705/4991/2575 2706/5285/2522 2712/4992/2528
f 2706/4994/2522 2707/4998/2533 2713/4995/2529
f 2708/4997/2524 2714/5009/2530 2713/4995/2529
f 2709/4999/2576 2715/5010/2531 2714/5000/2530
f 2704/4988/2520 2710/4990/2526 2715/5002/2531
f 2704/5014/2520 2709/5286/2576 2708/5015/2524
f 2708/5015/2524 2707/5287/2533 2706/5288/2522
f 2706/5288/2522 2705/5013/2575 2708/5015/2524
f 2860/5016/2720 2859/5033/2719 2724/5017/2584
f 2862/5019/2722 2731/5036/2591 2732/5020/2592
f 2719/5022/2579 2728/5037/2588 2729/5023/2589
f 2718/5025/2578 2860/5016/2720 2725/5018/2585
f 2720/5024/2580 2729/5023/2589 2730/5028/2590
f 2861/5030/2721 2718/5289/2578 2726/5031/2586
f 2721/5035/2581 2730/5046/2590 2731/5036/2591
f 2719/5022/2579 2861/5030/2721 2727/5032/2587
f 2725/5018/2585 2724/5017/2584 2733/5038/2593
f 2731/5036/2591 2740/5047/2600 2741/5040/2601
f 2728/5037/2588 2737/5048/2597 2738/5041/2598
f 2726/5026/2586 2725/5018/2585 2734/5039/2594
f 2729/5023/2589 2738/5041/2598 2739/5043/2599
f 2727/5032/2587 2726/5031/2586 2735/5044/2595
f 2730/5046/2590 2739/5062/2599 2740/5047/2600
f 2728/5037/2588 2727/5032/2587 2736/5045/2596
f 2737/5049/2597 2736/5060/2596 2745/5050/2605
f 2734/5039/2594 2733/5038/2593 2742/5052/2602
f 2740/5047/2600 2749/5063/2609 2750/5054/2610
f 2737/5049/2597 2746/5051/2606 2747/5055/2607
f 2735/5042/2595 2734/5039/2594 2743/5053/2603
f 2738/5056/2598 2747/5055/2607 2748/5058/2608
f 2736/5060/2596 2735/5290/2595 2744/5061/2604
f 2739/5062/2599 2748/5065/2608 2749/5063/2609
f 2748/5065/2608 2757/5291/2617 2758/5066/2618
f 2746/5051/2606 2745/5050/2605 2754/5067/2614
f 2743/5053/2603 2742/5052/2602 2751/5064/2611
f 2749/5063/2609 2758/5066/2618 2759/5070/2619
f 2746/5051/2606 2755/5068/2615 2756/5071/2616
f 2744/5057/2604 2743/5053/2603 2752/5069/2612
f 2747/5055/2607 2756/5071/2616 2757/5073/2617
f 2745/5050/2605 2744/5061/2604 2753/5074/2613
f 2757/5073/2617 2756/5071/2616 2765/5075/2625
f 2753/5074/2613 2762/5089/2622 2763/5077/2623
f 2758/5066/2618 2757/5291/2617 2766/5079/2626
f 2754/5067/2614 2763/5077/2623 2764/5081/2624
f 2751/5064/2611 2760/5078/2620 2761/5082/2621
f 2759/5070/2619 2758/5066/2618 2767/5080/2627
f 2756/5071/2616 2755/5068/2615 2764/5081/2624
f 2752/5069/2612 2761/5082/2621 2762/5084/2622
f 2761/5082/2621 2770/5095/2630 2771/5085/2631
f 2766/5076/2626 2765/5075/2625 2774/5087/2634
f 2762/5089/2622 2771/5292/2631 2772/5090/2632
f 2767/5080/2627 2766/5079/2626 2775/5092/2635
f 2763/5077/2623 2772/5090/2632 2773/5094/2633
f 2760/5078/2620 2769/5091/2629 2770/5095/2630
f 2768/5083/2628 2767/5080/2627 2776/5093/2636
f 2765/5075/2625 2764/5081/2624 2773/5094/2633
f 2774/5096/2634 2773/5109/2633 2782/5097/2642
f 2770/5095/2630 2779/5110/2639 2780/5099/2640
f 2775/5101/2635 2774/5096/2634 2783/5098/2643
f 2771/5103/2631 2780/5118/2640 2781/5104/2641
f 2776/5093/2636 2775/5092/2635 2784/5107/2644
f 2772/5105/2632 2781/5104/2641 2782/5097/2642
f 2769/5091/2629 2778/5106/2638 2779/5110/2639
f 2777/5086/2637 2776/5093/2636 2785/5108/2645
f 2778/5106/2638 2787/5120/2647 2788/5111/2648
f 2786/5100/2646 2785/5108/2645 2794/5112/2654
f 2783/5098/2643 2782/5097/2642 2791/5114/2651
f 2779/5110/2639 2788/5111/2648 2789/5116/2649
f 2784/5102/2644 2783/5098/2643 2792/5115/2652
f 2780/5118/2640 2789/5293/2649 2790/5119/2650
f 2785/5108/2645 2784/5107/2644 2793/5121/2653
f 2781/5104/2641 2790/5119/2650 2791/5114/2651
f 2793/5121/2653 2802/5135/2662 2803/5122/2663
f 2791/5114/2651 2790/5119/2650 2799/5123/2659
f 2788/5111/2648 2787/5120/2647 2796/5125/2656
f 2794/5112/2654 2803/5122/2663 2804/5127/2664
f 2791/5114/2651 2800/5124/2660 2801/5128/2661
f 2789/5116/2649 2788/5111/2648 2797/5126/2657
f 2792/5115/2652 2801/5128/2661 2802/5130/2662
f 2790/5119/2650 2789/5293/2649 2798/5131/2658
f 2799/5123/2659 2798/5131/2658 2807/5132/2667
f 2802/5135/2662 2811/5147/2671 2812/5136/2672
f 2800/5124/2660 2799/5123/2659 2808/5133/2668
f 2797/5126/2657 2796/5125/2656 2805/5134/2665
f 2803/5122/2663 2812/5136/2672 2813/5139/2673
f 2800/5124/2660 2809/5137/2669 2810/5140/2670
f 2798/5129/2658 2797/5126/2657 2806/5138/2666
f 2801/5128/2661 2810/5140/2670 2811/5142/2671
f 2810/5140/2670 2819/5152/2679 2820/5143/2680
f 2808/5133/2668 2807/5132/2667 2816/5144/2676
f 2811/5147/2671 2820/5164/2680 2821/5148/2681
f 2809/5137/2669 2808/5133/2668 2817/5145/2677
f 2806/5138/2666 2805/5134/2665 2814/5146/2674
f 2812/5136/2672 2821/5148/2681 2822/5151/2682
f 2809/5137/2669 2818/5149/2678 2819/5152/2679
f 2807/5141/2667 2806/5138/2666 2815/5150/2675
f 2816/5153/2676 2815/5150/2675 2824/5154/2684
f 2819/5157/2679 2828/5168/2688 2829/5158/2689
f 2817/5160/2677 2816/5294/2676 2825/5161/2685
f 2820/5164/2680 2829/5295/2689 2830/5165/2690
f 2818/5166/2678 2817/5160/2677 2826/5162/2686
f 2815/5150/2675 2814/5146/2674 2823/5163/2683
f 2821/5148/2681 2830/5165/2690 2831/5156/2691
f 2818/5166/2678 2827/5167/2687 2828/5168/2688
f 2831/5156/2691 2830/5165/2690 2839/5169/2699
f 2828/5168/2688 2827/5167/2687 2836/5171/2696
f 2824/5154/2684 2833/5178/2693 2834/5173/2694
f 2829/5158/2689 2828/5168/2688 2837/5172/2697
f 2825/5161/2685 2834/5186/2694 2835/5175/2695
f 2830/5165/2690 2829/5295/2689 2838/5177/2698
f 2826/5162/2686 2835/5175/2695 2836/5171/2696
f 2823/5163/2683 2832/5176/2692 2833/5178/2693
f 2835/5175/2695 2844/5187/2704 2845/5179/2705
f 2832/5176/2692 2841/5188/2701 2842/5180/2702
f 2840/5170/2700 2839/5169/2699 2848/5181/2708
f 2837/5172/2697 2836/5171/2696 2845/5179/2705
f 2833/5178/2693 2842/5180/2702 2843/5184/2703
f 2838/5174/2698 2837/5172/2697 2846/5183/2706
f 2834/5186/2694 2843/5296/2703 2844/5187/2704
f 2839/5169/2699 2838/5177/2698 2847/5189/2707
f 2848/5181/2708 2847/5189/2707 2856/5191/2716
f 2844/5193/2704 2853/5204/2713 2854/5194/2714
f 2841/5188/2701 2850/5190/2710 2851/5196/2711
f 2849/5182/2709 2848/5181/2708 2857/5192/2717
f 2846/5198/2706 2845/5195/2705 2854/5194/2714
f 2842/5180/2702 2851/5196/2711 2852/5200/2712
f 2847/5201/2707 2846/5198/2706 2855/5199/2715
f 2843/5203/2703 2852/5205/2712 2853/5204/2713
f 2852/5205/2712 2718/5289/2578 2861/5030/2721
f 2857/5192/2717 2856/5191/2716 2721/5035/2581
f 2853/5204/2713 2861/5030/2721 2719/5022/2579
f 2850/5190/2710 2859/5033/2719 2860/5016/2720
f 2858/5197/2718 2857/5192/2717 2862/5019/2722
f 2855/5199/2715 2854/5194/2714 2719/5022/2579
f 2851/5196/2711 2860/5016/2720 2718/5025/2578
f 2856/5202/2716 2855/5199/2715 2720/5024/2580
o FrostfangWolf_Ice
v 0.131135 3.442954 -1.167364
v 0.014423 3.470288 -1.245460
v -0.108617 3.449391 -1.185754
v -0.125818 3.404831 -1.058441
v -0.013896 3.378419 -0.982979
v 0.113942 3.396337 -1.034170
v 0.141574 4.006099 -0.975231
v 0.014455 4.031989 -1.049203
v -0.114753 4.012449 -0.993375
v -0.142347 3.963975 -0.854876
v -0.015073 3.936194 -0.775503
v 0.125466 3.955185 -0.829763
v 0.123512 4.067601 -0.945110
v 0.014493 4.096292 -1.027083
v -0.119876 4.077853 -0.974400
v -0.127085 4.030421 -0.838882
v -0.015368 3.999422 -0.750312
v 0.122397 4.020099 -0.809389
v -0.007041 4.223426 -0.824259
v -0.163235 3.353949 -0.656859
v -0.090990 3.302135 -0.527323
v 0.055877 3.294380 -0.507936
v 0.161147 3.337203 -0.614993
v 0.098825 3.392645 -0.753600
v -0.060004 3.400441 -0.773090
v -0.164504 4.036445 -0.384051
v -0.105789 3.977508 -0.236709
v 0.064739 3.968699 -0.214686
v 0.170022 4.019175 -0.340875
v 0.100179 4.075721 -0.482241
v -0.063388 4.085969 -0.507861
v -0.159581 4.114183 -0.352219
v -0.102966 4.056847 -0.208878
v 0.065007 4.046446 -0.182877
v 0.170363 4.097149 -0.309634
v 0.100814 4.154016 -0.451801
v -0.060957 4.161736 -0.471101
v -0.003940 4.317492 -0.238506
v 0.101737 3.418176 -0.212751
v -0.030174 3.433825 -0.247525
v -0.133497 3.396393 -0.164344
v -0.102726 3.340388 -0.039889
v 0.029055 3.327134 -0.010434
v 0.124150 3.363733 -0.091765
v 0.114454 3.965608 0.020664
v -0.032356 3.980348 -0.012091
v -0.138749 3.939652 0.078343
v -0.116542 3.877725 0.215959
v 0.033199 3.862261 0.250324
v 0.149104 3.903163 0.159432
v 0.105300 4.024136 0.056308
v -0.032519 4.042653 0.015161
v -0.131817 4.000784 0.108201
v -0.107309 3.943249 0.236057
v 0.033398 3.923914 0.279025
v 0.137968 3.966585 0.184199
v 0.003619 4.155659 0.219727
v -0.076936 3.429661 0.310921
v -0.115314 3.380675 0.408893
v -0.034497 3.343201 0.483841
v 0.076581 3.354707 0.460828
v 0.115391 3.403527 0.363189
v 0.037792 3.445663 0.278916
v -0.090974 3.843478 0.500696
v -0.130963 3.786089 0.615475
v -0.037811 3.745468 0.696718
v 0.088194 3.756001 0.675651
v 0.123523 3.811296 0.565060
v 0.037580 3.852327 0.482999
v -0.080312 3.884783 0.534363
v -0.117671 3.833916 0.636097
v -0.039478 3.789615 0.724698
v 0.087623 3.802790 0.698348
v 0.126331 3.858085 0.587759
v 0.038906 3.900716 0.502496
v 0.002472 3.971692 0.680302
v -0.096470 3.338573 0.933471
v -0.014362 3.307451 0.990057
v 0.084121 3.325938 0.956443
v 0.096449 3.376367 0.864755
v 0.014573 3.408230 0.806822
v -0.075365 3.385723 0.847743
v -0.101482 3.631999 1.097181
v -0.015879 3.596576 1.161588
v 0.088378 3.618751 1.121269
v 0.106804 3.672804 1.022991
v 0.014377 3.701954 0.969991
v -0.086503 3.684307 1.002076
v -0.094851 3.666945 1.113325
v -0.014549 3.634852 1.171676
v 0.084092 3.654004 1.136854
v 0.092110 3.703572 1.046731
v 0.013981 3.734224 0.991000
v -0.081147 3.715946 1.024233
v -0.002923 3.780262 1.126417
v -0.060891 4.354374 -2.684045
v -0.067727 4.336259 -2.611588
v -0.008959 4.325962 -2.570395
v 0.055111 4.333020 -2.598628
v 0.069174 4.350218 -2.667420
v 0.009190 4.360812 -2.709795
v -0.065710 4.599737 -2.626475
v -0.072626 4.580236 -2.548470
v -0.010350 4.567767 -2.498594
v 0.061985 4.576230 -2.532447
v 0.076420 4.595432 -2.609257
v 0.010301 4.607421 -2.657213
v -0.060543 4.626726 -2.615685
v -0.071124 4.608329 -2.542098
v -0.009834 4.596697 -2.495570
v 0.058921 4.604734 -2.527719
v 0.071254 4.622846 -2.600165
v 0.009976 4.634737 -2.647731
v -0.001876 4.693005 -2.554250
v -0.082486 1.825408 4.090112
v -0.090727 1.744201 4.032107
v -0.002865 1.705846 4.004711
v 0.086463 1.740465 4.029439
v 0.087676 1.822335 4.087918
v 0.002860 1.861884 4.116166
v -0.093663 1.627594 4.378932
v -0.091486 1.540435 4.316677
v -0.003257 1.491745 4.281898
v 0.088749 1.535883 4.313425
v 0.092104 1.620841 4.374110
v 0.003253 1.669163 4.408625
v -0.093359 1.604192 4.411373
v -0.088789 1.518367 4.350070
v -0.003047 1.474214 4.318532
v 0.091210 1.511396 4.345090
v 0.097983 1.600167 4.408498
v 0.003181 1.643940 4.439765
v -0.005239 1.492392 4.466696
v 0.289932 3.317931 -0.942106
v 0.380279 3.249000 -0.938984
v 0.438569 3.241523 -1.035624
v 0.410617 3.296700 -1.126859
v 0.321791 3.363323 -1.126870
v 0.265338 3.370816 -1.033943
v 0.506302 3.613801 -0.823994
v 0.603041 3.541072 -0.823525
v 0.671265 3.527996 -0.925106
v 0.633862 3.591361 -1.019273
v 0.541607 3.661153 -1.020873
v 0.480278 3.670541 -0.923253
v 0.531965 3.647451 -0.811926
v 0.627300 3.576795 -0.814181
v 0.684249 3.570894 -0.912343
v 0.663346 3.624338 -1.013055
v 0.565748 3.697106 -1.011909
v 0.502983 3.706184 -0.910585
v 0.667432 3.729617 -0.880879
v -0.330069 3.358466 -1.130472
v -0.413814 3.291010 -1.118082
v -0.440212 3.236526 -1.025586
v -0.370192 3.257762 -0.942176
v -0.284016 3.324349 -0.947389
v -0.259621 3.378898 -1.044064
v -0.549832 3.657228 -1.026857
v -0.647523 3.582823 -1.023825
v -0.668263 3.526181 -0.914262
v -0.594008 3.546353 -0.819543
v -0.498836 3.621013 -0.828294
v -0.476816 3.677112 -0.933850
v -0.576089 3.688508 -1.009659
v -0.670016 3.617256 -1.007509
v -0.686143 3.565736 -0.902377
v -0.619516 3.579514 -0.805863
v -0.525189 3.654455 -0.817052
v -0.511934 3.703077 -0.920201
v -0.668414 3.726861 -0.875495
v 0.498017 3.121837 -0.646944
v 0.539660 3.044096 -0.678856
v 0.560293 3.042018 -0.767547
v 0.542605 3.108635 -0.821184
v 0.503360 3.183421 -0.794157
v 0.481449 3.189134 -0.706983
v 0.746297 3.234013 -0.581574
v 0.792072 3.149158 -0.617852
v 0.816887 3.142556 -0.716315
v 0.796840 3.219047 -0.779084
v 0.751882 3.303415 -0.745510
v 0.729428 3.305747 -0.649133
v 0.777035 3.246133 -0.583336
v 0.818726 3.169582 -0.617845
v 0.845304 3.155740 -0.709762
v 0.823078 3.232499 -0.763265
v 0.780984 3.314442 -0.737727
v 0.760148 3.314635 -0.644349
v 0.879034 3.275896 -0.659662
v -0.556233 3.035272 -0.735787
v -0.524653 3.066632 -0.656398
v -0.487608 3.152038 -0.660509
v -0.482212 3.203642 -0.739432
v -0.517862 3.161517 -0.815606
v -0.556536 3.075971 -0.818548
v -0.810535 3.138637 -0.679890
v -0.775822 3.172220 -0.590850
v -0.735748 3.266362 -0.598804
v -0.733234 3.314465 -0.683697
v -0.768348 3.276635 -0.766049
v -0.809092 3.185421 -0.766969
v -0.837069 3.156202 -0.673627
v -0.804067 3.190706 -0.594128
v -0.767547 3.275632 -0.599638
v -0.763967 3.322480 -0.677226
v -0.797223 3.286327 -0.754572
v -0.834577 3.201658 -0.753328
v -0.880886 3.272111 -0.660430
v 0.368741 3.288195 1.253723
v 0.410029 3.219111 1.302364
v 0.481501 3.169004 1.264975
v 0.505958 3.193509 1.179293
v 0.467249 3.258651 1.133035
v 0.400745 3.304144 1.169804
v 0.559493 3.482322 1.364948
v 0.600035 3.409965 1.420625
v 0.674121 3.361970 1.374965
v 0.707610 3.380115 1.284607
v 0.662356 3.453029 1.236201
v 0.589354 3.503822 1.275067
v 0.582642 3.503578 1.376929
v 0.622976 3.432624 1.430513
v 0.696890 3.382760 1.388425
v 0.722146 3.407314 1.301259
v 0.683400 3.474377 1.251702
v 0.613844 3.521732 1.290555
v 0.711128 3.517581 1.374212
v -0.503726 3.213259 1.148634
v -0.497924 3.171150 1.232480
v -0.436736 3.194677 1.298387
v -0.374772 3.265724 1.282492
v -0.380467 3.308221 1.198156
v -0.442114 3.284284 1.132162
v -0.700769 3.404262 1.254321
v -0.698842 3.354367 1.345009
v -0.629482 3.387375 1.408624
v -0.568050 3.458258 1.392085
v -0.564435 3.511218 1.305732
v -0.635102 3.481008 1.234931
v -0.716461 3.428869 1.273486
v -0.717351 3.380502 1.356569
v -0.651575 3.410472 1.419231
v -0.591175 3.479841 1.403535
v -0.593268 3.525306 1.320308
v -0.656844 3.498253 1.256393
v -0.716875 3.512046 1.373842
vn 0.5247 0.2661 -0.8086
vn -0.4572 0.2934 -0.8396
vn -0.9919 0.0312 -0.1231
vn -0.5511 -0.2998 0.7787
vn 0.3905 -0.3202 0.8631
vn 0.9944 -0.0539 0.0913
vn 0.5102 0.4945 -0.7037
vn -0.4162 0.2960 -0.8597
vn -0.9957 -0.0569 -0.0729
vn -0.5397 -0.0778 0.8382
vn 0.4134 -0.3354 0.8466
vn 0.9989 0.0402 0.0223
vn 0.5112 0.7516 -0.4168
vn -0.3152 0.7887 -0.5278
vn -0.8459 0.5158 0.1356
vn -0.5473 0.2806 0.7885
vn 0.3418 0.2831 0.8961
vn 0.8209 0.5368 0.1946
vn -0.0000 -0.9439 -0.3304
vn -0.8880 -0.1721 0.4264
vn -0.1377 -0.3940 0.9087
vn 0.7902 -0.2531 0.5581
vn 0.9089 0.1453 -0.3909
vn 0.1310 0.3658 -0.9214
vn -0.7968 0.2146 -0.5649
vn -0.9376 -0.0793 0.3386
vn -0.1376 -0.3235 0.9362
vn 0.7917 -0.2337 0.5645
vn 0.9089 0.1516 -0.3884
vn 0.1274 0.3585 -0.9248
vn -0.7951 0.2852 -0.5353
vn -0.8094 0.3602 0.4638
vn -0.1409 0.1645 0.9763
vn 0.6671 0.3088 0.6780
vn 0.7603 0.6390 -0.1163
vn 0.1070 0.8138 -0.5712
vn -0.6754 0.6786 -0.2888
vn -0.0000 -0.9285 -0.3714
vn 0.2376 0.3763 -0.8955
vn -0.6818 0.2871 -0.6729
vn -0.9755 -0.0976 0.1973
vn -0.2440 -0.4220 0.8731
vn 0.6838 -0.3239 0.6538
vn 0.9743 0.0564 -0.2179
vn 0.2349 0.5321 -0.8134
vn -0.7166 0.2779 -0.6397
vn -0.9806 0.0159 0.1951
vn -0.2412 -0.2534 0.9368
vn 0.7051 -0.3011 0.6420
vn 0.9634 0.2256 -0.1446
vn 0.2606 0.8248 -0.5017
vn -0.5977 0.7417 -0.3042
vn -0.8152 0.4534 0.3603
vn -0.2594 0.2080 0.9431
vn 0.5836 0.2709 0.7655
vn 0.8185 0.5725 0.0485
vn -0.0000 -0.9119 -0.4104
vn -0.9540 0.0977 -0.2835
vn -0.6978 -0.3464 0.6269
vn 0.2256 -0.4542 0.8618
vn 0.9610 -0.1516 0.2312
vn 0.7297 0.2916 -0.6184
vn -0.2977 0.4281 -0.8533
vn -0.9235 0.3557 -0.1439
vn -0.6820 -0.1214 0.7212
vn 0.2249 -0.5156 0.8268
vn 0.9614 -0.1105 0.2519
vn 0.7290 0.2629 -0.6320
vn -0.2856 0.3649 -0.8862
vn -0.7600 0.6483 0.0451
vn -0.6264 0.3179 0.7117
vn 0.1799 0.1937 0.9644
vn 0.7599 0.4347 0.4833
vn 0.5785 0.7915 -0.1974
vn -0.2258 0.8879 -0.4007
vn -0.0000 -0.8944 -0.4472
vn -0.6182 -0.3910 0.6819
vn 0.4036 -0.4653 0.7878
vn 0.9930 -0.0684 0.0959
vn 0.5474 0.3791 -0.7461
vn -0.4608 0.4307 -0.7759
vn -0.9900 0.0340 -0.1372
vn -0.6299 -0.2240 0.7437
vn 0.3948 -0.2470 0.8850
vn 0.9901 0.0655 0.1241
vn 0.5185 0.6636 -0.5392
vn -0.3696 0.5038 -0.7808
vn -0.9797 0.1959 -0.0429
vn -0.4816 0.2953 0.8252
vn 0.2746 0.2657 0.9241
vn 0.7510 0.5480 0.3682
vn 0.4907 0.8418 -0.2249
vn -0.2907 0.8942 -0.3403
vn -0.7708 0.6008 0.2119
vn -0.0000 -0.8762 -0.4819
vn -0.9961 0.0011 -0.0880
vn -0.5855 -0.2140 0.7819
vn 0.4342 -0.2541 0.8642
vn 0.9804 -0.0770 0.1812
vn 0.5884 0.1701 -0.7904
vn -0.3846 0.1942 -0.9024
vn -0.9787 0.2019 -0.0363
vn -0.6155 -0.1429 0.7751
vn 0.4314 -0.1014 0.8964
vn 0.9798 0.0746 0.1854
vn 0.5905 0.3521 -0.7261
vn -0.4229 0.2927 -0.8576
vn -0.7698 0.6365 0.0484
vn -0.4672 0.4879 0.7374
vn 0.3276 0.4717 0.8186
vn 0.7501 0.6001 0.2777
vn 0.4764 0.7720 -0.4208
vn -0.3293 0.7820 -0.5292
vn -0.0000 -0.9701 -0.2425
vn -0.9993 0.0018 -0.0374
vn -0.4727 -0.7159 -0.5139
vn 0.5076 -0.6822 -0.5262
vn 0.9999 -0.0060 -0.0124
vn 0.4971 0.7131 0.4943
vn -0.4647 0.7391 0.4876
vn -0.9990 -0.0395 -0.0192
vn -0.5335 -0.7248 -0.4359
vn 0.5023 -0.7788 -0.3756
vn 0.9975 0.0103 -0.0696
vn 0.4887 0.7821 0.3867
vn -0.4656 0.6882 0.5564
vn -0.7888 -0.3845 0.4795
vn -0.4248 -0.8993 0.1040
vn 0.3350 -0.9346 0.1196
vn 0.7396 -0.4277 0.5197
vn 0.3688 0.1427 0.9185
vn -0.3459 0.1828 0.9203
vn -0.0000 0.5812 -0.8137
vn -0.1873 -0.2430 0.9518
vn 0.6283 -0.6489 0.4292
vn 0.7382 -0.3862 -0.5531
vn 0.1677 0.2235 -0.9602
vn -0.6406 0.6294 -0.4399
vn -0.7968 0.4062 0.4473
vn -0.1487 -0.2314 0.9614
vn 0.6883 -0.5810 0.4343
vn 0.8859 -0.1362 -0.4435
vn 0.0765 0.1182 -0.9900
vn -0.6747 0.5700 -0.4690
vn -0.8160 0.3587 0.4533
vn 0.2637 0.3268 0.9075
vn 0.8647 -0.0079 0.5022
vn 0.9823 0.1307 -0.1345
vn 0.4948 0.6722 -0.5507
vn -0.1115 0.9813 -0.1570
vn -0.2140 0.8104 0.5453
vn -0.5747 -0.7663 -0.2873
vn -0.2565 0.1429 -0.9559
vn -0.7740 -0.4906 -0.4002
vn -0.5101 -0.6277 0.5880
vn 0.2501 -0.2079 0.9456
vn 0.8117 0.4284 0.3970
vn 0.5389 0.6080 -0.5831
vn -0.2477 0.2987 -0.9216
vn -0.8545 -0.4026 -0.3284
vn -0.6423 -0.4718 0.6040
vn 0.2622 -0.1887 0.9464
vn 0.7907 0.5084 0.3412
vn 0.3947 0.7849 -0.4777
vn -0.5151 0.6625 -0.5438
vn -0.9881 0.1239 -0.0909
vn -0.8227 -0.0043 0.5685
vn -0.1851 0.3690 0.9108
vn 0.2563 0.8612 0.4389
vn 0.0851 0.9719 -0.2193
vn 0.5747 -0.7663 -0.2873
vn -0.0512 -0.4158 0.9080
vn 0.3603 -0.9269 0.1055
vn 0.3598 -0.5253 -0.7711
vn -0.0055 0.3672 -0.9301
vn -0.4129 0.9031 -0.1181
vn -0.4242 0.5425 0.7251
vn 0.1799 -0.3212 0.9298
vn 0.5956 -0.7774 0.2022
vn 0.3926 -0.4467 -0.8039
vn 0.2631 0.4745 -0.8400
vn -0.3353 0.9390 -0.0768
vn -0.2891 0.5960 0.7491
vn 0.6044 -0.0297 0.7961
vn 0.8742 -0.3743 0.3092
vn 0.8886 -0.0598 -0.4549
vn 0.6496 0.5096 -0.5643
vn 0.3171 0.9459 0.0688
vn 0.3062 0.6741 0.6721
vn -0.8955 -0.3980 -0.1990
vn -0.2531 -0.8611 0.4409
vn 0.2438 -0.0219 0.9696
vn 0.4636 0.7649 0.4472
vn 0.2314 0.8014 -0.5515
vn -0.1578 0.0804 -0.9842
vn -0.4320 -0.8099 -0.3967
vn -0.3936 -0.7723 0.4986
vn -0.0472 0.1040 0.9935
vn 0.2331 0.8431 0.4846
vn 0.1303 0.8755 -0.4653
vn -0.3279 0.1309 -0.9356
vn -0.6325 -0.6779 -0.3747
vn -0.7977 -0.3569 0.4861
vn -0.4633 0.2543 0.8490
vn -0.2861 0.8261 0.4856
vn -0.4128 0.8803 -0.2339
vn -0.7327 0.3144 -0.6036
vn -0.9216 -0.3241 -0.2136
vn 0.8955 -0.3980 -0.1990
vn -0.6194 0.1695 0.7665
vn 0.1040 -0.5966 0.7958
vn 0.7077 -0.7065 -0.0000
vn 0.5766 -0.1723 -0.7987
vn -0.0942 0.5389 -0.8371
vn -0.7075 0.7035 -0.0668
vn -0.6058 0.2306 0.7614
vn 0.1673 -0.5317 0.8303
vn 0.6777 -0.7353 -0.0108
vn 0.7413 0.0146 -0.6710
vn -0.0305 0.6068 -0.7943
vn -0.5893 0.8079 -0.0025
vn -0.0466 0.5850 0.8097
vn 0.5129 0.0363 0.8577
vn 0.9632 -0.0745 0.2581
vn 0.9045 0.2945 -0.3086
vn 0.3647 0.8491 -0.3820
vn -0.1033 0.9802 0.1687
vn -0.6556 -0.6556 -0.3746
vn -0.7404 -0.6199 -0.2601
vn -0.2706 -0.7016 0.6591
vn 0.3929 -0.1280 0.9106
vn 0.7512 0.6085 0.2559
vn 0.3618 0.6709 -0.6473
vn -0.3869 0.0994 -0.9168
vn -0.8898 -0.4075 -0.2053
vn -0.3789 -0.5854 0.7168
vn 0.3537 -0.0893 0.9311
vn 0.7262 0.6108 0.3154
vn 0.1532 0.8445 -0.5132
vn -0.5550 0.2767 -0.7845
vn -1.0000 0.0047 -0.0080
vn -0.6636 -0.0950 0.7420
vn -0.1361 0.3299 0.9341
vn 0.1117 0.8733 0.4742
vn -0.1945 0.9577 -0.2119
vn -0.7329 0.5223 -0.4359
vn 0.6556 -0.6556 -0.3746
vn 0.5783 0.2691 -0.7702
vn -0.4162 0.2899 -0.8618
vn -0.9825 0.0374 -0.1826
vn -0.5812 -0.2848 0.7623
vn 0.3785 -0.3248 0.8667
vn 0.9925 -0.0555 0.1087
vn 0.6231 0.2541 -0.7397
vn -0.3824 0.2297 -0.8950
vn -0.9633 0.2467 -0.1056
vn -0.6428 -0.2861 0.7106
vn 0.3782 -0.2609 0.8882
vn 0.9645 0.1972 0.1758
vn -0.9375 -0.1547 0.3117
vn -0.1407 -0.3933 0.9086
vn 0.7385 -0.2597 0.6223
vn 0.9228 0.1407 -0.3587
vn 0.1663 0.3565 -0.9194
vn -0.7715 0.2349 -0.5913
vn -0.9369 -0.0856 0.3391
vn -0.1644 -0.3730 0.9131
vn 0.7905 -0.2307 0.5673
vn 0.9104 0.1435 -0.3880
vn 0.1660 0.4261 -0.8893
vn -0.7912 0.2740 -0.5468
vn 0.2777 0.3810 -0.8819
vn -0.6618 0.3004 -0.6869
vn -0.9890 -0.0835 0.1220
vn -0.2380 -0.4240 0.8739
vn 0.6516 -0.3448 0.6757
vn 0.9857 0.0461 -0.1619
vn 0.3111 0.3815 -0.8704
vn -0.6789 0.3829 -0.6264
vn -0.9780 0.0786 0.1932
vn -0.3175 -0.3994 0.8601
vn 0.6453 -0.1769 0.7432
vn 0.9629 0.2332 -0.1355
vn -0.9433 0.1210 -0.3090
vn -0.7196 -0.3294 0.6113
vn 0.1836 -0.4681 0.8644
vn 0.9421 -0.1637 0.2926
vn 0.7719 0.2855 -0.5680
vn -0.1520 0.4077 -0.9004
vn -0.9269 0.3326 -0.1741
vn -0.7819 -0.3545 0.5128
vn 0.1837 -0.4272 0.8853
vn 0.9532 -0.1763 0.2455
vn 0.7350 0.2360 -0.6357
vn -0.1475 0.6475 -0.7477
vn -0.6512 -0.3897 0.6512
vn 0.3629 -0.4611 0.8097
vn 0.9864 -0.1030 0.1283
vn 0.6283 0.3781 -0.6799
vn -0.3410 0.4216 -0.8402
vn -0.9774 0.0900 -0.1912
vn -0.6373 -0.1756 0.7504
vn 0.3709 -0.3374 0.8652
vn 0.9307 0.2175 0.2941
vn 0.6300 0.4291 -0.6472
vn -0.3374 0.5776 -0.7433
vn -0.9779 0.2047 -0.0414
vn -0.9957 0.0040 -0.0929
vn -0.6362 -0.2230 0.7386
vn 0.4134 -0.2499 0.8756
vn 0.9834 -0.0688 0.1676
vn 0.5985 0.1645 -0.7841
vn -0.3541 0.2070 -0.9120
vn -0.9892 0.0806 -0.1221
vn -0.6320 -0.0694 0.7718
vn 0.4311 -0.1023 0.8965
vn 0.9710 0.1131 0.2108
vn 0.6229 0.2631 -0.7367
vn -0.3777 0.4051 -0.8326
vn -0.9966 0.0682 0.0462
vn -0.5610 -0.6548 -0.5065
vn 0.4300 -0.7309 -0.5300
vn 0.9994 -0.0189 -0.0288
vn 0.5554 0.6947 0.4571
vn -0.4661 0.7383 0.4876
vn -0.9975 -0.0560 0.0435
vn -0.5552 -0.7515 -0.3564
vn 0.4354 -0.6955 -0.5716
vn 0.9882 0.0317 -0.1499
vn 0.5549 0.6458 0.5244
vn -0.4515 0.7217 0.5248
vn -0.2027 -0.2224 0.9537
vn 0.5834 -0.6577 0.4765
vn 0.7734 -0.4091 -0.4843
vn 0.1768 0.2116 -0.9612
vn -0.6336 0.6235 -0.4580
vn -0.7988 0.4076 0.4424
vn -0.1304 -0.1671 0.9773
vn 0.7415 -0.3874 0.5479
vn 0.7092 -0.5512 -0.4397
vn 0.1337 0.1543 -0.9789
vn -0.6589 0.5869 -0.4704
vn -0.7800 0.4328 0.4519
vn -0.1668 0.1795 -0.9695
vn -0.7719 -0.4265 -0.4715
vn -0.5289 -0.6447 0.5519
vn 0.2257 -0.2178 0.9495
vn 0.7962 0.4184 0.4370
vn 0.5572 0.6066 -0.5671
vn -0.2430 0.2812 -0.9284
vn -0.8941 -0.3058 -0.3273
vn -0.5796 -0.6491 0.4928
vn 0.2120 -0.1572 0.9645
vn 0.6364 0.6182 0.4613
vn 0.5188 0.7030 -0.4865
vn -0.0529 -0.4033 0.9135
vn 0.3353 -0.9306 0.1469
vn 0.3587 -0.5341 -0.7655
vn 0.0159 0.3472 -0.9377
vn -0.3899 0.9073 -0.1575
vn -0.4381 0.5596 0.7035
vn 0.2164 -0.2827 0.9345
vn 0.3624 -0.9005 0.2404
vn 0.6146 -0.3979 -0.6811
vn 0.1162 0.3495 -0.9297
vn -0.2647 0.9606 -0.0849
vn -0.2115 0.6433 0.7358
vn -0.2537 -0.8682 0.4264
vn 0.2199 -0.0485 0.9743
vn 0.4395 0.7378 0.5124
vn 0.2794 0.8218 -0.4966
vn -0.1555 0.1041 -0.9823
vn -0.4195 -0.7967 -0.4350
vn -0.5206 -0.7119 0.4714
vn -0.0065 0.0675 0.9977
vn 0.3156 0.8058 0.5011
vn 0.1156 0.8830 -0.4549
vn -0.3747 0.1766 -0.9102
vn -0.5677 -0.7074 -0.4212
vn -0.6530 0.1969 0.7313
vn 0.0610 -0.5396 0.8397
vn 0.6508 -0.7539 0.0898
vn 0.6018 -0.1927 -0.7750
vn -0.0846 0.5260 -0.8463
vn -0.6736 0.7296 -0.1182
vn -0.5875 0.2604 0.7662
vn 0.0615 -0.5890 0.8058
vn 0.8125 -0.5509 0.1905
vn 0.6768 -0.1427 -0.7222
vn 0.0275 0.6321 -0.7744
vn -0.6524 0.7540 -0.0772
vn -0.7299 -0.6054 -0.3176
vn -0.3698 -0.7116 0.5974
vn 0.3859 -0.1323 0.9130
vn 0.7788 0.5196 0.3513
vn 0.3830 0.6941 -0.6095
vn -0.3795 0.1164 -0.9178
vn -0.8374 -0.4684 -0.2817
vn -0.3507 -0.6466 0.6774
vn 0.3611 -0.1047 0.9266
vn 0.5651 0.6926 0.4484
vn 0.1595 0.8422 -0.5151
vn -0.5438 0.2716 -0.7940
vt 0.820245 0.260311
vt 0.829980 0.319348
vt 0.818237 0.319560
vt 0.843796 0.260481
vt 0.830909 0.260069
vt 0.045249 0.660837
vt 0.058427 0.601435
vt 0.058711 0.660545
vt 0.626703 0.829372
vt 0.567063 0.841066
vt 0.567381 0.827899
vt 0.626703 0.853394
vt 0.626396 0.840986
vt 0.671218 0.584377
vt 0.656429 0.525039
vt 0.671760 0.525029
vt 0.820011 0.326390
vt 0.843434 0.319748
vt 0.829867 0.326121
vt 0.044388 0.594935
vt 0.058711 0.594711
vt 0.560644 0.829393
vt 0.560624 0.854416
vt 0.560274 0.841068
vt 0.657162 0.518323
vt 0.671497 0.518264
vt 0.833347 0.345438
vt 0.843796 0.326512
vt 0.049212 0.575340
vt 0.542297 0.841091
vt 0.828777 0.135862
vt 0.815856 0.143363
vt 0.815856 0.122871
vt 0.663012 0.500133
vt 0.153000 0.929764
vt 0.165209 0.936151
vt 0.165209 0.950413
vt 0.007709 0.635840
vt 0.020743 0.563197
vt 0.021555 0.636261
vt 0.474185 0.117158
vt 0.547553 0.101670
vt 0.547489 0.118787
vt 0.636463 0.079981
vt 0.648104 0.153590
vt 0.634771 0.153279
vt 0.647742 0.080304
vt 0.663430 0.153237
vt 0.712275 0.072775
vt 0.696811 0.146121
vt 0.696762 0.072815
vt 0.034134 0.635319
vt 0.034134 0.562263
vt 0.005241 0.554525
vt 0.020584 0.554807
vt 0.555867 0.118558
vt 0.648156 0.161963
vt 0.634762 0.161652
vt 0.712569 0.154457
vt 0.696762 0.154499
vt 0.033444 0.553899
vt 0.017469 0.530651
vt 0.555931 0.101670
vt 0.578915 0.109512
vt 0.025942 0.512012
vt 0.008746 0.512012
vt 0.018440 0.490999
vt 0.663568 0.161611
vt 0.650251 0.184325
vt 0.708720 0.177498
vt 0.602127 0.944689
vt 0.589906 0.953026
vt 0.574389 0.931468
vt 0.855777 0.585742
vt 0.843294 0.526129
vt 0.857450 0.526417
vt 0.843122 0.585459
vt 0.831655 0.526443
vt 0.236412 0.256689
vt 0.241028 0.196421
vt 0.249862 0.254877
vt 0.473782 0.830379
vt 0.414559 0.843769
vt 0.414555 0.828639
vt 0.473334 0.852630
vt 0.473782 0.843689
vt 0.295129 0.753682
vt 0.281043 0.694328
vt 0.296285 0.694294
vt 0.856481 0.519668
vt 0.832350 0.519683
vt 0.843318 0.519350
vt 0.225971 0.191633
vt 0.239790 0.189715
vt 0.407735 0.829457
vt 0.981590 0.464225
vt 0.981590 0.451848
vt 0.987160 0.460362
vt 0.281910 0.687592
vt 0.295958 0.687558
vt 0.845443 0.501336
vt 0.249862 0.187395
vt 0.233222 0.170842
vt 0.407786 0.843744
vt 0.388585 0.839759
vt 0.576185 0.966252
vt 0.562767 0.972141
vt 0.562767 0.953342
vt 0.291295 0.669402
vt 0.847092 0.937827
vt 0.858767 0.930571
vt 0.860272 0.957122
vt 0.844297 0.222555
vt 0.842053 0.176353
vt 0.854719 0.178616
vt 0.856442 0.421160
vt 0.847649 0.376755
vt 0.857450 0.375951
vt 0.837000 0.421765
vt 0.847910 0.421898
vt 0.891350 0.419167
vt 0.880684 0.373557
vt 0.892950 0.373788
vt 0.880535 0.418934
vt 0.871380 0.373821
vt 0.315922 0.491532
vt 0.327526 0.446091
vt 0.327688 0.491308
vt 0.854641 0.173239
vt 0.856083 0.370767
vt 0.835241 0.371475
vt 0.847724 0.371628
vt 0.892922 0.368608
vt 0.880663 0.368364
vt 0.315478 0.441109
vt 0.327688 0.440888
vt 0.843408 0.171247
vt 0.848764 0.156879
vt 0.833976 0.168710
vt 0.844083 0.356456
vt 0.197978 0.492897
vt 0.186165 0.487662
vt 0.197978 0.477313
vt 0.184643 0.475221
vt 0.322633 0.427706
vt 0.408636 0.658504
vt 0.407727 0.646941
vt 0.417625 0.640957
vt 0.887135 0.700433
vt 0.895680 0.666350
vt 0.895680 0.699594
vt 0.876620 0.666823
vt 0.886736 0.667299
vt 0.920606 0.757778
vt 0.931180 0.724276
vt 0.931021 0.757778
vt 0.024427 0.909334
vt 0.016065 0.875399
vt 0.024577 0.876019
vt 0.007606 0.909334
vt 0.017022 0.908630
vt 0.891895 0.858731
vt 0.882097 0.825441
vt 0.892950 0.825412
vt 0.886603 0.663382
vt 0.894980 0.662521
vt 0.920576 0.720484
vt 0.930820 0.720468
vt 0.022951 0.872314
vt 0.006054 0.872238
vt 0.015890 0.871636
vt 0.882403 0.821574
vt 0.892569 0.821549
vt 0.885922 0.651615
vt 0.060421 0.780990
vt 0.051234 0.776195
vt 0.062807 0.769653
vt 0.051234 0.765912
vt 0.059223 0.760266
vt 0.012888 0.862404
vt 0.886957 0.810405
vt 0.511327 0.969410
vt 0.502194 0.964149
vt 0.510960 0.949308
vt 0.237026 0.420533
vt 0.229555 0.395517
vt 0.237574 0.395520
vt 0.700845 0.951171
vt 0.707260 0.926728
vt 0.706951 0.951660
vt 0.693760 0.926703
vt 0.700751 0.926123
vt 0.938792 0.514735
vt 0.946199 0.489599
vt 0.945826 0.514743
vt 0.525689 0.939372
vt 0.531128 0.913650
vt 0.531128 0.938539
vt 0.517257 0.914516
vt 0.525148 0.914585
vt 0.237204 0.392613
vt 0.700705 0.923334
vt 0.707095 0.923894
vt 0.938527 0.486740
vt 0.945940 0.486740
vt 0.530505 0.910800
vt 0.517638 0.911597
vt 0.525000 0.911708
vt 0.229639 0.392642
vt 0.232920 0.384244
vt 0.980333 0.823316
vt 0.973168 0.822917
vt 0.980333 0.815853
vt 0.970218 0.815939
vt 0.973710 0.809524
vt 0.522710 0.902947
vt 0.715452 0.012927
vt 0.708944 0.023211
vt 0.702917 0.012462
vt 0.724526 0.084190
vt 0.734567 0.119085
vt 0.723930 0.119116
vt 0.695553 0.399826
vt 0.686371 0.434875
vt 0.686868 0.400706
vt 0.704334 0.434915
vt 0.695073 0.433738
vt 0.684832 0.074491
vt 0.674658 0.109398
vt 0.674801 0.074491
vt 0.919790 0.601472
vt 0.910312 0.636262
vt 0.910382 0.601397
vt 0.926900 0.601019
vt 0.920380 0.636389
vt 0.734404 0.123065
vt 0.723947 0.123103
vt 0.695057 0.437787
vt 0.686594 0.438813
vt 0.685076 0.109401
vt 0.674515 0.113390
vt 0.920360 0.640357
vt 0.909858 0.640276
vt 0.928449 0.635874
vt 0.729150 0.133806
vt 0.694868 0.450571
vt 0.704529 0.438793
vt 0.685414 0.113397
vt 0.679617 0.124248
vt 0.232105 0.977602
vt 0.234431 0.967140
vt 0.244401 0.975524
vt 0.244401 0.963053
vt 0.036565 0.974872
vt 0.027484 0.970820
vt 0.027484 0.961137
vt 0.914547 0.359091
vt 0.902922 0.320692
vt 0.914796 0.320707
vt 0.314891 0.412341
vt 0.314891 0.375089
vt 0.322226 0.406373
vt 0.088749 0.892018
vt 0.069991 0.861910
vt 0.081349 0.861434
vt 0.875666 0.580010
vt 0.886873 0.541917
vt 0.886193 0.580281
vt 0.867957 0.580281
vt 0.875957 0.541628
vt 0.918060 0.513378
vt 0.928410 0.478285
vt 0.928449 0.511743
vt 0.903024 0.316329
vt 0.914715 0.316329
vt 0.088749 0.854767
vt 0.079909 0.857163
vt 0.087461 0.851230
vt 0.875909 0.537224
vt 0.887488 0.537516
vt 0.867360 0.537516
vt 0.917225 0.476262
vt 0.928449 0.474346
vt 0.393345 0.962973
vt 0.382288 0.965314
vt 0.382288 0.951521
vt 0.073227 0.842543
vt 0.068615 0.858755
vt 0.878793 0.525727
vt 0.390659 0.943014
vt 0.397322 0.951893
vt 0.632165 0.963590
vt 0.629519 0.973506
vt 0.620110 0.973506
vt 0.869062 0.197898
vt 0.879253 0.159767
vt 0.879515 0.197978
vt 0.049362 0.906603
vt 0.044595 0.877821
vt 0.056878 0.878961
vt 0.910391 0.166575
vt 0.920257 0.128116
vt 0.919343 0.166503
vt 0.899358 0.128110
vt 0.910722 0.128202
vt 0.942103 0.170671
vt 0.930318 0.138076
vt 0.942103 0.139607
vt 0.887488 0.158960
vt 0.887488 0.197228
vt 0.867413 0.155365
vt 0.879037 0.155355
vt 0.045723 0.874020
vt 0.057345 0.875377
vt 0.919385 0.123721
vt 0.899507 0.123721
vt 0.910754 0.123815
vt 0.724214 0.968045
vt 0.720336 0.956435
vt 0.726882 0.965780
vt 0.886207 0.154581
vt 0.875221 0.142495
vt 0.052346 0.859037
vt 0.038604 0.867093
vt 0.735933 0.966688
vt 0.735933 0.951363
vt 0.721452 0.948244
vt 0.099876 0.953612
vt 0.107146 0.947830
vt 0.116056 0.964238
vt 0.806448 0.922988
vt 0.796668 0.895054
vt 0.806932 0.895051
vt 0.437581 0.947093
vt 0.446475 0.923519
vt 0.445626 0.948930
vt 0.430037 0.948930
vt 0.437714 0.921294
vt 0.821652 0.036816
vt 0.811858 0.009074
vt 0.821951 0.008979
vt 0.659915 0.907723
vt 0.667533 0.924314
vt 0.659915 0.928639
vt 0.675413 0.904908
vt 0.666592 0.903601
vt 0.797207 0.891877
vt 0.806538 0.891872
vt 0.445601 0.920844
vt 0.429794 0.920712
vt 0.437726 0.918433
vt 0.821380 0.005938
vt 0.667756 0.927018
vt 0.660253 0.931089
vt 0.676727 0.928353
vt 0.802175 0.883238
vt 0.608953 0.260785
vt 0.599990 0.258868
vt 0.608953 0.249313
vt 0.597544 0.249868
vt 0.602586 0.243143
vt 0.669825 0.939372
vt 0.218459 0.970358
vt 0.215393 0.978610
vt 0.207371 0.978968
vt 0.913470 0.805566
vt 0.920257 0.777037
vt 0.920257 0.804834
vt 0.903598 0.777730
vt 0.912807 0.777859
vt 0.734252 0.186974
vt 0.724838 0.159705
vt 0.734567 0.159762
vt 0.915666 0.708625
vt 0.922988 0.680406
vt 0.922988 0.708280
vt 0.906323 0.680600
vt 0.915877 0.680796
vt 0.952389 0.099214
vt 0.943199 0.124095
vt 0.943199 0.099128
vt 0.912567 0.774587
vt 0.919678 0.773855
vt 0.734143 0.156486
vt 0.915763 0.677575
vt 0.922506 0.677209
vt 0.906975 0.677380
vt 0.953026 0.124369
vt 0.943759 0.126606
vt 0.951509 0.984759
vt 0.949797 0.976132
vt 0.959853 0.977204
vt 0.904184 0.774486
vt 0.911397 0.765030
vt 0.725096 0.156490
vt 0.729604 0.146228
vt 0.913587 0.668265
vt 0.959853 0.988525
vt 0.831004 0.961922
vt 0.846527 0.963317
vt 0.838407 0.974872
vt 0.933198 0.050519
vt 0.933198 0.020079
vt 0.939372 0.048679
vt 0.910755 0.462859
vt 0.901607 0.433440
vt 0.911092 0.433652
vt 0.920172 0.110086
vt 0.935751 0.088715
vt 0.928982 0.110595
vt 0.932266 0.798739
vt 0.932266 0.768100
vt 0.938007 0.770407
vt 0.749507 0.111960
vt 0.759144 0.082979
vt 0.758285 0.111951
vt 0.944250 0.281265
vt 0.935872 0.255225
vt 0.944834 0.257375
vt 0.917526 0.433182
vt 0.911018 0.430290
vt 0.917391 0.429836
vt 0.927687 0.085832
vt 0.936641 0.086314
vt 0.920172 0.083078
vt 0.926655 0.088899
vt 0.749896 0.079746
vt 0.759078 0.079729
vt 0.944370 0.254887
vt 0.987640 0.886715
vt 0.978793 0.890219
vt 0.978793 0.878343
vt 0.901502 0.430103
vt 0.908655 0.420477
vt 0.932217 0.073507
vt 0.921243 0.080583
vt 0.754945 0.072078
vt 0.989891 0.877911
vt 0.143363 0.971067
vt 0.130174 0.975425
vt 0.136914 0.961417
vt 0.095827 0.939372
vt 0.101932 0.918550
vt 0.105133 0.938498
vt 0.862912 0.916532
vt 0.853965 0.888522
vt 0.862912 0.887572
vt 0.855076 0.917526
vt 0.845617 0.888195
vt 0.610120 0.192051
vt 0.622320 0.169849
vt 0.619326 0.193882
vt 0.942340 0.363187
vt 0.935081 0.333701
vt 0.943468 0.333858
vt 0.935108 0.363035
vt 0.925589 0.333870
vt 0.091707 0.919932
vt 0.101011 0.915706
vt 0.862306 0.884237
vt 0.853835 0.885175
vt 0.613296 0.165442
vt 0.622607 0.167016
vt 0.942469 0.330526
vt 0.934928 0.330384
vt 0.091547 0.917240
vt 0.094634 0.904411
vt 0.853655 0.874782
vt 0.845631 0.884863
vt 0.620436 0.154076
vt 0.610120 0.160150
vt 0.105133 0.909407
vt 0.481713 0.226588
vt 0.479538 0.218892
vt 0.494263 0.218619
vt 0.043778 0.601824
vt 0.567390 0.854719
vt 0.657186 0.584377
vt 0.152771 0.957122
vt 0.141018 0.949825
vt 0.141067 0.936114
vt 0.004972 0.562903
vt 0.474241 0.102413
vt 0.662757 0.079981
vt 0.712721 0.146079
vt 0.575204 0.947618
vt 0.587498 0.922335
vt 0.602127 0.929129
vt 0.831875 0.585742
vt 0.226154 0.198517
vt 0.414048 0.854719
vt 0.281856 0.753682
vt 0.407269 0.853540
vt 0.871104 0.936511
vt 0.871104 0.949929
vt 0.847851 0.951758
vt 0.833472 0.220653
vt 0.835241 0.376650
vt 0.870999 0.419163
vt 0.314565 0.446174
vt 0.833472 0.173871
vt 0.870999 0.368630
vt 0.428725 0.645480
vt 0.428725 0.657640
vt 0.418817 0.663568
vt 0.877550 0.700045
vt 0.920025 0.724255
vt 0.005673 0.875994
vt 0.882097 0.858815
vt 0.877010 0.662978
vt 0.502060 0.953756
vt 0.520205 0.953386
vt 0.520205 0.963858
vt 0.229577 0.420533
vt 0.694642 0.951660
vt 0.938342 0.489594
vt 0.518445 0.939343
vt 0.694060 0.923884
vt 0.709283 0.008747
vt 0.715425 0.020300
vt 0.702917 0.019667
vt 0.734513 0.084190
vt 0.704529 0.400763
vt 0.928449 0.639855
vt 0.035564 0.956323
vt 0.044355 0.960534
vt 0.045057 0.970256
vt 0.903448 0.359062
vt 0.705894 0.750952
vt 0.698094 0.713370
vt 0.705894 0.711546
vt 0.078115 0.892950
vt 0.867619 0.541907
vt 0.917195 0.480018
vt 0.614390 0.964360
vt 0.616975 0.954824
vt 0.626120 0.954516
vt 0.867157 0.159770
vt 0.038604 0.906260
vt 0.900083 0.166496
vt 0.931205 0.168958
vt 0.716756 0.958491
vt 0.115766 0.952954
vt 0.108380 0.969410
vt 0.099876 0.964572
vt 0.797099 0.922988
vt 0.428943 0.923379
vt 0.812836 0.036865
vt 0.677222 0.925552
vt 0.811912 0.005938
vt 0.203273 0.971052
vt 0.206616 0.963065
vt 0.214214 0.963065
vt 0.904976 0.805478
vt 0.724838 0.187055
vt 0.906626 0.708453
vt 0.952859 0.126979
vt 0.830296 0.970536
vt 0.838854 0.957892
vt 0.846527 0.971936
vt 0.942103 0.714087
vt 0.935021 0.691401
vt 0.942103 0.686007
vt 0.901502 0.462703
vt 0.946199 0.812393
vt 0.940119 0.807256
vt 0.946199 0.785386
vt 0.749507 0.082958
vt 0.936070 0.278930
vt 0.935872 0.252622
vt 0.130135 0.967152
vt 0.143363 0.963245
vt 0.136988 0.977602
vt 0.846660 0.917209
vt 0.612289 0.168597
vt 0.926236 0.363187
vt 0.926320 0.330536
vt 0.484422 0.210903
vt 0.492045 0.210903
vt 0.489335 0.226651
s 0
usemtl FrostfangWolf_Ice
f 2863/5297/2723 2870/5298/2723 2869/5299/2723
f 2865/5300/2724 2870/5298/2724 2864/5301/2724
f 2866/5302/2725 2871/5303/2725 2865/5304/2725
f 2866/5305/2726 2873/5306/2726 2872/5307/2726
f 2868/5308/2727 2873/5306/2727 2867/5309/2727
f 2868/5310/2728 2869/5311/2728 2874/5312/2728
f 2870/5298/2729 2875/5313/2729 2869/5299/2729
f 2871/5314/2730 2876/5315/2730 2870/5298/2730
f 2871/5303/2731 2878/5316/2731 2877/5317/2731
f 2873/5306/2732 2878/5318/2732 2872/5307/2732
f 2873/5306/2733 2880/5319/2733 2879/5320/2733
f 2874/5312/2734 2875/5321/2734 2880/5322/2734
f 2875/5313/2735 2876/5315/2735 2881/5323/2735
f 2876/5315/2736 2877/5324/2736 2881/5323/2736
f 2877/5317/2737 2878/5316/2737 2881/5325/2737
f 2878/5318/2738 2879/5320/2738 2881/5326/2738
f 2879/5327/2739 2880/5328/2739 2881/5329/2739
f 2880/5322/2740 2875/5321/2740 2881/5330/2740
f 2865/5331/2741 2864/5332/2741 2863/5333/2741
f 2883/5334/2742 2888/5335/2742 2882/5336/2742
f 2883/5337/2743 2890/5338/2743 2889/5339/2743
f 2884/5340/2744 2891/5341/2744 2890/5342/2744
f 2885/5343/2745 2892/5344/2745 2891/5341/2745
f 2887/5345/2746 2892/5346/2746 2886/5347/2746
f 2887/5348/2747 2888/5335/2747 2893/5349/2747
f 2888/5335/2748 2895/5350/2748 2894/5351/2748
f 2890/5338/2749 2895/5352/2749 2889/5339/2749
f 2890/5342/2750 2897/5353/2750 2896/5354/2750
f 2892/5344/2751 2897/5353/2751 2891/5341/2751
f 2892/5346/2752 2899/5355/2752 2898/5356/2752
f 2888/5335/2753 2899/5357/2753 2893/5349/2753
f 2894/5351/2754 2895/5350/2754 2900/5358/2754
f 2895/5352/2755 2896/5359/2755 2900/5360/2755
f 2896/5361/2756 2897/5362/2756 2900/5363/2756
f 2897/5353/2757 2898/5364/2757 2900/5365/2757
f 2898/5356/2758 2899/5355/2758 2900/5366/2758
f 2899/5357/2759 2894/5351/2759 2900/5358/2759
f 2884/5367/2760 2883/5368/2760 2887/5369/2760
f 2901/5370/2761 2908/5371/2761 2907/5372/2761
f 2902/5373/2762 2909/5374/2762 2908/5371/2762
f 2904/5375/2763 2909/5376/2763 2903/5377/2763
f 2904/5378/2764 2911/5379/2764 2910/5380/2764
f 2906/5381/2765 2911/5379/2765 2905/5382/2765
f 2906/5383/2766 2907/5384/2766 2912/5385/2766
f 2908/5371/2767 2913/5386/2767 2907/5372/2767
f 2908/5371/2768 2915/5387/2768 2914/5388/2768
f 2909/5376/2769 2916/5389/2769 2915/5390/2769
f 2911/5379/2770 2916/5391/2770 2910/5380/2770
f 2911/5392/2771 2918/5393/2771 2917/5394/2771
f 2912/5385/2772 2913/5395/2772 2918/5396/2772
f 2913/5386/2773 2914/5388/2773 2919/5397/2773
f 2914/5398/2774 2915/5390/2774 2919/5399/2774
f 2915/5390/2775 2916/5389/2775 2919/5399/2775
f 2916/5391/2776 2917/5400/2776 2919/5401/2776
f 2917/5402/2777 2918/5403/2777 2919/5404/2777
f 2918/5396/2778 2913/5395/2778 2919/5405/2778
f 2903/5406/2779 2902/5407/2779 2905/5408/2779
f 2920/5409/2780 2927/5410/2780 2926/5411/2780
f 2921/5412/2781 2928/5413/2781 2927/5414/2781
f 2923/5415/2782 2928/5413/2782 2922/5416/2782
f 2923/5417/2783 2930/5418/2783 2929/5419/2783
f 2924/5420/2784 2931/5421/2784 2930/5418/2784
f 2920/5422/2785 2931/5423/2785 2925/5424/2785
f 2927/5410/2786 2932/5425/2786 2926/5411/2786
f 2928/5413/2787 2933/5426/2787 2927/5414/2787
f 2928/5413/2788 2935/5427/2788 2934/5428/2788
f 2930/5418/2789 2935/5429/2789 2929/5419/2789
f 2931/5421/2790 2936/5430/2790 2930/5418/2790
f 2931/5423/2791 2932/5431/2791 2937/5432/2791
f 2932/5425/2792 2933/5433/2792 2938/5434/2792
f 2933/5433/2793 2934/5435/2793 2938/5434/2793
f 2934/5428/2794 2935/5427/2794 2938/5436/2794
f 2935/5437/2795 2936/5438/2795 2938/5439/2795
f 2936/5438/2796 2937/5440/2796 2938/5439/2796
f 2937/5432/2797 2932/5431/2797 2938/5441/2797
f 2922/5442/2798 2921/5443/2798 2920/5444/2798
f 2940/5445/2799 2945/5446/2799 2939/5447/2799
f 2940/5445/2800 2947/5448/2800 2946/5449/2800
f 2942/5450/2801 2947/5451/2801 2941/5452/2801
f 2942/5453/2802 2949/5454/2802 2948/5455/2802
f 2944/5456/2803 2949/5454/2803 2943/5457/2803
f 2944/5458/2804 2945/5459/2804 2950/5460/2804
f 2945/5446/2805 2952/5461/2805 2951/5462/2805
f 2947/5448/2806 2952/5461/2806 2946/5449/2806
f 2947/5451/2807 2954/5463/2807 2953/5464/2807
f 2949/5454/2808 2954/5465/2808 2948/5455/2808
f 2949/5454/2809 2956/5466/2809 2955/5467/2809
f 2950/5460/2810 2951/5468/2810 2956/5469/2810
f 2951/5462/2811 2952/5461/2811 2957/5470/2811
f 2952/5471/2812 2953/5472/2812 2957/5473/2812
f 2953/5472/2813 2954/5474/2813 2957/5473/2813
f 2954/5474/2814 2955/5475/2814 2957/5473/2814
f 2955/5467/2815 2956/5466/2815 2957/5476/2815
f 2956/5469/2816 2951/5468/2816 2957/5477/2816
f 2941/5478/2817 2940/5479/2817 2944/5480/2817
f 2958/5481/2818 2965/5482/2818 2964/5483/2818
f 2960/5484/2819 2965/5485/2819 2959/5486/2819
f 2960/5484/2820 2967/5487/2820 2966/5488/2820
f 2962/5489/2821 2967/5490/2821 2961/5491/2821
f 2963/5492/2822 2968/5493/2822 2962/5494/2822
f 2963/5492/2823 2964/5495/2823 2969/5496/2823
f 2965/5482/2824 2970/5497/2824 2964/5483/2824
f 2965/5485/2825 2972/5498/2825 2971/5499/2825
f 2967/5487/2826 2972/5498/2826 2966/5488/2826
f 2967/5490/2827 2974/5500/2827 2973/5501/2827
f 2969/5496/2828 2974/5502/2828 2968/5493/2828
f 2969/5496/2829 2970/5503/2829 2975/5504/2829
f 2970/5497/2830 2971/5505/2830 2976/5506/2830
f 2971/5507/2831 2972/5508/2831 2976/5509/2831
f 2972/5508/2832 2973/5510/2832 2976/5509/2832
f 2973/5510/2833 2974/5511/2833 2976/5509/2833
f 2974/5502/2834 2975/5504/2834 2976/5512/2834
f 2975/5504/2835 2970/5503/2835 2976/5512/2835
f 2963/5513/2836 2961/5514/2836 2959/5515/2836
f 2977/5516/2837 2984/5517/2837 2983/5518/2837
f 2979/5519/2838 2984/5520/2838 2978/5521/2838
f 2979/5519/2839 2986/5522/2839 2985/5523/2839
f 2981/5524/2840 2986/5525/2840 2980/5526/2840
f 2982/5527/2841 2987/5528/2841 2981/5529/2841
f 2977/5530/2842 2988/5531/2842 2982/5527/2842
f 2983/5518/2843 2990/5532/2843 2989/5533/2843
f 2984/5520/2844 2991/5534/2844 2990/5535/2844
f 2986/5522/2845 2991/5534/2845 2985/5523/2845
f 2987/5536/2846 2992/5537/2846 2986/5525/2846
f 2987/5528/2847 2994/5538/2847 2993/5539/2847
f 2983/5540/2848 2994/5538/2848 2988/5531/2848
f 2989/5533/2849 2990/5532/2849 2995/5541/2849
f 2990/5535/2850 2991/5534/2850 2995/5542/2850
f 2991/5534/2851 2992/5543/2851 2995/5542/2851
f 2992/5537/2852 2993/5544/2852 2995/5545/2852
f 2993/5546/2853 2994/5547/2853 2995/5548/2853
f 2994/5547/2854 2989/5549/2854 2995/5548/2854
f 2979/5550/2855 2978/5551/2855 2977/5552/2855
f 2996/5553/2856 3003/5554/2856 3002/5555/2856
f 2998/5556/2857 3003/5557/2857 2997/5558/2857
f 2998/5559/2858 3005/5560/2858 3004/5561/2858
f 3000/5562/2859 3005/5563/2859 2999/5564/2859
f 3001/5565/2860 3006/5566/2860 3000/5562/2860
f 2996/5567/2861 3007/5568/2861 3001/5569/2861
f 3002/5555/2862 3009/5570/2862 3008/5571/2862
f 3003/5572/2863 3010/5573/2863 3009/5574/2863
f 3005/5560/2864 3010/5573/2864 3004/5561/2864
f 3005/5563/2865 3012/5575/2865 3011/5576/2865
f 3006/5566/2866 3013/5577/2866 3012/5575/2866
f 3007/5568/2867 3008/5578/2867 3013/5579/2867
f 3008/5580/2868 3009/5581/2868 3014/5582/2868
f 3009/5574/2869 3010/5573/2869 3014/5583/2869
f 3010/5573/2870 3011/5584/2870 3014/5583/2870
f 3011/5576/2871 3012/5575/2871 3014/5585/2871
f 3012/5586/2872 3013/5587/2872 3014/5582/2872
f 3013/5587/2873 3008/5580/2873 3014/5582/2873
f 2998/5588/2874 2997/5589/2874 2996/5590/2874
f 3016/5591/2875 3021/5592/2875 3015/5593/2875
f 3016/5594/2876 3023/5595/2876 3022/5596/2876
f 3018/5597/2877 3023/5598/2877 3017/5599/2877
f 3018/5597/2878 3025/5600/2878 3024/5601/2878
f 3019/5602/2879 3026/5603/2879 3025/5604/2879
f 3015/5593/2880 3026/5605/2880 3020/5606/2880
f 3021/5592/2881 3028/5607/2881 3027/5608/2881
f 3022/5596/2882 3029/5609/2882 3028/5610/2882
f 3024/5601/2883 3029/5611/2883 3023/5598/2883
f 3024/5601/2884 3031/5612/2884 3030/5613/2884
f 3025/5614/2885 3032/5615/2885 3031/5616/2885
f 3021/5592/2886 3032/5617/2886 3026/5605/2886
f 3027/5608/2887 3028/5607/2887 3033/5618/2887
f 3028/5610/2888 3029/5609/2888 3033/5619/2888
f 3029/5609/2889 3030/5620/2889 3033/5619/2889
f 3030/5621/2890 3031/5616/2890 3033/5622/2890
f 3031/5616/2891 3032/5615/2891 3033/5622/2891
f 3032/5615/2892 3027/5623/2892 3033/5622/2892
f 3016/5624/2893 3015/5625/2893 3019/5626/2893
f 3034/5627/2894 3041/5628/2894 3040/5629/2894
f 3036/5630/2895 3041/5631/2895 3035/5632/2895
f 3037/5633/2896 3042/5634/2896 3036/5630/2896
f 3037/5635/2897 3044/5636/2897 3043/5637/2897
f 3038/5638/2898 3045/5639/2898 3044/5640/2898
f 3034/5641/2899 3045/5639/2899 3039/5642/2899
f 3040/5629/2900 3047/5643/2900 3046/5644/2900
f 3042/5634/2901 3047/5645/2901 3041/5631/2901
f 3042/5634/2902 3049/5646/2902 3048/5647/2902
f 3044/5636/2903 3049/5648/2903 3043/5637/2903
f 3044/5640/2904 3051/5649/2904 3050/5650/2904
f 3045/5639/2905 3046/5651/2905 3051/5649/2905
f 3046/5644/2906 3047/5643/2906 3052/5652/2906
f 3047/5653/2907 3048/5654/2907 3052/5655/2907
f 3048/5654/2908 3049/5656/2908 3052/5655/2908
f 3049/5656/2909 3050/5657/2909 3052/5655/2909
f 3050/5650/2910 3051/5649/2910 3052/5658/2910
f 3051/5649/2911 3046/5651/2911 3052/5658/2911
f 3036/5659/2912 3035/5660/2912 3034/5661/2912
f 3054/5662/2913 3059/5663/2913 3053/5664/2913
f 3054/5662/2914 3061/5665/2914 3060/5666/2914
f 3055/5667/2915 3062/5668/2915 3061/5669/2915
f 3057/5670/2916 3062/5671/2916 3056/5672/2916
f 3057/5670/2917 3064/5673/2917 3063/5674/2917
f 3053/5675/2918 3064/5676/2918 3058/5677/2918
f 3059/5663/2919 3066/5678/2919 3065/5679/2919
f 3061/5665/2920 3066/5678/2920 3060/5666/2920
f 3062/5668/2921 3067/5680/2921 3061/5669/2921
f 3062/5671/2922 3069/5681/2922 3068/5682/2922
f 3063/5674/2923 3070/5683/2923 3069/5681/2923
f 3059/5684/2924 3070/5685/2924 3064/5676/2924
f 3065/5686/2925 3066/5687/2925 3071/5688/2925
f 3066/5678/2926 3067/5689/2926 3071/5690/2926
f 3067/5680/2927 3068/5691/2927 3071/5692/2927
f 3068/5682/2928 3069/5681/2928 3071/5693/2928
f 3069/5681/2929 3070/5683/2929 3071/5693/2929
f 3070/5694/2930 3065/5686/2930 3071/5688/2930
f 3057/5695/2931 3055/5696/2931 3053/5697/2931
f 3073/5698/2932 3078/5699/2932 3072/5700/2932
f 3073/5701/2933 3080/5702/2933 3079/5703/2933
f 3075/5704/2934 3080/5705/2934 3074/5706/2934
f 3075/5707/2935 3082/5708/2935 3081/5709/2935
f 3077/5710/2936 3082/5711/2936 3076/5712/2936
f 3077/5713/2937 3078/5714/2937 3083/5715/2937
f 3078/5716/2938 3085/5717/2938 3084/5718/2938
f 3080/5702/2939 3085/5717/2939 3079/5703/2939
f 3080/5705/2940 3087/5719/2940 3086/5720/2940
f 3082/5721/2941 3087/5719/2941 3081/5722/2941
f 3082/5711/2942 3089/5723/2942 3088/5724/2942
f 3078/5714/2943 3089/5725/2943 3083/5715/2943
f 3084/5726/2944 3085/5727/2944 3090/5728/2944
f 3085/5717/2945 3086/5729/2945 3090/5730/2945
f 3086/5720/2946 3087/5719/2946 3090/5731/2946
f 3087/5719/2947 3088/5732/2947 3090/5731/2947
f 3088/5724/2948 3089/5723/2948 3090/5733/2948
f 3089/5734/2949 3084/5726/2949 3090/5728/2949
f 3075/5735/2950 3073/5736/2950 3077/5737/2950
f 3092/5738/2951 3097/5739/2951 3091/5740/2951
f 3092/5741/2952 3099/5742/2952 3098/5743/2952
f 3093/5744/2953 3100/5745/2953 3099/5742/2953
f 3095/5746/2954 3100/5747/2954 3094/5748/2954
f 3095/5749/2955 3102/5750/2955 3101/5751/2955
f 3096/5752/2956 3097/5753/2956 3102/5750/2956
f 3098/5754/2957 3103/5755/2957 3097/5739/2957
f 3099/5742/2958 3104/5756/2958 3098/5743/2958
f 3100/5745/2959 3105/5757/2959 3099/5742/2959
f 3100/5747/2960 3107/5758/2960 3106/5759/2960
f 3102/5750/2961 3107/5760/2961 3101/5751/2961
f 3097/5753/2962 3108/5761/2962 3102/5750/2962
f 3103/5755/2963 3104/5762/2963 3109/5763/2963
f 3104/5756/2964 3105/5757/2964 3109/5764/2964
f 3105/5757/2965 3106/5765/2965 3109/5764/2965
f 3106/5759/2966 3107/5758/2966 3109/5766/2966
f 3107/5758/2967 3108/5767/2967 3109/5766/2967
f 3108/5768/2968 3103/5755/2968 3109/5763/2968
f 3093/5769/2969 3092/5770/2969 3095/5771/2969
f 2863/5297/2970 2864/5301/2970 2870/5298/2970
f 2865/5300/2971 2871/5314/2971 2870/5298/2971
f 2866/5302/2972 2872/5772/2972 2871/5303/2972
f 2866/5305/2973 2867/5309/2973 2873/5306/2973
f 2868/5308/2974 2874/5773/2974 2873/5306/2974
f 2868/5310/2975 2863/5774/2975 2869/5311/2975
f 2870/5298/2976 2876/5315/2976 2875/5313/2976
f 2871/5314/2977 2877/5324/2977 2876/5315/2977
f 2871/5303/2978 2872/5772/2978 2878/5316/2978
f 2873/5306/2979 2879/5320/2979 2878/5318/2979
f 2873/5306/2980 2874/5773/2980 2880/5319/2980
f 2874/5312/2981 2869/5311/2981 2875/5321/2981
f 2863/5333/2741 2868/5775/2741 2865/5331/2741
f 2868/5775/2741 2867/5776/2741 2865/5331/2741
f 2867/5776/2741 2866/5777/2741 2865/5331/2741
f 2883/5334/2982 2889/5778/2982 2888/5335/2982
f 2883/5337/2983 2884/5779/2983 2890/5338/2983
f 2884/5340/2984 2885/5343/2984 2891/5341/2984
f 2885/5343/2985 2886/5780/2985 2892/5344/2985
f 2887/5345/2986 2893/5781/2986 2892/5346/2986
f 2887/5348/2987 2882/5336/2987 2888/5335/2987
f 2888/5335/2988 2889/5778/2988 2895/5350/2988
f 2890/5338/2989 2896/5359/2989 2895/5352/2989
f 2890/5342/2990 2891/5341/2990 2897/5353/2990
f 2892/5344/2991 2898/5364/2991 2897/5353/2991
f 2892/5346/2992 2893/5781/2992 2899/5355/2992
f 2888/5335/2993 2894/5351/2993 2899/5357/2993
f 2882/5782/2760 2887/5369/2760 2883/5368/2760
f 2887/5369/2760 2886/5783/2760 2884/5367/2760
f 2886/5783/2760 2885/5784/2760 2884/5367/2760
f 2901/5370/2994 2902/5373/2994 2908/5371/2994
f 2902/5373/2995 2903/5785/2995 2909/5374/2995
f 2904/5375/2996 2910/5786/2996 2909/5376/2996
f 2904/5378/2997 2905/5382/2997 2911/5379/2997
f 2906/5381/2998 2912/5787/2998 2911/5379/2998
f 2906/5383/2999 2901/5788/2999 2907/5384/2999
f 2908/5371/3000 2914/5388/3000 2913/5386/3000
f 2908/5371/3001 2909/5374/3001 2915/5387/3001
f 2909/5376/3002 2910/5786/3002 2916/5389/3002
f 2911/5379/3003 2917/5400/3003 2916/5391/3003
f 2911/5379/3004 2912/5787/3004 2918/5789/3004
f 2912/5385/3005 2907/5384/3005 2913/5395/3005
f 2901/5790/2779 2906/5791/2779 2902/5407/2779
f 2906/5791/2779 2905/5408/2779 2902/5407/2779
f 2905/5408/2779 2904/5792/2779 2903/5406/2779
f 2920/5409/3006 2921/5793/3006 2927/5410/3006
f 2921/5412/3007 2922/5416/3007 2928/5413/3007
f 2923/5415/3008 2929/5794/3008 2928/5413/3008
f 2923/5417/3009 2924/5420/3009 2930/5418/3009
f 2924/5420/3010 2925/5795/3010 2931/5421/3010
f 2920/5422/3011 2926/5796/3011 2931/5423/3011
f 2927/5410/3012 2933/5433/3012 2932/5425/3012
f 2928/5797/3013 2934/5435/3013 2933/5433/3013
f 2928/5413/3014 2929/5794/3014 2935/5427/3014
f 2930/5418/3015 2936/5430/3015 2935/5429/3015
f 2931/5421/3016 2937/5798/3016 2936/5430/3016
f 2931/5423/3017 2926/5796/3017 2932/5431/3017
f 2920/5444/2798 2925/5799/2798 2924/5800/2798
f 2924/5800/2798 2923/5801/2798 2920/5444/2798
f 2923/5801/2798 2922/5442/2798 2920/5444/2798
f 2940/5445/3018 2946/5449/3018 2945/5446/3018
f 2940/5445/3019 2941/5802/3019 2947/5448/3019
f 2942/5450/3020 2948/5803/3020 2947/5451/3020
f 2942/5453/3021 2943/5457/3021 2949/5454/3021
f 2944/5456/3022 2950/5804/3022 2949/5454/3022
f 2944/5458/3023 2939/5805/3023 2945/5459/3023
f 2945/5446/3024 2946/5449/3024 2952/5461/3024
f 2947/5448/3025 2953/5806/3025 2952/5461/3025
f 2947/5451/3026 2948/5803/3026 2954/5463/3026
f 2949/5454/3027 2955/5467/3027 2954/5465/3027
f 2949/5454/3028 2950/5804/3028 2956/5466/3028
f 2950/5460/3029 2945/5459/3029 2951/5468/3029
f 2939/5807/2817 2944/5480/2817 2940/5479/2817
f 2944/5480/2817 2943/5808/2817 2942/5809/2817
f 2941/5478/2817 2944/5480/2817 2942/5809/2817
f 2958/5481/3030 2959/5810/3030 2965/5482/3030
f 2960/5484/3031 2966/5488/3031 2965/5485/3031
f 2960/5484/3032 2961/5811/3032 2967/5487/3032
f 2962/5489/3033 2968/5812/3033 2967/5490/3033
f 2963/5492/3034 2969/5496/3034 2968/5493/3034
f 2963/5492/3035 2958/5813/3035 2964/5495/3035
f 2965/5482/3036 2971/5505/3036 2970/5497/3036
f 2965/5485/3037 2966/5488/3037 2972/5498/3037
f 2967/5487/3038 2973/5814/3038 2972/5498/3038
f 2967/5490/3039 2968/5812/3039 2974/5500/3039
f 2969/5496/3040 2975/5504/3040 2974/5502/3040
f 2969/5496/3041 2964/5495/3041 2970/5503/3041
f 2958/5815/2836 2963/5513/2836 2959/5515/2836
f 2963/5513/2836 2962/5816/2836 2961/5514/2836
f 2959/5515/2836 2961/5514/2836 2960/5817/2836
f 2977/5516/3042 2978/5818/3042 2984/5517/3042
f 2979/5519/3043 2985/5523/3043 2984/5520/3043
f 2979/5519/3044 2980/5819/3044 2986/5522/3044
f 2981/5524/3045 2987/5536/3045 2986/5525/3045
f 2982/5527/3046 2988/5531/3046 2987/5528/3046
f 2977/5530/3047 2983/5540/3047 2988/5531/3047
f 2983/5518/3048 2984/5517/3048 2990/5532/3048
f 2984/5520/3049 2985/5523/3049 2991/5534/3049
f 2986/5522/3050 2992/5543/3050 2991/5534/3050
f 2987/5536/3051 2993/5544/3051 2992/5537/3051
f 2987/5528/3052 2988/5531/3052 2994/5538/3052
f 2983/5540/3053 2989/5820/3053 2994/5538/3053
f 2977/5552/2855 2982/5821/2855 2979/5550/2855
f 2982/5821/2855 2981/5822/2855 2979/5550/2855
f 2981/5822/2855 2980/5823/2855 2979/5550/2855
f 2996/5553/3054 2997/5824/3054 3003/5554/3054
f 2998/5825/3055 3004/5826/3055 3003/5827/3055
f 2998/5559/3056 2999/5828/3056 3005/5560/3056
f 3000/5562/3057 3006/5566/3057 3005/5563/3057
f 3001/5565/3058 3007/5829/3058 3006/5566/3058
f 2996/5567/3059 3002/5830/3059 3007/5568/3059
f 3002/5555/3060 3003/5554/3060 3009/5570/3060
f 3003/5572/3061 3004/5561/3061 3010/5573/3061
f 3005/5560/3062 3011/5584/3062 3010/5573/3062
f 3005/5563/3063 3006/5566/3063 3012/5575/3063
f 3006/5566/3064 3007/5829/3064 3013/5577/3064
f 3007/5568/3065 3002/5830/3065 3008/5578/3065
f 2996/5590/2874 3001/5831/2874 2998/5588/2874
f 3001/5831/2874 3000/5832/2874 2999/5833/2874
f 2998/5588/2874 3001/5831/2874 2999/5833/2874
f 3016/5591/3066 3022/5834/3066 3021/5592/3066
f 3016/5594/3067 3017/5835/3067 3023/5595/3067
f 3018/5597/3068 3024/5601/3068 3023/5598/3068
f 3018/5597/3069 3019/5836/3069 3025/5600/3069
f 3019/5602/3070 3020/5837/3070 3026/5603/3070
f 3015/5593/3071 3021/5592/3071 3026/5605/3071
f 3021/5592/3072 3022/5834/3072 3028/5607/3072
f 3022/5596/3073 3023/5595/3073 3029/5609/3073
f 3024/5601/3074 3030/5613/3074 3029/5611/3074
f 3024/5601/3075 3025/5600/3075 3031/5612/3075
f 3025/5614/3076 3026/5838/3076 3032/5615/3076
f 3021/5592/3077 3027/5608/3077 3032/5617/3077
f 3015/5625/2893 3020/5839/2893 3019/5626/2893
f 3019/5626/2893 3018/5840/2893 3016/5624/2893
f 3018/5840/2893 3017/5841/2893 3016/5624/2893
f 3034/5627/3078 3035/5842/3078 3041/5628/3078
f 3036/5630/3079 3042/5634/3079 3041/5631/3079
f 3037/5633/3080 3043/5843/3080 3042/5634/3080
f 3037/5635/3081 3038/5844/3081 3044/5636/3081
f 3038/5638/3082 3039/5642/3082 3045/5639/3082
f 3034/5641/3083 3040/5845/3083 3045/5639/3083
f 3040/5629/3084 3041/5628/3084 3047/5643/3084
f 3042/5634/3085 3048/5647/3085 3047/5645/3085
f 3042/5634/3086 3043/5843/3086 3049/5646/3086
f 3044/5636/3087 3050/5846/3087 3049/5648/3087
f 3044/5640/3088 3045/5639/3088 3051/5649/3088
f 3045/5639/3089 3040/5845/3089 3046/5651/3089
f 3034/5661/2912 3039/5847/2912 3036/5659/2912
f 3039/5847/2912 3038/5848/2912 3037/5849/2912
f 3036/5659/2912 3039/5847/2912 3037/5849/2912
f 3054/5662/3090 3060/5666/3090 3059/5663/3090
f 3054/5662/3091 3055/5850/3091 3061/5665/3091
f 3055/5667/3092 3056/5851/3092 3062/5668/3092
f 3057/5670/3093 3063/5674/3093 3062/5671/3093
f 3057/5670/3094 3058/5852/3094 3064/5673/3094
f 3053/5675/3095 3059/5684/3095 3064/5676/3095
f 3059/5663/3096 3060/5666/3096 3066/5678/3096
f 3061/5665/3097 3067/5689/3097 3066/5678/3097
f 3062/5668/3098 3068/5691/3098 3067/5680/3098
f 3062/5671/3099 3063/5674/3099 3069/5681/3099
f 3063/5674/3100 3064/5673/3100 3070/5683/3100
f 3059/5684/3101 3065/5853/3101 3070/5685/3101
f 3053/5697/2931 3058/5854/2931 3057/5695/2931
f 3057/5695/2931 3056/5855/2931 3055/5696/2931
f 3055/5696/2931 3054/5856/2931 3053/5697/2931
f 3073/5857/3102 3079/5858/3102 3078/5859/3102
f 3073/5701/3103 3074/5860/3103 3080/5702/3103
f 3075/5704/3104 3081/5722/3104 3080/5705/3104
f 3075/5861/3105 3076/5862/3105 3082/5863/3105
f 3077/5710/3106 3083/5864/3106 3082/5711/3106
f 3077/5713/3107 3072/5865/3107 3078/5714/3107
f 3078/5716/3108 3079/5703/3108 3085/5717/3108
f 3080/5702/3109 3086/5729/3109 3085/5717/3109
f 3080/5705/3110 3081/5722/3110 3087/5719/3110
f 3082/5721/3111 3088/5732/3111 3087/5719/3111
f 3082/5711/3112 3083/5864/3112 3089/5723/3112
f 3078/5714/3113 3084/5866/3113 3089/5725/3113
f 3072/5867/2950 3077/5737/2950 3073/5736/2950
f 3077/5737/2950 3076/5868/2950 3075/5735/2950
f 3075/5735/2950 3074/5869/2950 3073/5736/2950
f 3092/5738/3114 3098/5754/3114 3097/5739/3114
f 3092/5741/3115 3093/5744/3115 3099/5742/3115
f 3093/5744/3116 3094/5870/3116 3100/5745/3116
f 3095/5746/3117 3101/5871/3117 3100/5747/3117
f 3095/5749/3118 3096/5752/3118 3102/5750/3118
f 3096/5752/3119 3091/5872/3119 3097/5753/3119
f 3098/5754/3120 3104/5762/3120 3103/5755/3120
f 3099/5742/3121 3105/5757/3121 3104/5756/3121
f 3100/5745/3122 3106/5765/3122 3105/5757/3122
f 3100/5747/3123 3101/5871/3123 3107/5758/3123
f 3102/5750/3124 3108/5761/3124 3107/5760/3124
f 3097/5753/3125 3103/5873/3125 3108/5761/3125
f 3091/5874/2969 3096/5875/2969 3092/5770/2969
f 3096/5875/2969 3095/5771/2969 3092/5770/2969
f 3095/5771/2969 3094/5876/2969 3093/5769/2969
o FrostfangWolf_Glow
v 0.330559 4.129811 -2.990743
v 0.367028 4.094091 -3.050834
v 0.348929 4.068474 -3.068556
v 0.350864 4.025311 -3.059033
v 0.393665 4.110509 -3.015811
v 0.403410 4.071117 -3.033599
v 0.383569 4.002879 -3.013104
v 0.408508 4.027176 -3.019122
v 0.352295 3.995247 -3.024990
v 0.424320 4.091682 -2.980950
v 0.432803 4.067572 -2.991426
v 0.424320 4.028318 -2.980950
v 0.405317 4.110643 -2.970477
v 0.427824 4.070519 -2.953303
v 0.421111 4.030605 -2.956873
v 0.395505 4.003406 -2.978885
v 0.402944 4.091682 -2.940748
v 0.402944 4.028318 -2.940748
v 0.365690 4.127185 -2.981884
v 0.354176 4.120865 -2.959261
v 0.399003 4.067572 -2.927857
v 0.370355 3.995435 -2.970760
v 0.359577 4.102300 -2.940031
v 0.362457 4.027176 -2.932511
v 0.313588 3.999110 -2.974313
v 0.312971 4.094091 -2.949166
v 0.331071 4.068474 -2.931444
v 0.276590 4.071117 -2.966402
v 0.297134 4.025310 -2.957983
v 0.286335 4.110509 -2.984189
v 0.264473 4.027853 -2.992984
v 0.330559 3.990189 -2.990744
v 0.274683 4.110643 -3.029523
v 0.255680 4.091682 -3.019050
v 0.247197 4.067572 -3.008574
v 0.255681 4.028318 -3.019050
v 0.252176 4.070519 -3.046697
v 0.258889 4.030604 -3.043127
v 0.284495 4.003406 -3.021115
v 0.277056 4.091682 -3.059252
v 0.280998 4.067572 -3.072143
v 0.277056 4.028318 -3.059252
v 0.309645 3.995435 -3.029240
v 0.309645 4.124566 -3.029240
v 0.303582 4.027853 -3.066538
v 0.320424 4.102300 -3.059968
v 0.352295 4.124753 -3.024990
v -0.349441 4.129811 -3.009257
v -0.367029 4.094091 -3.050834
v -0.348929 4.068473 -3.068556
v -0.350864 4.025311 -3.059033
v -0.352295 3.995247 -3.024990
v -0.323099 4.110509 -3.053332
v -0.303582 4.027853 -3.066538
v -0.277056 4.091682 -3.059252
v -0.280997 4.067572 -3.072143
v -0.277056 4.028318 -3.059252
v -0.279000 4.110643 -3.037641
v -0.252176 4.070519 -3.046697
v -0.258889 4.030604 -3.043128
v -0.309645 3.995435 -3.029240
v -0.314310 4.127185 -3.018116
v -0.255680 4.091682 -3.019050
v -0.247197 4.067572 -3.008574
v -0.255680 4.028318 -3.019050
v -0.284495 4.003406 -3.021116
v -0.284060 4.112895 -2.990158
v -0.276590 4.071117 -2.966402
v -0.271492 4.027176 -2.980878
v -0.312971 4.094091 -2.949167
v -0.319582 4.124439 -2.979824
v -0.331071 4.068474 -2.931444
v -0.329136 4.025311 -2.940967
v -0.313588 3.999110 -2.974313
v -0.330560 3.990189 -2.990744
v -0.356902 4.110509 -2.946668
v -0.399003 4.067572 -2.927857
v -0.376418 4.027853 -2.933462
v -0.365690 4.127185 -2.981884
v -0.402944 4.091682 -2.940748
v -0.402944 4.028318 -2.940748
v -0.401000 4.110643 -2.962359
v -0.427824 4.070519 -2.953303
v -0.421111 4.030604 -2.956873
v -0.395505 4.003406 -2.978884
v -0.424320 4.091682 -2.980950
v -0.424320 4.028318 -2.980950
v -0.370355 3.995435 -2.970760
v -0.400663 4.102300 -3.017304
v -0.432803 4.067572 -2.991426
v -0.408508 4.027176 -3.019122
v -0.381701 4.120865 -3.011029
v -0.403410 4.071117 -3.033599
v -0.383569 4.002878 -3.013104
vn -0.1559 0.9750 0.1583
vn 0.4215 0.4804 -0.7691
vn 0.3053 0.0769 -0.9491
vn 0.3143 -0.4651 -0.8276
vn 0.5682 0.7123 -0.4122
vn 0.6932 0.1244 -0.7100
vn 0.4519 -0.8220 -0.3464
vn 0.7047 -0.4502 -0.5483
vn 0.2040 -0.8926 -0.4021
vn 0.8374 0.5446 -0.0463
vn 0.9660 0.0879 -0.2430
vn 0.8622 -0.5029 -0.0611
vn 0.5423 0.8116 0.2173
vn 0.8737 0.1435 0.4649
vn 0.7797 -0.4634 0.4210
vn 0.4972 -0.8630 0.0901
vn 0.4402 0.5676 0.6957
vn 0.4340 -0.5189 0.7365
vn 0.2256 0.9683 0.1072
vn -0.0279 0.8431 0.5370
vn 0.3356 0.0785 0.9387
vn 0.1621 -0.9289 0.3329
vn -0.0306 0.5655 0.8242
vn -0.0490 -0.4726 0.8799
vn -0.3390 -0.8248 0.4525
vn -0.4233 0.4896 0.7623
vn -0.3004 0.0778 0.9506
vn -0.7080 0.1367 0.6929
vn -0.5248 -0.4262 0.7368
vn -0.5563 0.7216 0.4122
vn -0.7593 -0.4815 0.4378
vn -0.1061 -0.9874 0.1178
vn -0.5497 0.8098 -0.2051
vn -0.8374 0.5446 0.0463
vn -0.9653 0.0903 0.2452
vn -0.8635 -0.5030 0.0378
vn -0.8737 0.1435 -0.4649
vn -0.7797 -0.4634 -0.4210
vn -0.4930 -0.8666 -0.0770
vn -0.4400 0.5657 -0.6975
vn -0.3326 0.0801 -0.9397
vn -0.4526 -0.5203 -0.7242
vn -0.1639 -0.9245 -0.3441
vn -0.1955 0.9345 -0.2974
vn -0.0516 -0.4825 -0.8744
vn 0.0329 0.5993 -0.7998
vn 0.2109 0.8939 -0.3955
vn -0.0930 0.9778 -0.1879
vn -0.4142 0.4891 -0.7676
vn -0.2950 0.0916 -0.9511
vn -0.3143 -0.4651 -0.8276
vn -0.2040 -0.8926 -0.4021
vn -0.0418 0.6977 -0.7152
vn 0.0516 -0.4825 -0.8744
vn 0.4299 0.5446 -0.7201
vn 0.3239 0.0911 -0.9417
vn 0.4526 -0.5203 -0.7242
vn 0.4850 0.8081 -0.3343
vn 0.8740 0.1435 -0.4643
vn 0.7797 -0.4634 -0.4210
vn 0.1639 -0.9245 -0.3441
vn 0.1825 0.9681 -0.1715
vn 0.8297 0.5572 0.0347
vn 0.9660 0.0876 0.2432
vn 0.8622 -0.5029 0.0611
vn 0.4960 -0.8651 -0.0745
vn 0.5790 0.7361 0.3506
vn 0.6921 0.1315 0.7097
vn 0.7026 -0.4609 0.5422
vn 0.4252 0.4815 0.7664
vn 0.2457 0.8962 0.3695
vn 0.2950 0.0916 0.9511
vn 0.3071 -0.4617 0.8322
vn 0.3490 -0.8185 0.4563
vn 0.1061 -0.9874 0.1178
vn 0.0344 0.6943 0.7188
vn -0.3239 0.0911 0.9417
vn -0.0516 -0.4825 0.8744
vn -0.1673 0.9649 0.2024
vn -0.4299 0.5446 0.7201
vn -0.4526 -0.5203 0.7242
vn -0.4897 0.8081 0.3274
vn -0.8740 0.1435 0.4643
vn -0.7797 -0.4634 0.4210
vn -0.4972 -0.8630 0.0901
vn -0.8230 0.5676 -0.0241
vn -0.8622 -0.5029 -0.0611
vn -0.1575 -0.9278 0.3383
vn -0.6573 0.5803 -0.4808
vn -0.9687 0.0777 -0.2357
vn -0.7047 -0.4502 -0.5484
vn -0.4269 0.8487 -0.3123
vn -0.6872 0.1015 -0.7194
vn -0.4519 -0.8220 -0.3464
s 1
usemtl FrostfangWolf_GlowNeon
f 3112//3128 3117//3133 3113//3129
f 3111//3127 3114//3130 3115//3131
f 3113//3129 3116//3132 3118//3134
f 3115//3131 3114//3130 3120//3136
f 3114//3130 3128//3144 3122//3138
f 3116//3132 3131//3147 3118//3134
f 3120//3136 3121//3137 3117//3133
f 3114//3130 3122//3138 3119//3135
f 3141//3157 3118//3134 3131//3147
f 3156//3172 3110//3126 3128//3144
f 3117//3133 3125//3141 3116//3132
f 3120//3136 3124//3140 3121//3137
f 3119//3135 3122//3138 3123//3139
f 3122//3138 3126//3142 3123//3139
f 3125//3141 3127//3143 3131//3147
f 3128//3144 3129//3145 3122//3138
f 3124//3140 3130//3146 3127//3143
f 3127//3143 3130//3146 3133//3149
f 3129//3145 3132//3148 3126//3142
f 3132//3148 3136//3152 3130//3146
f 3131//3147 3133//3149 3134//3150
f 3131//3147 3134//3150 3141//3157
f 3133//3149 3136//3152 3138//3154
f 3129//3145 3135//3151 3132//3148
f 3132//3148 3135//3151 3136//3152
f 3129//3145 3110//3126 3139//3155
f 3135//3151 3139//3155 3137//3153
f 3137//3153 3140//3156 3138//3154
f 3137//3153 3139//3155 3144//3160
f 3140//3156 3148//3164 3134//3150
f 3139//3155 3153//3169 3142//3158
f 3134//3150 3152//3168 3141//3157
f 3144//3160 3145//3161 3140//3156
f 3139//3155 3142//3158 3143//3159
f 3143//3159 3142//3158 3146//3162
f 3144//3160 3147//3163 3145//3161
f 3147//3163 3150//3166 3151//3167
f 3142//3158 3149//3165 3146//3162
f 3148//3164 3151//3167 3152//3168
f 3151//3167 3150//3166 3154//3170
f 3153//3169 3155//3171 3149//3165
f 3152//3168 3113//3129 3118//3134
f 3154//3170 3112//3128 3113//3129
f 3141//3157 3152//3168 3118//3134
f 3155//3171 3112//3128 3150//3166
f 3153//3169 3110//3126 3156//3172
f 3155//3171 3111//3127 3112//3128
f 3156//3172 3111//3127 3155//3171
f 3112//3128 3115//3131 3117//3133
f 3111//3127 3156//3172 3114//3130
f 3113//3129 3117//3133 3116//3132
f 3112//3128 3111//3127 3115//3131
f 3115//3131 3120//3136 3117//3133
f 3114//3130 3156//3172 3128//3144
f 3116//3132 3125//3141 3131//3147
f 3120//3136 3114//3130 3119//3135
f 3117//3133 3121//3137 3125//3141
f 3121//3137 3124//3140 3125//3141
f 3120//3136 3119//3135 3123//3139
f 3120//3136 3123//3139 3124//3140
f 3125//3141 3124//3140 3127//3143
f 3123//3139 3126//3142 3130//3146
f 3124//3140 3123//3139 3130//3146
f 3122//3138 3129//3145 3126//3142
f 3126//3142 3132//3148 3130//3146
f 3131//3147 3127//3143 3133//3149
f 3133//3149 3130//3146 3136//3152
f 3128//3144 3110//3126 3129//3145
f 3134//3150 3133//3149 3138//3154
f 3136//3152 3135//3151 3137//3153
f 3136//3152 3137//3153 3138//3154
f 3135//3151 3129//3145 3139//3155
f 3138//3154 3140//3156 3134//3150
f 3137//3153 3144//3160 3140//3156
f 3144//3160 3139//3155 3143//3159
f 3140//3156 3145//3161 3148//3164
f 3139//3155 3110//3126 3153//3169
f 3134//3150 3148//3164 3152//3168
f 3145//3161 3147//3163 3148//3164
f 3144//3160 3143//3159 3146//3162
f 3144//3160 3146//3162 3147//3163
f 3147//3163 3146//3162 3150//3166
f 3142//3158 3153//3169 3149//3165
f 3148//3164 3147//3163 3151//3167
f 3146//3162 3149//3165 3150//3166
f 3149//3165 3155//3171 3150//3166
f 3152//3168 3151//3167 3154//3170
f 3152//3168 3154//3170 3113//3129
f 3154//3170 3150//3166 3112//3128
f 3153//3169 3156//3172 3155//3171
f 3201//3217 3157//3173 3162//3178
f 3158//3174 3162//3178 3159//3175
f 3160//3176 3170//3186 3161//3177
f 3159//3175 3163//3179 3160//3176
f 3184//3200 3161//3177 3170//3186
f 3159//3175 3162//3178 3165//3181
f 3162//3178 3171//3187 3167//3183
f 3165//3181 3166//3182 3163//3179
f 3162//3178 3167//3183 3164//3180
f 3164//3180 3167//3183 3168//3184
f 3166//3182 3175//3191 3170//3186
f 3165//3181 3169//3185 3166//3182
f 3167//3183 3172//3188 3168//3184
f 3171//3187 3176//3192 3167//3183
f 3169//3185 3173//3189 3174//3190
f 3170//3186 3183//3199 3184//3200
f 3174//3190 3173//3189 3178//3194
f 3171//3187 3157//3173 3180//3196
f 3175//3191 3178//3194 3183//3199
f 3176//3192 3177//3193 3173//3189
f 3178//3194 3181//3197 3182//3198
f 3180//3196 3179//3195 3176//3192
f 3176//3192 3179//3195 3177//3193
f 3179//3195 3185//3201 3181//3197
f 3181//3197 3185//3201 3186//3202
f 3180//3196 3157//3173 3188//3204
f 3182//3198 3197//3213 3183//3199
f 3183//3199 3197//3213 3184//3200
f 3181//3197 3187//3203 3182//3198
f 3186//3202 3190//3206 3187//3203
f 3185//3201 3191//3207 3189//3205
f 3185//3201 3188//3204 3191//3207
f 3186//3202 3193//3209 3190//3206
f 3189//3205 3191//3207 3192//3208
f 3190//3206 3194//3210 3197//3213
f 3188//3204 3201//3217 3191//3207
f 3193//3209 3199//3215 3196//3212
f 3191//3207 3195//3211 3192//3208
f 3194//3210 3200//3216 3203//3219
f 3197//3213 3203//3219 3161//3177
f 3196//3212 3199//3215 3200//3216
f 3201//3217 3198//3214 3195//3211
f 3184//3200 3197//3213 3161//3177
f 3198//3214 3202//3218 3199//3215
f 3201//3217 3158//3174 3198//3214
f 3198//3214 3158//3174 3202//3218
f 3203//3219 3160//3176 3161//3177
f 3200//3216 3159//3175 3160//3176
f 3158//3174 3201//3217 3162//3178
f 3160//3176 3163//3179 3170//3186
f 3162//3178 3157//3173 3171//3187
f 3159//3175 3165//3181 3163//3179
f 3165//3181 3162//3178 3164//3180
f 3163//3179 3166//3182 3170//3186
f 3166//3182 3169//3185 3175//3191
f 3165//3181 3164//3180 3168//3184
f 3165//3181 3168//3184 3169//3185
f 3167//3183 3176//3192 3172//3188
f 3175//3191 3169//3185 3174//3190
f 3168//3184 3172//3188 3173//3189
f 3169//3185 3168//3184 3173//3189
f 3170//3186 3175//3191 3183//3199
f 3172//3188 3176//3192 3173//3189
f 3175//3191 3174//3190 3178//3194
f 3171//3187 3180//3196 3176//3192
f 3178//3194 3173//3189 3177//3193
f 3183//3199 3178//3194 3182//3198
f 3177//3193 3179//3195 3181//3197
f 3178//3194 3177//3193 3181//3197
f 3179//3195 3180//3196 3185//3201
f 3182//3198 3187//3203 3197//3213
f 3185//3201 3180//3196 3188//3204
f 3181//3197 3186//3202 3187//3203
f 3186//3202 3185//3201 3189//3205
f 3187//3203 3190//3206 3197//3213
f 3186//3202 3192//3208 3193//3209
f 3190//3206 3193//3209 3194//3210
f 3186//3202 3189//3205 3192//3208
f 3192//3208 3195//3211 3199//3215
f 3193//3209 3192//3208 3199//3215
f 3191//3207 3201//3217 3195//3211
f 3194//3210 3193//3209 3196//3212
f 3194//3210 3196//3212 3200//3216
f 3188//3204 3157//3173 3201//3217
f 3197//3213 3194//3210 3203//3219
f 3195//3211 3198//3214 3199//3215
f 3200//3216 3199//3215 3202//3218
f 3203//3219 3200//3216 3160//3176
f 3202//3218 3158//3174 3159//3175
f 3200//3216 3202//3218 3159//3175
